date,created_on,hour,15minute,minus_min,minus_max,plus_min,plus_max,best_move,direction,btc_current15,btc_next15,is_matched,momentum
06/24/2026,06/24/2026 15:45:00,15,15:45,60770.56,60825.7,60762.53,60864.99,+94,LONG,60786.33,60869.51,TRUE,NA
06/24/2026,06/24/2026 16:00:00,16,16:00,60841.5,60936.05,60775.01,60932.1,-161,SHORT,60869.51,60629.22,TRUE,NA
06/24/2026,06/24/2026 16:15:00,16,16:15,60628.97,60687.15,60595.61,60711.46,-92,SHORT,60629.22,60759.52,FALSE,NA
06/24/2026,06/24/2026 16:30:00,16,16:30,60728.96,60770.55,60703.29,60763.38,-67,SHORT,60759.52,60992.45,FALSE,NA
06/24/2026,06/24/2026 16:45:00,16,16:45,60989.08,61042.97,60988.81,61047.21,+58,LONG,60992.45,61014.85,TRUE,FALSE
06/24/2026,06/24/2026 17:00:00,17,17:00,61000.97,61030.0,60995.14,61175.42,+174,LONG,61014.85,60906.0,FALSE,NA
06/24/2026,06/24/2026 17:15:00,17,17:15,60891.45,60979.88,60845.29,60920.84,-135,SHORT,60906.0,60790.26,TRUE,NA
06/24/2026,06/24/2026 17:30:00,17,17:30,60782.77,60815.77,60790.26,60860.0,+77,LONG,60790.26,60825.8,TRUE,NA
06/24/2026,06/24/2026 17:45:00,17,17:45,60756.55,60829.66,60752.41,60825.8,-77,SHORT,60825.8,60778.43,TRUE,FALSE
06/24/2026,06/24/2026 18:00:00,18,18:00,60767.98,60793.97,60726.27,60785.0,-68,SHORT,60778.43,60792.77,FALSE,FALSE
06/24/2026,06/24/2026 18:15:00,18,18:15,60758.74,60794.2,60793.93,60820.0,+61,LONG,60792.77,60885.63,TRUE,FALSE
06/24/2026,06/24/2026 18:30:00,18,18:30,60802.97,60906.8,60851.53,60906.3,+103,LONG,60885.63,60929.63,TRUE,TRUE
06/24/2026,06/24/2026 18:45:00,18,18:45,60893.76,60935.0,60898.17,60971.5,+78,LONG,60929.63,60983.13,TRUE,TRUE
06/24/2026,06/24/2026 19:00:00,19,19:00,60967.56,61006.48,60951.05,60994.53,-55,SHORT,60983.13,61000.0,FALSE,TRUE
06/24/2026,06/24/2026 19:15:00,19,19:15,60951.52,61056.34,60920.13,61006.95,-136,SHORT,61000.0,60823.58,TRUE,TRUE
06/24/2026,06/24/2026 19:30:00,19,19:30,60818.02,60893.64,60810.56,60847.25,-83,SHORT,60823.58,60743.69,TRUE,TRUE
06/24/2026,06/24/2026 19:45:00,19,19:45,60733.39,60810.0,60669.0,60760.37,-141,SHORT,60743.69,60717.47,TRUE,TRUE
06/24/2026,06/24/2026 20:00:00,20,20:00,60630.65,60719.68,60705.03,60784.99,+154,LONG,60717.47,60673.56,FALSE,TRUE
06/24/2026,06/24/2026 20:15:00,20,20:15,60660.25,60701.98,60624.01,60709.99,-78,SHORT,60673.56,60756.59,FALSE,TRUE
06/24/2026,06/24/2026 20:30:00,20,20:30,60756.59,60779.73,60742.98,60774.5,-37,SHORT,60756.59,60728.32,TRUE,TRUE
06/24/2026,06/24/2026 20:45:00,20,20:45,60716.47,60761.17,60704.0,60735.1,-57,SHORT,60728.32,60822.57,FALSE,FALSE
06/24/2026,06/24/2026 21:00:00,21,21:00,60790.26,60846.26,60790.26,60828.63,-56,SHORT,60822.57,60686.96,TRUE,TRUE
06/24/2026,06/24/2026 21:15:00,21,21:15,60625.71,60694.65,60654.34,60705.0,+79,LONG,60686.96,60839.62,TRUE,FALSE
06/24/2026,06/24/2026 21:30:00,21,21:30,60801.69,60848.18,60777.04,60839.62,-71,SHORT,60839.62,60671.23,TRUE,FALSE
06/24/2026,06/24/2026 21:45:00,21,21:45,60646.28,60707.69,60634.1,60681.54,-74,SHORT,60671.23,60696.97,FALSE,FALSE
06/24/2026,06/24/2026 22:00:00,22,22:00,60655.95,60716.5,60696.97,60779.69,+124,LONG,60696.97,60667.97,FALSE,TRUE
06/24/2026,06/24/2026 22:15:00,22,22:15,60625.06,60675.99,60581.44,60679.78,-95,SHORT,60667.97,60691.76,FALSE,TRUE
06/24/2026,06/24/2026 22:30:00,22,22:30,60691.76,60735.77,60680.4,60750.0,+58,LONG,60691.76,60652.23,FALSE,TRUE
06/24/2026,06/24/2026 22:45:00,22,22:45,60644.48,60679.92,60645.08,60686.56,+42,LONG,60652.23,60782.25,TRUE,TRUE
06/24/2026,06/24/2026 23:00:00,23,23:00,60756.73,60804.0,60782.25,60809.84,+53,LONG,60782.25,60721.64,FALSE,FALSE
06/24/2026,06/24/2026 23:15:00,23,23:15,60718.0,60755.61,60710.08,60735.97,-46,SHORT,60721.64,60798.52,FALSE,TRUE
06/24/2026,06/24/2026 23:30:00,23,23:30,60794.49,60806.95,60747.79,60801.65,-59,SHORT,60798.52,60876.92,FALSE,FALSE
06/24/2026,06/24/2026 23:45:00,23,23:45,60825.65,60876.93,60865.6,60913.68,+88,LONG,60876.92,61251.25,TRUE,FALSE
06/25/2026,06/25/2026 00:00:00,0,00:00,61249.88,61276.0,61173.32,61308.07,-103,SHORT,61251.25,61550.21,FALSE,TRUE
06/25/2026,06/25/2026 00:15:00,0,00:15,61507.34,61550.22,61461.91,61560.14,-88,SHORT,61550.21,61512.8,TRUE,TRUE
06/25/2026,06/25/2026 00:30:00,0,00:30,61480.19,61530.98,61471.88,61534.92,-59,SHORT,61512.8,61429.65,TRUE,TRUE
06/25/2026,06/25/2026 00:45:00,0,00:45,61424.59,61507.29,61411.79,61430.99,-96,SHORT,61429.65,61498.83,FALSE,FALSE
06/25/2026,06/25/2026 01:00:00,1,01:00,61493.65,61562.5,61498.83,61566.44,+73,LONG,61498.83,61617.66,TRUE,FALSE
06/25/2026,06/25/2026 01:15:00,1,01:15,61610.34,61664.93,61612.66,61699.0,+89,LONG,61617.66,61571.93,FALSE,FALSE
06/25/2026,06/25/2026 01:30:00,1,01:30,61562.5,61595.43,61556.01,61599.87,-39,SHORT,61571.93,61659.78,FALSE,TRUE
06/25/2026,06/25/2026 01:45:00,1,01:45,61622.66,61663.17,61637.21,61666.02,+43,LONG,61659.78,61624.92,FALSE,TRUE
06/25/2026,06/25/2026 02:00:00,2,02:00,61613.72,61685.99,61622.94,61679.88,+66,LONG,61624.92,61653.9,TRUE,TRUE
06/25/2026,06/25/2026 02:15:00,2,02:15,61652.0,61731.03,61653.89,61778.03,+126,LONG,61653.9,61711.99,TRUE,TRUE
06/25/2026,06/25/2026 02:30:00,2,02:30,61706.72,61757.86,61707.18,61748.45,-51,SHORT,61711.99,61820.24,FALSE,TRUE
06/25/2026,06/25/2026 02:45:00,2,02:45,61808.94,61847.75,61751.44,61820.24,-96,SHORT,61820.24,61816.79,TRUE,TRUE
06/25/2026,06/25/2026 03:00:00,3,03:00,61789.28,61840.87,61790.46,61826.28,-50,SHORT,61816.79,61698.38,TRUE,TRUE
06/25/2026,06/25/2026 03:15:00,3,03:15,61686.08,61704.56,61656.8,61698.38,-48,SHORT,61698.38,61682.61,TRUE,TRUE
06/25/2026,06/25/2026 03:30:00,3,03:30,61649.99,61687.98,61637.92,61682.61,-50,SHORT,61682.61,61661.99,TRUE,TRUE
06/25/2026,06/25/2026 03:45:00,3,03:45,61623.38,61665.05,61644.8,61682.64,+59,LONG,61661.99,61613.83,FALSE,TRUE
06/25/2026,06/25/2026 04:00:00,4,04:00,61582.88,61613.84,61613.84,61640.85,+58,LONG,61613.83,61638.84,TRUE,TRUE
06/25/2026,06/25/2026 04:15:00,4,04:15,61635.27,61687.07,61631.04,61661.63,-56,SHORT,61638.84,61595.03,TRUE,FALSE
06/25/2026,06/25/2026 04:30:00,4,04:30,61579.45,61620.19,61581.14,61658.56,+79,LONG,61595.03,61649.97,TRUE,FALSE
06/25/2026,06/25/2026 04:45:00,4,04:45,61645.92,61672.32,61645.14,61668.45,-27,SHORT,61649.97,61634.49,TRUE,FALSE
06/25/2026,06/25/2026 05:00:00,5,05:00,61625.92,61652.4,61628.22,61647.94,-24,SHORT,61634.49,61581.12,TRUE,TRUE
06/25/2026,06/25/2026 05:15:00,5,05:15,61562.26,61588.3,61581.12,61650.0,+88,LONG,61581.12,61479.69,FALSE,TRUE
06/25/2026,06/25/2026 05:30:00,5,05:30,61471.1,61495.26,61473.84,61494.71,+24,LONG,61479.69,61297.36,FALSE,FALSE
06/25/2026,06/25/2026 05:45:00,5,05:45,61288.79,61372.2,61218.25,61305.34,-154,SHORT,61297.36,61178.0,TRUE,FALSE
06/25/2026,06/25/2026 06:00:00,6,06:00,61162.77,61245.75,61178.0,61242.31,+80,LONG,61178.0,61262.0,TRUE,FALSE
06/25/2026,06/25/2026 06:15:00,6,06:15,61068.11,61269.83,61230.31,61328.31,+260,LONG,61262.0,61139.98,FALSE,FALSE
06/25/2026,06/25/2026 06:30:00,6,06:30,61135.69,61178.33,61139.98,61208.83,+73,LONG,61139.98,61221.65,TRUE,TRUE
06/25/2026,06/25/2026 06:45:00,6,06:45,61211.38,61255.61,61191.91,61223.81,-64,SHORT,61221.65,61179.08,TRUE,FALSE
06/25/2026,06/25/2026 07:00:00,7,07:00,61155.14,61180.4,61121.93,61266.01,+111,LONG,61179.08,61115.62,FALSE,TRUE
06/25/2026,06/25/2026 07:15:00,7,07:15,61068.03,61123.13,61097.84,61135.68,+68,LONG,61115.62,60995.14,FALSE,FALSE
06/25/2026,06/25/2026 07:30:00,7,07:30,60962.7,61043.58,60995.14,61666.2,+704,LONG,60995.14,61277.12,TRUE,TRUE
06/25/2026,06/25/2026 07:45:00,7,07:45,61227.05,61292.0,61177.53,61276.4,-114,SHORT,61277.12,61132.63,TRUE,FALSE
06/25/2026,06/25/2026 08:00:00,8,08:00,61056.0,61142.39,61100.37,61214.78,+159,LONG,61132.63,61210.91,TRUE,FALSE
06/25/2026,06/25/2026 08:15:00,8,08:15,61150.0,61254.0,61166.26,61264.41,+114,LONG,61210.91,61127.61,FALSE,FALSE
06/25/2026,06/25/2026 08:30:00,8,08:30,61083.73,61160.0,60841.43,61248.33,-319,SHORT,61127.61,59977.2,TRUE,FALSE
06/25/2026,06/25/2026 08:45:00,8,08:45,59967.0,60280.01,59528.0,60150.33,-752,SHORT,59977.2,58190.0,TRUE,TRUE
06/25/2026,06/25/2026 09:00:00,9,09:00,58000.0,58274.63,58181.99,58661.97,+662,LONG,58190.0,59164.2,TRUE,FALSE
06/25/2026,06/25/2026 09:15:00,9,09:15,59149.47,59423.77,58701.21,59315.0,-723,SHORT,59164.2,59228.0,FALSE,TRUE
06/25/2026,06/25/2026 09:30:00,9,09:30,59209.6,59321.16,59085.99,59295.0,-235,SHORT,59228.0,59392.4,FALSE,FALSE
06/25/2026,06/25/2026 09:45:00,9,09:45,59307.0,59433.12,59257.92,59471.1,-175,SHORT,59392.4,59373.17,TRUE,TRUE
06/25/2026,06/25/2026 10:00:00,10,10:00,59351.53,59475.12,59149.47,59383.99,-326,SHORT,59373.17,58958.61,TRUE,TRUE
06/25/2026,06/25/2026 10:15:00,10,10:15,58926.28,59024.34,58761.38,58959.49,-263,SHORT,58958.61,59164.41,FALSE,FALSE
06/25/2026,06/25/2026 10:30:00,10,10:30,59110.33,59212.74,59125.57,59235.0,+125,LONG,59164.41,59100.82,FALSE,TRUE
06/25/2026,06/25/2026 10:45:00,10,10:45,58972.55,59115.0,59069.99,59287.48,+315,LONG,59100.82,59462.99,TRUE,TRUE
06/25/2026,06/25/2026 11:00:00,11,11:00,59409.92,59532.3,59426.7,59542.01,+132,LONG,59462.99,59661.3,TRUE,TRUE
06/25/2026,06/25/2026 11:15:00,11,11:15,59583.06,59721.99,59576.49,59688.04,-146,SHORT,59661.3,59649.64,TRUE,FALSE
06/25/2026,06/25/2026 11:30:00,11,11:30,59619.88,59672.0,59333.67,59649.65,-338,SHORT,59649.64,59162.04,TRUE,TRUE
06/25/2026,06/25/2026 11:45:00,11,11:45,59127.53,59218.0,59064.88,59190.0,-153,SHORT,59162.04,59208.28,FALSE,FALSE
06/25/2026,06/25/2026 12:00:00,12,12:00,59193.61,59249.91,59181.57,59264.0,+70,LONG,59208.28,59292.08,TRUE,FALSE
06/25/2026,06/25/2026 12:15:00,12,12:15,59250.0,59329.71,59293.61,59499.97,+250,LONG,59292.08,59447.82,TRUE,TRUE
06/25/2026,06/25/2026 12:30:00,12,12:30,59374.43,59477.2,59437.98,59492.47,+118,LONG,59447.82,59428.27,FALSE,FALSE
06/25/2026,06/25/2026 12:45:00,12,12:45,59425.11,59533.55,59352.55,59431.31,-181,SHORT,59428.27,59579.08,FALSE,TRUE
06/25/2026,06/25/2026 13:00:00,13,13:00,59464.99,59591.56,59539.42,59690.31,+225,LONG,59579.08,59296.28,FALSE,TRUE
06/25/2026,06/25/2026 13:15:00,13,13:15,59290.36,59395.66,59290.56,59378.0,-105,SHORT,59296.28,59614.0,FALSE,TRUE
06/25/2026,06/25/2026 13:30:00,13,13:30,59519.28,59630.21,59460.0,59615.9,-170,SHORT,59614.0,59330.07,TRUE,TRUE
06/25/2026,06/25/2026 13:45:00,13,13:45,59323.06,59373.17,59291.53,59347.61,-82,SHORT,59330.07,59421.18,FALSE,FALSE
06/25/2026,06/25/2026 14:00:00,14,14:00,59385.48,59454.01,59313.09,59425.2,-141,SHORT,59421.18,59139.75,TRUE,TRUE
06/25/2026,06/25/2026 14:15:00,14,14:15,59116.15,59216.08,59130.63,59197.68,-85,SHORT,59139.75,59244.65,FALSE,FALSE
06/25/2026,06/25/2026 14:30:00,14,14:30,59166.35,59251.75,59224.74,59293.17,+127,LONG,59244.65,59199.98,FALSE,TRUE
06/25/2026,06/25/2026 14:45:00,14,14:45,59186.84,59254.34,59101.7,59199.98,-153,SHORT,59199.98,59220.01,FALSE,TRUE
06/25/2026,06/25/2026 15:00:00,15,15:00,59161.68,59254.93,59209.34,59572.89,+411,LONG,59220.01,59468.8,TRUE,FALSE
06/25/2026,06/25/2026 15:15:00,15,15:15,59430.0,59497.98,59471.27,59535.0,+105,LONG,59468.8,59513.95,TRUE,TRUE
06/25/2026,06/25/2026 15:30:00,15,15:30,59513.95,59583.99,59393.27,59556.39,-191,SHORT,59513.95,59416.19,TRUE,FALSE
06/25/2026,06/25/2026 15:45:00,15,15:45,59372.57,59419.9,59391.54,59424.04,+51,LONG,59416.19,59356.99,FALSE,TRUE
06/25/2026,06/25/2026 16:00:00,16,16:00,59293.62,59368.0,59351.56,59397.75,+104,LONG,59356.99,59510.89,TRUE,TRUE
06/25/2026,06/25/2026 16:15:00,16,16:15,59431.31,59519.74,59481.01,59530.98,+100,LONG,59510.89,59614.26,TRUE,TRUE
06/25/2026,06/25/2026 16:30:00,16,16:30,59568.97,59615.6,59601.94,59629.96,+61,LONG,59614.26,59863.68,TRUE,TRUE
06/25/2026,06/25/2026 16:45:00,16,16:45,59773.03,59875.99,59841.8,59898.34,+125,LONG,59863.68,60113.97,TRUE,TRUE
06/25/2026,06/25/2026 17:00:00,17,17:00,60062.0,60166.55,60004.93,60113.98,-162,SHORT,60113.97,59792.4,TRUE,FALSE
06/25/2026,06/25/2026 17:15:00,17,17:15,59774.75,59836.0,59791.99,59875.02,+100,LONG,59792.4,59691.89,FALSE,TRUE
06/25/2026,06/25/2026 17:30:00,17,17:30,59689.5,59748.52,59673.37,59738.99,-75,SHORT,59691.89,59702.48,FALSE,TRUE
06/25/2026,06/25/2026 17:45:00,17,17:45,59682.0,59711.59,59702.47,59777.36,+95,LONG,59702.48,59748.74,TRUE,FALSE
06/25/2026,06/25/2026 18:00:00,18,18:00,59739.99,59832.18,59734.34,59801.52,-98,SHORT,59748.74,59853.46,FALSE,TRUE
06/25/2026,06/25/2026 18:15:00,18,18:15,59770.98,59871.7,59829.01,59895.13,+124,LONG,59853.46,60003.47,TRUE,FALSE
06/25/2026,06/25/2026 18:30:00,18,18:30,60000.0,60062.04,59997.42,60100.5,+100,LONG,60003.47,59880.56,FALSE,FALSE
06/25/2026,06/25/2026 18:45:00,18,18:45,59858.83,59935.87,59841.36,59880.56,-95,SHORT,59880.56,59703.65,TRUE,FALSE
06/25/2026,06/25/2026 19:00:00,19,19:00,59691.32,59722.02,59678.83,59736.99,+46,LONG,59703.65,59791.97,TRUE,FALSE
06/25/2026,06/25/2026 19:15:00,19,19:15,59696.63,59810.0,59701.84,59791.98,-108,SHORT,59791.97,59685.31,TRUE,FALSE
06/25/2026,06/25/2026 19:30:00,19,19:30,59614.99,59697.53,59639.4,59696.27,+81,LONG,59685.31,59693.64,TRUE,FALSE
06/25/2026,06/25/2026 19:45:00,19,19:45,59691.77,59725.07,59667.63,59729.96,-57,SHORT,59693.64,59569.02,TRUE,FALSE
06/25/2026,06/25/2026 20:00:00,20,20:00,59561.29,59600.0,59560.09,59692.55,+131,LONG,59569.02,59502.0,FALSE,TRUE
06/25/2026,06/25/2026 20:15:00,20,20:15,59475.59,59550.86,59478.34,59559.84,+84,LONG,59502.0,59205.99,FALSE,FALSE
06/25/2026,06/25/2026 20:30:00,20,20:30,59201.91,59319.7,59180.43,59252.0,-139,SHORT,59205.99,59216.46,FALSE,TRUE
06/25/2026,06/25/2026 20:45:00,20,20:45,59177.17,59236.29,59182.62,59249.58,+72,LONG,59216.46,59340.99,TRUE,FALSE
06/25/2026,06/25/2026 21:00:00,21,21:00,59278.32,59340.99,59305.86,59364.0,+86,LONG,59340.99,58595.92,FALSE,FALSE
06/25/2026,06/25/2026 21:15:00,21,21:15,58561.37,58877.35,58358.41,58749.01,-519,SHORT,58595.92,58791.77,FALSE,TRUE
06/25/2026,06/25/2026 21:30:00,21,21:30,58617.36,58800.91,58755.08,58909.99,+293,LONG,58791.77,58729.39,FALSE,TRUE
06/25/2026,06/25/2026 21:45:00,21,21:45,58703.04,58816.25,58637.53,58740.02,-179,SHORT,58729.39,58475.96,TRUE,FALSE
06/25/2026,06/25/2026 22:00:00,22,22:00,58385.5,58528.61,58303.91,58536.19,-225,SHORT,58475.96,58807.08,FALSE,FALSE
06/25/2026,06/25/2026 22:15:00,22,22:15,58755.07,58823.61,58767.3,58840.97,+86,LONG,58807.08,58998.18,TRUE,FALSE
06/25/2026,06/25/2026 22:30:00,22,22:30,58984.0,59076.03,58902.49,58998.19,-174,SHORT,58998.18,59397.66,FALSE,TRUE
06/25/2026,06/25/2026 22:45:00,22,22:45,59290.0,59422.11,59385.42,59657.76,+368,LONG,59397.66,59936.99,TRUE,FALSE
06/25/2026,06/25/2026 23:00:00,23,23:00,59805.41,59952.0,59740.39,59997.41,-212,SHORT,59936.99,59819.95,TRUE,FALSE
06/25/2026,06/25/2026 23:15:00,23,23:15,59795.42,59864.0,59798.52,60000.01,+205,LONG,59819.95,59896.01,TRUE,FALSE
06/25/2026,06/25/2026 23:30:00,23,23:30,59856.67,59911.74,59861.99,59928.31,+72,LONG,59896.01,59881.67,FALSE,FALSE
06/25/2026,06/25/2026 23:45:00,23,23:45,59826.06,59890.0,59801.59,59890.31,-88,SHORT,59881.67,59830.92,TRUE,FALSE
06/26/2026,06/26/2026 00:00:00,0,00:00,59801.59,59835.23,59771.1,59850.53,-64,SHORT,59830.92,59884.19,FALSE,FALSE
06/26/2026,06/26/2026 00:15:00,0,00:15,59844.42,59884.2,59872.01,59948.46,+104,LONG,59884.19,59868.9,FALSE,TRUE
06/26/2026,06/26/2026 00:30:00,0,00:30,59823.0,59883.95,59862.78,59915.0,+92,LONG,59868.9,59796.2,FALSE,FALSE
06/26/2026,06/26/2026 00:45:00,0,00:45,59782.14,59818.94,59697.55,59806.06,-121,SHORT,59796.2,59860.02,FALSE,TRUE
06/26/2026,06/26/2026 01:00:00,1,01:00,59823.02,59887.41,59709.95,59856.02,-177,SHORT,59860.02,59626.79,TRUE,TRUE
06/26/2026,06/26/2026 01:15:00,1,01:15,59618.68,59683.98,59621.69,59685.3,+67,LONG,59626.79,59954.0,TRUE,FALSE
06/26/2026,06/26/2026 01:30:00,1,01:30,59826.95,59960.68,59856.0,59955.06,+128,LONG,59954.0,60298.32,TRUE,TRUE
06/26/2026,06/26/2026 01:45:00,1,01:45,60138.19,60321.72,60202.44,60363.0,+225,LONG,60298.32,60233.04,FALSE,FALSE
06/26/2026,06/26/2026 02:00:00,2,02:00,60197.54,60258.77,60200.1,60258.45,+61,LONG,60233.04,60413.35,TRUE,TRUE
06/26/2026,06/26/2026 02:15:00,2,02:15,60281.93,60456.82,60376.99,60496.2,+214,LONG,60413.35,60494.33,TRUE,TRUE
06/26/2026,06/26/2026 02:30:00,2,02:30,60490.09,60617.91,60477.85,60597.28,-140,SHORT,60494.33,60490.08,TRUE,FALSE
06/26/2026,06/26/2026 02:45:00,2,02:45,60490.08,60611.0,60405.02,60502.31,-206,SHORT,60490.08,60422.76,TRUE,TRUE
06/26/2026,06/26/2026 03:00:00,3,03:00,60419.76,60484.62,60320.75,60461.98,-164,SHORT,60422.76,60174.9,TRUE,TRUE
06/26/2026,06/26/2026 03:15:00,3,03:15,60132.92,60217.73,60147.36,60206.75,+74,LONG,60174.9,60217.59,TRUE,FALSE
06/26/2026,06/26/2026 03:30:00,3,03:30,60199.06,60222.64,60202.45,60254.45,+55,LONG,60217.59,60117.92,FALSE,FALSE
06/26/2026,06/26/2026 03:45:00,3,03:45,60104.52,60162.99,60100.35,60181.02,+76,LONG,60117.92,60147.35,TRUE,TRUE
06/26/2026,06/26/2026 04:00:00,4,04:00,60118.31,60177.27,60079.6,60165.63,-98,SHORT,60147.35,60079.82,TRUE,FALSE
06/26/2026,06/26/2026 04:15:00,4,04:15,59995.59,60083.09,60040.26,60080.84,+85,LONG,60079.82,60034.41,FALSE,TRUE
06/26/2026,06/26/2026 04:30:00,4,04:30,60017.29,60047.73,60021.9,60040.34,-26,SHORT,60034.41,59911.74,TRUE,FALSE
06/26/2026,06/26/2026 04:45:00,4,04:45,59859.73,59963.76,59843.93,59936.21,-120,SHORT,59911.74,59638.93,TRUE,TRUE
06/26/2026,06/26/2026 05:00:00,5,05:00,59588.63,59673.04,59559.84,59653.84,-113,SHORT,59638.93,59653.13,FALSE,FALSE
06/26/2026,06/26/2026 05:15:00,5,05:15,59633.27,59734.55,59653.14,59761.79,+129,LONG,59653.13,59635.47,FALSE,TRUE
06/26/2026,06/26/2026 05:30:00,5,05:30,59613.51,59693.07,59613.02,59660.82,-80,SHORT,59635.47,59458.56,TRUE,FALSE
06/26/2026,06/26/2026 05:45:00,5,05:45,59425.2,59475.31,59348.7,59475.0,-127,SHORT,59458.56,59226.29,TRUE,TRUE
06/26/2026,06/26/2026 06:00:00,6,06:00,59144.56,59240.22,59171.03,59290.54,+146,LONG,59226.29,59394.31,TRUE,FALSE
06/26/2026,06/26/2026 06:15:00,6,06:15,59373.18,59406.83,59325.59,59407.65,-81,SHORT,59394.31,59333.39,TRUE,FALSE
06/26/2026,06/26/2026 06:30:00,6,06:30,59292.0,59381.65,59327.11,59391.53,+100,LONG,59333.39,59357.88,TRUE,FALSE
06/26/2026,06/26/2026 06:45:00,6,06:45,59300.0,59426.9,59302.12,59357.88,-125,SHORT,59357.88,59328.02,TRUE,FALSE
06/26/2026,06/26/2026 07:00:00,7,07:00,59278.32,59357.88,59321.76,59389.66,+111,LONG,59328.02,59369.97,TRUE,FALSE
06/26/2026,06/26/2026 07:15:00,7,07:15,59358.42,59422.63,59360.95,59513.94,+156,LONG,59369.97,59639.39,TRUE,TRUE
06/26/2026,06/26/2026 07:30:00,7,07:30,59550.68,59639.4,59566.56,59645.0,+94,LONG,59639.39,59050.18,FALSE,FALSE
06/26/2026,06/26/2026 07:45:00,7,07:45,58880.0,59116.52,58977.2,59504.01,+624,LONG,59050.18,59091.66,TRUE,TRUE
06/26/2026,06/26/2026 08:00:00,8,08:00,59079.42,59210.99,59058.01,59159.57,-153,SHORT,59091.66,58999.79,TRUE,FALSE
06/26/2026,06/26/2026 08:15:00,8,08:15,58984.06,59173.85,58950.0,59073.3,-224,SHORT,58999.79,58810.76,TRUE,TRUE
06/26/2026,06/26/2026 08:30:00,8,08:30,58721.4,58846.19,58762.36,59021.7,+300,LONG,58810.76,59385.41,TRUE,FALSE
06/26/2026,06/26/2026 08:45:00,8,08:45,59280.0,59418.0,59230.75,59422.42,-187,SHORT,59385.41,60081.65,FALSE,TRUE
06/26/2026,06/26/2026 09:00:00,9,09:00,59917.86,60122.0,59862.78,60202.43,+285,LONG,60081.65,59889.69,FALSE,TRUE
06/26/2026,06/26/2026 09:15:00,9,09:15,59852.21,59994.36,59816.96,59981.98,-177,SHORT,59889.69,59962.0,FALSE,TRUE
06/26/2026,06/26/2026 09:30:00,9,09:30,59948.01,60153.18,59827.55,59987.01,-326,SHORT,59962.0,59503.04,TRUE,TRUE
06/26/2026,06/26/2026 09:45:00,9,09:45,59489.46,59561.8,59471.27,59605.58,+116,LONG,59503.04,59500.31,FALSE,TRUE
06/26/2026,06/26/2026 10:00:00,10,10:00,59492.52,59595.3,59485.34,59587.37,-110,SHORT,59500.31,59732.03,FALSE,TRUE
06/26/2026,06/26/2026 10:15:00,10,10:15,59688.36,59755.67,59684.27,59818.0,+130,LONG,59732.03,60093.05,TRUE,FALSE
06/26/2026,06/26/2026 10:30:00,10,10:30,60020.99,60162.66,60064.75,60191.1,+170,LONG,60093.05,60337.99,TRUE,TRUE
06/26/2026,06/26/2026 10:45:00,10,10:45,60326.22,60412.01,60185.26,60352.01,-227,SHORT,60337.99,60226.92,TRUE,FALSE
06/26/2026,06/26/2026 11:00:00,11,11:00,60197.15,60248.35,60226.92,60492.32,+295,LONG,60226.92,60084.01,FALSE,TRUE
06/26/2026,06/26/2026 11:15:00,11,11:15,60042.01,60118.0,60072.0,60186.44,+144,LONG,60084.01,59947.96,FALSE,FALSE
06/26/2026,06/26/2026 11:30:00,11,11:30,59927.04,60010.0,59948.43,60098.0,+171,LONG,59947.96,59963.77,TRUE,TRUE
06/26/2026,06/26/2026 11:45:00,11,11:45,59940.01,60119.81,59940.4,60038.73,-179,SHORT,59963.77,59939.3,TRUE,FALSE
06/26/2026,06/26/2026 12:00:00,12,12:00,59939.29,60001.0,59908.0,60003.54,-93,SHORT,59939.3,60113.69,FALSE,FALSE
06/26/2026,06/26/2026 12:15:00,12,12:15,60083.12,60131.46,60034.14,60128.17,-97,SHORT,60113.69,60082.26,TRUE,TRUE
06/26/2026,06/26/2026 12:30:00,12,12:30,60080.23,60158.29,60045.02,60125.83,-113,SHORT,60082.26,59963.81,TRUE,TRUE
06/26/2026,06/26/2026 12:45:00,12,12:45,59928.0,60031.57,59936.22,60008.3,-95,SHORT,59963.81,59929.01,TRUE,TRUE
06/26/2026,06/26/2026 13:00:00,13,13:00,59890.32,60006.49,59922.73,59993.28,+103,LONG,59929.01,59991.14,TRUE,FALSE
06/26/2026,06/26/2026 13:15:00,13,13:15,59981.41,60038.0,59930.13,60018.34,-108,SHORT,59991.14,59734.0,TRUE,FALSE
06/26/2026,06/26/2026 13:30:00,13,13:30,59707.31,59811.39,59663.28,59749.34,-148,SHORT,59734.0,59675.69,TRUE,TRUE
06/26/2026,06/26/2026 13:45:00,13,13:45,59635.92,59688.29,59601.3,59673.15,-87,SHORT,59675.69,59566.0,TRUE,TRUE
06/26/2026,06/26/2026 14:00:00,14,14:00,59510.0,59584.31,59510.88,59584.31,+74,LONG,59566.0,59924.76,TRUE,FALSE
06/26/2026,06/26/2026 14:15:00,14,14:15,59890.32,59959.85,59844.63,59924.76,-115,SHORT,59924.76,59834.83,TRUE,FALSE
06/26/2026,06/26/2026 14:30:00,14,14:30,59814.52,59843.1,59807.7,59929.33,+115,LONG,59834.83,59778.53,FALSE,TRUE
06/26/2026,06/26/2026 14:45:00,14,14:45,59774.69,59844.41,59774.0,59826.02,-70,SHORT,59778.53,59655.5,TRUE,FALSE
06/26/2026,06/26/2026 15:00:00,15,15:00,59633.24,59801.49,59652.18,59904.01,+271,LONG,59655.5,59624.09,FALSE,TRUE
06/26/2026,06/26/2026 15:15:00,15,15:15,59581.26,59643.94,59624.09,59717.8,+137,LONG,59624.09,59680.01,TRUE,TRUE
06/26/2026,06/26/2026 15:30:00,15,15:30,59648.57,59697.77,59512.36,59681.02,-185,SHORT,59680.01,59556.01,TRUE,FALSE
06/26/2026,06/26/2026 15:45:00,15,15:45,59536.21,59564.0,59539.47,59593.95,+58,LONG,59556.01,59620.51,TRUE,FALSE
06/26/2026,06/26/2026 16:00:00,16,16:00,59584.32,59648.0,59600.0,59633.94,+50,LONG,59620.51,59669.25,TRUE,TRUE
06/26/2026,06/26/2026 16:15:00,16,16:15,59616.42,59669.94,59645.52,59669.26,+53,LONG,59669.25,59774.48,TRUE,TRUE
06/26/2026,06/26/2026 16:30:00,16,16:30,59694.41,59792.4,59764.86,59814.0,+120,LONG,59774.48,59920.92,TRUE,TRUE
06/26/2026,06/26/2026 16:45:00,16,16:45,59905.0,59964.87,59868.84,59956.67,-96,SHORT,59920.92,59826.03,TRUE,FALSE
06/26/2026,06/26/2026 17:00:00,17,17:00,59823.0,59860.85,59812.26,59844.42,-49,SHORT,59826.03,59819.99,TRUE,TRUE
06/26/2026,06/26/2026 17:15:00,17,17:15,59788.0,59825.94,59815.15,59873.34,+85,LONG,59819.99,59796.02,FALSE,TRUE
06/26/2026,06/26/2026 17:30:00,17,17:30,59796.01,59844.99,59774.04,59801.58,-71,SHORT,59796.02,59871.96,FALSE,TRUE
06/26/2026,06/26/2026 17:45:00,17,17:45,59842.7,59908.28,59824.0,59876.42,-84,SHORT,59871.96,59951.52,FALSE,FALSE
06/26/2026,06/26/2026 18:00:00,18,18:00,59945.89,59986.79,59942.85,59975.97,-44,SHORT,59951.52,59998.0,FALSE,FALSE
06/26/2026,06/26/2026 18:15:00,18,18:15,59959.55,59998.0,59914.82,60000.94,-83,SHORT,59998.0,59879.35,TRUE,TRUE
06/26/2026,06/26/2026 18:30:00,18,18:30,59879.35,59934.0,59822.2,59884.19,-112,SHORT,59879.35,59972.95,FALSE,FALSE
06/26/2026,06/26/2026 18:45:00,18,18:45,59959.2,59995.99,59972.95,60002.02,+43,LONG,59972.95,60002.53,TRUE,FALSE
06/26/2026,06/26/2026 19:00:00,19,19:00,59988.24,60025.73,59997.42,60034.14,+46,LONG,60002.53,60026.66,TRUE,TRUE
06/26/2026,06/26/2026 19:15:00,19,19:15,60026.65,60065.43,59996.56,60037.2,-69,SHORT,60026.66,59954.0,TRUE,FALSE
06/26/2026,06/26/2026 19:30:00,19,19:30,59942.4,59970.74,59837.89,59954.58,-133,SHORT,59954.0,59888.37,TRUE,TRUE
06/26/2026,06/26/2026 19:45:00,19,19:45,59840.0,59896.18,59859.01,59888.37,+48,LONG,59888.37,59974.71,TRUE,FALSE
06/26/2026,06/26/2026 20:00:00,20,20:00,59951.14,59979.38,59928.04,59985.31,-51,SHORT,59974.71,59861.17,TRUE,FALSE
06/26/2026,06/26/2026 20:15:00,20,20:15,59861.17,59902.56,59844.42,59884.0,-58,SHORT,59861.17,59905.66,FALSE,FALSE
06/26/2026,06/26/2026 20:30:00,20,20:30,59875.2,59906.09,59845.18,59905.66,-61,SHORT,59905.66,59874.02,TRUE,TRUE
06/26/2026,06/26/2026 20:45:00,20,20:45,59868.47,59896.39,59875.0,59896.0,+28,LONG,59874.02,59847.91,FALSE,TRUE
06/26/2026,06/26/2026 21:00:00,21,21:00,59844.76,59881.14,59832.18,59849.09,-49,SHORT,59847.91,60017.35,FALSE,TRUE
06/26/2026,06/26/2026 21:15:00,21,21:15,59968.9,60027.0,60017.35,60086.0,+117,LONG,60017.35,60199.99,TRUE,FALSE
06/26/2026,06/26/2026 21:30:00,21,21:30,60188.97,60281.94,60101.46,60199.99,-180,SHORT,60199.99,60181.94,TRUE,FALSE
06/26/2026,06/26/2026 21:45:00,21,21:45,60178.59,60206.0,60181.93,60233.32,+55,LONG,60181.94,60190.2,TRUE,FALSE
06/26/2026,06/26/2026 22:00:00,22,22:00,60184.0,60228.18,60148.01,60190.2,-80,SHORT,60190.2,60076.29,TRUE,FALSE
06/26/2026,06/26/2026 22:15:00,22,22:15,60061.55,60095.33,60070.04,60127.93,+66,LONG,60076.29,60220.79,TRUE,FALSE
06/26/2026,06/26/2026 22:30:00,22,22:30,60210.14,60230.61,60182.02,60239.13,-49,SHORT,60220.79,60202.4,TRUE,FALSE
06/26/2026,06/26/2026 22:45:00,22,22:45,60201.35,60226.0,60202.01,60226.0,+25,LONG,60202.4,60211.57,TRUE,FALSE
06/26/2026,06/26/2026 23:00:00,23,23:00,60189.61,60229.99,60209.77,60251.16,+62,LONG,60211.57,60315.66,TRUE,TRUE
06/26/2026,06/26/2026 23:15:00,23,23:15,60312.6,60352.38,60285.06,60323.4,-67,SHORT,60315.66,60303.42,TRUE,FALSE
06/26/2026,06/26/2026 23:30:00,23,23:30,60303.42,60327.81,60288.12,60305.98,-40,SHORT,60303.42,60279.39,TRUE,TRUE
06/26/2026,06/26/2026 23:45:00,23,23:45,60276.05,60287.3,60240.6,60285.0,-47,SHORT,60279.39,60149.99,TRUE,TRUE
06/27/2026,06/27/2026 00:00:00,0,00:00,60120.39,60153.8,60145.8,60171.97,+52,LONG,60149.99,60213.12,TRUE,FALSE
06/27/2026,06/27/2026 00:15:00,0,00:15,60204.52,60220.43,60123.57,60213.11,-97,SHORT,60213.12,60072.0,TRUE,FALSE
06/27/2026,06/27/2026 00:30:00,0,00:30,60064.74,60186.99,60038.5,60097.99,-148,SHORT,60072.0,60135.43,FALSE,FALSE
06/27/2026,06/27/2026 00:45:00,0,00:45,60116.76,60144.28,60129.0,60172.43,+56,LONG,60135.43,60143.99,TRUE,FALSE
06/27/2026,06/27/2026 01:00:00,1,01:00,60136.41,60169.09,60110.42,60147.02,-59,SHORT,60143.99,60057.78,TRUE,FALSE
06/27/2026,06/27/2026 01:15:00,1,01:15,60022.11,60057.78,60008.17,60070.86,-50,SHORT,60057.78,60103.99,FALSE,FALSE
06/27/2026,06/27/2026 01:30:00,1,01:30,60095.62,60139.38,60103.99,60207.89,+112,LONG,60103.99,60315.03,TRUE,FALSE
06/27/2026,06/27/2026 01:45:00,1,01:45,60303.42,60321.77,60315.03,60364.21,+61,LONG,60315.03,60274.13,FALSE,FALSE
06/27/2026,06/27/2026 02:00:00,2,02:00,60263.64,60275.87,60258.33,60298.0,+34,LONG,60274.13,60224.91,FALSE,FALSE
06/27/2026,06/27/2026 02:15:00,2,02:15,60218.0,60224.92,60217.74,60261.03,+43,LONG,60224.91,60332.56,TRUE,TRUE
06/27/2026,06/27/2026 02:30:00,2,02:30,60321.78,60333.78,60288.12,60344.94,-46,SHORT,60332.56,60343.54,FALSE,TRUE
06/27/2026,06/27/2026 02:45:00,2,02:45,60321.27,60372.0,60343.53,60427.87,+107,LONG,60343.54,60451.64,TRUE,FALSE
06/27/2026,06/27/2026 03:00:00,3,03:00,60423.67,60459.0,60379.41,60451.65,-80,SHORT,60451.64,60386.04,TRUE,FALSE
06/27/2026,06/27/2026 03:15:00,3,03:15,60376.58,60398.28,60370.75,60440.0,+63,LONG,60386.04,60353.58,FALSE,TRUE
06/27/2026,06/27/2026 03:30:00,3,03:30,60346.57,60375.17,60348.92,60360.0,-26,SHORT,60353.58,60278.84,TRUE,FALSE
06/27/2026,06/27/2026 03:45:00,3,03:45,60272.72,60308.98,60278.83,60311.85,+39,LONG,60278.84,60353.69,TRUE,FALSE
06/27/2026,06/27/2026 04:00:00,4,04:00,60352.7,60367.58,60325.2,60353.7,-42,SHORT,60353.69,60263.47,TRUE,FALSE
06/27/2026,06/27/2026 04:15:00,4,04:15,60248.34,60283.99,60179.03,60263.48,-105,SHORT,60263.47,60269.68,FALSE,FALSE
06/27/2026,06/27/2026 04:30:00,4,04:30,60257.28,60276.0,60269.68,60315.0,+58,LONG,60269.68,60294.6,TRUE,FALSE
06/27/2026,06/27/2026 04:45:00,4,04:45,60289.39,60309.97,60294.6,60337.99,+49,LONG,60294.6,60313.23,TRUE,TRUE
06/27/2026,06/27/2026 05:00:00,5,05:00,60301.21,60341.11,60313.23,60349.96,+49,LONG,60313.23,60373.79,TRUE,TRUE
06/27/2026,06/27/2026 05:15:00,5,05:15,60361.56,60373.8,60355.93,60373.8,-18,SHORT,60373.79,60362.65,TRUE,FALSE
06/27/2026,06/27/2026 05:30:00,5,05:30,60343.94,60364.61,60306.52,60362.65,-58,SHORT,60362.65,60334.0,TRUE,TRUE
06/27/2026,06/27/2026 05:45:00,5,05:45,60310.93,60335.76,60323.99,60333.98,+23,LONG,60334.0,60317.99,FALSE,TRUE
06/27/2026,06/27/2026 06:00:00,6,06:00,60303.82,60321.78,60300.36,60326.65,+23,LONG,60317.99,60300.95,FALSE,FALSE
06/27/2026,06/27/2026 06:15:00,6,06:15,60297.96,60315.02,60225.7,60300.96,-89,SHORT,60300.95,60167.55,TRUE,FALSE
06/27/2026,06/27/2026 06:30:00,6,06:30,60118.63,60168.78,60158.08,60173.72,+55,LONG,60167.55,60177.36,TRUE,FALSE
06/27/2026,06/27/2026 06:45:00,6,06:45,60139.71,60177.37,60173.15,60328.0,+188,LONG,60177.36,60264.73,TRUE,TRUE
06/27/2026,06/27/2026 07:00:00,7,07:00,60263.64,60278.93,60234.04,60264.74,-45,SHORT,60264.73,60192.66,TRUE,FALSE
06/27/2026,06/27/2026 07:15:00,7,07:15,60168.78,60196.31,60192.66,60199.52,+31,LONG,60192.66,60235.59,TRUE,FALSE
06/27/2026,06/27/2026 07:30:00,7,07:30,60204.68,60235.6,60229.99,60281.99,+77,LONG,60235.59,60228.23,FALSE,FALSE
06/27/2026,06/27/2026 07:45:00,7,07:45,60224.93,60237.99,60208.33,60237.32,-30,SHORT,60228.23,60324.43,FALSE,TRUE
06/27/2026,06/27/2026 08:00:00,8,08:00,60304.0,60327.89,60321.78,60329.67,+26,LONG,60324.43,60334.73,TRUE,FALSE
06/27/2026,06/27/2026 08:15:00,8,08:15,60302.46,60337.08,60303.42,60334.73,-34,SHORT,60334.73,60370.43,FALSE,TRUE
06/27/2026,06/27/2026 08:30:00,8,08:30,60352.38,60376.86,60341.89,60370.44,-35,SHORT,60370.43,60499.99,FALSE,FALSE
06/27/2026,06/27/2026 08:45:00,8,08:45,60469.12,60500.0,60462.54,60530.0,+61,LONG,60499.99,60483.15,FALSE,TRUE
06/27/2026,06/27/2026 09:00:00,9,09:00,60450.0,60505.37,60428.88,60490.07,-76,SHORT,60483.15,60571.0,FALSE,TRUE
06/27/2026,06/27/2026 09:15:00,9,09:15,60494.98,60623.0,60507.01,60570.99,-116,SHORT,60571.0,60496.2,TRUE,TRUE
06/27/2026,06/27/2026 09:30:00,9,09:30,60496.2,60534.99,60493.99,60532.92,-41,SHORT,60496.2,60532.92,FALSE,FALSE
06/27/2026,06/27/2026 09:45:00,9,09:45,60521.74,60556.88,60521.98,60566.99,+45,LONG,60532.92,60510.23,FALSE,TRUE
06/27/2026,06/27/2026 10:00:00,10,10:00,60505.63,60513.89,60488.0,60516.82,-26,SHORT,60510.23,60768.54,FALSE,TRUE
06/27/2026,06/27/2026 10:15:00,10,10:15,60734.88,60788.25,60692.54,60775.3,-96,SHORT,60768.54,60707.34,TRUE,TRUE
06/27/2026,06/27/2026 10:30:00,10,10:30,60629.01,60732.44,60652.43,60720.77,+92,LONG,60707.34,60685.93,FALSE,TRUE
06/27/2026,06/27/2026 10:45:00,10,10:45,60685.92,60705.0,60643.29,60685.93,-62,SHORT,60685.93,60740.31,FALSE,TRUE
06/27/2026,06/27/2026 11:00:00,11,11:00,60713.46,60756.01,60695.46,60752.99,-61,SHORT,60740.31,60644.01,TRUE,TRUE
06/27/2026,06/27/2026 11:15:00,11,11:15,60644.01,60661.28,60618.07,60644.02,-43,SHORT,60644.01,60620.45,TRUE,TRUE
06/27/2026,06/27/2026 11:30:00,11,11:30,60606.36,60621.56,60600.0,60627.78,-22,SHORT,60620.45,60692.03,FALSE,FALSE
06/27/2026,06/27/2026 11:45:00,11,11:45,60669.4,60692.03,60661.47,60695.1,-31,SHORT,60692.03,60710.39,FALSE,FALSE
06/27/2026,06/27/2026 12:00:00,12,12:00,60671.23,60710.4,60559.82,60716.55,-151,SHORT,60710.39,60467.94,TRUE,TRUE
06/27/2026,06/27/2026 12:15:00,12,12:15,60459.34,60478.01,60366.82,60483.96,-111,SHORT,60467.94,60479.74,FALSE,FALSE
06/27/2026,06/27/2026 12:30:00,12,12:30,60453.18,60488.0,60410.52,60500.34,-77,SHORT,60479.74,60499.26,FALSE,FALSE
06/27/2026,06/27/2026 12:45:00,12,12:45,60496.2,60523.23,60456.0,60499.26,-67,SHORT,60499.26,60424.07,TRUE,TRUE
06/27/2026,06/27/2026 13:00:00,13,13:00,60417.55,60478.87,60363.65,60437.13,-115,SHORT,60424.07,60422.15,TRUE,TRUE
06/27/2026,06/27/2026 13:15:00,13,13:15,60417.52,60444.0,60420.2,60461.42,+44,LONG,60422.15,60413.91,FALSE,TRUE
06/27/2026,06/27/2026 13:30:00,13,13:30,60386.48,60416.63,60397.0,60423.37,+37,LONG,60413.91,60466.63,TRUE,TRUE
06/27/2026,06/27/2026 13:45:00,13,13:45,60443.01,60470.78,60435.01,60466.62,-36,SHORT,60466.63,60475.42,FALSE,TRUE
06/27/2026,06/27/2026 14:00:00,14,14:00,60434.14,60485.53,60450.15,60490.07,+56,LONG,60475.42,60498.7,TRUE,FALSE
06/27/2026,06/27/2026 14:15:00,14,14:15,60484.84,60509.4,60480.9,60500.63,-28,SHORT,60498.7,60223.82,TRUE,FALSE
06/27/2026,06/27/2026 14:30:00,14,14:30,60166.05,60233.04,60025.8,60225.53,-207,SHORT,60223.82,60094.57,TRUE,TRUE
06/27/2026,06/27/2026 14:45:00,14,14:45,60079.29,60111.46,60075.38,60145.29,+66,LONG,60094.57,60077.65,FALSE,TRUE
06/27/2026,06/27/2026 15:00:00,15,15:00,60060.11,60084.91,60073.92,60150.38,+90,LONG,60077.65,60159.48,TRUE,TRUE
06/27/2026,06/27/2026 15:15:00,15,15:15,60151.05,60180.65,60159.48,60205.5,+54,LONG,60159.48,60178.38,TRUE,TRUE
06/27/2026,06/27/2026 15:30:00,15,15:30,60158.49,60185.91,60162.0,60178.39,-24,SHORT,60178.38,60161.99,TRUE,FALSE
06/27/2026,06/27/2026 15:45:00,15,15:45,60150.0,60168.79,60159.63,60188.28,+38,LONG,60161.99,60199.37,TRUE,FALSE
06/27/2026,06/27/2026 16:00:00,16,16:00,60168.78,60199.37,60199.38,60266.68,+98,LONG,60199.37,60288.12,TRUE,TRUE
06/27/2026,06/27/2026 16:15:00,16,16:15,60254.99,60299.85,60279.29,60292.81,+38,LONG,60288.12,60349.38,TRUE,TRUE
06/27/2026,06/27/2026 16:30:00,16,16:30,60314.62,60361.28,60349.37,60386.03,+71,LONG,60349.38,60150.4,FALSE,FALSE
06/27/2026,06/27/2026 16:45:00,16,16:45,60124.15,60191.07,60125.92,60174.89,-65,SHORT,60150.4,60102.49,TRUE,FALSE
06/27/2026,06/27/2026 17:00:00,17,17:00,60095.34,60107.56,60011.49,60102.49,-96,SHORT,60102.49,60023.99,TRUE,TRUE
06/27/2026,06/27/2026 17:15:00,17,17:15,60020.17,60052.47,59765.1,60024.0,-287,SHORT,60023.99,60036.54,FALSE,FALSE
06/27/2026,06/27/2026 17:30:00,17,17:30,60009.66,60079.99,60031.08,60101.46,+92,LONG,60036.54,60080.0,TRUE,FALSE
06/27/2026,06/27/2026 17:45:00,17,17:45,60072.94,60087.8,60064.74,60085.99,-23,SHORT,60080.0,60132.1,FALSE,TRUE
06/27/2026,06/27/2026 18:00:00,18,18:00,60130.01,60144.27,60120.14,60132.11,-24,SHORT,60132.1,59948.25,TRUE,TRUE
06/27/2026,06/27/2026 18:15:00,18,18:15,59930.11,60147.38,59942.34,60005.22,-205,SHORT,59948.25,59893.37,TRUE,TRUE
06/27/2026,06/27/2026 18:30:00,18,18:30,59871.96,59923.98,59875.62,59898.63,-48,SHORT,59893.37,59959.18,FALSE,FALSE
06/27/2026,06/27/2026 18:45:00,18,18:45,59954.74,59993.67,59945.4,59972.0,-48,SHORT,59959.18,59934.84,TRUE,TRUE
06/27/2026,06/27/2026 19:00:00,19,19:00,59926.01,59941.63,59934.43,59988.0,+62,LONG,59934.84,60042.81,TRUE,FALSE
06/27/2026,06/27/2026 19:15:00,19,19:15,60016.84,60042.82,60036.94,60056.62,+40,LONG,60042.81,60075.99,TRUE,TRUE
06/27/2026,06/27/2026 19:30:00,19,19:30,60059.02,60103.52,60064.74,60082.0,-39,SHORT,60075.99,60086.32,FALSE,TRUE
06/27/2026,06/27/2026 19:45:00,19,19:45,60040.47,60086.32,60045.73,60099.99,+60,LONG,60086.32,60059.13,FALSE,TRUE
06/27/2026,06/27/2026 20:00:00,20,20:00,60042.96,60098.55,60054.38,60076.96,-44,SHORT,60059.13,59994.38,TRUE,FALSE
06/27/2026,06/27/2026 20:15:00,20,20:15,59938.04,59996.18,59972.94,60011.05,+73,LONG,59994.38,60113.16,TRUE,FALSE
06/27/2026,06/27/2026 20:30:00,20,20:30,60090.57,60120.39,60090.01,60122.88,+32,LONG,60113.16,60170.84,TRUE,TRUE
06/27/2026,06/27/2026 20:45:00,20,20:45,60147.45,60179.99,60147.36,60186.21,+39,LONG,60170.84,60131.15,FALSE,FALSE
06/27/2026,06/27/2026 21:00:00,21,21:00,60110.68,60137.73,60131.14,60156.53,+46,LONG,60131.15,60193.26,TRUE,TRUE
06/27/2026,06/27/2026 21:15:00,21,21:15,60184.41,60200.47,60188.77,60222.0,+38,LONG,60193.26,60028.91,FALSE,FALSE
06/27/2026,06/27/2026 21:30:00,21,21:30,60022.0,60039.05,60028.92,60049.96,+28,LONG,60028.91,60051.49,TRUE,TRUE
06/27/2026,06/27/2026 21:45:00,21,21:45,60021.83,60053.99,60043.32,60058.39,+37,LONG,60051.49,60051.24,FALSE,FALSE
06/27/2026,06/27/2026 22:00:00,22,22:00,60051.24,60094.69,60051.24,60101.31,+50,LONG,60051.24,60171.99,TRUE,TRUE
06/27/2026,06/27/2026 22:15:00,22,22:15,60161.95,60179.99,60100.08,60171.98,-80,SHORT,60171.99,60178.08,FALSE,TRUE
06/27/2026,06/27/2026 22:30:00,22,22:30,60172.0,60178.09,60160.01,60196.07,+24,LONG,60178.08,60111.54,FALSE,TRUE
06/27/2026,06/27/2026 22:45:00,22,22:45,60083.83,60116.21,60100.0,60112.06,+28,LONG,60111.54,60105.91,FALSE,FALSE
06/27/2026,06/27/2026 23:00:00,23,23:00,60098.4,60138.18,60105.9,60129.97,-32,SHORT,60105.91,60125.17,FALSE,TRUE
06/27/2026,06/27/2026 23:15:00,23,23:15,60107.58,60126.99,60125.17,60144.0,+36,LONG,60125.17,60113.97,FALSE,TRUE
06/27/2026,06/27/2026 23:30:00,23,23:30,60108.24,60142.98,60075.0,60113.97,-68,SHORT,60113.97,60085.77,TRUE,FALSE
06/27/2026,06/27/2026 23:45:00,23,23:45,60082.84,60089.22,60070.86,60090.0,-18,SHORT,60085.77,60046.14,TRUE,TRUE
06/28/2026,06/28/2026 00:00:00,0,00:00,60035.81,60046.15,60046.14,60049.91,+14,LONG,60046.14,59927.98,FALSE,TRUE
06/28/2026,06/28/2026 00:15:00,0,00:15,59911.74,59928.67,59850.0,59928.0,-79,SHORT,59927.98,59746.51,TRUE,FALSE
06/28/2026,06/28/2026 00:30:00,0,00:30,59663.55,59778.17,59704.0,59792.38,+129,LONG,59746.51,59828.65,TRUE,FALSE
06/28/2026,06/28/2026 00:45:00,0,00:45,59817.36,59847.48,59828.65,59849.59,+32,LONG,59828.65,59892.01,TRUE,TRUE
06/28/2026,06/28/2026 01:00:00,1,01:00,59881.14,59902.0,59892.01,59923.99,+43,LONG,59892.01,59755.33,FALSE,FALSE
06/28/2026,06/28/2026 01:15:00,1,01:15,59755.0,59828.21,59715.9,59783.22,-112,SHORT,59755.33,59838.28,FALSE,TRUE
06/28/2026,06/28/2026 01:30:00,1,01:30,59824.73,59840.47,59836.42,59866.0,+41,LONG,59838.28,59875.02,TRUE,FALSE
06/28/2026,06/28/2026 01:45:00,1,01:45,59875.02,59894.53,59865.9,59886.98,-29,SHORT,59875.02,59908.69,FALSE,TRUE
06/28/2026,06/28/2026 02:00:00,2,02:00,59908.69,59923.25,59905.62,60052.49,+144,LONG,59908.69,60052.49,TRUE,FALSE
06/28/2026,06/28/2026 02:15:00,2,02:15,60043.32,60058.62,60044.12,60055.24,-14,SHORT,60052.49,60016.01,TRUE,FALSE
06/28/2026,06/28/2026 02:30:00,2,02:30,60015.78,60027.44,60016.0,60034.14,+18,LONG,60016.01,60128.72,TRUE,FALSE
06/28/2026,06/28/2026 02:45:00,2,02:45,60104.02,60138.17,60122.88,60162.65,+59,LONG,60128.72,60127.84,FALSE,FALSE
06/28/2026,06/28/2026 03:00:00,3,03:00,60101.46,60132.01,60100.6,60166.76,+65,LONG,60127.84,60093.2,FALSE,FALSE
06/28/2026,06/28/2026 03:15:00,3,03:15,60070.51,60095.0,60065.93,60090.5,-29,SHORT,60093.2,60136.0,FALSE,TRUE
06/28/2026,06/28/2026 03:30:00,3,03:30,60132.36,60139.92,60135.99,60150.42,+18,LONG,60136.0,60358.51,TRUE,FALSE
06/28/2026,06/28/2026 03:45:00,3,03:45,60331.69,60368.66,60343.22,60404.0,+72,LONG,60358.51,60277.54,FALSE,FALSE
06/28/2026,06/28/2026 04:00:00,4,04:00,60277.54,60292.18,60257.52,60294.24,-35,SHORT,60277.54,60279.14,FALSE,TRUE
06/28/2026,06/28/2026 04:15:00,4,04:15,60261.12,60303.86,60279.13,60303.42,+42,LONG,60279.14,60232.92,FALSE,TRUE
06/28/2026,06/28/2026 04:30:00,4,04:30,60223.87,60249.65,60217.74,60233.04,-32,SHORT,60232.92,60282.03,FALSE,TRUE
06/28/2026,06/28/2026 04:45:00,4,04:45,60278.94,60318.71,60278.95,60303.41,-40,SHORT,60282.03,60169.78,TRUE,TRUE
06/28/2026,06/28/2026 05:00:00,5,05:00,60169.78,60189.93,60169.78,60177.96,-20,SHORT,60169.78,60166.12,TRUE,TRUE
06/28/2026,06/28/2026 05:15:00,5,05:15,60166.12,60191.47,60156.54,60196.31,-35,SHORT,60166.12,60015.72,TRUE,TRUE
06/28/2026,06/28/2026 05:30:00,5,05:30,60011.04,60037.19,60012.72,60051.99,+41,LONG,60015.72,60036.6,TRUE,FALSE
06/28/2026,06/28/2026 05:45:00,5,05:45,60034.16,60043.33,60036.59,60055.57,+21,LONG,60036.6,60076.81,TRUE,TRUE
06/28/2026,06/28/2026 06:00:00,6,06:00,60070.86,60084.02,60075.94,60101.46,+31,LONG,60076.81,60034.14,FALSE,FALSE
06/28/2026,06/28/2026 06:15:00,6,06:15,60034.14,60042.0,60034.14,60055.56,+21,LONG,60034.14,60220.81,TRUE,TRUE
06/28/2026,06/28/2026 06:30:00,6,06:30,60220.81,60254.46,60205.95,60233.87,-49,SHORT,60220.81,60212.99,TRUE,FALSE
06/28/2026,06/28/2026 06:45:00,6,06:45,60184.2,60217.74,60175.51,60232.38,+48,LONG,60212.99,60251.97,TRUE,FALSE
06/28/2026,06/28/2026 07:00:00,7,07:00,60235.99,60253.97,60226.92,60259.78,-27,SHORT,60251.97,60214.93,TRUE,FALSE
06/28/2026,06/28/2026 07:15:00,7,07:15,60185.41,60222.4,60175.7,60257.52,+72,LONG,60214.93,60251.13,TRUE,FALSE
06/28/2026,06/28/2026 07:30:00,7,07:30,60145.11,60251.16,60226.94,60367.15,+222,LONG,60251.13,60153.49,FALSE,FALSE
06/28/2026,06/28/2026 07:45:00,7,07:45,60132.06,60167.11,60150.43,60184.0,+52,LONG,60153.49,60205.82,TRUE,TRUE
06/28/2026,06/28/2026 08:00:00,8,08:00,60199.38,60218.89,60070.84,60205.82,-148,SHORT,60205.82,60037.7,TRUE,FALSE
06/28/2026,06/28/2026 08:15:00,8,08:15,59991.63,60050.0,59989.69,60054.95,+63,LONG,60037.7,60034.81,FALSE,TRUE
06/28/2026,06/28/2026 08:30:00,8,08:30,60015.9,60043.57,60018.29,60098.17,+82,LONG,60034.81,60034.15,FALSE,FALSE
06/28/2026,06/28/2026 08:45:00,8,08:45,60028.47,60049.43,60000.48,60044.73,-49,SHORT,60034.15,59983.25,TRUE,FALSE
06/28/2026,06/28/2026 09:00:00,9,09:00,59976.0,60001.74,59982.0,60003.54,+28,LONG,59983.25,60085.04,TRUE,FALSE
06/28/2026,06/28/2026 09:15:00,9,09:15,60052.5,60085.88,60052.91,60085.05,-33,SHORT,60085.04,60065.97,TRUE,FALSE
06/28/2026,06/28/2026 09:30:00,9,09:30,60034.14,60071.16,60031.25,60078.7,+45,LONG,60065.97,60021.89,FALSE,TRUE
06/28/2026,06/28/2026 09:45:00,9,09:45,59989.99,60028.99,59988.24,60024.96,-41,SHORT,60021.89,59939.29,TRUE,FALSE
06/28/2026,06/28/2026 10:00:00,10,10:00,59939.29,59966.82,59911.14,59957.64,-56,SHORT,59939.29,59982.13,FALSE,FALSE
06/28/2026,06/28/2026 10:15:00,10,10:15,59878.07,59991.3,59917.86,60015.77,+138,LONG,59982.13,59952.53,FALSE,TRUE
06/28/2026,06/28/2026 10:30:00,10,10:30,59948.01,59960.66,59918.13,59966.8,-43,SHORT,59952.53,59882.56,TRUE,FALSE
06/28/2026,06/28/2026 10:45:00,10,10:45,59858.04,59893.21,59829.12,59882.56,-64,SHORT,59882.56,59806.75,TRUE,TRUE
06/28/2026,06/28/2026 11:00:00,11,11:00,59780.16,59806.75,59780.17,59844.16,+64,LONG,59806.75,59743.45,FALSE,TRUE
06/28/2026,06/28/2026 11:15:00,11,11:15,59740.39,59791.16,59694.48,59780.15,-97,SHORT,59743.45,59684.28,TRUE,FALSE
06/28/2026,06/28/2026 11:30:00,11,11:30,59624.11,59685.29,59645.53,59713.71,+90,LONG,59684.28,59539.31,FALSE,TRUE
06/28/2026,06/28/2026 11:45:00,11,11:45,59524.59,59617.98,59500.0,59554.68,-118,SHORT,59539.31,59600.01,FALSE,TRUE
06/28/2026,06/28/2026 12:00:00,12,12:00,59587.38,59605.74,59575.68,59620.0,+33,LONG,59600.01,59550.66,FALSE,TRUE
06/28/2026,06/28/2026 12:15:00,12,12:15,59535.59,59565.95,59541.49,59600.0,+64,LONG,59550.66,59510.31,FALSE,FALSE
06/28/2026,06/28/2026 12:30:00,12,12:30,59506.0,59531.23,59489.46,59530.0,-42,SHORT,59510.31,59442.91,TRUE,FALSE
06/28/2026,06/28/2026 12:45:00,12,12:45,59425.24,59464.66,59427.3,59479.05,+54,LONG,59442.91,59493.11,TRUE,FALSE
06/28/2026,06/28/2026 13:00:00,13,13:00,59486.0,59530.73,59483.34,59575.14,+89,LONG,59493.11,59559.09,TRUE,TRUE
06/28/2026,06/28/2026 13:15:00,13,13:15,59553.73,59575.46,59538.42,59578.19,-37,SHORT,59559.09,59522.45,TRUE,FALSE
06/28/2026,06/28/2026 13:30:00,13,13:30,59516.56,59556.69,59520.03,59565.0,+48,LONG,59522.45,59510.88,FALSE,TRUE
06/28/2026,06/28/2026 13:45:00,13,13:45,59509.51,59533.01,59500.0,59518.86,-33,SHORT,59510.88,59514.0,FALSE,TRUE
06/28/2026,06/28/2026 14:00:00,14,14:00,59503.19,59531.02,59464.48,59520.45,-67,SHORT,59514.0,59416.0,TRUE,TRUE
06/28/2026,06/28/2026 14:15:00,14,14:15,59403.93,59430.0,59388.55,59428.1,-41,SHORT,59416.0,59458.85,FALSE,FALSE
06/28/2026,06/28/2026 14:30:00,14,14:30,59425.1,59458.86,59446.62,59553.72,+129,LONG,59458.85,59349.76,FALSE,TRUE
06/28/2026,06/28/2026 14:45:00,14,14:45,59339.98,59356.0,59256.0,59349.77,-100,SHORT,59349.76,59389.27,FALSE,TRUE
06/28/2026,06/28/2026 15:00:00,15,15:00,59355.99,59408.81,59382.12,59418.01,+62,LONG,59389.27,59565.96,TRUE,FALSE
06/28/2026,06/28/2026 15:15:00,15,15:15,59488.06,59585.12,59552.76,59669.23,+181,LONG,59565.96,59620.64,TRUE,TRUE
06/28/2026,06/28/2026 15:30:00,15,15:30,59589.65,59656.0,59572.08,59627.0,-84,SHORT,59620.64,59574.69,TRUE,FALSE
06/28/2026,06/28/2026 15:45:00,15,15:45,59566.65,59583.6,59551.0,59574.7,-33,SHORT,59574.69,59559.05,TRUE,TRUE
06/28/2026,06/28/2026 16:00:00,16,16:00,59553.72,59570.2,59546.89,59562.9,-23,SHORT,59559.05,59596.31,FALSE,FALSE
06/28/2026,06/28/2026 16:15:00,16,16:15,59529.03,59599.69,59565.96,59596.3,+67,LONG,59596.31,59605.74,TRUE,FALSE
06/28/2026,06/28/2026 16:30:00,16,16:30,59602.5,59651.85,59601.0,59627.15,-51,SHORT,59605.74,59564.29,TRUE,FALSE
06/28/2026,06/28/2026 16:45:00,16,16:45,59564.29,59617.8,59369.28,59585.01,-249,SHORT,59564.29,59347.67,TRUE,TRUE
06/28/2026,06/28/2026 17:00:00,17,17:00,59294.97,59348.69,59345.38,59547.56,+253,LONG,59347.67,59532.31,TRUE,FALSE
06/28/2026,06/28/2026 17:15:00,17,17:15,59498.59,59585.0,59466.73,59540.46,-118,SHORT,59532.31,59284.01,TRUE,FALSE
06/28/2026,06/28/2026 17:30:00,17,17:30,59229.27,59323.0,59281.27,59370.01,+141,LONG,59284.01,59014.0,FALSE,TRUE
06/28/2026,06/28/2026 17:45:00,17,17:45,59000.0,59090.0,59009.8,59085.09,+85,LONG,59014.0,58966.2,FALSE,FALSE
06/28/2026,06/28/2026 18:00:00,18,18:00,58926.42,58997.34,58914.18,59215.6,+289,LONG,58966.2,59167.27,TRUE,TRUE
06/28/2026,06/28/2026 18:15:00,18,18:15,59161.43,59266.07,59155.92,59214.0,-110,SHORT,59167.27,59444.01,FALSE,TRUE
06/28/2026,06/28/2026 18:30:00,18,18:30,59353.49,59489.44,59431.32,59575.55,+222,LONG,59444.01,59630.17,TRUE,FALSE
06/28/2026,06/28/2026 18:45:00,18,18:45,59625.04,59667.58,59605.0,59699.29,+74,LONG,59630.17,59474.01,FALSE,FALSE
06/28/2026,06/28/2026 19:00:00,19,19:00,59462.43,59552.04,59342.58,59486.21,-209,SHORT,59474.01,59485.92,FALSE,TRUE
06/28/2026,06/28/2026 19:15:00,19,19:15,59472.76,59600.0,59250.78,59501.7,-349,SHORT,59485.92,59110.03,TRUE,TRUE
06/28/2026,06/28/2026 19:30:00,19,19:30,59110.02,59221.58,58908.06,59155.72,-314,SHORT,59110.03,59250.02,FALSE,FALSE
06/28/2026,06/28/2026 19:45:00,19,19:45,59177.35,59256.34,59193.83,59276.6,+99,LONG,59250.02,59557.35,TRUE,FALSE
06/28/2026,06/28/2026 20:00:00,20,20:00,59452.74,59595.22,59477.22,59592.18,+139,LONG,59557.35,59385.29,FALSE,FALSE
06/28/2026,06/28/2026 20:15:00,20,20:15,59349.17,59401.05,59325.78,59417.18,-75,SHORT,59385.29,59202.49,TRUE,FALSE
06/28/2026,06/28/2026 20:30:00,20,20:30,59192.21,59261.05,59103.9,59232.41,-157,SHORT,59202.49,59447.15,FALSE,FALSE
06/28/2026,06/28/2026 20:45:00,20,20:45,59406.97,59458.61,59385.0,59464.97,-74,SHORT,59447.15,59333.4,TRUE,TRUE
06/28/2026,06/28/2026 21:00:00,21,21:00,59328.55,59382.99,59281.38,59370.0,-102,SHORT,59333.4,58928.01,TRUE,TRUE
06/28/2026,06/28/2026 21:15:00,21,21:15,58800.0,59019.84,58883.58,59116.13,+316,LONG,58928.01,59437.81,TRUE,FALSE
06/28/2026,06/28/2026 21:30:00,21,21:30,59400.72,59492.52,59406.47,59458.83,-86,SHORT,59437.81,59672.2,FALSE,TRUE
06/28/2026,06/28/2026 21:45:00,21,21:45,59614.92,59700.96,59645.0,59687.17,+72,LONG,59672.2,59654.36,FALSE,TRUE
06/28/2026,06/28/2026 22:00:00,22,22:00,59617.98,59660.82,59654.37,59749.41,+131,LONG,59654.36,59901.22,TRUE,TRUE
06/28/2026,06/28/2026 22:15:00,22,22:15,59881.15,59945.4,59884.21,59926.0,-61,SHORT,59901.22,60072.21,FALSE,TRUE
06/28/2026,06/28/2026 22:30:00,22,22:30,60028.02,60083.09,59985.18,60101.19,-98,SHORT,60072.21,59815.72,TRUE,TRUE
06/28/2026,06/28/2026 22:45:00,22,22:45,59776.1,59833.85,59778.95,59862.77,+87,LONG,59815.72,59942.83,TRUE,FALSE
06/28/2026,06/28/2026 23:00:00,23,23:00,59890.32,59957.63,59894.01,59954.57,+64,LONG,59942.83,59819.94,FALSE,FALSE
06/28/2026,06/28/2026 23:15:00,23,23:15,59797.11,59842.3,59800.0,59843.5,+46,LONG,59819.94,59855.06,TRUE,TRUE
06/28/2026,06/28/2026 23:30:00,23,23:30,59835.28,59868.89,59802.15,59862.0,-67,SHORT,59855.06,59740.23,TRUE,FALSE
06/28/2026,06/28/2026 23:45:00,23,23:45,59682.0,59749.56,59686.49,59746.41,+64,LONG,59740.23,59729.95,FALSE,TRUE
06/29/2026,06/29/2026 00:00:00,0,00:00,59725.08,59746.5,59666.24,59773.5,-80,SHORT,59729.95,59433.65,TRUE,FALSE
06/29/2026,06/29/2026 00:15:00,0,00:15,59298.53,59443.56,59433.63,59556.0,+257,LONG,59433.65,59588.01,TRUE,FALSE
06/29/2026,06/29/2026 00:30:00,0,00:30,59569.03,59615.1,59544.55,59614.92,-71,SHORT,59588.01,59810.76,FALSE,TRUE
06/29/2026,06/29/2026 00:45:00,0,00:45,59664.57,59823.28,59798.51,59853.59,+189,LONG,59810.76,60006.02,TRUE,FALSE
06/29/2026,06/29/2026 01:00:00,1,01:00,59930.1,60008.03,60008.05,60115.96,+186,LONG,60006.02,60070.0,TRUE,TRUE
06/29/2026,06/29/2026 01:15:00,1,01:15,60021.9,60091.04,60015.8,60104.52,+83,LONG,60070.0,60067.16,FALSE,FALSE
06/29/2026,06/29/2026 01:30:00,1,01:30,60058.62,60109.02,60070.86,60110.64,+52,LONG,60067.16,59981.16,FALSE,FALSE
06/29/2026,06/29/2026 01:45:00,1,01:45,59980.25,60006.49,59974.01,60012.25,-32,SHORT,59981.16,59983.3,FALSE,TRUE
06/29/2026,06/29/2026 02:00:00,2,02:00,59972.79,60004.96,59851.02,59986.73,-154,SHORT,59983.3,59988.01,FALSE,FALSE
06/29/2026,06/29/2026 02:15:00,2,02:15,59914.62,59988.01,59988.03,60092.79,+178,LONG,59988.01,60011.75,TRUE,FALSE
06/29/2026,06/29/2026 02:30:00,2,02:30,59960.03,60050.06,59996.68,60028.77,+69,LONG,60011.75,59960.46,FALSE,FALSE
06/29/2026,06/29/2026 02:45:00,2,02:45,59951.0,59982.44,59946.84,59987.8,+37,LONG,59960.46,59932.61,FALSE,FALSE
06/29/2026,06/29/2026 03:00:00,3,03:00,59932.6,59957.64,59903.91,59943.27,-54,SHORT,59932.61,59861.79,TRUE,FALSE
06/29/2026,06/29/2026 03:15:00,3,03:15,59843.6,59892.0,59857.82,59910.0,+66,LONG,59861.79,59730.47,FALSE,TRUE
06/29/2026,06/29/2026 03:30:00,3,03:30,59711.89,59767.8,59680.14,59745.59,-88,SHORT,59730.47,59775.4,FALSE,TRUE
06/29/2026,06/29/2026 03:45:00,3,03:45,59762.96,59782.72,59766.0,59811.55,+49,LONG,59775.4,59740.37,FALSE,TRUE
06/29/2026,06/29/2026 04:00:00,4,04:00,59740.36,59765.28,59733.24,59796.74,+56,LONG,59740.37,59855.3,TRUE,TRUE
06/29/2026,06/29/2026 04:15:00,4,04:15,59803.76,59860.07,59849.11,59957.51,+154,LONG,59855.3,59841.82,FALSE,FALSE
06/29/2026,06/29/2026 04:30:00,4,04:30,59813.4,59872.07,59843.31,59913.25,+100,LONG,59841.82,59880.37,TRUE,TRUE
06/29/2026,06/29/2026 04:45:00,4,04:45,59850.0,59914.79,59872.09,59932.33,+82,LONG,59880.37,59968.2,TRUE,TRUE
06/29/2026,06/29/2026 05:00:00,5,05:00,59940.31,59975.33,59968.2,60057.2,+117,LONG,59968.2,60142.8,TRUE,TRUE
06/29/2026,06/29/2026 05:15:00,5,05:15,60104.36,60156.89,60099.99,60194.17,+90,LONG,60142.8,60128.39,FALSE,FALSE
06/29/2026,06/29/2026 05:30:00,5,05:30,60096.9,60131.94,60011.0,60131.94,-121,SHORT,60128.39,60043.17,TRUE,FALSE
06/29/2026,06/29/2026 05:45:00,5,05:45,60035.83,60049.74,60043.17,60068.99,+33,LONG,60043.17,59996.69,FALSE,TRUE
06/29/2026,06/29/2026 06:00:00,6,06:00,59982.44,60005.93,59980.01,60019.5,+37,LONG,59996.69,59864.27,FALSE,FALSE
06/29/2026,06/29/2026 06:15:00,6,06:15,59861.4,59892.06,59837.7,59882.75,-54,SHORT,59864.27,59905.43,FALSE,TRUE
06/29/2026,06/29/2026 06:30:00,6,06:30,59871.61,59910.11,59875.64,60149.76,+278,LONG,59905.43,59769.83,FALSE,TRUE
06/29/2026,06/29/2026 06:45:00,6,06:45,59752.08,59811.58,59755.17,59810.45,+58,LONG,59769.83,59864.53,TRUE,TRUE
06/29/2026,06/29/2026 07:00:00,7,07:00,59815.12,59900.58,59490.79,60011.74,-410,SHORT,59864.53,60583.61,FALSE,TRUE
06/29/2026,06/29/2026 07:15:00,7,07:15,60547.11,60702.63,60542.41,60648.16,-160,SHORT,60583.61,60356.23,TRUE,TRUE
06/29/2026,06/29/2026 07:30:00,7,07:30,60348.01,60396.43,60289.99,60377.59,-106,SHORT,60356.23,59857.58,TRUE,TRUE
06/29/2026,06/29/2026 07:45:00,7,07:45,59813.01,59871.53,59832.92,59968.85,+156,LONG,59857.58,59857.65,TRUE,FALSE
06/29/2026,06/29/2026 08:00:00,8,08:00,59842.0,59898.74,59857.65,59931.48,+89,LONG,59857.65,60119.96,TRUE,TRUE
06/29/2026,06/29/2026 08:30:00,8,08:30,59866.54,59942.28,59731.94,60187.28,+321,LONG,59872.08,59344.97,FALSE,NA
06/29/2026,06/29/2026 08:45:00,8,08:45,59339.99,59526.76,59226.6,59466.24,-300,SHORT,59344.97,59473.31,FALSE,TRUE
06/29/2026,06/29/2026 09:00:00,9,09:00,59289.99,59474.59,59292.51,59499.96,+210,LONG,59473.31,58963.97,FALSE,TRUE
06/29/2026,06/29/2026 09:15:00,9,09:15,58958.03,59014.99,58880.39,59129.96,+172,LONG,58963.97,59393.96,TRUE,TRUE
06/29/2026,06/29/2026 09:30:00,9,09:30,59349.88,59463.56,59343.0,59439.95,-121,SHORT,59393.96,59213.48,TRUE,FALSE
06/29/2026,06/29/2026 09:45:00,9,09:45,59203.98,59362.99,59185.04,59273.98,-178,SHORT,59213.48,59352.26,FALSE,FALSE
06/29/2026,06/29/2026 10:00:00,10,10:00,59266.45,59359.99,59191.69,59363.0,-168,SHORT,59352.26,59139.57,TRUE,TRUE
06/29/2026,06/29/2026 10:15:00,10,10:15,58999.89,59162.0,59124.49,59212.98,+213,LONG,59139.57,59382.0,TRUE,FALSE
06/29/2026,06/29/2026 10:30:00,10,10:30,59179.74,59382.0,59381.97,59517.98,+338,LONG,59382.0,59709.26,TRUE,TRUE
06/29/2026,06/29/2026 10:45:00,10,10:45,59579.77,59739.95,59637.13,59711.88,+132,LONG,59709.26,59704.77,FALSE,FALSE
06/29/2026,06/29/2026 11:00:00,11,11:00,59683.48,59752.15,59661.73,59719.0,-90,SHORT,59704.77,59616.75,TRUE,FALSE
06/29/2026,06/29/2026 11:15:00,11,11:15,59584.43,59703.82,59607.32,59665.6,-96,SHORT,59616.75,59491.17,TRUE,TRUE
06/29/2026,06/29/2026 11:30:00,11,11:30,59469.04,59510.0,59491.17,59629.99,+161,LONG,59491.17,59762.03,TRUE,FALSE
06/29/2026,06/29/2026 11:45:00,11,11:45,59736.8,59779.52,59709.17,59772.35,-70,SHORT,59762.03,59776.04,FALSE,TRUE
06/29/2026,06/29/2026 12:00:00,12,12:00,59769.28,59808.9,59775.58,59833.09,+64,LONG,59776.04,60365.89,TRUE,FALSE
06/29/2026,06/29/2026 12:15:00,12,12:15,60203.17,60395.02,60363.75,60510.41,+307,LONG,60365.89,60446.0,TRUE,TRUE
06/29/2026,06/29/2026 12:30:00,12,12:30,60360.01,60466.28,60432.4,60582.85,+223,LONG,60446.0,60523.41,TRUE,TRUE
06/29/2026,06/29/2026 12:45:00,12,12:45,60418.61,60564.49,60455.34,60568.73,+150,LONG,60523.41,60318.46,FALSE,FALSE
06/29/2026,06/29/2026 13:00:00,13,13:00,60300.07,60383.68,60205.51,60351.68,-178,SHORT,60318.46,60433.62,FALSE,TRUE
06/29/2026,06/29/2026 13:15:00,13,13:15,60401.15,60433.63,60308.92,60433.99,-125,SHORT,60433.62,60182.54,TRUE,TRUE
06/29/2026,06/29/2026 13:30:00,13,13:30,60127.48,60272.18,60158.4,60218.8,-114,SHORT,60182.54,60183.87,FALSE,FALSE
06/29/2026,06/29/2026 13:45:00,13,13:45,60116.37,60183.88,60140.28,60194.27,+78,LONG,60183.87,60198.05,TRUE,FALSE
06/29/2026,06/29/2026 14:00:00,14,14:00,60156.24,60198.91,60103.28,60206.09,-96,SHORT,60198.05,60100.13,TRUE,FALSE
06/29/2026,06/29/2026 14:15:00,14,14:15,60084.71,60131.22,60084.02,60136.2,+51,LONG,60100.13,60364.28,TRUE,FALSE
06/29/2026,06/29/2026 14:30:00,14,14:30,60321.52,60387.92,60325.99,60372.82,-62,SHORT,60364.28,60379.44,FALSE,TRUE
06/29/2026,06/29/2026 14:45:00,14,14:45,60273.16,60379.58,60362.24,60420.0,+147,LONG,60379.44,60332.0,FALSE,TRUE
06/29/2026,06/29/2026 15:00:00,15,15:00,60323.01,60372.43,60324.0,60404.27,+81,LONG,60332.0,60333.82,TRUE,TRUE
06/29/2026,06/29/2026 15:15:00,15,15:15,60327.68,60390.25,60300.81,60344.0,-89,SHORT,60333.82,60311.52,TRUE,FALSE
06/29/2026,06/29/2026 15:30:00,15,15:30,60300.0,60332.11,60304.0,60340.0,+40,LONG,60311.52,60322.39,TRUE,FALSE
06/29/2026,06/29/2026 15:45:00,15,15:45,60303.85,60358.59,60252.0,60322.39,-107,SHORT,60322.39,60197.71,TRUE,FALSE
06/29/2026,06/29/2026 16:00:00,16,16:00,60196.84,60216.25,60203.19,60234.0,+37,LONG,60197.71,60317.75,TRUE,FALSE
06/29/2026,06/29/2026 16:15:00,16,16:15,60259.71,60323.81,60262.11,60320.41,-62,SHORT,60317.75,60257.43,TRUE,FALSE
06/29/2026,06/29/2026 16:30:00,16,16:30,60213.28,60261.08,60257.43,60300.0,+87,LONG,60257.43,60376.77,TRUE,FALSE
06/29/2026,06/29/2026 16:45:00,16,16:45,60349.78,60384.9,60368.95,60393.8,+44,LONG,60376.77,60390.92,TRUE,TRUE
06/29/2026,06/29/2026 17:00:00,17,17:00,60369.8,60403.47,60360.74,60403.02,-43,SHORT,60390.92,60363.32,TRUE,FALSE
06/29/2026,06/29/2026 17:15:00,17,17:15,60314.95,60363.34,60363.33,60392.72,+78,LONG,60363.32,60350.57,FALSE,TRUE
06/29/2026,06/29/2026 17:30:00,17,17:30,60336.49,60369.93,60330.65,60371.95,-39,SHORT,60350.57,60299.42,TRUE,FALSE
06/29/2026,06/29/2026 17:45:00,17,17:45,60287.2,60306.38,60285.73,60306.38,-21,SHORT,60299.42,60261.96,TRUE,TRUE
06/29/2026,06/29/2026 18:00:00,18,18:00,60250.72,60267.83,60252.27,60284.0,+33,LONG,60261.96,60250.53,FALSE,TRUE
06/29/2026,06/29/2026 18:15:00,18,18:15,60243.32,60275.0,60247.02,60271.7,+28,LONG,60250.53,60135.31,FALSE,FALSE
06/29/2026,06/29/2026 18:30:00,18,18:30,60133.64,60161.66,60125.18,60164.46,-36,SHORT,60135.31,60158.23,FALSE,TRUE
06/29/2026,06/29/2026 18:45:00,18,18:45,60158.23,60181.97,60152.36,60201.55,+43,LONG,60158.23,60162.73,TRUE,FALSE
06/29/2026,06/29/2026 19:00:00,19,19:00,60123.05,60180.0,60101.02,60163.86,-79,SHORT,60162.73,60106.65,TRUE,FALSE
06/29/2026,06/29/2026 19:15:00,19,19:15,60091.42,60124.77,60076.86,60143.99,+53,LONG,60106.65,59843.27,FALSE,TRUE
06/29/2026,06/29/2026 19:30:00,19,19:30,59794.71,59956.56,59651.52,59846.9,-305,SHORT,59843.27,59681.39,TRUE,FALSE
06/29/2026,06/29/2026 19:45:00,19,19:45,59616.61,59696.0,59660.11,59794.77,+178,LONG,59681.39,59743.01,TRUE,FALSE
06/29/2026,06/29/2026 20:00:00,20,20:00,59737.08,59765.92,59728.36,59774.99,+38,LONG,59743.01,59730.01,FALSE,FALSE
06/29/2026,06/29/2026 20:15:00,20,20:15,59681.49,59737.48,59723.52,59785.0,+104,LONG,59730.01,59950.01,TRUE,TRUE
06/29/2026,06/29/2026 20:30:00,20,20:30,59907.75,59950.02,59919.34,59960.0,+52,LONG,59950.01,59735.65,FALSE,FALSE
06/29/2026,06/29/2026 20:45:00,20,20:45,59728.48,59752.97,59735.61,59771.84,+43,LONG,59735.65,59846.84,TRUE,TRUE
06/29/2026,06/29/2026 21:00:00,21,21:00,59838.59,59848.8,59789.96,59853.99,-59,SHORT,59846.84,59691.75,TRUE,FALSE
06/29/2026,06/29/2026 21:15:00,21,21:15,59669.16,59699.99,59666.25,59691.76,-34,SHORT,59691.75,59869.76,FALSE,FALSE
06/29/2026,06/29/2026 21:30:00,21,21:30,59859.42,59889.72,59835.26,59869.76,-54,SHORT,59869.76,59905.67,FALSE,FALSE
06/29/2026,06/29/2026 21:45:00,21,21:45,59901.7,59916.41,59905.67,59922.4,+21,LONG,59905.67,59842.57,FALSE,TRUE
06/29/2026,06/29/2026 22:00:00,22,22:00,59835.26,59881.99,59837.72,59867.52,-44,SHORT,59842.57,59792.6,TRUE,FALSE
06/29/2026,06/29/2026 22:15:00,22,22:15,59778.98,59838.28,59783.91,59852.59,+74,LONG,59792.6,59750.7,FALSE,TRUE
06/29/2026,06/29/2026 22:30:00,22,22:30,59750.7,59771.99,59698.63,59753.72,-73,SHORT,59750.7,59630.47,TRUE,FALSE
06/29/2026,06/29/2026 22:45:00,22,22:45,59620.69,59642.55,59524.2,59630.48,-118,SHORT,59630.47,59515.14,TRUE,TRUE
06/29/2026,06/29/2026 23:00:00,23,23:00,59515.14,59539.3,59486.99,59515.15,-52,SHORT,59515.14,59449.08,TRUE,TRUE
06/29/2026,06/29/2026 23:15:00,23,23:15,59430.59,59472.85,59376.23,59449.09,-97,SHORT,59449.08,59441.67,TRUE,TRUE
06/29/2026,06/29/2026 23:30:00,23,23:30,59426.01,59470.53,59441.66,59520.92,+95,LONG,59441.67,59500.03,TRUE,FALSE
06/29/2026,06/29/2026 23:45:00,23,23:45,59429.95,59509.1,59439.66,59500.04,+70,LONG,59500.03,59385.28,FALSE,FALSE
06/30/2026,06/30/2026 00:00:00,0,00:00,59373.2,59401.15,59376.22,59427.55,+54,LONG,59385.28,59330.91,FALSE,FALSE
06/30/2026,06/30/2026 00:15:00,0,00:15,59273.79,59330.92,59285.62,59330.92,+57,LONG,59330.91,59282.6,FALSE,FALSE
06/30/2026,06/30/2026 00:30:00,0,00:30,59267.17,59296.35,59260.82,59303.74,+37,LONG,59282.6,59457.76,TRUE,TRUE
06/30/2026,06/30/2026 00:45:00,0,00:45,59444.76,59472.48,59445.68,59484.26,+40,LONG,59457.76,59549.99,TRUE,TRUE
06/30/2026,06/30/2026 01:00:00,1,01:00,59527.52,59555.99,59491.17,59569.49,-65,SHORT,59549.99,59469.96,TRUE,FALSE
06/30/2026,06/30/2026 01:15:00,1,01:15,59448.69,59477.6,59439.66,59477.6,-38,SHORT,59469.96,59597.1,FALSE,FALSE
06/30/2026,06/30/2026 01:30:00,1,01:30,59536.28,59617.51,59534.38,59616.23,-83,SHORT,59597.1,59460.78,TRUE,TRUE
06/30/2026,06/30/2026 01:45:00,1,01:45,59457.77,59518.16,59448.68,59469.46,-69,SHORT,59460.78,59493.99,FALSE,FALSE
06/30/2026,06/30/2026 02:00:00,2,02:00,59475.88,59501.96,59478.06,59518.15,+42,LONG,59493.99,59396.42,FALSE,TRUE
06/30/2026,06/30/2026 02:15:00,2,02:15,59356.45,59401.18,59396.43,59433.01,+77,LONG,59396.42,59375.99,FALSE,FALSE
06/30/2026,06/30/2026 02:30:00,2,02:30,59351.98,59394.47,59375.99,59458.74,+107,LONG,59375.99,59416.44,TRUE,TRUE
06/30/2026,06/30/2026 02:45:00,2,02:45,59409.12,59466.0,59401.7,59438.39,-64,SHORT,59416.44,59427.02,FALSE,TRUE
06/30/2026,06/30/2026 03:00:00,3,03:00,59423.76,59440.84,59423.78,59460.35,+37,LONG,59427.02,59324.89,FALSE,TRUE
06/30/2026,06/30/2026 03:15:00,3,03:15,59321.94,59369.94,59277.26,59335.26,-93,SHORT,59324.89,59299.4,TRUE,FALSE
06/30/2026,06/30/2026 03:30:00,3,03:30,59276.63,59313.35,59280.96,59338.49,+62,LONG,59299.4,59169.11,FALSE,TRUE
06/30/2026,06/30/2026 03:45:00,3,03:45,59131.99,59198.49,59088.33,59185.85,-110,SHORT,59169.11,59206.9,FALSE,TRUE
06/30/2026,06/30/2026 04:00:00,4,04:00,59186.49,59222.46,59194.77,59226.0,+40,LONG,59206.9,59242.47,TRUE,FALSE
06/30/2026,06/30/2026 04:15:00,4,04:15,59233.44,59262.71,59217.92,59270.03,-45,SHORT,59242.47,59197.09,TRUE,FALSE
06/30/2026,06/30/2026 04:30:00,4,04:30,59196.99,59222.04,59151.6,59211.38,-70,SHORT,59197.09,59258.52,FALSE,FALSE
06/30/2026,06/30/2026 04:45:00,4,04:45,59240.76,59290.6,59258.52,59277.3,+37,LONG,59258.52,59276.01,TRUE,FALSE
06/30/2026,06/30/2026 05:00:00,5,05:00,59267.74,59289.23,59276.01,59306.64,+39,LONG,59276.01,59270.73,FALSE,FALSE
06/30/2026,06/30/2026 05:15:00,5,05:15,59250.0,59280.85,59270.73,59309.42,+59,LONG,59270.73,59273.69,TRUE,TRUE
06/30/2026,06/30/2026 05:30:00,5,05:30,59262.78,59279.85,59244.42,59273.7,-35,SHORT,59273.69,59236.6,TRUE,FALSE
06/30/2026,06/30/2026 05:45:00,5,05:45,59220.06,59247.86,59211.77,59236.61,-36,SHORT,59236.6,59229.3,TRUE,TRUE
06/30/2026,06/30/2026 06:00:00,6,06:00,59229.22,59308.0,59221.35,59243.94,-87,SHORT,59229.3,59288.27,FALSE,FALSE
06/30/2026,06/30/2026 06:15:00,6,06:15,59281.08,59301.69,59255.27,59303.56,-46,SHORT,59288.27,59122.68,TRUE,TRUE
06/30/2026,06/30/2026 06:30:00,6,06:30,59107.86,59160.0,59107.86,59178.99,+71,LONG,59122.68,59142.23,TRUE,FALSE
06/30/2026,06/30/2026 06:45:00,6,06:45,59123.99,59165.0,59138.0,59199.99,+76,LONG,59142.23,59076.82,FALSE,FALSE
06/30/2026,06/30/2026 07:00:00,7,07:00,59057.16,59096.52,59005.8,59082.46,-91,SHORT,59076.82,58905.29,TRUE,FALSE
06/30/2026,06/30/2026 07:15:00,7,07:15,58896.18,58998.15,58905.29,58951.16,-93,SHORT,58905.29,58751.65,TRUE,TRUE
06/30/2026,06/30/2026 07:30:00,7,07:30,58729.86,58782.77,58708.67,58783.94,-74,SHORT,58751.65,58730.17,TRUE,TRUE
06/30/2026,06/30/2026 07:45:00,7,07:45,58703.19,58747.92,58628.61,58746.0,-119,SHORT,58730.17,58299.06,TRUE,TRUE
06/30/2026,06/30/2026 08:00:00,8,08:00,58276.39,58426.0,58270.0,58441.23,+165,LONG,58299.06,58357.33,TRUE,FALSE
06/30/2026,06/30/2026 08:15:00,8,08:15,58313.45,58384.0,58352.71,58456.66,+143,LONG,58357.33,58397.97,TRUE,TRUE
06/30/2026,06/30/2026 08:30:00,8,08:30,58349.0,58406.55,58397.97,58659.4,+310,LONG,58397.97,58460.0,TRUE,TRUE
06/30/2026,06/30/2026 08:45:00,8,08:45,58390.16,58478.5,58363.09,58481.6,-115,SHORT,58460.0,58629.98,FALSE,TRUE
06/30/2026,06/30/2026 09:00:00,9,09:00,58541.4,58648.28,58537.75,58966.62,+425,LONG,58629.98,58892.9,TRUE,FALSE
06/30/2026,06/30/2026 09:15:00,9,09:15,58810.01,58943.98,58831.91,58942.3,+132,LONG,58892.9,58929.8,TRUE,TRUE
06/30/2026,06/30/2026 09:30:00,9,09:30,58901.99,58978.22,58811.08,58997.92,-167,SHORT,58929.8,58803.9,TRUE,FALSE
06/30/2026,06/30/2026 09:45:00,9,09:45,58587.55,58818.0,58583.34,58803.91,-235,SHORT,58803.9,58358.95,TRUE,TRUE
06/30/2026,06/30/2026 10:00:00,10,10:00,58334.3,58485.9,58304.99,58478.49,-181,SHORT,58358.95,58325.31,TRUE,TRUE
06/30/2026,06/30/2026 10:15:00,10,10:15,58276.9,58368.78,58124.01,58352.7,-245,SHORT,58325.31,58270.0,TRUE,TRUE
06/30/2026,06/30/2026 10:30:00,10,10:30,58250.01,58318.75,58260.75,58312.0,+62,LONG,58270.0,58326.8,TRUE,FALSE
06/30/2026,06/30/2026 10:45:00,10,10:45,58292.9,58381.99,58326.81,58690.11,+397,LONG,58326.8,58267.51,FALSE,FALSE
06/30/2026,06/30/2026 11:00:00,11,11:00,58225.22,58382.22,58241.7,58367.5,+142,LONG,58267.51,58289.98,TRUE,TRUE
06/30/2026,06/30/2026 11:15:00,11,11:15,58277.57,58382.01,58190.77,58318.79,-191,SHORT,58289.98,58205.83,TRUE,FALSE
06/30/2026,06/30/2026 11:30:00,11,11:30,58172.99,58205.83,58179.13,58224.32,+51,LONG,58205.83,58206.7,TRUE,FALSE
06/30/2026,06/30/2026 11:45:00,11,11:45,58170.0,58288.89,58209.06,58248.96,-80,SHORT,58206.7,58391.34,FALSE,TRUE
06/30/2026,06/30/2026 12:00:00,12,12:00,58330.71,58399.89,58338.28,58402.96,+72,LONG,58391.34,58308.01,FALSE,TRUE
06/30/2026,06/30/2026 12:15:00,12,12:15,58286.07,58345.07,58289.0,58365.69,+80,LONG,58308.01,58295.0,FALSE,FALSE
06/30/2026,06/30/2026 12:30:00,12,12:30,58268.05,58308.0,58233.33,58313.7,-75,SHORT,58295.0,58279.76,TRUE,FALSE
06/30/2026,06/30/2026 12:45:00,12,12:45,58271.82,58303.38,58243.29,58279.76,-60,SHORT,58279.76,58322.24,FALSE,FALSE
06/30/2026,06/30/2026 13:00:00,13,13:00,58304.41,58329.68,58298.25,58387.56,+83,LONG,58322.24,58370.57,TRUE,FALSE
06/30/2026,06/30/2026 13:15:00,13,13:15,58355.78,58397.0,58332.94,58389.98,-64,SHORT,58370.57,58428.54,FALSE,TRUE
06/30/2026,06/30/2026 13:30:00,13,13:30,58393.72,58440.0,58375.27,58452.23,-65,SHORT,58428.54,58351.73,TRUE,TRUE
06/30/2026,06/30/2026 13:45:00,13,13:45,58336.73,58356.46,58351.24,58388.81,+52,LONG,58351.73,58580.06,TRUE,FALSE
06/30/2026,06/30/2026 14:00:00,14,14:00,58549.18,58590.5,58521.12,58610.23,-69,SHORT,58580.06,58557.99,TRUE,FALSE
06/30/2026,06/30/2026 14:15:00,14,14:15,58503.02,58558.78,58492.65,58566.0,-66,SHORT,58557.99,58572.51,FALSE,FALSE
06/30/2026,06/30/2026 14:30:00,14,14:30,58513.84,58572.52,58552.36,58665.0,+151,LONG,58572.51,58660.45,TRUE,FALSE
06/30/2026,06/30/2026 14:45:00,14,14:45,58620.03,58676.53,58623.7,58683.0,+63,LONG,58660.45,58716.53,TRUE,TRUE
06/30/2026,06/30/2026 15:00:00,15,15:00,58670.93,58735.5,58643.2,58714.54,-92,SHORT,58716.53,58780.33,FALSE,TRUE
06/30/2026,06/30/2026 15:15:00,15,15:15,58745.54,58783.62,58742.2,58781.51,-41,SHORT,58780.33,58647.14,TRUE,TRUE
06/30/2026,06/30/2026 15:30:00,15,15:30,58628.07,58666.93,58576.14,58647.14,-91,SHORT,58647.14,58560.04,TRUE,TRUE
06/30/2026,06/30/2026 15:45:00,15,15:45,58556.1,58615.4,58535.13,58587.62,-80,SHORT,58560.04,58630.88,FALSE,FALSE
06/30/2026,06/30/2026 16:00:00,16,16:00,58627.81,58669.63,58617.04,58653.5,-53,SHORT,58630.88,58486.14,TRUE,TRUE
06/30/2026,06/30/2026 16:15:00,16,16:15,58442.06,58511.91,58483.04,58547.72,+106,LONG,58486.14,58494.08,TRUE,FALSE
06/30/2026,06/30/2026 16:30:00,16,16:30,58479.82,58538.63,58485.38,58544.28,+64,LONG,58494.08,58500.0,TRUE,TRUE
06/30/2026,06/30/2026 16:45:00,16,16:45,58500.0,58559.41,58500.0,58519.58,-59,SHORT,58500.0,58553.87,FALSE,TRUE
06/30/2026,06/30/2026 17:00:00,17,17:00,58533.47,58554.69,58553.87,58606.74,+73,LONG,58553.87,58634.1,TRUE,FALSE
06/30/2026,06/30/2026 17:15:00,17,17:15,58563.12,58652.26,58615.22,58648.78,+86,LONG,58634.1,58559.45,FALSE,FALSE
06/30/2026,06/30/2026 17:30:00,17,17:30,58551.55,58590.78,58461.44,58559.45,-129,SHORT,58559.45,58508.97,TRUE,FALSE
06/30/2026,06/30/2026 17:45:00,17,17:45,58481.53,58508.98,58473.68,58508.98,-35,SHORT,58508.97,58509.56,FALSE,FALSE
06/30/2026,06/30/2026 18:00:00,18,18:00,58501.57,58528.88,58467.64,58530.46,-61,SHORT,58509.56,58511.57,FALSE,FALSE
06/30/2026,06/30/2026 18:15:00,18,18:15,58490.25,58511.59,58511.57,58544.64,+54,LONG,58511.57,58512.53,TRUE,FALSE
06/30/2026,06/30/2026 18:30:00,18,18:30,58504.97,58535.08,58468.02,58512.53,-67,SHORT,58512.53,58504.6,TRUE,FALSE
06/30/2026,06/30/2026 18:45:00,18,18:45,58483.04,58507.55,58480.3,58510.0,-27,SHORT,58504.6,58523.93,FALSE,FALSE
06/30/2026,06/30/2026 19:00:00,19,19:00,58513.85,58558.0,58523.93,58614.99,+101,LONG,58523.93,58547.72,TRUE,FALSE
06/30/2026,06/30/2026 19:15:00,19,19:15,58507.68,58570.0,58520.0,58584.68,+77,LONG,58547.72,58298.24,FALSE,FALSE
06/30/2026,06/30/2026 19:30:00,19,19:30,58276.68,58309.94,58295.18,58476.87,+200,LONG,58298.24,58387.56,TRUE,TRUE
06/30/2026,06/30/2026 19:45:00,19,19:45,58343.2,58401.02,58370.0,58427.07,+84,LONG,58387.56,58486.84,TRUE,TRUE
06/30/2026,06/30/2026 20:00:00,20,20:00,58458.4,58489.46,58416.21,58497.04,-73,SHORT,58486.84,58075.91,TRUE,FALSE
06/30/2026,06/30/2026 20:15:00,20,20:15,57717.55,58128.53,57938.89,58252.63,+535,LONG,58075.91,58258.36,TRUE,FALSE
06/30/2026,06/30/2026 20:30:00,20,20:30,58221.24,58314.93,58232.77,58393.71,+172,LONG,58258.36,58806.05,TRUE,TRUE
06/30/2026,06/30/2026 20:45:00,20,20:45,58710.96,58861.87,58693.53,58922.44,+211,LONG,58806.05,58668.85,FALSE,FALSE
06/30/2026,06/30/2026 21:00:00,21,21:00,58667.85,58701.72,58661.68,58710.96,+43,LONG,58668.85,58703.98,TRUE,TRUE
06/30/2026,06/30/2026 21:15:00,21,21:15,58680.27,58769.47,58680.15,58800.26,+120,LONG,58703.98,58851.85,TRUE,TRUE
06/30/2026,06/30/2026 21:30:00,21,21:30,58843.4,58906.7,58849.58,58971.88,+128,LONG,58851.85,59040.51,TRUE,TRUE
06/30/2026,06/30/2026 21:45:00,21,21:45,58983.05,59068.0,58966.6,59077.93,-101,SHORT,59040.51,58991.99,TRUE,FALSE
06/30/2026,06/30/2026 22:00:00,22,22:00,58982.03,59005.76,58938.88,58997.18,-67,SHORT,58991.99,58898.85,TRUE,TRUE
06/30/2026,06/30/2026 22:15:00,22,22:15,58896.01,58932.72,58834.84,58911.11,-98,SHORT,58898.85,58821.84,TRUE,TRUE
06/30/2026,06/30/2026 22:30:00,22,22:30,58802.03,58855.0,58767.9,58837.23,-87,SHORT,58821.84,58843.72,FALSE,FALSE
06/30/2026,06/30/2026 22:45:00,22,22:45,58834.16,58864.44,58835.02,58905.0,+71,LONG,58843.72,59101.49,TRUE,FALSE
06/30/2026,06/30/2026 23:00:00,23,23:00,59071.32,59107.0,58994.32,59101.49,-113,SHORT,59101.49,59024.76,TRUE,FALSE
06/30/2026,06/30/2026 23:15:00,23,23:15,59010.0,59048.18,59006.64,59059.0,+49,LONG,59024.76,59184.86,TRUE,FALSE
06/30/2026,06/30/2026 23:30:00,23,23:30,59166.8,59188.49,59151.4,59203.07,-37,SHORT,59184.86,59266.01,FALSE,TRUE
06/30/2026,06/30/2026 23:45:00,23,23:45,59219.16,59287.99,59262.41,59373.3,+154,LONG,59266.01,59245.38,FALSE,TRUE
07/01/2026,07/01/2026 00:00:00,0,00:00,59225.0,59253.02,59197.6,59245.39,-55,SHORT,59245.38,59197.6,TRUE,FALSE
07/01/2026,07/01/2026 00:15:00,0,00:15,59162.02,59204.53,59194.52,59259.2,+97,LONG,59197.6,59082.51,FALSE,TRUE
07/01/2026,07/01/2026 00:30:00,0,00:30,59053.85,59128.77,59065.16,59094.08,-64,SHORT,59082.51,59102.0,FALSE,TRUE
07/01/2026,07/01/2026 00:45:00,0,00:45,59077.16,59103.24,59082.22,59114.44,+37,LONG,59102.0,59060.91,FALSE,TRUE
07/01/2026,07/01/2026 01:00:00,1,01:00,59053.81,59068.24,58985.08,59070.82,-83,SHORT,59060.91,58859.22,TRUE,FALSE
07/01/2026,07/01/2026 01:15:00,1,01:15,58825.89,58861.47,58800.26,58882.0,-61,SHORT,58859.22,58700.98,TRUE,TRUE
07/01/2026,07/01/2026 01:30:00,1,01:30,58663.63,58701.6,58645.77,58713.99,-56,SHORT,58700.98,58612.0,TRUE,TRUE
07/01/2026,07/01/2026 01:45:00,1,01:45,58578.89,58612.0,58518.77,58611.84,-93,SHORT,58612.0,58666.65,FALSE,FALSE
07/01/2026,07/01/2026 02:00:00,2,02:00,58641.41,58669.93,58618.15,58702.0,+61,LONG,58666.65,58588.85,FALSE,TRUE
07/01/2026,07/01/2026 02:15:00,2,02:15,58540.41,58600.0,58564.53,58620.63,+80,LONG,58588.85,58648.79,TRUE,TRUE
07/01/2026,07/01/2026 02:30:00,2,02:30,58648.79,58705.96,58555.98,58648.79,-150,SHORT,58648.79,58606.66,TRUE,FALSE
07/01/2026,07/01/2026 02:45:00,2,02:45,58600.01,58637.77,58583.68,58633.25,-54,SHORT,58606.66,58686.91,FALSE,FALSE
07/01/2026,07/01/2026 03:00:00,3,03:00,58660.0,58694.75,58602.83,58686.91,-92,SHORT,58686.91,58614.32,TRUE,TRUE
07/01/2026,07/01/2026 03:15:00,3,03:15,58614.32,58650.0,58602.83,58632.36,-47,SHORT,58614.32,58534.11,TRUE,TRUE
07/01/2026,07/01/2026 03:30:00,3,03:30,58520.69,58576.45,58526.01,58575.33,+55,LONG,58534.11,58653.73,TRUE,FALSE
07/01/2026,07/01/2026 03:45:00,3,03:45,58609.07,58659.3,58617.96,58658.05,+49,LONG,58653.73,58896.0,TRUE,TRUE
07/01/2026,07/01/2026 04:00:00,4,04:00,58842.0,58906.0,58812.74,58896.01,-93,SHORT,58896.0,58871.78,TRUE,FALSE
07/01/2026,07/01/2026 04:15:00,4,04:15,58846.21,58933.23,58865.99,58903.32,-67,SHORT,58871.78,58819.07,TRUE,TRUE
07/01/2026,07/01/2026 04:30:00,4,04:30,58794.4,58820.04,58806.52,58836.2,+42,LONG,58819.07,58807.84,FALSE,TRUE
07/01/2026,07/01/2026 04:45:00,4,04:45,58794.75,58816.0,58785.3,58873.1,+78,LONG,58807.84,58865.86,TRUE,TRUE
07/01/2026,07/01/2026 05:00:00,5,05:00,58857.75,58875.63,58792.98,58868.55,-83,SHORT,58865.86,58682.02,TRUE,FALSE
07/01/2026,07/01/2026 05:15:00,5,05:15,58675.05,58714.0,58619.6,58684.5,-94,SHORT,58682.02,58664.44,TRUE,TRUE
07/01/2026,07/01/2026 05:30:00,5,05:30,58649.0,58671.88,58643.56,58674.64,-28,SHORT,58664.44,58539.97,TRUE,TRUE
07/01/2026,07/01/2026 05:45:00,5,05:45,58536.45,58602.6,58536.45,58579.0,-66,SHORT,58539.97,58577.4,FALSE,FALSE
07/01/2026,07/01/2026 06:00:00,6,06:00,58573.43,58606.0,58505.48,58584.0,-101,SHORT,58577.4,58627.46,FALSE,FALSE
07/01/2026,07/01/2026 06:15:00,6,06:15,58615.2,58649.82,58598.49,58641.97,-51,SHORT,58627.46,58615.2,TRUE,TRUE
07/01/2026,07/01/2026 06:30:00,6,06:30,58608.19,58638.18,58600.0,58655.2,+47,LONG,58615.2,58602.03,FALSE,TRUE
07/01/2026,07/01/2026 06:45:00,6,06:45,58556.43,58604.0,58593.15,58625.09,+69,LONG,58602.03,58536.74,FALSE,FALSE
07/01/2026,07/01/2026 07:00:00,7,07:00,58524.01,58549.05,58511.53,58602.6,+79,LONG,58536.74,58371.63,FALSE,FALSE
07/01/2026,07/01/2026 07:15:00,7,07:15,58338.0,58381.78,58371.64,58487.42,+149,LONG,58371.63,58473.45,TRUE,TRUE
07/01/2026,07/01/2026 07:30:00,7,07:30,58473.45,58517.54,58400.8,58473.36,-117,SHORT,58473.45,58323.74,TRUE,FALSE
07/01/2026,07/01/2026 07:45:00,7,07:45,58292.5,58340.18,58300.0,58338.0,+46,LONG,58323.74,58443.44,TRUE,FALSE
07/01/2026,07/01/2026 08:00:00,8,08:00,58413.6,58457.7,58444.44,58639.71,+226,LONG,58443.44,58587.97,TRUE,TRUE
07/01/2026,07/01/2026 08:15:00,8,08:15,58563.08,58621.49,58580.8,58622.03,+59,LONG,58587.97,58728.6,TRUE,TRUE
07/01/2026,07/01/2026 08:30:00,8,08:30,58679.42,58766.92,58517.56,58728.31,-249,SHORT,58728.6,58936.5,FALSE,TRUE
07/01/2026,07/01/2026 08:45:00,8,08:45,58840.65,58961.66,58859.5,59165.8,+325,LONG,58936.5,59422.92,TRUE,FALSE
07/01/2026,07/01/2026 09:00:00,9,09:00,59279.34,59449.94,59196.01,59433.52,-254,SHORT,59422.92,59906.01,FALSE,TRUE
07/01/2026,07/01/2026 09:15:00,9,09:15,59724.0,59922.02,59809.93,59943.5,+220,LONG,59906.01,59719.27,FALSE,TRUE
07/01/2026,07/01/2026 09:30:00,9,09:30,59714.55,59773.05,59613.26,59760.54,-160,SHORT,59719.27,59539.04,TRUE,FALSE
07/01/2026,07/01/2026 09:45:00,9,09:45,59525.55,59629.14,59351.5,59539.04,-278,SHORT,59539.04,59466.95,TRUE,TRUE
07/01/2026,07/01/2026 10:00:00,10,10:00,59440.0,59476.44,59440.51,59547.55,+108,LONG,59466.95,59860.02,TRUE,FALSE
07/01/2026,07/01/2026 10:15:00,10,10:15,59824.8,59913.04,59815.35,59887.73,-98,SHORT,59860.02,60246.02,FALSE,TRUE
07/01/2026,07/01/2026 10:30:00,10,10:30,60218.55,60300.0,60218.03,60317.54,+99,LONG,60246.02,60165.0,FALSE,TRUE
07/01/2026,07/01/2026 10:45:00,10,10:45,60157.34,60198.48,60110.0,60167.37,-88,SHORT,60165.0,60087.7,TRUE,FALSE
07/01/2026,07/01/2026 11:00:00,11,11:00,60070.03,60131.26,60010.55,60110.77,-121,SHORT,60087.7,60079.44,TRUE,TRUE
07/01/2026,07/01/2026 11:15:00,11,11:15,60070.89,60104.07,60010.01,60094.31,-94,SHORT,60079.44,60080.35,FALSE,FALSE
07/01/2026,07/01/2026 11:30:00,11,11:30,60080.35,60201.52,60054.18,60103.39,-147,SHORT,60080.35,60021.01,TRUE,TRUE
07/01/2026,07/01/2026 11:45:00,11,11:45,59969.44,60021.02,59972.42,60021.01,+52,LONG,60021.01,59856.97,FALSE,TRUE
07/01/2026,07/01/2026 12:00:00,12,12:00,59822.19,59864.98,59826.67,59873.73,+52,LONG,59856.97,59835.56,FALSE,FALSE
07/01/2026,07/01/2026 12:15:00,12,12:15,59796.17,59845.9,59834.43,59894.64,+98,LONG,59835.56,60082.32,TRUE,TRUE
07/01/2026,07/01/2026 12:30:00,12,12:30,60061.11,60096.78,60050.64,60125.72,+65,LONG,60082.32,60092.29,TRUE,TRUE
07/01/2026,07/01/2026 12:45:00,12,12:45,60081.5,60144.58,60087.56,60129.19,-57,SHORT,60092.29,60129.4,FALSE,TRUE
07/01/2026,07/01/2026 13:00:00,13,13:00,60106.62,60159.48,60102.47,60142.99,-57,SHORT,60129.4,60018.44,TRUE,TRUE
07/01/2026,07/01/2026 13:15:00,13,13:15,59974.07,60021.0,59979.65,60013.31,-41,SHORT,60018.44,60082.74,FALSE,FALSE
07/01/2026,07/01/2026 13:30:00,13,13:30,60062.64,60093.28,60011.01,60111.54,-82,SHORT,60082.74,60157.31,FALSE,FALSE
07/01/2026,07/01/2026 13:45:00,13,13:45,60118.74,60157.31,60125.72,60163.62,+45,LONG,60157.31,60104.77,FALSE,TRUE
07/01/2026,07/01/2026 14:00:00,14,14:00,60076.65,60116.42,60095.34,60142.67,+66,LONG,60104.77,60218.29,TRUE,TRUE
07/01/2026,07/01/2026 14:15:00,14,14:15,60199.99,60223.61,60200.44,60289.64,+90,LONG,60218.29,60095.13,FALSE,FALSE
07/01/2026,07/01/2026 14:30:00,14,14:30,60087.33,60115.21,60095.13,60146.67,+59,LONG,60095.13,60149.34,TRUE,TRUE
07/01/2026,07/01/2026 14:45:00,14,14:45,60087.33,60158.66,60076.86,60149.35,-82,SHORT,60149.34,59971.68,TRUE,FALSE
07/01/2026,07/01/2026 15:00:00,15,15:00,59928.07,59991.02,59883.57,60002.47,-107,SHORT,59971.68,59932.0,TRUE,TRUE
07/01/2026,07/01/2026 15:15:00,15,15:15,59868.66,59961.7,59879.93,59958.19,+90,LONG,59932.0,59910.95,FALSE,TRUE
07/01/2026,07/01/2026 15:30:00,15,15:30,59894.01,59940.56,59895.38,59979.38,+85,LONG,59910.95,59980.01,TRUE,TRUE
07/01/2026,07/01/2026 15:45:00,15,15:45,59950.69,59981.49,59980.0,59996.62,+46,LONG,59980.01,60069.75,TRUE,TRUE
07/01/2026,07/01/2026 16:00:00,16,16:00,60056.42,60069.97,60065.74,60085.79,+29,LONG,60069.75,60368.81,TRUE,TRUE
07/01/2026,07/01/2026 16:15:00,16,16:15,60290.13,60398.74,60257.85,60377.83,-141,SHORT,60368.81,60460.41,FALSE,TRUE
07/01/2026,07/01/2026 16:30:00,16,16:30,60430.28,60539.47,60460.41,60575.92,+146,LONG,60460.41,60746.33,TRUE,FALSE
07/01/2026,07/01/2026 16:45:00,16,16:45,60733.29,60795.44,60682.96,60762.92,-112,SHORT,60746.33,60752.33,FALSE,TRUE
07/01/2026,07/01/2026 17:00:00,17,17:00,60740.29,60757.23,60744.66,60769.38,+29,LONG,60752.33,60742.79,FALSE,TRUE
07/01/2026,07/01/2026 17:15:00,17,17:15,60741.23,60762.52,60728.53,60754.0,-34,SHORT,60742.79,60496.0,TRUE,FALSE
07/01/2026,07/01/2026 17:30:00,17,17:30,60488.94,60698.07,60457.27,60610.78,-241,SHORT,60496.0,60421.35,TRUE,TRUE
07/01/2026,07/01/2026 17:45:00,17,17:45,60404.01,60494.67,60349.08,60422.12,-146,SHORT,60421.35,60408.41,TRUE,TRUE
07/01/2026,07/01/2026 18:00:00,18,18:00,60380.0,60439.8,60262.01,60408.41,-178,SHORT,60408.41,60179.07,TRUE,TRUE
07/01/2026,07/01/2026 18:15:00,18,18:15,60163.64,60208.53,60172.0,60223.44,+60,LONG,60179.07,60142.91,FALSE,TRUE
07/01/2026,07/01/2026 18:30:00,18,18:30,60132.03,60162.0,60142.91,60192.78,+61,LONG,60142.91,60087.64,FALSE,FALSE
07/01/2026,07/01/2026 18:45:00,18,18:45,60080.35,60134.53,59989.61,60100.02,-145,SHORT,60087.64,59961.45,TRUE,FALSE
07/01/2026,07/01/2026 19:00:00,19,19:00,59950.0,60010.55,59867.46,59966.31,-143,SHORT,59961.45,59879.94,TRUE,TRUE
07/01/2026,07/01/2026 19:15:00,19,19:15,59879.94,59926.43,59862.01,59902.35,-64,SHORT,59879.94,59714.31,TRUE,TRUE
07/01/2026,07/01/2026 19:30:00,19,19:30,59706.11,59731.35,59633.64,59729.56,-98,SHORT,59714.31,59559.56,TRUE,TRUE
07/01/2026,07/01/2026 19:45:00,19,19:45,59520.02,59559.99,59559.57,59624.25,+104,LONG,59559.56,59689.46,TRUE,FALSE
07/01/2026,07/01/2026 20:00:00,20,20:00,59630.14,59689.46,59654.03,59701.35,+71,LONG,59689.46,59856.01,TRUE,TRUE
07/01/2026,07/01/2026 20:15:00,20,20:15,59794.51,59872.43,59833.1,59884.9,+90,LONG,59856.01,59949.97,TRUE,TRUE
07/01/2026,07/01/2026 20:30:00,20,20:30,59876.04,59950.0,59949.97,60100.39,+224,LONG,59949.97,60130.6,TRUE,TRUE
07/01/2026,07/01/2026 20:45:00,20,20:45,60103.42,60141.13,60111.82,60216.46,+113,LONG,60130.6,60112.25,FALSE,FALSE
07/01/2026,07/01/2026 21:00:00,21,21:00,60056.0,60113.99,60050.01,60112.25,-64,SHORT,60112.25,60073.55,TRUE,FALSE
07/01/2026,07/01/2026 21:15:00,21,21:15,60027.8,60076.86,60073.54,60196.97,+169,LONG,60073.55,60134.94,TRUE,FALSE
07/01/2026,07/01/2026 21:30:00,21,21:30,60101.29,60136.0,60110.42,60183.71,+82,LONG,60134.94,60335.11,TRUE,TRUE
07/01/2026,07/01/2026 21:45:00,21,21:45,60307.19,60335.12,60331.14,60372.71,+66,LONG,60335.11,60353.88,TRUE,TRUE
07/01/2026,07/01/2026 22:00:00,22,22:00,60349.08,60400.06,60351.23,60380.5,-49,SHORT,60353.88,60412.11,FALSE,TRUE
07/01/2026,07/01/2026 22:15:00,22,22:15,60367.34,60415.71,60350.01,60435.42,+68,LONG,60412.11,60481.14,TRUE,FALSE
07/01/2026,07/01/2026 22:30:00,22,22:30,60471.43,60652.32,60411.9,60494.12,-240,SHORT,60481.14,60735.0,FALSE,TRUE
07/01/2026,07/01/2026 22:45:00,22,22:45,60694.35,60736.0,60680.63,60735.0,-55,SHORT,60735.0,60985.77,FALSE,FALSE
07/01/2026,07/01/2026 23:00:00,23,23:00,60928.42,60992.35,60850.0,60984.01,-142,SHORT,60985.77,60868.0,TRUE,TRUE
07/01/2026,07/01/2026 23:15:00,23,23:15,60857.81,60900.0,60814.33,60868.01,-86,SHORT,60868.0,60784.93,TRUE,TRUE
07/01/2026,07/01/2026 23:30:00,23,23:30,60716.47,60793.98,60698.09,60784.92,-96,SHORT,60784.93,60699.6,TRUE,TRUE
07/01/2026,07/01/2026 23:45:00,23,23:45,60653.68,60705.07,60673.65,60706.83,+53,LONG,60699.6,60707.99,TRUE,FALSE
07/02/2026,07/02/2026 00:00:00,0,00:00,60706.02,60746.94,60607.34,60716.85,-140,SHORT,60707.99,60780.0,FALSE,TRUE
07/02/2026,07/02/2026 00:15:00,0,00:15,60741.93,60785.43,60714.04,60780.0,-71,SHORT,60780.0,60669.27,TRUE,TRUE
07/02/2026,07/02/2026 00:30:00,0,00:30,60660.0,60673.66,60660.02,60692.0,+32,LONG,60669.27,60536.0,FALSE,TRUE
07/02/2026,07/02/2026 00:45:00,0,00:45,60525.67,60599.53,60514.5,60575.92,-85,SHORT,60536.0,60433.52,TRUE,FALSE
07/02/2026,07/02/2026 01:00:00,1,01:00,60424.82,60457.99,60405.4,60445.0,-53,SHORT,60433.52,60324.66,TRUE,TRUE
07/02/2026,07/02/2026 01:15:00,1,01:15,60324.66,60346.99,60319.29,60360.58,+36,LONG,60324.66,60395.01,TRUE,FALSE
07/02/2026,07/02/2026 01:30:00,1,01:30,60390.96,60416.51,60395.0,60475.31,+84,LONG,60395.01,60457.99,TRUE,TRUE
07/02/2026,07/02/2026 01:45:00,1,01:45,60457.27,60482.98,60340.95,60462.75,-142,SHORT,60457.99,60188.22,TRUE,FALSE
07/02/2026,07/02/2026 02:00:00,2,02:00,60188.22,60235.52,60172.01,60204.01,-64,SHORT,60188.22,60150.15,TRUE,TRUE
07/02/2026,07/02/2026 02:15:00,2,02:15,60126.92,60160.61,60123.05,60179.79,+53,LONG,60150.15,60080.35,FALSE,TRUE
07/02/2026,07/02/2026 02:30:00,2,02:30,60080.35,60120.24,60035.0,60088.83,-85,SHORT,60080.35,60051.13,TRUE,FALSE
07/02/2026,07/02/2026 02:45:00,2,02:45,60051.13,60090.81,60028.0,60071.85,-63,SHORT,60051.13,60058.91,FALSE,FALSE
07/02/2026,07/02/2026 03:00:00,3,03:00,60026.5,60058.92,60043.95,60111.22,+85,LONG,60058.91,60230.41,TRUE,FALSE
07/02/2026,07/02/2026 03:15:00,3,03:15,60202.5,60233.89,60230.43,60278.97,+76,LONG,60230.41,60277.98,TRUE,TRUE
07/02/2026,07/02/2026 03:30:00,3,03:30,60275.47,60322.3,60252.59,60300.93,-70,SHORT,60277.98,60364.08,FALSE,TRUE
07/02/2026,07/02/2026 03:45:00,3,03:45,60329.94,60366.95,60329.94,60423.44,+94,LONG,60364.08,60434.13,TRUE,FALSE
07/02/2026,07/02/2026 04:00:00,4,04:00,60420.55,60438.35,60358.76,60434.13,-80,SHORT,60434.13,60392.53,TRUE,FALSE
07/02/2026,07/02/2026 04:15:00,4,04:15,60378.0,60430.46,60348.64,60397.26,-82,SHORT,60392.53,60525.15,FALSE,FALSE
07/02/2026,07/02/2026 04:30:00,4,04:30,60516.94,60553.55,60522.04,60734.0,+217,LONG,60525.15,60999.4,TRUE,FALSE
07/02/2026,07/02/2026 04:45:00,4,04:45,60848.01,61081.99,60780.96,60999.4,-301,SHORT,60999.4,61092.9,FALSE,TRUE
07/02/2026,07/02/2026 05:00:00,5,05:00,61072.59,61176.99,61018.11,61099.9,-159,SHORT,61092.9,61145.4,FALSE,FALSE
07/02/2026,07/02/2026 05:15:00,5,05:15,61064.83,61150.76,61020.47,61205.09,+140,LONG,61145.4,61135.85,FALSE,TRUE
07/02/2026,07/02/2026 05:30:00,5,05:30,61080.01,61146.02,61135.85,61195.92,+116,LONG,61135.85,61128.23,FALSE,FALSE
07/02/2026,07/02/2026 05:45:00,5,05:45,61117.56,61248.01,61072.67,61178.91,-175,SHORT,61128.23,61185.64,FALSE,TRUE
07/02/2026,07/02/2026 06:00:00,6,06:00,61178.92,61198.38,61163.97,61197.62,-34,SHORT,61185.64,61202.88,FALSE,FALSE
07/02/2026,07/02/2026 06:15:00,6,06:15,61197.47,61238.76,61198.66,61210.37,-40,SHORT,61202.88,61218.79,FALSE,FALSE
07/02/2026,07/02/2026 06:30:00,6,06:30,61203.57,61261.2,61190.73,61268.68,-70,SHORT,61218.79,61223.81,FALSE,FALSE
07/02/2026,07/02/2026 06:45:00,6,06:45,61203.85,61257.46,61194.34,61243.5,-63,SHORT,61223.81,61283.64,FALSE,FALSE
07/02/2026,07/02/2026 07:00:00,7,07:00,61197.62,61311.11,61210.14,61279.9,-101,SHORT,61283.64,61285.17,FALSE,FALSE
07/02/2026,07/02/2026 07:15:00,7,07:15,61237.23,61294.49,61236.06,61353.09,+116,LONG,61285.17,61264.07,FALSE,TRUE
07/02/2026,07/02/2026 07:30:00,7,07:30,61137.78,61290.83,61233.16,61518.71,+381,LONG,61264.07,61308.75,TRUE,TRUE
07/02/2026,07/02/2026 07:45:00,7,07:45,61267.84,61339.0,61292.76,61357.68,+90,LONG,61308.75,61470.47,TRUE,TRUE
07/02/2026,07/02/2026 08:00:00,8,08:00,61451.49,61518.33,61436.35,61513.43,-82,SHORT,61470.47,61614.07,FALSE,TRUE
07/02/2026,07/02/2026 08:15:00,8,08:15,61601.23,61672.93,61608.44,61705.12,+104,LONG,61614.07,61613.89,FALSE,TRUE
07/02/2026,07/02/2026 08:30:00,8,08:30,61579.35,61807.29,61454.02,61826.47,-353,SHORT,61613.89,61899.24,FALSE,TRUE
07/02/2026,07/02/2026 08:45:00,8,08:45,61813.27,61969.55,61775.3,61898.01,-194,SHORT,61899.24,61877.29,TRUE,TRUE
07/02/2026,07/02/2026 09:00:00,9,09:00,61790.63,61911.68,61819.98,62041.09,+250,LONG,61877.29,62023.6,TRUE,FALSE
07/02/2026,07/02/2026 09:15:00,9,09:15,61998.0,62146.65,61918.35,62147.89,-228,SHORT,62023.6,61604.46,TRUE,FALSE
07/02/2026,07/02/2026 09:30:00,9,09:30,61512.94,61647.15,61552.23,61721.58,+209,LONG,61604.46,61360.42,FALSE,TRUE
07/02/2026,07/02/2026 09:45:00,9,09:45,61348.83,61415.01,61355.46,61456.3,+107,LONG,61360.42,61634.27,TRUE,TRUE
07/02/2026,07/02/2026 10:00:00,10,10:00,61515.17,61640.07,61599.69,61673.29,+158,LONG,61634.27,61522.48,FALSE,FALSE
07/02/2026,07/02/2026 10:15:00,10,10:15,61505.28,61550.27,61467.72,61593.0,+88,LONG,61522.48,61648.57,TRUE,TRUE
07/02/2026,07/02/2026 10:30:00,10,10:30,61626.28,61784.0,61628.9,61708.01,-155,SHORT,61648.57,61663.49,FALSE,TRUE
07/02/2026,07/02/2026 10:45:00,10,10:45,61634.06,61689.75,61612.28,61684.44,-77,SHORT,61663.49,61543.76,TRUE,TRUE
07/02/2026,07/02/2026 11:00:00,11,11:00,61518.61,61568.87,61522.71,61595.39,+77,LONG,61543.76,61633.12,TRUE,FALSE
07/02/2026,07/02/2026 11:15:00,11,11:15,61628.03,61687.3,61436.13,61633.13,-251,SHORT,61633.12,61132.87,TRUE,FALSE
07/02/2026,07/02/2026 11:30:00,11,11:30,61074.21,61158.99,61135.25,61265.57,+191,LONG,61132.87,61373.57,TRUE,FALSE
07/02/2026,07/02/2026 11:45:00,11,11:45,61325.13,61391.28,61372.56,61474.11,+149,LONG,61373.57,61621.98,TRUE,TRUE
07/02/2026,07/02/2026 12:00:00,12,12:00,61551.75,61633.58,61583.24,61630.2,+78,LONG,61621.98,61728.56,TRUE,TRUE
07/02/2026,07/02/2026 12:15:00,12,12:15,61630.51,61733.75,61689.69,61755.0,+124,LONG,61728.56,61811.94,TRUE,TRUE
07/02/2026,07/02/2026 12:30:00,12,12:30,61796.77,61840.09,61739.89,61811.96,-100,SHORT,61811.94,61721.4,TRUE,FALSE
07/02/2026,07/02/2026 12:45:00,12,12:45,61711.56,61738.68,61647.15,61751.36,-92,SHORT,61721.4,61604.61,TRUE,TRUE
07/02/2026,07/02/2026 13:00:00,13,13:00,61592.91,61623.44,61600.89,61657.32,+64,LONG,61604.61,61767.11,TRUE,FALSE
07/02/2026,07/02/2026 13:15:00,13,13:15,61747.68,61800.0,61698.71,61767.12,-101,SHORT,61767.11,61799.59,FALSE,TRUE
07/02/2026,07/02/2026 13:30:00,13,13:30,61743.54,61813.39,61765.77,61800.34,+57,LONG,61799.59,61707.64,FALSE,TRUE
07/02/2026,07/02/2026 13:45:00,13,13:45,61707.62,61738.67,61687.83,61707.64,-51,SHORT,61707.64,61699.16,TRUE,FALSE
07/02/2026,07/02/2026 14:00:00,14,14:00,61662.94,61702.0,61630.52,61700.71,-71,SHORT,61699.16,61599.0,TRUE,TRUE
07/02/2026,07/02/2026 14:15:00,14,14:15,61567.63,61607.7,61511.86,61599.01,-96,SHORT,61599.0,61546.73,TRUE,TRUE
07/02/2026,07/02/2026 14:30:00,14,14:30,61502.89,61558.71,61514.94,61586.65,+84,LONG,61546.73,61515.44,FALSE,TRUE
07/02/2026,07/02/2026 14:45:00,14,14:45,61505.82,61526.54,61504.77,61539.9,+34,LONG,61515.44,61424.29,FALSE,FALSE
07/02/2026,07/02/2026 15:00:00,15,15:00,61369.55,61525.8,61343.11,61479.31,-183,SHORT,61424.29,61368.03,TRUE,FALSE
07/02/2026,07/02/2026 15:15:00,15,15:15,61364.25,61383.99,61368.02,61452.29,+88,LONG,61368.03,61329.98,FALSE,TRUE
07/02/2026,07/02/2026 15:30:00,15,15:30,61329.01,61337.99,61314.92,61339.13,-23,SHORT,61329.98,61295.44,TRUE,FALSE
07/02/2026,07/02/2026 15:45:00,15,15:45,61286.57,61324.77,61295.44,61326.0,+39,LONG,61295.44,61509.01,TRUE,FALSE
07/02/2026,07/02/2026 16:00:00,16,16:00,61500.0,61525.71,61490.15,61586.12,+86,LONG,61509.01,61451.53,FALSE,FALSE
07/02/2026,07/02/2026 16:15:00,16,16:15,61449.45,61481.03,61450.66,61476.17,-30,SHORT,61451.53,61464.77,FALSE,TRUE
07/02/2026,07/02/2026 16:30:00,16,16:30,61463.65,61465.49,61449.47,61465.49,-16,SHORT,61464.77,61450.73,TRUE,TRUE
07/02/2026,07/02/2026 16:45:00,16,16:45,61442.23,61459.0,61445.53,61450.74,-13,SHORT,61450.73,61517.07,FALSE,FALSE
07/02/2026,07/02/2026 17:00:00,17,17:00,61491.21,61521.88,61458.0,61517.08,-64,SHORT,61517.07,61457.3,TRUE,TRUE
07/02/2026,07/02/2026 17:15:00,17,17:15,61444.96,61457.31,61450.28,61460.1,+15,LONG,61457.3,61446.12,FALSE,TRUE
07/02/2026,07/02/2026 17:30:00,17,17:30,61446.12,61456.94,61435.43,61446.13,-22,SHORT,61446.12,61451.2,FALSE,TRUE
07/02/2026,07/02/2026 17:45:00,17,17:45,61447.99,61451.54,61435.9,61451.2,-16,SHORT,61451.2,61397.76,TRUE,TRUE
07/02/2026,07/02/2026 18:00:00,18,18:00,61397.76,61453.99,61320.73,61397.77,-133,SHORT,61397.76,61278.83,TRUE,TRUE
07/02/2026,07/02/2026 18:15:00,18,18:15,61275.33,61280.35,61276.38,61331.09,+56,LONG,61278.83,61425.68,TRUE,FALSE
07/02/2026,07/02/2026 18:30:00,18,18:30,61425.67,61440.61,61422.59,61450.53,+25,LONG,61425.68,61397.42,FALSE,FALSE
07/02/2026,07/02/2026 18:45:00,18,18:45,61378.84,61413.24,61392.23,61454.69,+76,LONG,61397.42,61484.02,TRUE,TRUE
07/02/2026,07/02/2026 19:00:00,19,19:00,61472.94,61487.83,61394.98,61502.92,-93,SHORT,61484.02,61341.6,TRUE,FALSE
07/02/2026,07/02/2026 19:15:00,19,19:15,61311.54,61383.61,61308.8,61372.0,-75,SHORT,61341.6,61220.25,TRUE,TRUE
07/02/2026,07/02/2026 19:30:00,19,19:30,61217.97,61269.15,61179.0,61240.35,-90,SHORT,61220.25,61257.08,FALSE,FALSE
07/02/2026,07/02/2026 19:45:00,19,19:45,61225.26,61257.08,61226.6,61281.03,+56,LONG,61257.08,61221.06,FALSE,TRUE
07/02/2026,07/02/2026 20:00:00,20,20:00,61213.23,61238.0,61200.32,61242.65,-38,SHORT,61221.06,61548.85,FALSE,TRUE
07/02/2026,07/02/2026 20:15:00,20,20:15,61453.91,61634.99,61423.46,61575.0,-212,SHORT,61548.85,61481.04,TRUE,TRUE
07/02/2026,07/02/2026 20:30:00,20,20:30,61475.99,61522.2,61436.97,61504.76,-85,SHORT,61481.04,61583.92,FALSE,FALSE
07/02/2026,07/02/2026 20:45:00,20,20:45,61580.3,61647.75,61535.28,61589.33,-112,SHORT,61583.92,61511.47,TRUE,TRUE
07/02/2026,07/02/2026 21:00:00,21,21:00,61501.39,61550.68,61504.81,61533.43,-46,SHORT,61511.47,61445.24,TRUE,TRUE
07/02/2026,07/02/2026 21:15:00,21,21:15,61440.36,61457.31,61430.56,61448.82,-27,SHORT,61445.24,61317.3,TRUE,TRUE
07/02/2026,07/02/2026 21:30:00,21,21:30,61317.3,61397.85,61214.61,61326.65,-183,SHORT,61317.3,61284.24,TRUE,TRUE
07/02/2026,07/02/2026 21:45:00,21,21:45,61236.95,61284.24,61247.47,61284.25,+47,LONG,61284.24,61353.03,TRUE,FALSE
07/02/2026,07/02/2026 22:00:00,22,22:00,61341.3,61383.37,61291.68,61353.03,-92,SHORT,61353.03,61249.11,TRUE,FALSE
07/02/2026,07/02/2026 22:15:00,22,22:15,61240.0,61277.64,61249.11,61325.09,+85,LONG,61249.11,61460.0,TRUE,FALSE
07/02/2026,07/02/2026 22:30:00,22,22:30,61455.41,61472.41,61445.34,61464.09,-27,SHORT,61460.0,61312.04,TRUE,FALSE
07/02/2026,07/02/2026 22:45:00,22,22:45,61312.03,61338.65,61301.38,61330.79,-37,SHORT,61312.04,61350.93,FALSE,FALSE
07/02/2026,07/02/2026 23:00:00,23,23:00,61332.54,61374.89,61350.93,61390.41,+58,LONG,61350.93,61349.99,FALSE,TRUE
07/02/2026,07/02/2026 23:15:00,23,23:15,61334.95,61350.0,61264.08,61349.99,-86,SHORT,61349.99,61360.19,FALSE,TRUE
07/02/2026,07/02/2026 23:30:00,23,23:30,61332.91,61360.2,61339.75,61369.79,+37,LONG,61360.19,61426.03,TRUE,FALSE
07/02/2026,07/02/2026 23:45:00,23,23:45,61393.29,61448.07,61345.77,61433.58,-102,SHORT,61426.03,61366.03,TRUE,FALSE
07/03/2026,07/03/2026 00:00:00,0,00:00,61365.21,61430.0,61351.38,61400.0,-79,SHORT,61366.03,61460.68,FALSE,FALSE
07/03/2026,07/03/2026 00:15:00,0,00:15,61451.49,61463.23,61433.59,61474.19,-30,SHORT,61460.68,61552.54,FALSE,FALSE
07/03/2026,07/03/2026 00:30:00,0,00:30,61552.54,61587.36,61542.06,61586.13,-45,SHORT,61552.54,61621.15,FALSE,FALSE
07/03/2026,07/03/2026 00:45:00,0,00:45,61579.36,61624.21,61572.57,61621.15,-52,SHORT,61621.15,61623.29,FALSE,FALSE
07/03/2026,07/03/2026 01:00:00,1,01:00,61621.72,61630.02,61613.25,61630.0,-17,SHORT,61623.29,61650.35,FALSE,FALSE
07/03/2026,07/03/2026 01:15:00,1,01:15,61646.28,61733.05,61650.35,61682.21,-83,SHORT,61650.35,61641.62,TRUE,TRUE
07/03/2026,07/03/2026 01:30:00,1,01:30,61636.98,61644.39,61641.62,61710.41,+73,LONG,61641.62,61572.45,FALSE,TRUE
07/03/2026,07/03/2026 01:45:00,1,01:45,61562.04,61588.42,61571.29,61618.49,+56,LONG,61572.45,61631.13,TRUE,TRUE
07/03/2026,07/03/2026 02:00:00,2,02:00,61631.13,61658.0,61618.01,61650.48,-40,SHORT,61631.13,61622.03,TRUE,FALSE
07/03/2026,07/03/2026 02:15:00,2,02:15,61611.47,61632.02,61622.04,61656.02,+45,LONG,61622.03,61685.15,TRUE,FALSE
07/03/2026,07/03/2026 02:30:00,2,02:30,61648.02,61694.12,61672.38,61741.96,+94,LONG,61685.15,61743.21,TRUE,TRUE
07/03/2026,07/03/2026 02:45:00,2,02:45,61726.28,61750.91,61732.44,61755.56,+29,LONG,61743.21,61679.99,FALSE,FALSE
07/03/2026,07/03/2026 03:00:00,3,03:00,61676.23,61691.97,61667.76,61726.28,+50,LONG,61679.99,61672.73,FALSE,FALSE
07/03/2026,07/03/2026 03:15:00,3,03:15,61666.0,61689.32,61672.73,61722.81,+57,LONG,61672.73,61704.78,TRUE,TRUE
07/03/2026,07/03/2026 03:30:00,3,03:30,61700.36,61725.51,61652.36,61704.78,-73,SHORT,61704.78,61796.82,FALSE,TRUE
07/03/2026,07/03/2026 03:45:00,3,03:45,61720.11,61838.61,61741.8,61796.84,-97,SHORT,61796.82,61507.04,TRUE,TRUE
07/03/2026,07/03/2026 04:00:00,4,04:00,61476.98,61532.24,61440.7,61529.16,-92,SHORT,61507.04,61626.28,FALSE,FALSE
07/03/2026,07/03/2026 04:15:00,4,04:15,61559.96,61632.49,61601.56,61661.59,+102,LONG,61626.28,61612.36,FALSE,TRUE
07/03/2026,07/03/2026 04:30:00,4,04:30,61572.29,61614.41,61575.36,61612.36,+40,LONG,61612.36,61587.51,FALSE,FALSE
07/03/2026,07/03/2026 04:45:00,4,04:45,61546.6,61587.61,61587.51,61661.6,+115,LONG,61587.51,61640.05,TRUE,TRUE
07/03/2026,07/03/2026 05:00:00,5,05:00,61640.05,61659.38,61618.48,61694.71,+55,LONG,61640.05,61656.99,TRUE,TRUE
07/03/2026,07/03/2026 05:15:00,5,05:15,61638.5,61687.47,61601.03,61661.59,-86,SHORT,61656.99,61673.92,FALSE,TRUE
07/03/2026,07/03/2026 05:30:00,5,05:30,61658.0,61686.84,61654.28,61673.91,-33,SHORT,61673.92,61944.95,FALSE,FALSE
07/03/2026,07/03/2026 05:45:00,5,05:45,61744.76,61970.59,61815.6,61954.19,+209,LONG,61944.95,61844.03,FALSE,TRUE
07/03/2026,07/03/2026 06:00:00,6,06:00,61838.0,61871.03,61766.33,61848.46,-105,SHORT,61844.03,61945.74,FALSE,TRUE
07/03/2026,07/03/2026 06:15:00,6,06:15,61904.92,61958.64,61920.81,61988.1,+83,LONG,61945.74,61909.54,FALSE,TRUE
07/03/2026,07/03/2026 06:30:00,6,06:30,61881.56,61932.34,61874.02,61919.81,-58,SHORT,61909.54,61816.3,TRUE,FALSE
07/03/2026,07/03/2026 06:45:00,6,06:45,61802.93,61820.0,61816.29,61866.66,+64,LONG,61816.3,61943.92,TRUE,FALSE
07/03/2026,07/03/2026 07:00:00,7,07:00,61929.52,61970.77,61929.56,62074.32,+145,LONG,61943.92,62077.39,TRUE,TRUE
07/03/2026,07/03/2026 07:15:00,7,07:15,62012.73,62087.73,61972.68,62111.28,-115,SHORT,62077.39,61886.33,TRUE,FALSE
07/03/2026,07/03/2026 07:30:00,7,07:30,61835.36,61886.34,61847.93,61886.34,+51,LONG,61886.33,61853.73,FALSE,TRUE
07/03/2026,07/03/2026 07:45:00,7,07:45,61838.51,61884.46,61853.72,61897.23,+59,LONG,61853.73,61905.97,TRUE,TRUE
07/03/2026,07/03/2026 08:00:00,8,08:00,61878.97,61910.92,61890.76,61966.54,+88,LONG,61905.97,61984.65,TRUE,TRUE
07/03/2026,07/03/2026 08:15:00,8,08:15,61970.0,61997.53,61983.03,62014.5,+44,LONG,61984.65,62029.55,TRUE,TRUE
07/03/2026,07/03/2026 08:30:00,8,08:30,62012.72,62058.69,61975.76,62037.1,-83,SHORT,62029.55,62085.1,FALSE,TRUE
07/03/2026,07/03/2026 08:45:00,8,08:45,62058.0,62117.75,62046.63,62095.43,-71,SHORT,62085.1,62051.15,TRUE,TRUE
07/03/2026,07/03/2026 09:00:00,9,09:00,62028.12,62076.35,61862.03,62051.15,-214,SHORT,62051.15,61700.0,TRUE,TRUE
07/03/2026,07/03/2026 09:15:00,9,09:15,61620.03,61831.01,61658.52,61781.71,-172,SHORT,61700.0,61864.26,FALSE,FALSE
07/03/2026,07/03/2026 09:30:00,9,09:30,61789.43,61864.27,61818.68,61886.43,+97,LONG,61864.26,61991.15,TRUE,FALSE
07/03/2026,07/03/2026 09:45:00,9,09:45,61942.41,61991.15,61978.84,62044.1,+102,LONG,61991.15,62101.61,TRUE,TRUE
07/03/2026,07/03/2026 10:00:00,10,10:00,62098.96,62149.36,62093.4,62164.0,+65,LONG,62101.61,62129.33,TRUE,TRUE
07/03/2026,07/03/2026 10:15:00,10,10:15,62115.35,62224.29,61988.09,62161.3,-236,SHORT,62129.33,61945.03,TRUE,FALSE
07/03/2026,07/03/2026 10:30:00,10,10:30,61935.72,61956.0,61926.48,62035.99,+100,LONG,61945.03,61779.75,FALSE,TRUE
07/03/2026,07/03/2026 10:45:00,10,10:45,61731.8,61827.56,61777.27,61850.0,+118,LONG,61779.75,61864.26,TRUE,TRUE
07/03/2026,07/03/2026 11:00:00,11,11:00,61844.61,61871.03,61858.72,61901.46,+57,LONG,61864.26,61873.41,TRUE,TRUE
07/03/2026,07/03/2026 11:15:00,11,11:15,61838.1,61912.0,61873.41,61924.43,+86,LONG,61873.41,62014.68,TRUE,TRUE
07/03/2026,07/03/2026 11:30:00,11,11:30,62000.0,62022.0,61975.76,62074.31,+74,LONG,62014.68,61990.0,FALSE,FALSE
07/03/2026,07/03/2026 11:45:00,11,11:45,61990.0,62015.79,61963.44,62002.0,-52,SHORT,61990.0,62045.31,FALSE,TRUE
07/03/2026,07/03/2026 12:00:00,12,12:00,62031.2,62056.53,62009.64,62111.12,+80,LONG,62045.31,62135.3,TRUE,FALSE
07/03/2026,07/03/2026 12:15:00,12,12:15,62135.29,62180.93,62135.29,62160.54,-46,SHORT,62135.3,62129.82,TRUE,FALSE
07/03/2026,07/03/2026 12:30:00,12,12:30,62129.82,62139.0,62106.0,62136.97,-33,SHORT,62129.82,62168.24,FALSE,FALSE
07/03/2026,07/03/2026 12:45:00,12,12:45,62163.98,62190.55,62168.23,62189.59,+26,LONG,62168.24,62139.9,FALSE,TRUE
07/03/2026,07/03/2026 13:00:00,13,13:00,62111.43,62145.17,62114.37,62148.24,+37,LONG,62139.9,62109.0,FALSE,FALSE
07/03/2026,07/03/2026 13:15:00,13,13:15,62101.09,62109.01,62083.99,62148.01,+47,LONG,62109.0,62125.46,TRUE,TRUE
07/03/2026,07/03/2026 13:30:00,13,13:30,62100.59,62125.9,62117.69,62146.86,+46,LONG,62125.46,62169.01,TRUE,TRUE
07/03/2026,07/03/2026 13:45:00,13,13:45,62154.4,62169.57,62152.27,62174.09,+20,LONG,62169.01,62149.99,FALSE,FALSE
07/03/2026,07/03/2026 14:00:00,14,14:00,62142.08,62184.01,62146.0,62155.11,-38,SHORT,62149.99,62127.28,TRUE,FALSE
07/03/2026,07/03/2026 14:15:00,14,14:15,62121.21,62162.54,62129.6,62243.16,+122,LONG,62127.28,62170.79,TRUE,FALSE
07/03/2026,07/03/2026 14:30:00,14,14:30,62163.64,62178.69,62098.52,62175.0,-80,SHORT,62170.79,62171.81,FALSE,TRUE
07/03/2026,07/03/2026 14:45:00,14,14:45,62165.62,62209.84,62143.9,62172.82,-66,SHORT,62171.81,62153.87,TRUE,TRUE
07/03/2026,07/03/2026 15:00:00,15,15:00,62135.92,62179.48,62135.0,62176.5,-44,SHORT,62153.87,62375.13,FALSE,FALSE
07/03/2026,07/03/2026 15:15:00,15,15:15,62317.13,62387.94,62330.24,62392.0,+75,LONG,62375.13,62556.16,TRUE,FALSE
07/03/2026,07/03/2026 15:30:00,15,15:30,62539.4,62577.91,62538.52,62570.0,-39,SHORT,62556.16,62645.94,FALSE,TRUE
07/03/2026,07/03/2026 15:45:00,15,15:45,62628.72,62670.77,62616.4,62758.09,+129,LONG,62645.94,62715.23,TRUE,FALSE
07/03/2026,07/03/2026 16:00:00,16,16:00,62649.4,62729.79,62691.46,62768.22,+119,LONG,62715.23,62690.32,FALSE,FALSE
07/03/2026,07/03/2026 16:15:00,16,16:15,62674.6,62899.99,62627.72,62732.49,-272,SHORT,62690.32,62564.03,TRUE,FALSE
07/03/2026,07/03/2026 16:30:00,16,16:30,62538.05,62587.23,62523.88,62568.0,-63,SHORT,62564.03,62543.47,TRUE,TRUE
07/03/2026,07/03/2026 16:45:00,16,16:45,62499.32,62565.92,62543.47,62603.5,+104,LONG,62543.47,62669.4,TRUE,FALSE
07/03/2026,07/03/2026 17:00:00,17,17:00,62668.38,62701.04,62641.99,62685.48,-59,SHORT,62669.4,62568.12,TRUE,FALSE
07/03/2026,07/03/2026 17:15:00,17,17:15,62545.2,62569.62,62558.95,62576.36,+31,LONG,62568.12,62568.67,TRUE,FALSE
07/03/2026,07/03/2026 17:30:00,17,17:30,62565.69,62586.18,62481.32,62572.0,-105,SHORT,62568.67,62556.37,TRUE,FALSE
07/03/2026,07/03/2026 17:45:00,17,17:45,62517.85,62556.37,62556.36,62607.01,+89,LONG,62556.37,62512.79,FALSE,TRUE
07/03/2026,07/03/2026 18:00:00,18,18:00,62508.61,62535.1,62506.0,62520.0,-29,SHORT,62512.79,62499.36,TRUE,FALSE
07/03/2026,07/03/2026 18:15:00,18,18:15,62499.36,62512.32,62492.06,62581.94,+83,LONG,62499.36,62563.36,TRUE,FALSE
07/03/2026,07/03/2026 18:30:00,18,18:30,62525.39,62563.37,62563.36,62612.24,+87,LONG,62563.36,62642.35,TRUE,TRUE
07/03/2026,07/03/2026 18:45:00,18,18:45,62607.16,62642.35,62591.76,62642.35,-51,SHORT,62642.35,62520.22,TRUE,FALSE
07/03/2026,07/03/2026 19:00:00,19,19:00,62511.07,62556.0,62520.22,62544.79,-36,SHORT,62520.22,62760.0,FALSE,FALSE
07/03/2026,07/03/2026 19:15:00,19,19:15,62748.84,62875.12,62756.0,62791.03,-119,SHORT,62760.0,62705.24,TRUE,TRUE
07/03/2026,07/03/2026 19:30:00,19,19:30,62688.0,62705.72,62698.92,62748.84,+61,LONG,62705.24,62655.74,FALSE,TRUE
07/03/2026,07/03/2026 19:45:00,19,19:45,62646.01,62680.17,62651.47,62675.93,+30,LONG,62655.74,62693.36,TRUE,TRUE
07/03/2026,07/03/2026 20:00:00,20,20:00,62690.0,62704.78,62628.17,62693.37,-77,SHORT,62693.36,62453.36,TRUE,FALSE
07/03/2026,07/03/2026 20:15:00,20,20:15,62437.76,62462.4,62428.0,62490.11,+52,LONG,62453.36,62429.98,FALSE,TRUE
07/03/2026,07/03/2026 20:30:00,20,20:30,62360.0,62429.99,62429.98,62480.88,+121,LONG,62429.98,62391.55,FALSE,FALSE
07/03/2026,07/03/2026 20:45:00,20,20:45,62374.17,62402.44,62362.82,62413.12,-40,SHORT,62391.55,62403.49,FALSE,TRUE
07/03/2026,07/03/2026 21:00:00,21,21:00,62397.49,62449.85,62403.49,62450.0,+53,LONG,62403.49,62458.59,TRUE,FALSE
07/03/2026,07/03/2026 21:15:00,21,21:15,62452.71,62501.57,62431.6,62464.0,-70,SHORT,62458.59,62436.73,TRUE,FALSE
07/03/2026,07/03/2026 21:30:00,21,21:30,62404.81,62444.75,62391.59,62440.84,-53,SHORT,62436.73,62437.75,FALSE,FALSE
07/03/2026,07/03/2026 21:45:00,21,21:45,62431.0,62437.76,62434.68,62462.4,+31,LONG,62437.75,62481.95,TRUE,FALSE
07/03/2026,07/03/2026 22:00:00,22,22:00,62470.04,62483.89,62478.35,62521.73,+52,LONG,62481.95,62499.89,TRUE,TRUE
07/03/2026,07/03/2026 22:15:00,22,22:15,62475.11,62510.58,62493.59,62525.34,+50,LONG,62499.89,62512.08,TRUE,TRUE
07/03/2026,07/03/2026 22:30:00,22,22:30,62487.16,62515.49,62459.32,62512.08,-56,SHORT,62512.08,62654.3,FALSE,TRUE
07/03/2026,07/03/2026 22:45:00,22,22:45,62635.45,62662.02,62623.33,62659.44,-39,SHORT,62654.3,62560.56,TRUE,TRUE
07/03/2026,07/03/2026 23:00:00,23,23:00,62560.45,62586.67,62560.55,62585.75,-26,SHORT,62560.56,62594.1,FALSE,FALSE
07/03/2026,07/03/2026 23:15:00,23,23:15,62592.92,62634.0,62568.04,62595.18,-66,SHORT,62594.1,62604.08,FALSE,FALSE
07/03/2026,07/03/2026 23:30:00,23,23:30,62604.08,62629.27,62597.5,62609.15,-32,SHORT,62604.08,62632.54,FALSE,FALSE
07/03/2026,07/03/2026 23:45:00,23,23:45,62603.49,62647.66,62632.54,62656.44,+53,LONG,62632.54,62628.17,FALSE,TRUE
07/04/2026,07/04/2026 00:00:00,0,00:00,62591.03,62644.11,62551.67,62628.43,-92,SHORT,62628.17,62518.9,TRUE,FALSE
07/04/2026,07/04/2026 00:15:00,0,00:15,62517.84,62526.0,62509.18,62521.85,-17,SHORT,62518.9,62454.44,TRUE,TRUE
07/04/2026,07/04/2026 00:30:00,0,00:30,62433.01,62464.45,62450.08,62460.38,+27,LONG,62454.44,62507.52,TRUE,FALSE
07/04/2026,07/04/2026 00:45:00,0,00:45,62484.02,62507.99,62507.51,62541.75,+58,LONG,62507.52,62412.4,FALSE,FALSE
07/04/2026,07/04/2026 01:00:00,1,01:00,62386.39,62413.12,62412.4,62433.56,+47,LONG,62412.4,62376.71,FALSE,FALSE
07/04/2026,07/04/2026 01:15:00,1,01:15,62370.0,62420.48,62371.1,62388.38,-49,SHORT,62376.71,62359.53,TRUE,FALSE
07/04/2026,07/04/2026 01:30:00,1,01:30,62309.4,62382.32,62360.76,62466.63,+157,LONG,62359.53,62395.99,TRUE,FALSE
07/04/2026,07/04/2026 01:45:00,1,01:45,62395.99,62430.27,62395.99,62419.64,-34,SHORT,62395.99,62434.82,FALSE,TRUE
07/04/2026,07/04/2026 02:00:00,2,02:00,62434.82,62442.0,62429.24,62442.0,-13,SHORT,62434.82,62482.28,FALSE,FALSE
07/04/2026,07/04/2026 02:15:00,2,02:15,62434.0,62485.99,62460.91,62482.27,+48,LONG,62482.28,62481.48,FALSE,TRUE
07/04/2026,07/04/2026 02:30:00,2,02:30,62478.26,62496.27,62479.69,62494.0,-17,SHORT,62481.48,62443.0,TRUE,FALSE
07/04/2026,07/04/2026 02:45:00,2,02:45,62434.51,62459.1,62437.76,62471.76,+37,LONG,62443.0,62511.63,TRUE,FALSE
07/04/2026,07/04/2026 03:00:00,3,03:00,62511.63,62532.52,62490.12,62523.24,-42,SHORT,62511.63,62485.98,TRUE,FALSE
07/04/2026,07/04/2026 03:15:00,3,03:15,62452.92,62485.99,62465.12,62485.98,+33,LONG,62485.98,62490.71,TRUE,FALSE
07/04/2026,07/04/2026 03:30:00,3,03:30,62490.71,62514.68,62490.12,62499.0,-25,SHORT,62490.71,62536.31,FALSE,TRUE
07/04/2026,07/04/2026 03:45:00,3,03:45,62521.44,62536.84,62536.31,62557.3,+36,LONG,62536.31,62495.09,FALSE,TRUE
07/04/2026,07/04/2026 04:00:00,4,04:00,62489.89,62517.93,62471.65,62523.99,-46,SHORT,62495.09,62447.98,TRUE,FALSE
07/04/2026,07/04/2026 04:15:00,4,04:15,62447.98,62474.73,62416.2,62447.98,-59,SHORT,62447.98,62413.11,TRUE,TRUE
07/04/2026,07/04/2026 04:30:00,4,04:30,62399.24,62415.0,62400.8,62423.88,+25,LONG,62413.11,62385.4,FALSE,TRUE
07/04/2026,07/04/2026 04:45:00,4,04:45,62382.96,62396.49,62385.4,62422.19,+39,LONG,62385.4,62429.05,TRUE,TRUE
07/04/2026,07/04/2026 05:00:00,5,05:00,62429.04,62441.97,62425.45,62431.96,-17,SHORT,62429.05,62403.88,TRUE,FALSE
07/04/2026,07/04/2026 05:15:00,5,05:15,62403.88,62421.84,62391.56,62407.08,-30,SHORT,62403.88,62437.76,FALSE,FALSE
07/04/2026,07/04/2026 05:30:00,5,05:30,62431.6,62455.72,62420.69,62437.77,-35,SHORT,62437.76,62430.59,TRUE,TRUE
07/04/2026,07/04/2026 05:45:00,5,05:45,62407.95,62430.6,62419.7,62434.59,+27,LONG,62430.59,62450.08,TRUE,FALSE
07/04/2026,07/04/2026 06:00:00,6,06:00,62450.08,62486.43,62414.01,62450.08,-72,SHORT,62450.08,62467.0,FALSE,TRUE
07/04/2026,07/04/2026 06:15:00,6,06:15,62442.0,62468.56,62463.11,62490.12,+48,LONG,62467.0,62422.36,FALSE,TRUE
07/04/2026,07/04/2026 06:30:00,6,06:30,62404.79,62429.72,62422.36,62437.32,+33,LONG,62422.36,62435.1,TRUE,TRUE
07/04/2026,07/04/2026 06:45:00,6,06:45,62430.35,62450.52,62409.9,62452.09,-41,SHORT,62435.1,62428.52,TRUE,FALSE
07/04/2026,07/04/2026 07:00:00,7,07:00,62428.52,62447.01,62426.1,62472.0,+43,LONG,62428.52,62509.21,TRUE,FALSE
07/04/2026,07/04/2026 07:15:00,7,07:15,62506.72,62514.53,62509.21,62515.42,+9,LONG,62509.21,62534.99,TRUE,TRUE
07/04/2026,07/04/2026 07:30:00,7,07:30,62521.43,62561.99,62524.0,62554.48,-38,SHORT,62534.99,62567.1,FALSE,TRUE
07/04/2026,07/04/2026 07:45:00,7,07:45,62552.3,62567.17,62542.43,62570.68,-25,SHORT,62567.1,62604.66,FALSE,FALSE
07/04/2026,07/04/2026 08:00:00,8,08:00,62584.97,62637.6,62579.44,62605.28,-58,SHORT,62604.66,62568.34,TRUE,TRUE
07/04/2026,07/04/2026 08:15:00,8,08:15,62536.23,62572.42,62556.0,62585.6,+49,LONG,62568.34,62600.23,TRUE,FALSE
07/04/2026,07/04/2026 08:30:00,8,08:30,62587.42,62600.24,62556.1,62602.38,-44,SHORT,62600.23,62533.24,TRUE,FALSE
07/04/2026,07/04/2026 08:45:00,8,08:45,62500.01,62558.26,62478.75,62533.24,-80,SHORT,62533.24,62538.0,FALSE,FALSE
07/04/2026,07/04/2026 09:00:00,9,09:00,62534.07,62539.49,62535.4,62599.92,+66,LONG,62538.0,62614.59,TRUE,FALSE
07/04/2026,07/04/2026 09:15:00,9,09:15,62601.0,62628.72,62614.93,62681.07,+80,LONG,62614.59,62621.45,TRUE,TRUE
07/04/2026,07/04/2026 09:30:00,9,09:30,62599.08,62627.92,62585.36,62623.19,-43,SHORT,62621.45,62628.15,FALSE,TRUE
07/04/2026,07/04/2026 09:45:00,9,09:45,62607.94,62643.47,62624.11,62643.2,+35,LONG,62628.15,62644.81,TRUE,FALSE
07/04/2026,07/04/2026 10:00:00,10,10:00,62607.24,62644.82,62639.03,62665.96,+59,LONG,62644.81,62772.59,TRUE,TRUE
07/04/2026,07/04/2026 10:15:00,10,10:15,62722.17,62779.67,62702.65,62782.72,-77,SHORT,62772.59,62868.96,FALSE,TRUE
07/04/2026,07/04/2026 10:30:00,10,10:30,62798.69,62868.96,62792.07,62870.97,-77,SHORT,62868.96,62870.95,FALSE,FALSE
07/04/2026,07/04/2026 10:45:00,10,10:45,62845.49,62870.96,62862.8,62921.31,+76,LONG,62870.95,62881.22,TRUE,FALSE
07/04/2026,07/04/2026 11:00:00,11,11:00,62862.8,62882.97,62815.83,62885.83,-67,SHORT,62881.22,62731.19,TRUE,FALSE
07/04/2026,07/04/2026 11:15:00,11,11:15,62731.19,62776.55,62730.36,62764.24,-46,SHORT,62731.19,62814.29,FALSE,FALSE
07/04/2026,07/04/2026 11:30:00,11,11:30,62814.29,62828.02,62814.29,62861.37,+47,LONG,62814.29,62855.49,TRUE,FALSE
07/04/2026,07/04/2026 11:45:00,11,11:45,62835.43,62878.57,62821.63,62857.43,-57,SHORT,62855.49,62865.88,FALSE,TRUE
07/04/2026,07/04/2026 12:00:00,12,12:00,62862.81,62877.12,62745.76,62867.78,-131,SHORT,62865.88,62810.43,TRUE,TRUE
07/04/2026,07/04/2026 12:15:00,12,12:15,62795.04,62858.06,62798.74,62872.73,+78,LONG,62810.43,62930.83,TRUE,FALSE
07/04/2026,07/04/2026 12:30:00,12,12:30,62906.01,62938.49,62930.83,63018.81,+113,LONG,62930.83,63121.51,TRUE,TRUE
07/04/2026,07/04/2026 12:45:00,12,12:45,63069.16,63121.52,63101.97,63140.0,+71,LONG,63121.51,63221.15,TRUE,TRUE
07/04/2026,07/04/2026 13:00:00,13,13:00,63221.14,63284.64,63175.0,63233.41,-110,SHORT,63221.15,63264.02,FALSE,TRUE
07/04/2026,07/04/2026 13:15:00,13,13:15,63212.33,63287.29,63207.76,63293.45,+81,LONG,63264.02,63128.12,FALSE,TRUE
07/04/2026,07/04/2026 13:30:00,13,13:30,63093.8,63141.68,63078.4,63128.12,-63,SHORT,63128.12,63048.0,TRUE,FALSE
07/04/2026,07/04/2026 13:45:00,13,13:45,63045.85,63091.57,63049.99,63095.45,+50,LONG,63048.0,63113.34,TRUE,FALSE
07/04/2026,07/04/2026 14:00:00,14,14:00,63100.0,63113.35,63103.07,63197.16,+97,LONG,63113.34,63119.91,TRUE,TRUE
07/04/2026,07/04/2026 14:15:00,14,14:15,63066.08,63146.72,63119.91,63163.42,+97,LONG,63119.91,63317.28,TRUE,TRUE
07/04/2026,07/04/2026 14:30:00,14,14:30,63293.87,63326.56,63258.33,63317.28,-68,SHORT,63317.28,63307.47,TRUE,FALSE
07/04/2026,07/04/2026 14:45:00,14,14:45,63300.16,63318.92,63238.56,63307.47,-80,SHORT,63307.47,63233.98,TRUE,TRUE
07/04/2026,07/04/2026 15:00:00,15,15:00,63233.88,63268.0,63226.24,63309.39,+76,LONG,63233.98,63284.0,TRUE,FALSE
07/04/2026,07/04/2026 15:15:00,15,15:15,63277.51,63313.05,63270.72,63292.94,-42,SHORT,63284.0,63114.15,TRUE,FALSE
07/04/2026,07/04/2026 15:30:00,15,15:30,63103.93,63127.73,63106.12,63154.14,+50,LONG,63114.15,63239.14,TRUE,FALSE
07/04/2026,07/04/2026 15:45:00,15,15:45,63195.44,63239.15,63239.14,63268.89,+73,LONG,63239.14,63180.56,FALSE,FALSE
07/04/2026,07/04/2026 16:00:00,16,16:00,63172.14,63234.9,63165.2,63187.85,-70,SHORT,63180.56,63297.08,FALSE,TRUE
07/04/2026,07/04/2026 16:15:00,16,16:15,63251.41,63318.63,63295.0,63326.02,+75,LONG,63297.08,63386.51,TRUE,FALSE
07/04/2026,07/04/2026 16:30:00,16,16:30,63355.28,63394.47,63355.17,63390.1,-39,SHORT,63386.51,63241.15,TRUE,FALSE
07/04/2026,07/04/2026 16:45:00,16,16:45,63236.04,63292.93,63238.54,63258.4,-54,SHORT,63241.15,63237.99,TRUE,TRUE
07/04/2026,07/04/2026 17:00:00,17,17:00,63235.78,63278.0,63237.99,63258.35,-40,SHORT,63237.99,63195.43,TRUE,TRUE
07/04/2026,07/04/2026 17:15:00,17,17:15,63179.89,63221.6,63190.0,63201.59,-32,SHORT,63195.43,63173.11,TRUE,TRUE
07/04/2026,07/04/2026 17:30:00,17,17:30,63136.92,63173.11,63145.68,63180.04,+43,LONG,63173.11,63140.03,FALSE,TRUE
07/04/2026,07/04/2026 17:45:00,17,17:45,63140.03,63165.0,63106.05,63148.0,-59,SHORT,63140.03,63139.99,TRUE,FALSE
07/04/2026,07/04/2026 18:00:00,18,18:00,63116.0,63139.99,63105.61,63145.65,-34,SHORT,63139.99,62939.02,TRUE,TRUE
07/04/2026,07/04/2026 18:15:00,18,18:15,62934.08,63049.98,62879.83,62947.95,-170,SHORT,62939.02,63046.0,FALSE,FALSE
07/04/2026,07/04/2026 18:30:00,18,18:30,63031.32,63046.01,63043.49,63099.95,+69,LONG,63046.0,63156.18,TRUE,FALSE
07/04/2026,07/04/2026 18:45:00,18,18:45,63078.4,63170.79,63149.24,63183.2,+105,LONG,63156.18,63086.45,FALSE,FALSE
07/04/2026,07/04/2026 19:00:00,19,19:00,63081.79,63095.85,62972.14,63088.0,-124,SHORT,63086.45,62999.35,TRUE,FALSE
07/04/2026,07/04/2026 19:15:00,19,19:15,62987.95,63005.33,62977.0,63002.0,-28,SHORT,62999.35,62997.91,TRUE,TRUE
07/04/2026,07/04/2026 19:30:00,19,19:30,62958.28,63000.0,62952.13,63000.0,-48,SHORT,62997.91,63035.95,FALSE,FALSE
07/04/2026,07/04/2026 19:45:00,19,19:45,63026.73,63069.23,63033.0,63050.69,-36,SHORT,63035.95,62930.55,TRUE,TRUE
07/04/2026,07/04/2026 20:00:00,20,20:00,62880.11,62930.56,62918.74,62958.27,+78,LONG,62930.55,62930.9,TRUE,FALSE
07/04/2026,07/04/2026 20:15:00,20,20:15,62923.98,62956.65,62872.82,62930.91,-84,SHORT,62930.9,62882.4,TRUE,FALSE
07/04/2026,07/04/2026 20:30:00,20,20:30,62878.2,62914.42,62808.52,62880.8,-106,SHORT,62882.4,62811.49,TRUE,TRUE
07/04/2026,07/04/2026 20:45:00,20,20:45,62802.01,62825.82,62811.49,62852.1,+50,LONG,62811.49,62831.68,TRUE,FALSE
07/04/2026,07/04/2026 21:00:00,21,21:00,62827.3,62845.08,62817.64,62868.96,+42,LONG,62831.68,62680.0,FALSE,FALSE
07/04/2026,07/04/2026 21:15:00,21,21:15,62677.28,62701.54,62607.16,62694.81,-94,SHORT,62680.0,62701.12,FALSE,TRUE
07/04/2026,07/04/2026 21:30:00,21,21:30,62655.25,62701.13,62668.76,62701.75,+46,LONG,62701.12,62586.41,FALSE,TRUE
07/04/2026,07/04/2026 21:45:00,21,21:45,62565.97,62681.08,62532.71,62634.88,-148,SHORT,62586.41,62639.98,FALSE,TRUE
07/04/2026,07/04/2026 22:00:00,22,22:00,62615.06,62639.99,62639.98,62665.68,+51,LONG,62639.98,62707.19,TRUE,FALSE
07/04/2026,07/04/2026 22:15:00,22,22:15,62707.19,62735.27,62699.56,62715.77,-36,SHORT,62707.19,62612.46,TRUE,FALSE
07/04/2026,07/04/2026 22:30:00,22,22:30,62585.0,62633.44,62606.16,62663.06,+78,LONG,62612.46,62681.2,TRUE,FALSE
07/04/2026,07/04/2026 22:45:00,22,22:45,62671.21,62715.95,62665.68,62709.41,-50,SHORT,62681.2,62711.21,FALSE,TRUE
07/04/2026,07/04/2026 23:00:00,23,23:00,62710.19,62737.65,62668.01,62727.99,-70,SHORT,62711.21,62731.99,FALSE,FALSE
07/04/2026,07/04/2026 23:15:00,23,23:15,62731.5,62761.68,62730.36,62747.19,-31,SHORT,62731.99,62810.01,FALSE,FALSE
07/04/2026,07/04/2026 23:30:00,23,23:30,62800.0,62815.87,62807.83,62846.38,+46,LONG,62810.01,62879.99,TRUE,FALSE
07/04/2026,07/04/2026 23:45:00,23,23:45,62878.19,62894.07,62825.85,62882.69,-68,SHORT,62879.99,62757.61,TRUE,FALSE
07/05/2026,07/05/2026 00:00:00,0,00:00,62757.11,62791.45,62732.0,62755.95,-59,SHORT,62757.61,62691.62,TRUE,TRUE
07/05/2026,07/05/2026 00:15:00,0,00:15,62686.49,62714.4,62687.24,62711.88,-27,SHORT,62691.62,62693.98,FALSE,FALSE
07/05/2026,07/05/2026 00:30:00,0,00:30,62679.59,62725.17,62693.98,62749.99,+70,LONG,62693.98,62619.45,FALSE,TRUE
07/05/2026,07/05/2026 00:45:00,0,00:45,62610.24,62632.77,62615.37,62627.77,+18,LONG,62619.45,62679.99,TRUE,TRUE
07/05/2026,07/05/2026 01:00:00,1,01:00,62676.42,62710.0,62654.01,62687.99,-56,SHORT,62679.99,62665.33,TRUE,FALSE
07/05/2026,07/05/2026 01:15:00,1,01:15,62646.03,62665.33,62663.55,62705.72,+60,LONG,62665.33,62740.64,TRUE,FALSE
07/05/2026,07/05/2026 01:30:00,1,01:30,62720.97,62740.65,62724.77,62740.65,+20,LONG,62740.64,62700.01,FALSE,FALSE
07/05/2026,07/05/2026 01:45:00,1,01:45,62696.68,62705.72,62687.24,62708.8,-18,SHORT,62700.01,62722.06,FALSE,TRUE
07/05/2026,07/05/2026 02:00:00,2,02:00,62715.65,62730.61,62718.07,62730.23,+15,LONG,62722.06,62702.5,FALSE,TRUE
07/05/2026,07/05/2026 02:15:00,2,02:15,62700.76,62713.31,62679.14,62702.5,-34,SHORT,62702.5,62695.06,TRUE,FALSE
07/05/2026,07/05/2026 02:30:00,2,02:30,62682.63,62696.48,62695.06,62747.99,+65,LONG,62695.06,62863.47,TRUE,FALSE
07/05/2026,07/05/2026 02:45:00,2,02:45,62844.02,62893.55,62835.08,62871.47,-58,SHORT,62863.47,62958.44,FALSE,TRUE
07/05/2026,07/05/2026 03:00:00,3,03:00,62958.44,63001.39,62943.44,63049.99,+92,LONG,62958.44,62955.76,FALSE,TRUE
07/05/2026,07/05/2026 03:15:00,3,03:15,62924.26,62976.41,62955.76,62992.16,+68,LONG,62955.76,62881.27,FALSE,FALSE
07/05/2026,07/05/2026 03:30:00,3,03:30,62856.08,62881.28,62881.27,62933.64,+78,LONG,62881.27,62881.28,TRUE,TRUE
07/05/2026,07/05/2026 03:45:00,3,03:45,62881.28,62896.84,62878.76,62895.24,-18,SHORT,62881.28,62858.34,TRUE,FALSE
07/05/2026,07/05/2026 04:00:00,4,04:00,62855.32,62896.0,62819.84,62876.75,-76,SHORT,62858.34,62815.1,TRUE,TRUE
07/05/2026,07/05/2026 04:15:00,4,04:15,62785.22,62847.39,62813.75,62820.0,+35,LONG,62815.1,62679.14,FALSE,TRUE
07/05/2026,07/05/2026 04:30:00,4,04:30,62675.0,62684.15,62676.3,62724.19,+49,LONG,62679.14,62480.49,FALSE,FALSE
07/05/2026,07/05/2026 04:45:00,4,04:45,62384.08,62493.19,62450.08,62539.39,+155,LONG,62480.49,62565.89,TRUE,TRUE
07/05/2026,07/05/2026 05:00:00,5,05:00,62564.02,62570.19,62495.25,62563.14,-75,SHORT,62565.89,62628.73,FALSE,TRUE
07/05/2026,07/05/2026 05:15:00,5,05:15,62628.72,62647.28,62573.28,62628.72,-74,SHORT,62628.73,62638.08,FALSE,FALSE
07/05/2026,07/05/2026 05:30:00,5,05:30,62632.98,62645.47,62638.08,62680.96,+48,LONG,62638.08,62634.87,FALSE,TRUE
07/05/2026,07/05/2026 05:45:00,5,05:45,62626.78,62634.87,62623.13,62661.47,+35,LONG,62634.87,62700.78,TRUE,TRUE
07/05/2026,07/05/2026 06:00:00,6,06:00,62695.84,62701.83,62678.0,62758.07,+62,LONG,62700.78,62647.2,FALSE,FALSE
07/05/2026,07/05/2026 06:15:00,6,06:15,62637.96,62659.52,62595.08,62647.21,-64,SHORT,62647.2,62573.28,TRUE,FALSE
07/05/2026,07/05/2026 06:30:00,6,06:30,62573.28,62595.15,62564.04,62611.04,+38,LONG,62573.28,62628.45,TRUE,FALSE
07/05/2026,07/05/2026 06:45:00,6,06:45,62628.45,62659.09,62628.45,62660.86,+32,LONG,62628.45,62610.01,FALSE,FALSE
07/05/2026,07/05/2026 07:00:00,7,07:00,62567.05,62620.1,62553.45,62620.2,-67,SHORT,62610.01,62567.37,TRUE,FALSE
07/05/2026,07/05/2026 07:15:00,7,07:15,62560.37,62571.57,62568.19,62625.1,+65,LONG,62567.37,62699.4,TRUE,FALSE
07/05/2026,07/05/2026 07:30:00,7,07:30,62669.33,62699.41,62681.64,62719.48,+50,LONG,62699.4,62658.0,FALSE,FALSE
07/05/2026,07/05/2026 07:45:00,7,07:45,62649.01,62667.92,62652.37,62674.92,+26,LONG,62658.0,62692.42,TRUE,TRUE
07/05/2026,07/05/2026 08:00:00,8,08:00,62676.67,62692.43,62640.07,62692.43,-52,SHORT,62692.42,62678.01,TRUE,FALSE
07/05/2026,07/05/2026 08:15:00,8,08:15,62678.0,62713.41,62647.2,62678.01,-66,SHORT,62678.01,62639.66,TRUE,TRUE
07/05/2026,07/05/2026 08:30:00,8,08:30,62610.24,62644.12,62622.56,62676.0,+66,LONG,62639.66,62694.03,TRUE,FALSE
07/05/2026,07/05/2026 08:45:00,8,08:45,62681.98,62702.63,62694.03,62765.87,+84,LONG,62694.03,62738.8,TRUE,TRUE
07/05/2026,07/05/2026 09:00:00,9,09:00,62718.77,62738.81,62735.13,62771.75,+53,LONG,62738.8,62678.01,FALSE,FALSE
07/05/2026,07/05/2026 09:15:00,9,09:15,62659.82,62694.0,62643.73,62683.2,-50,SHORT,62678.01,62654.97,TRUE,FALSE
07/05/2026,07/05/2026 09:30:00,9,09:30,62654.11,62674.92,62654.97,62678.0,+24,LONG,62654.97,62688.42,TRUE,FALSE
07/05/2026,07/05/2026 09:45:00,9,09:45,62682.94,62733.44,62658.11,62696.47,-75,SHORT,62688.42,62758.87,FALSE,TRUE
07/05/2026,07/05/2026 10:00:00,10,10:00,62732.36,62762.7,62742.62,62761.22,+29,LONG,62758.87,62755.9,FALSE,TRUE
07/05/2026,07/05/2026 10:15:00,10,10:15,62755.9,62801.19,62702.64,62770.46,-99,SHORT,62755.9,62718.61,TRUE,FALSE
07/05/2026,07/05/2026 10:30:00,10,10:30,62718.61,62739.6,62714.96,62760.0,+41,LONG,62718.61,62645.76,FALSE,TRUE
07/05/2026,07/05/2026 10:45:00,10,10:45,62641.04,62662.41,62621.25,62671.83,-41,SHORT,62645.76,62686.17,FALSE,TRUE
07/05/2026,07/05/2026 11:00:00,11,11:00,62681.08,62693.63,62674.66,62696.48,-19,SHORT,62686.17,62641.04,TRUE,TRUE
07/05/2026,07/05/2026 11:15:00,11,11:15,62635.33,62677.12,62641.04,62665.0,-36,SHORT,62641.04,62570.19,TRUE,TRUE
07/05/2026,07/05/2026 11:30:00,11,11:30,62549.55,62625.64,62552.2,62624.65,+75,LONG,62570.19,62575.5,TRUE,FALSE
07/05/2026,07/05/2026 11:45:00,11,11:45,62560.02,62576.36,62574.6,62585.59,+26,LONG,62575.5,62569.98,FALSE,FALSE
07/05/2026,07/05/2026 12:00:00,12,12:00,62562.06,62603.44,62569.99,62628.71,+67,LONG,62569.98,62670.59,TRUE,TRUE
07/05/2026,07/05/2026 12:15:00,12,12:15,62640.0,62670.75,62650.98,62670.59,+31,LONG,62670.59,62632.22,FALSE,FALSE
07/05/2026,07/05/2026 12:30:00,12,12:30,62628.72,62664.06,62632.22,62644.11,-32,SHORT,62632.22,62549.99,TRUE,FALSE
07/05/2026,07/05/2026 12:45:00,12,12:45,62544.92,62616.53,62549.99,62579.44,-67,SHORT,62549.99,62571.4,FALSE,FALSE
07/05/2026,07/05/2026 13:00:00,13,13:00,62568.01,62582.52,62564.57,62582.52,-18,SHORT,62571.4,62606.54,FALSE,FALSE
07/05/2026,07/05/2026 13:15:00,13,13:15,62590.01,62606.55,62606.24,62653.36,+63,LONG,62606.54,62624.37,TRUE,FALSE
07/05/2026,07/05/2026 13:30:00,13,13:30,62618.2,62664.96,62627.47,62655.42,-37,SHORT,62624.37,62718.29,FALSE,TRUE
07/05/2026,07/05/2026 13:45:00,13,13:45,62694.44,62718.3,62680.0,62718.29,-38,SHORT,62718.29,62764.59,FALSE,FALSE
07/05/2026,07/05/2026 14:00:00,14,14:00,62755.0,62778.24,62721.12,62764.59,-57,SHORT,62764.59,62788.6,FALSE,FALSE
07/05/2026,07/05/2026 14:15:00,14,14:15,62778.8,62816.09,62788.6,62824.91,+46,LONG,62788.6,62737.13,FALSE,TRUE
07/05/2026,07/05/2026 14:30:00,14,14:30,62702.65,62742.0,62711.88,62748.13,+45,LONG,62737.13,62757.57,TRUE,TRUE
07/05/2026,07/05/2026 14:45:00,14,14:45,62712.91,62769.46,62737.09,62757.57,+45,LONG,62757.57,62710.99,FALSE,FALSE
07/05/2026,07/05/2026 15:00:00,15,15:00,62710.01,62726.03,62709.47,62736.51,+26,LONG,62710.99,62762.88,TRUE,TRUE
07/05/2026,07/05/2026 15:15:00,15,15:15,62755.01,62764.0,62749.74,62764.9,-14,SHORT,62762.88,62671.17,TRUE,FALSE
07/05/2026,07/05/2026 15:30:00,15,15:30,62644.12,62672.8,62650.0,62671.17,+27,LONG,62671.17,62692.0,TRUE,FALSE
07/05/2026,07/05/2026 15:45:00,15,15:45,62684.42,62692.82,62688.81,62699.55,+15,LONG,62692.0,62673.93,FALSE,FALSE
07/05/2026,07/05/2026 16:00:00,16,16:00,62670.01,62700.5,62616.4,62673.94,-84,SHORT,62673.93,62686.01,FALSE,TRUE
07/05/2026,07/05/2026 16:15:00,16,16:15,62668.75,62705.71,62659.92,62686.17,-46,SHORT,62686.01,62862.8,FALSE,FALSE
07/05/2026,07/05/2026 16:30:00,16,16:30,62820.46,62881.27,62862.8,62990.96,+170,LONG,62862.8,62968.69,TRUE,FALSE
07/05/2026,07/05/2026 16:45:00,16,16:45,62879.49,62975.29,62924.4,62987.71,+108,LONG,62968.69,63034.92,TRUE,TRUE
07/05/2026,07/05/2026 17:00:00,17,17:00,63026.6,63138.49,62952.69,63047.6,-186,SHORT,63034.92,63163.62,FALSE,TRUE
07/05/2026,07/05/2026 17:15:00,17,17:15,63100.47,63164.01,63127.98,63299.99,+200,LONG,63163.62,63649.89,TRUE,FALSE
07/05/2026,07/05/2026 17:30:00,17,17:30,63509.6,63699.99,63650.0,63900.0,+390,LONG,63649.89,63505.01,FALSE,FALSE
07/05/2026,07/05/2026 17:45:00,17,17:45,63478.8,63520.0,63505.01,63599.1,+120,LONG,63505.01,63678.31,TRUE,TRUE
07/05/2026,07/05/2026 18:00:00,18,18:00,63584.0,63688.24,63654.36,63749.0,+165,LONG,63678.31,63910.07,TRUE,TRUE
07/05/2026,07/05/2026 18:15:00,18,18:15,63848.4,63930.2,63839.16,63940.79,+92,LONG,63910.07,63610.09,FALSE,FALSE
07/05/2026,07/05/2026 18:30:00,18,18:30,63593.39,63708.18,63585.01,63653.83,-123,SHORT,63610.09,63638.13,FALSE,TRUE
07/05/2026,07/05/2026 18:45:00,18,18:45,63614.86,63673.88,63592.0,63637.02,-82,SHORT,63638.13,63580.44,TRUE,TRUE
07/05/2026,07/05/2026 19:00:00,19,19:00,63525.93,63604.01,63497.1,63613.24,-107,SHORT,63580.44,63534.24,TRUE,TRUE
07/05/2026,07/05/2026 19:15:00,19,19:15,63470.27,63534.24,63536.26,63655.03,+185,LONG,63534.24,63352.18,FALSE,TRUE
07/05/2026,07/05/2026 19:30:00,19,19:30,63342.84,63437.46,63282.0,63431.16,-155,SHORT,63352.18,63543.82,FALSE,TRUE
07/05/2026,07/05/2026 19:45:00,19,19:45,63519.02,63560.04,63546.54,63638.2,+119,LONG,63543.82,63697.48,TRUE,FALSE
07/05/2026,07/05/2026 20:00:00,20,20:00,63632.34,63705.67,63620.0,63697.48,-86,SHORT,63697.48,63746.23,FALSE,TRUE
07/05/2026,07/05/2026 20:15:00,20,20:15,63710.33,63785.0,63696.77,63772.0,-88,SHORT,63746.23,63672.01,TRUE,TRUE
07/05/2026,07/05/2026 20:30:00,20,20:30,63586.01,63681.3,63623.62,63734.43,+148,LONG,63672.01,63660.53,FALSE,TRUE
07/05/2026,07/05/2026 20:45:00,20,20:45,63660.52,63697.93,63590.0,63660.53,-108,SHORT,63660.53,63510.63,TRUE,FALSE
07/05/2026,07/05/2026 21:00:00,21,21:00,63498.7,63537.85,63508.2,63581.99,+83,LONG,63510.63,63393.44,FALSE,TRUE
07/05/2026,07/05/2026 21:15:00,21,21:15,63369.23,63407.95,63378.0,63437.0,+68,LONG,63393.44,63458.94,TRUE,TRUE
07/05/2026,07/05/2026 21:30:00,21,21:30,63454.7,63527.92,63427.0,63545.38,-101,SHORT,63458.94,63331.35,TRUE,FALSE
07/05/2026,07/05/2026 21:45:00,21,21:45,63324.8,63398.54,63331.99,63395.63,+71,LONG,63331.35,63388.32,TRUE,FALSE
07/05/2026,07/05/2026 22:00:00,22,22:00,63376.14,63426.43,63380.24,63412.07,-46,SHORT,63388.32,63346.36,TRUE,FALSE
07/05/2026,07/05/2026 22:15:00,22,22:15,63330.97,63362.0,63315.56,63362.09,-46,SHORT,63346.36,63163.12,TRUE,TRUE
07/05/2026,07/05/2026 22:30:00,22,22:30,63137.75,63194.38,63085.51,63172.54,-109,SHORT,63163.12,63136.03,TRUE,TRUE
07/05/2026,07/05/2026 22:45:00,22,22:45,63127.28,63185.48,63136.03,63202.85,+76,LONG,63136.03,63232.34,TRUE,FALSE
07/05/2026,07/05/2026 23:00:00,23,23:00,63185.12,63232.34,63213.92,63255.07,+70,LONG,63232.34,63272.44,TRUE,TRUE
07/05/2026,07/05/2026 23:15:00,23,23:15,63237.99,63311.0,63243.12,63275.52,-68,SHORT,63272.44,63168.74,TRUE,FALSE
07/05/2026,07/05/2026 23:30:00,23,23:30,63121.52,63173.41,63147.21,63203.07,+82,LONG,63168.74,63239.93,TRUE,FALSE
07/05/2026,07/05/2026 23:45:00,23,23:45,63239.93,63300.71,63236.02,63254.04,-65,SHORT,63239.93,63206.75,TRUE,FALSE
07/06/2026,07/06/2026 00:00:00,0,00:00,63169.63,63254.52,63161.56,63209.35,-93,SHORT,63206.75,63140.63,TRUE,TRUE
07/06/2026,07/06/2026 00:15:00,0,00:15,63140.55,63164.65,63087.64,63170.82,-77,SHORT,63140.63,62945.92,TRUE,TRUE
07/06/2026,07/06/2026 00:30:00,0,00:30,62933.64,63108.06,62907.0,62970.59,-201,SHORT,62945.92,63036.7,FALSE,FALSE
07/06/2026,07/06/2026 00:45:00,0,00:45,63029.99,63094.0,63027.16,63056.84,-67,SHORT,63036.7,63048.44,FALSE,FALSE
07/06/2026,07/06/2026 01:00:00,1,01:00,63048.44,63075.33,63021.13,63084.56,-54,SHORT,63048.44,63055.22,FALSE,FALSE
07/06/2026,07/06/2026 01:15:00,1,01:15,63027.91,63055.23,63044.52,63092.67,+65,LONG,63055.22,62970.01,FALSE,TRUE
07/06/2026,07/06/2026 01:30:00,1,01:30,62945.0,62975.03,62958.28,62973.67,+29,LONG,62970.01,63005.02,TRUE,TRUE
07/06/2026,07/06/2026 01:45:00,1,01:45,62969.13,63007.0,62982.92,63022.95,+54,LONG,63005.02,62917.97,FALSE,FALSE
07/06/2026,07/06/2026 02:00:00,2,02:00,62913.57,62933.64,62844.47,62921.32,-89,SHORT,62917.97,62887.44,TRUE,FALSE
07/06/2026,07/06/2026 02:15:00,2,02:15,62849.28,62907.19,62884.36,62905.92,+57,LONG,62887.44,62893.71,TRUE,FALSE
07/06/2026,07/06/2026 02:30:00,2,02:30,62893.71,62943.36,62841.21,62893.72,-102,SHORT,62893.71,63037.22,FALSE,TRUE
07/06/2026,07/06/2026 02:45:00,2,02:45,62972.01,63049.62,63013.72,63056.91,+85,LONG,63037.22,63024.27,FALSE,TRUE
07/06/2026,07/06/2026 03:00:00,3,03:00,63024.27,63048.3,63024.27,63092.4,+68,LONG,63024.27,62986.98,FALSE,FALSE
07/06/2026,07/06/2026 03:15:00,3,03:15,62936.64,62993.43,62914.0,63004.01,-79,SHORT,62986.98,63003.14,FALSE,TRUE
07/06/2026,07/06/2026 03:30:00,3,03:30,62982.88,63004.7,62956.75,63003.14,-48,SHORT,63003.14,62837.49,TRUE,TRUE
07/06/2026,07/06/2026 03:45:00,3,03:45,62832.65,62848.45,62813.58,62859.02,-35,SHORT,62837.49,62833.39,TRUE,TRUE
07/06/2026,07/06/2026 04:00:00,4,04:00,62825.56,62850.0,62805.0,62836.37,-45,SHORT,62833.39,62790.64,TRUE,TRUE
07/06/2026,07/06/2026 04:15:00,4,04:15,62790.64,62818.12,62774.65,62795.34,-43,SHORT,62790.64,62690.44,TRUE,TRUE
07/06/2026,07/06/2026 04:30:00,4,04:30,62675.0,62706.24,62607.99,62702.29,-98,SHORT,62690.44,62624.24,TRUE,TRUE
07/06/2026,07/06/2026 04:45:00,4,04:45,62620.8,62657.2,62594.04,62624.24,-63,SHORT,62624.24,62597.66,TRUE,TRUE
07/06/2026,07/06/2026 05:00:00,5,05:00,62596.17,62616.97,62591.7,62703.03,+107,LONG,62597.66,62778.57,TRUE,FALSE
07/06/2026,07/06/2026 05:15:00,5,05:15,62774.93,62789.14,62778.57,62807.0,+32,LONG,62778.57,62817.33,TRUE,TRUE
07/06/2026,07/06/2026 05:30:00,5,05:30,62804.99,62818.0,62808.56,62817.35,+12,LONG,62817.33,62856.35,TRUE,TRUE
07/06/2026,07/06/2026 05:45:00,5,05:45,62833.9,62866.25,62844.5,62861.17,+27,LONG,62856.35,62756.28,FALSE,FALSE
07/06/2026,07/06/2026 06:00:00,6,06:00,62749.49,62757.59,62756.28,62816.55,+67,LONG,62756.28,62737.85,FALSE,FALSE
07/06/2026,07/06/2026 06:15:00,6,06:15,62733.9,62747.47,62711.42,62753.65,-36,SHORT,62737.85,62816.82,FALSE,TRUE
07/06/2026,07/06/2026 06:30:00,6,06:30,62807.58,62816.85,62804.81,62879.03,+71,LONG,62816.82,62896.26,TRUE,FALSE
07/06/2026,07/06/2026 06:45:00,6,06:45,62836.16,62903.74,62896.26,62938.38,+102,LONG,62896.26,62421.85,FALSE,FALSE
07/06/2026,07/06/2026 07:00:00,7,07:00,62421.85,62662.8,62137.65,62425.52,-525,SHORT,62421.85,61925.02,TRUE,FALSE
07/06/2026,07/06/2026 07:15:00,7,07:15,61916.25,62075.0,61819.84,61994.0,-255,SHORT,61925.02,62018.88,FALSE,FALSE
07/06/2026,07/06/2026 07:30:00,7,07:30,61976.89,62051.13,61975.3,62066.0,+89,LONG,62018.88,61741.08,FALSE,TRUE
07/06/2026,07/06/2026 07:45:00,7,07:45,61683.28,61868.0,61610.0,61746.22,-258,SHORT,61741.08,61688.01,TRUE,FALSE
07/06/2026,07/06/2026 08:00:00,8,08:00,61670.0,61730.85,61618.0,61709.37,-113,SHORT,61688.01,61572.6,TRUE,TRUE
07/06/2026,07/06/2026 08:15:00,8,08:15,61572.6,61666.39,61516.19,61642.22,-150,SHORT,61572.6,61382.02,TRUE,TRUE
07/06/2026,07/06/2026 08:30:00,8,08:30,61356.45,61430.0,61317.51,61607.83,+251,LONG,61382.02,61590.88,TRUE,FALSE
07/06/2026,07/06/2026 08:45:00,8,08:45,61440.39,61592.0,61569.5,61715.22,+275,LONG,61590.88,61708.02,TRUE,TRUE
07/06/2026,07/06/2026 09:00:00,9,09:00,61691.25,61840.46,61679.25,61882.68,+191,LONG,61708.02,61881.36,TRUE,TRUE
07/06/2026,07/06/2026 09:15:00,9,09:15,61809.6,61939.48,61854.07,61918.59,+109,LONG,61881.36,62023.53,TRUE,TRUE
07/06/2026,07/06/2026 09:30:00,9,09:30,62020.42,62143.09,62011.63,62157.19,+137,LONG,62023.53,62034.75,TRUE,TRUE
07/06/2026,07/06/2026 09:45:00,9,09:45,62004.9,62051.69,61916.25,62018.8,-135,SHORT,62034.75,61995.25,TRUE,FALSE
07/06/2026,07/06/2026 10:00:00,10,10:00,61929.11,62007.09,61995.95,62100.0,+171,LONG,61995.25,62427.01,TRUE,FALSE
07/06/2026,07/06/2026 10:15:00,10,10:15,62382.72,62466.1,62386.3,62508.01,+125,LONG,62427.01,62404.31,FALSE,FALSE
07/06/2026,07/06/2026 10:30:00,10,10:30,62295.45,62421.85,62323.76,62406.61,+111,LONG,62404.31,62862.76,TRUE,TRUE
07/06/2026,07/06/2026 10:45:00,10,10:45,62583.24,62900.3,62781.3,62872.01,+289,LONG,62862.76,63501.46,TRUE,TRUE
07/06/2026,07/06/2026 11:00:00,11,11:00,63359.98,63516.0,63338.46,63531.8,-178,SHORT,63501.46,63701.99,FALSE,TRUE
07/06/2026,07/06/2026 11:15:00,11,11:15,63700.02,63824.01,63670.01,63758.21,-154,SHORT,63701.99,63421.96,TRUE,TRUE
07/06/2026,07/06/2026 11:30:00,11,11:30,63378.82,63463.64,63408.01,63531.79,+153,LONG,63421.96,63699.52,TRUE,FALSE
07/06/2026,07/06/2026 11:45:00,11,11:45,63627.69,63705.59,63631.81,63724.99,+97,LONG,63699.52,63691.23,FALSE,FALSE
07/06/2026,07/06/2026 12:00:00,12,12:00,63639.95,63708.57,63635.01,63754.36,+114,LONG,63691.23,63808.29,TRUE,TRUE
07/06/2026,07/06/2026 12:15:00,12,12:15,63780.66,63825.0,63802.87,63856.26,+76,LONG,63808.29,63837.58,TRUE,TRUE
07/06/2026,07/06/2026 12:30:00,12,12:30,63830.89,63892.99,63798.83,63901.34,-94,SHORT,63837.58,63655.55,TRUE,FALSE
07/06/2026,07/06/2026 12:45:00,12,12:45,63627.87,63679.76,63593.76,63678.98,-86,SHORT,63655.55,63536.22,TRUE,TRUE
07/06/2026,07/06/2026 13:00:00,13,13:00,63523.91,63550.0,63508.07,63562.83,-42,SHORT,63536.22,63650.07,FALSE,FALSE
07/06/2026,07/06/2026 13:15:00,13,13:15,63631.71,63686.02,63650.08,63707.01,+75,LONG,63650.07,63715.06,TRUE,FALSE
07/06/2026,07/06/2026 13:30:00,13,13:30,63694.47,63807.18,63666.1,63723.52,-141,SHORT,63715.06,63752.15,FALSE,TRUE
07/06/2026,07/06/2026 13:45:00,13,13:45,63733.76,63769.07,63710.52,63752.14,-59,SHORT,63752.15,63649.99,TRUE,TRUE
07/06/2026,07/06/2026 14:00:00,14,14:00,63631.85,63709.46,63630.09,63683.79,-79,SHORT,63649.99,63701.53,FALSE,FALSE
07/06/2026,07/06/2026 14:15:00,14,14:15,63636.38,63713.3,63695.19,63753.1,+117,LONG,63701.53,63798.59,TRUE,FALSE
07/06/2026,07/06/2026 14:30:00,14,14:30,63778.82,63809.58,63731.4,63798.6,-78,SHORT,63798.59,63801.02,FALSE,TRUE
07/06/2026,07/06/2026 14:45:00,14,14:45,63790.0,63810.78,63767.22,63810.24,-44,SHORT,63801.02,63692.7,TRUE,TRUE
07/06/2026,07/06/2026 15:00:00,15,15:00,63661.8,63742.97,63552.32,63727.34,-191,SHORT,63692.7,63568.24,TRUE,TRUE
07/06/2026,07/06/2026 15:15:00,15,15:15,63545.2,63576.0,63559.45,63585.04,+40,LONG,63568.24,63710.61,TRUE,FALSE
07/06/2026,07/06/2026 15:30:00,15,15:30,63680.98,63714.29,63702.27,63812.43,+131,LONG,63710.61,63784.88,TRUE,TRUE
07/06/2026,07/06/2026 15:45:00,15,15:45,63769.69,63792.5,63731.97,63784.89,-61,SHORT,63784.88,63784.6,TRUE,FALSE
07/06/2026,07/06/2026 16:00:00,16,16:00,63782.15,63812.85,63773.45,63806.08,-39,SHORT,63784.6,64258.73,FALSE,FALSE
07/06/2026,07/06/2026 16:15:00,16,16:15,64255.0,64365.24,64226.81,64336.47,-138,SHORT,64258.73,64175.65,TRUE,TRUE
07/06/2026,07/06/2026 16:30:00,16,16:30,64170.01,64222.31,64102.93,64195.39,-119,SHORT,64175.65,64178.53,FALSE,FALSE
07/06/2026,07/06/2026 16:45:00,16,16:45,64137.72,64178.53,64143.48,64184.64,+47,LONG,64178.53,64443.27,TRUE,FALSE
07/06/2026,07/06/2026 17:00:00,17,17:00,64341.55,64443.27,64351.56,64460.02,+118,LONG,64443.27,64323.5,FALSE,FALSE
07/06/2026,07/06/2026 17:15:00,17,17:15,64305.8,64341.54,64290.94,64332.0,-51,SHORT,64323.5,64172.0,TRUE,FALSE
07/06/2026,07/06/2026 17:30:00,17,17:30,64158.01,64195.4,64157.98,64187.5,-37,SHORT,64172.0,64163.78,TRUE,TRUE
07/06/2026,07/06/2026 17:45:00,17,17:45,64128.25,64163.8,64104.55,64163.78,-59,SHORT,64163.78,64203.41,FALSE,FALSE
07/06/2026,07/06/2026 18:00:00,18,18:00,64166.58,64203.42,64176.38,64221.04,+54,LONG,64203.41,64229.56,TRUE,FALSE
07/06/2026,07/06/2026 18:15:00,18,18:15,64207.25,64230.76,64169.49,64246.3,-61,SHORT,64229.56,64052.2,TRUE,FALSE
07/06/2026,07/06/2026 18:30:00,18,18:30,64051.98,64084.79,64052.2,64108.49,+57,LONG,64052.2,64023.53,FALSE,TRUE
07/06/2026,07/06/2026 18:45:00,18,18:45,64018.97,64030.33,63990.85,64041.34,-39,SHORT,64023.53,64001.84,TRUE,FALSE
07/06/2026,07/06/2026 19:00:00,19,19:00,63979.8,64001.84,63991.72,64032.73,+53,LONG,64001.84,63986.04,FALSE,TRUE
07/06/2026,07/06/2026 19:15:00,19,19:15,63975.28,64009.73,63957.1,64041.35,+66,LONG,63986.04,64200.88,TRUE,TRUE
07/06/2026,07/06/2026 19:30:00,19,19:30,64200.15,64258.59,64122.36,64208.55,-136,SHORT,64200.88,64041.37,TRUE,FALSE
07/06/2026,07/06/2026 19:45:00,19,19:45,64007.3,64041.38,64031.0,64146.17,+139,LONG,64041.37,64153.79,TRUE,FALSE
07/06/2026,07/06/2026 20:00:00,20,20:00,64147.2,64171.69,64025.56,64160.49,-146,SHORT,64153.79,63929.2,TRUE,FALSE
07/06/2026,07/06/2026 20:15:00,20,20:15,63891.25,63978.14,63907.05,63976.22,+85,LONG,63929.2,63903.09,FALSE,TRUE
07/06/2026,07/06/2026 20:30:00,20,20:30,63877.05,63949.17,63860.31,63918.84,-89,SHORT,63903.09,63909.45,FALSE,TRUE
07/06/2026,07/06/2026 20:45:00,20,20:45,63800.01,63909.45,63890.89,63944.88,+145,LONG,63909.45,63797.37,FALSE,TRUE
07/06/2026,07/06/2026 21:00:00,21,21:00,63776.7,63901.01,63780.65,63864.63,-120,SHORT,63797.37,63774.9,TRUE,FALSE
07/06/2026,07/06/2026 21:15:00,21,21:15,63771.35,63803.84,63756.95,63835.1,+64,LONG,63774.9,63522.0,FALSE,TRUE
07/06/2026,07/06/2026 21:30:00,21,21:30,63522.0,63575.27,63440.0,63543.64,-135,SHORT,63522.0,63552.8,FALSE,TRUE
07/06/2026,07/06/2026 21:45:00,21,21:45,63520.0,63555.5,63520.01,63573.19,+53,LONG,63552.8,63280.27,FALSE,TRUE
07/06/2026,07/06/2026 22:00:00,22,22:00,63256.88,63294.72,63188.83,63314.54,-106,SHORT,63280.27,63279.88,TRUE,FALSE
07/06/2026,07/06/2026 22:15:00,22,22:15,63279.87,63359.05,63212.76,63313.13,-146,SHORT,63279.88,63242.77,TRUE,TRUE
07/06/2026,07/06/2026 22:30:00,22,22:30,63183.79,63247.56,63242.77,63275.04,+91,LONG,63242.77,63168.03,FALSE,TRUE
07/06/2026,07/06/2026 22:45:00,22,22:45,63131.25,63168.04,63100.0,63168.03,-68,SHORT,63168.03,63140.03,TRUE,FALSE
07/06/2026,07/06/2026 23:00:00,23,23:00,63110.92,63140.04,63128.9,63165.87,+55,LONG,63140.03,63147.3,TRUE,FALSE
07/06/2026,07/06/2026 23:15:00,23,23:15,63147.3,63212.99,63139.01,63169.49,-74,SHORT,63147.3,63211.85,FALSE,TRUE
07/06/2026,07/06/2026 23:30:00,23,23:30,63190.61,63230.17,63176.3,63241.2,-54,SHORT,63211.85,63101.86,TRUE,TRUE
07/06/2026,07/06/2026 23:45:00,23,23:45,63101.25,63147.16,63101.87,63117.09,-45,SHORT,63101.86,63048.38,TRUE,TRUE
07/07/2026,07/07/2026 00:00:00,0,00:00,63041.93,63068.28,63027.0,63067.99,-41,SHORT,63048.38,62773.39,TRUE,TRUE
07/07/2026,07/07/2026 00:15:00,0,00:15,62740.47,62916.7,62765.78,62826.04,-151,SHORT,62773.39,62885.53,FALSE,FALSE
07/07/2026,07/07/2026 00:30:00,0,00:30,62828.7,62885.53,62885.52,63042.0,+213,LONG,62885.53,63116.75,TRUE,FALSE
07/07/2026,07/07/2026 00:45:00,0,00:45,63094.67,63119.42,63116.01,63143.99,+49,LONG,63116.75,63074.74,FALSE,FALSE
07/07/2026,07/07/2026 01:00:00,1,01:00,63065.7,63093.36,63069.19,63099.81,+34,LONG,63074.74,62982.74,FALSE,FALSE
07/07/2026,07/07/2026 01:15:00,1,01:15,62931.86,62982.74,62982.74,63089.4,+158,LONG,62982.74,63108.2,TRUE,TRUE
07/07/2026,07/07/2026 01:30:00,1,01:30,63075.0,63122.87,63077.77,63140.01,+65,LONG,63108.2,63209.35,TRUE,TRUE
07/07/2026,07/07/2026 01:45:00,1,01:45,63182.43,63209.35,63183.05,63215.96,+34,LONG,63209.35,63283.01,TRUE,TRUE
07/07/2026,07/07/2026 02:00:00,2,02:00,63277.05,63317.71,63252.63,63358.47,+81,LONG,63283.01,63335.28,TRUE,TRUE
07/07/2026,07/07/2026 02:15:00,2,02:15,63306.42,63351.65,63318.59,63346.25,+40,LONG,63335.28,63194.32,FALSE,FALSE
07/07/2026,07/07/2026 02:30:00,2,02:30,63191.16,63239.43,63191.16,63225.0,-48,SHORT,63194.32,63097.16,TRUE,FALSE
07/07/2026,07/07/2026 02:45:00,2,02:45,63074.33,63165.76,63094.01,63115.19,-72,SHORT,63097.16,63035.46,TRUE,TRUE
07/07/2026,07/07/2026 03:00:00,3,03:00,63017.6,63056.72,63022.89,63066.85,+49,LONG,63035.46,63064.82,TRUE,FALSE
07/07/2026,07/07/2026 03:15:00,3,03:15,63063.22,63134.22,63021.49,63103.09,-113,SHORT,63064.82,63031.4,TRUE,FALSE
07/07/2026,07/07/2026 03:30:00,3,03:30,62998.8,63049.64,62923.26,63036.4,-126,SHORT,63031.4,63040.15,FALSE,FALSE
07/07/2026,07/07/2026 03:45:00,3,03:45,63000.0,63040.15,63011.87,63047.29,+47,LONG,63040.15,63045.74,TRUE,FALSE
07/07/2026,07/07/2026 04:00:00,4,04:00,63043.92,63090.68,63002.56,63045.75,-88,SHORT,63045.74,63188.22,FALSE,TRUE
07/07/2026,07/07/2026 04:15:00,4,04:15,63154.01,63190.64,63170.01,63190.56,+37,LONG,63188.22,63107.51,FALSE,TRUE
07/07/2026,07/07/2026 04:30:00,4,04:30,63107.51,63141.79,63083.59,63117.88,-58,SHORT,63107.51,63232.49,FALSE,TRUE
07/07/2026,07/07/2026 04:45:00,4,04:45,63205.02,63237.78,63200.24,63288.0,+83,LONG,63232.49,63192.0,FALSE,TRUE
07/07/2026,07/07/2026 05:00:00,5,05:00,63174.0,63209.11,63184.43,63228.89,+55,LONG,63192.0,63296.28,TRUE,TRUE
07/07/2026,07/07/2026 05:15:00,5,05:15,63286.07,63332.97,63296.29,63347.25,+61,LONG,63296.28,63247.57,FALSE,FALSE
07/07/2026,07/07/2026 05:30:00,5,05:30,63244.93,63316.93,63168.0,63247.58,-149,SHORT,63247.57,63219.08,TRUE,FALSE
07/07/2026,07/07/2026 05:45:00,5,05:45,63219.08,63248.49,63208.0,63224.78,-40,SHORT,63219.08,63228.0,FALSE,FALSE
07/07/2026,07/07/2026 06:00:00,6,06:00,63191.02,63228.01,63105.21,63226.43,-123,SHORT,63228.0,63097.81,TRUE,TRUE
07/07/2026,07/07/2026 06:15:00,6,06:15,63088.0,63104.41,63064.68,63110.11,-40,SHORT,63097.81,63114.95,FALSE,FALSE
07/07/2026,07/07/2026 06:30:00,6,06:30,63105.0,63127.94,63112.68,63143.57,+39,LONG,63114.95,63203.63,TRUE,FALSE
07/07/2026,07/07/2026 06:45:00,6,06:45,63134.15,63203.63,63203.63,63370.88,+237,LONG,63203.63,63345.26,TRUE,TRUE
07/07/2026,07/07/2026 07:00:00,7,07:00,63325.65,63357.44,63333.0,63367.02,+41,LONG,63345.26,63759.46,TRUE,TRUE
07/07/2026,07/07/2026 07:15:00,7,07:15,63717.03,63777.0,63643.68,63759.47,-133,SHORT,63759.46,63649.55,TRUE,FALSE
07/07/2026,07/07/2026 07:30:00,7,07:30,63632.78,63662.98,63491.51,63652.14,-171,SHORT,63649.55,63554.0,TRUE,TRUE
07/07/2026,07/07/2026 07:45:00,7,07:45,63513.35,63558.76,63489.28,63552.63,-69,SHORT,63554.0,63418.3,TRUE,TRUE
07/07/2026,07/07/2026 08:00:00,8,08:00,63392.8,63439.09,63340.0,63418.31,-99,SHORT,63418.3,63269.9,TRUE,TRUE
07/07/2026,07/07/2026 08:15:00,8,08:15,63269.26,63317.82,63195.92,63300.14,-122,SHORT,63269.9,63045.37,TRUE,TRUE
07/07/2026,07/07/2026 08:30:00,8,08:30,63008.31,63053.94,63021.61,63162.89,+155,LONG,63045.37,63102.23,TRUE,FALSE
07/07/2026,07/07/2026 08:45:00,8,08:45,63000.0,63108.83,63045.38,63300.13,+300,LONG,63102.23,62988.41,FALSE,FALSE
07/07/2026,07/07/2026 09:00:00,9,09:00,62947.14,63026.08,62802.65,62991.2,-223,SHORT,62988.41,62908.52,TRUE,FALSE
07/07/2026,07/07/2026 09:15:00,9,09:15,62894.94,63066.41,62852.39,63002.21,-214,SHORT,62908.52,63085.42,FALSE,FALSE
07/07/2026,07/07/2026 09:30:00,9,09:30,62983.61,63091.49,63040.7,63160.0,+176,LONG,63085.42,62875.78,FALSE,TRUE
07/07/2026,07/07/2026 09:45:00,9,09:45,62836.95,62933.44,62872.59,63055.66,+219,LONG,62875.78,63499.75,TRUE,TRUE
07/07/2026,07/07/2026 10:00:00,10,10:00,63412.09,63574.19,63436.26,63562.42,+150,LONG,63499.75,63457.69,FALSE,FALSE
07/07/2026,07/07/2026 10:15:00,10,10:15,63428.25,63524.13,63435.25,63595.19,+167,LONG,63457.69,63690.98,TRUE,TRUE
07/07/2026,07/07/2026 10:30:00,10,10:30,63650.07,63749.33,63617.6,63750.0,-132,SHORT,63690.98,63794.59,FALSE,TRUE
07/07/2026,07/07/2026 10:45:00,10,10:45,63713.81,63809.66,63796.01,63985.0,+271,LONG,63794.59,63887.99,TRUE,FALSE
07/07/2026,07/07/2026 11:00:00,11,11:00,63845.04,63907.17,63838.93,63930.07,+85,LONG,63887.99,63828.99,FALSE,FALSE
07/07/2026,07/07/2026 11:15:00,11,11:15,63772.53,63833.53,63824.07,63915.98,+143,LONG,63828.99,63947.24,TRUE,TRUE
07/07/2026,07/07/2026 11:30:00,11,11:30,63934.0,63995.62,63914.59,63998.79,-81,SHORT,63947.24,64007.34,FALSE,TRUE
07/07/2026,07/07/2026 11:45:00,11,11:45,63972.63,64012.91,63960.2,64007.35,-53,SHORT,64007.34,63936.87,TRUE,TRUE
07/07/2026,07/07/2026 12:00:00,12,12:00,63928.0,63990.4,63913.46,63995.19,-77,SHORT,63936.87,63964.06,FALSE,FALSE
07/07/2026,07/07/2026 12:15:00,12,12:15,63950.02,64052.83,63848.26,63983.36,-205,SHORT,63964.06,64096.15,FALSE,FALSE
07/07/2026,07/07/2026 12:30:00,12,12:30,64052.84,64113.04,64068.28,64113.5,+61,LONG,64096.15,64181.65,TRUE,FALSE
07/07/2026,07/07/2026 12:45:00,12,12:45,64123.49,64193.46,64079.86,64181.66,-114,SHORT,64181.65,64145.47,TRUE,FALSE
07/07/2026,07/07/2026 13:00:00,13,13:00,64122.33,64157.06,64052.84,64145.47,-104,SHORT,64145.47,63971.17,TRUE,TRUE
07/07/2026,07/07/2026 13:15:00,13,13:15,63968.0,64001.53,63961.42,64009.99,+42,LONG,63971.17,63938.8,FALSE,TRUE
07/07/2026,07/07/2026 13:30:00,13,13:30,63921.6,63980.93,63910.0,63949.94,-71,SHORT,63938.8,64045.11,FALSE,TRUE
07/07/2026,07/07/2026 13:45:00,13,13:45,63967.9,64045.11,64034.99,64095.29,+127,LONG,64045.11,63633.98,FALSE,TRUE
07/07/2026,07/07/2026 14:00:00,14,14:00,63628.24,63686.0,63524.02,63670.7,-162,SHORT,63633.98,63491.25,TRUE,FALSE
07/07/2026,07/07/2026 14:15:00,14,14:15,63489.92,63570.82,63444.84,63504.71,-126,SHORT,63491.25,63552.66,FALSE,FALSE
07/07/2026,07/07/2026 14:30:00,14,14:30,63546.71,63646.0,63554.24,63661.86,+115,LONG,63552.66,63761.97,TRUE,FALSE
07/07/2026,07/07/2026 14:45:00,14,14:45,63740.0,63766.51,63732.67,63858.0,+118,LONG,63761.97,63776.81,TRUE,TRUE
07/07/2026,07/07/2026 15:00:00,15,15:00,63736.32,63784.57,63771.13,63828.0,+92,LONG,63776.81,63740.17,FALSE,FALSE
07/07/2026,07/07/2026 15:15:00,15,15:15,63697.72,63740.18,63721.68,63778.36,+81,LONG,63740.17,63693.85,FALSE,FALSE
07/07/2026,07/07/2026 15:30:00,15,15:30,63672.29,63711.46,63678.42,63710.01,+38,LONG,63693.85,63637.94,FALSE,FALSE
07/07/2026,07/07/2026 15:45:00,15,15:45,63620.0,63644.99,63616.66,63640.33,-28,SHORT,63637.94,63656.97,FALSE,TRUE
07/07/2026,07/07/2026 16:00:00,16,16:00,63626.54,63660.78,63656.97,63767.19,+141,LONG,63656.97,63744.04,TRUE,FALSE
07/07/2026,07/07/2026 16:15:00,16,16:15,63744.04,63770.19,63592.59,63744.04,-178,SHORT,63744.04,63478.64,TRUE,FALSE
07/07/2026,07/07/2026 16:30:00,16,16:30,63440.19,63478.64,63400.0,63478.63,-79,SHORT,63478.64,63361.89,TRUE,TRUE
07/07/2026,07/07/2026 16:45:00,16,16:45,63315.58,63385.05,63331.71,63439.09,+124,LONG,63361.89,63388.7,TRUE,FALSE
07/07/2026,07/07/2026 17:00:00,17,17:00,63338.74,63395.71,63177.61,63388.7,-218,SHORT,63388.7,63419.79,FALSE,TRUE
07/07/2026,07/07/2026 17:15:00,17,17:15,63402.0,63420.15,63416.01,63439.09,+37,LONG,63419.79,63423.33,TRUE,FALSE
07/07/2026,07/07/2026 17:30:00,17,17:30,63385.05,63425.89,63388.38,63420.49,-38,SHORT,63423.33,63565.25,FALSE,TRUE
07/07/2026,07/07/2026 17:45:00,17,17:45,63564.8,63582.88,63525.0,63565.25,-58,SHORT,63565.25,63505.07,TRUE,TRUE
07/07/2026,07/07/2026 18:00:00,18,18:00,63488.35,63537.33,63480.03,63559.05,+71,LONG,63505.07,63601.21,TRUE,FALSE
07/07/2026,07/07/2026 18:15:00,18,18:15,63574.23,63601.21,63596.96,63647.54,+73,LONG,63601.21,63614.39,TRUE,TRUE
07/07/2026,07/07/2026 18:30:00,18,18:30,63603.75,63622.04,63601.22,63624.24,-21,SHORT,63614.39,63401.19,TRUE,FALSE
07/07/2026,07/07/2026 18:45:00,18,18:45,63401.19,63475.37,63380.67,63408.21,-95,SHORT,63401.19,63323.27,TRUE,TRUE
07/07/2026,07/07/2026 19:00:00,19,19:00,63273.13,63327.14,63264.0,63373.48,+100,LONG,63323.27,63454.91,TRUE,FALSE
07/07/2026,07/07/2026 19:15:00,19,19:15,63434.01,63476.51,63412.52,63481.18,-64,SHORT,63454.91,63570.33,FALSE,TRUE
07/07/2026,07/07/2026 19:30:00,19,19:30,63508.58,63597.39,63547.18,63595.61,+87,LONG,63570.33,63666.6,TRUE,FALSE
07/07/2026,07/07/2026 19:45:00,19,19:45,63623.02,63720.88,63626.28,63675.05,-95,SHORT,63666.6,63571.75,TRUE,FALSE
07/07/2026,07/07/2026 20:00:00,20,20:00,63561.82,63593.17,63531.74,63572.34,-61,SHORT,63571.75,63591.87,FALSE,FALSE
07/07/2026,07/07/2026 20:15:00,20,20:15,63527.87,63605.73,63511.02,63591.87,-95,SHORT,63591.87,63383.17,TRUE,TRUE
07/07/2026,07/07/2026 20:30:00,20,20:30,63383.17,63493.14,63354.18,63408.22,-139,SHORT,63383.17,63103.98,TRUE,TRUE
07/07/2026,07/07/2026 20:45:00,20,20:45,63039.91,63133.99,63092.0,63153.17,+113,LONG,63103.98,62988.19,FALSE,TRUE
07/07/2026,07/07/2026 21:00:00,21,21:00,62976.0,63036.32,62845.29,62988.19,-191,SHORT,62988.19,62837.66,TRUE,FALSE
07/07/2026,07/07/2026 21:15:00,21,21:15,62836.94,62905.16,62767.49,62863.95,-138,SHORT,62837.66,62834.39,TRUE,TRUE
07/07/2026,07/07/2026 21:30:00,21,21:30,62822.5,62937.8,62779.04,62868.68,-159,SHORT,62834.39,62926.2,FALSE,FALSE
07/07/2026,07/07/2026 21:45:00,21,21:45,62889.49,62931.66,62900.01,63029.23,+140,LONG,62926.2,62937.29,TRUE,FALSE
07/07/2026,07/07/2026 22:00:00,22,22:00,62903.27,62940.03,62938.56,62983.52,+80,LONG,62937.29,63020.27,TRUE,TRUE
07/07/2026,07/07/2026 22:15:00,22,22:15,63016.27,63044.75,62975.9,63020.28,-69,SHORT,63020.27,63003.48,TRUE,FALSE
07/07/2026,07/07/2026 22:30:00,22,22:30,62975.0,63009.79,62958.49,63003.48,-51,SHORT,63003.48,62900.51,TRUE,TRUE
07/07/2026,07/07/2026 22:45:00,22,22:45,62896.0,62914.21,62842.52,62901.88,-72,SHORT,62900.51,62718.59,TRUE,TRUE
07/07/2026,07/07/2026 23:00:00,23,23:00,62696.0,62720.0,62682.56,62740.43,+44,LONG,62718.59,62748.72,TRUE,FALSE
07/07/2026,07/07/2026 23:15:00,23,23:15,62741.62,62787.98,62744.57,62778.91,-43,SHORT,62748.72,62829.21,FALSE,TRUE
07/07/2026,07/07/2026 23:30:00,23,23:30,62816.24,62829.22,62823.19,62847.91,+32,LONG,62829.21,62690.24,FALSE,TRUE
07/07/2026,07/07/2026 23:45:00,23,23:45,62678.68,62725.01,62659.38,62700.49,-66,SHORT,62690.24,62745.99,FALSE,TRUE
07/08/2026,07/08/2026 00:00:00,0,00:00,62697.14,62772.26,62712.01,62762.24,+65,LONG,62745.99,62746.0,TRUE,FALSE
07/08/2026,07/08/2026 00:15:00,0,00:15,62740.44,62764.36,62740.44,62759.02,-24,SHORT,62746.0,62721.12,TRUE,FALSE
07/08/2026,07/08/2026 00:30:00,0,00:30,62679.4,62721.13,62690.96,62725.99,+47,LONG,62721.12,62567.95,FALSE,TRUE
07/08/2026,07/08/2026 00:45:00,0,00:45,62564.41,62619.41,62555.3,62589.47,-64,SHORT,62567.95,62588.76,FALSE,TRUE
07/08/2026,07/08/2026 01:00:00,1,01:00,62575.49,62593.77,62524.35,62594.72,-69,SHORT,62588.76,62571.14,TRUE,TRUE
07/08/2026,07/08/2026 01:15:00,1,01:15,62508.84,62573.0,62547.43,62582.17,+73,LONG,62571.14,62568.77,FALSE,TRUE
07/08/2026,07/08/2026 01:30:00,1,01:30,62564.06,62646.92,62485.68,62574.46,-161,SHORT,62568.77,62489.54,TRUE,FALSE
07/08/2026,07/08/2026 01:45:00,1,01:45,62483.29,62506.42,62477.96,62506.91,-28,SHORT,62489.54,62605.9,FALSE,FALSE
07/08/2026,07/08/2026 02:00:00,2,02:00,62584.04,62606.0,62530.19,62615.09,-76,SHORT,62605.9,62686.5,FALSE,FALSE
07/08/2026,07/08/2026 02:15:00,2,02:15,62617.73,62695.02,62633.6,62686.49,+69,LONG,62686.5,62760.0,TRUE,FALSE
07/08/2026,07/08/2026 02:30:00,2,02:30,62730.33,62774.17,62752.57,62801.41,+71,LONG,62760.0,62778.0,TRUE,TRUE
07/08/2026,07/08/2026 02:45:00,2,02:45,62724.02,62779.23,62742.5,62778.01,+54,LONG,62778.0,62834.44,TRUE,TRUE
07/08/2026,07/08/2026 03:00:00,3,03:00,62822.3,62841.39,62796.98,62838.02,-44,SHORT,62834.44,62781.04,TRUE,FALSE
07/08/2026,07/08/2026 03:15:00,3,03:15,62733.5,62781.04,62541.1,62796.36,-240,SHORT,62781.04,62025.65,TRUE,TRUE
07/08/2026,07/08/2026 03:30:00,3,03:30,62022.0,62111.88,61962.14,62104.49,-150,SHORT,62025.65,61987.05,TRUE,TRUE
07/08/2026,07/08/2026 03:45:00,3,03:45,61868.4,62033.97,61975.0,62141.23,+273,LONG,61987.05,61959.96,FALSE,TRUE
07/08/2026,07/08/2026 04:00:00,4,04:00,61934.31,61998.97,61874.46,62011.99,-125,SHORT,61959.96,61823.3,TRUE,FALSE
07/08/2026,07/08/2026 04:15:00,4,04:15,61823.3,61891.75,61734.5,61850.0,-157,SHORT,61823.3,61877.63,FALSE,FALSE
07/08/2026,07/08/2026 04:30:00,4,04:30,61823.47,61880.82,61875.36,62000.9,+177,LONG,61877.63,62080.47,TRUE,FALSE
07/08/2026,07/08/2026 04:45:00,4,04:45,62024.2,62086.0,62012.03,62082.29,-74,SHORT,62080.47,62001.81,TRUE,FALSE
07/08/2026,07/08/2026 05:00:00,5,05:00,61998.96,62028.74,61919.51,62037.89,-109,SHORT,62001.81,61938.1,TRUE,TRUE
07/08/2026,07/08/2026 05:15:00,5,05:15,61880.8,61941.52,61919.51,61959.97,+79,LONG,61938.1,62053.09,TRUE,FALSE
07/08/2026,07/08/2026 05:30:00,5,05:30,62025.18,62054.93,62004.6,62076.79,+52,LONG,62053.09,62086.02,TRUE,TRUE
07/08/2026,07/08/2026 05:45:00,5,05:45,62071.8,62096.73,62074.9,62097.03,+25,LONG,62086.02,62127.99,TRUE,TRUE
07/08/2026,07/08/2026 06:00:00,6,06:00,62071.2,62128.01,62081.0,62135.92,+65,LONG,62127.99,62058.06,FALSE,FALSE
07/08/2026,07/08/2026 06:15:00,6,06:15,62054.17,62078.78,62032.08,62071.2,-47,SHORT,62058.06,62065.99,FALSE,TRUE
07/08/2026,07/08/2026 06:30:00,6,06:30,62000.91,62066.63,62052.95,62095.09,+94,LONG,62065.99,62282.21,TRUE,FALSE
07/08/2026,07/08/2026 06:45:00,6,06:45,62076.44,62341.3,62219.2,62282.1,+206,LONG,62282.21,62249.32,FALSE,FALSE
07/08/2026,07/08/2026 07:00:00,7,07:00,62221.38,62251.28,62152.0,62249.33,-99,SHORT,62249.32,62260.49,FALSE,TRUE
07/08/2026,07/08/2026 07:15:00,7,07:15,62260.49,62327.62,62234.01,62315.4,-94,SHORT,62260.49,62228.64,TRUE,TRUE
07/08/2026,07/08/2026 07:30:00,7,07:30,62183.52,62244.2,62178.06,62248.8,-66,SHORT,62228.64,62044.96,TRUE,TRUE
07/08/2026,07/08/2026 07:45:00,7,07:45,62033.02,62051.03,62023.1,62044.97,-28,SHORT,62044.96,61894.21,TRUE,TRUE
07/08/2026,07/08/2026 08:00:00,8,08:00,61894.2,61962.01,61873.76,61922.6,-88,SHORT,61894.21,61858.66,TRUE,TRUE
07/08/2026,07/08/2026 08:15:00,8,08:15,61835.02,61912.1,61809.25,61874.49,-103,SHORT,61858.66,61763.3,TRUE,TRUE
07/08/2026,07/08/2026 08:30:00,8,08:30,61723.41,61797.4,61763.31,61894.86,+171,LONG,61763.3,61890.0,TRUE,FALSE
07/08/2026,07/08/2026 08:45:00,8,08:45,61884.93,61944.79,61816.52,61896.07,-128,SHORT,61890.0,61878.01,TRUE,FALSE
07/08/2026,07/08/2026 09:00:00,9,09:00,61707.75,61901.92,61860.3,61989.8,+282,LONG,61878.01,61974.91,TRUE,FALSE
07/08/2026,07/08/2026 09:15:00,9,09:15,61963.0,62085.78,61750.77,61980.49,-335,SHORT,61974.91,61938.01,TRUE,FALSE
07/08/2026,07/08/2026 09:30:00,9,09:30,61902.01,61996.6,61841.8,61952.48,-155,SHORT,61938.01,61842.63,TRUE,TRUE
07/08/2026,07/08/2026 09:45:00,9,09:45,61769.0,61895.09,61646.32,61846.8,-249,SHORT,61842.63,61830.69,TRUE,TRUE
07/08/2026,07/08/2026 10:00:00,10,10:00,61807.76,61844.5,61753.81,61860.05,-91,SHORT,61830.69,61534.02,TRUE,TRUE
07/08/2026,07/08/2026 10:15:00,10,10:15,61453.09,61702.61,61486.61,61577.93,-216,SHORT,61534.02,61553.76,FALSE,FALSE
07/08/2026,07/08/2026 10:30:00,10,10:30,61543.96,61614.0,61503.02,61575.5,-111,SHORT,61553.76,61543.99,TRUE,TRUE
07/08/2026,07/08/2026 10:45:00,10,10:45,61515.0,61560.76,61511.29,61610.95,+96,LONG,61543.99,61630.9,TRUE,FALSE
07/08/2026,07/08/2026 11:00:00,11,11:00,61601.99,61660.55,61627.21,61720.0,+118,LONG,61630.9,61767.2,TRUE,TRUE
07/08/2026,07/08/2026 11:15:00,11,11:15,61761.62,61801.92,61716.01,61775.19,-86,SHORT,61767.2,61852.92,FALSE,TRUE
07/08/2026,07/08/2026 11:30:00,11,11:30,61852.91,61921.02,61835.0,61889.5,-86,SHORT,61852.92,61992.43,FALSE,FALSE
07/08/2026,07/08/2026 11:45:00,11,11:45,61955.13,62025.0,61954.31,61999.68,-71,SHORT,61992.43,62045.79,FALSE,FALSE
07/08/2026,07/08/2026 12:00:00,12,12:00,62036.25,62062.72,62008.31,62048.0,-54,SHORT,62045.79,61995.0,TRUE,TRUE
07/08/2026,07/08/2026 12:15:00,12,12:15,61995.0,62041.6,61978.0,62052.7,-64,SHORT,61995.0,62254.6,FALSE,FALSE
07/08/2026,07/08/2026 12:30:00,12,12:30,62196.69,62260.66,62219.8,62285.8,+89,LONG,62254.6,62205.8,FALSE,TRUE
07/08/2026,07/08/2026 12:45:00,12,12:45,62193.31,62220.7,62167.4,62222.0,-53,SHORT,62205.8,62052.69,TRUE,FALSE
07/08/2026,07/08/2026 13:00:00,13,13:00,62020.12,62058.71,62033.04,62199.8,+180,LONG,62052.69,62235.3,TRUE,FALSE
07/08/2026,07/08/2026 13:15:00,13,13:15,62200.58,62248.21,62211.46,62260.12,+60,LONG,62235.3,62132.23,FALSE,FALSE
07/08/2026,07/08/2026 13:30:00,13,13:30,62127.61,62185.89,62055.97,62132.24,-130,SHORT,62132.23,62038.7,TRUE,FALSE
07/08/2026,07/08/2026 13:45:00,13,13:45,62013.21,62038.71,62019.4,62105.29,+92,LONG,62038.7,62126.23,TRUE,FALSE
07/08/2026,07/08/2026 14:00:00,14,14:00,62108.2,62136.0,62126.23,62215.49,+107,LONG,62126.23,62035.38,FALSE,FALSE
07/08/2026,07/08/2026 14:15:00,14,14:15,62030.64,62071.39,62004.6,62040.5,-67,SHORT,62035.38,62174.03,FALSE,TRUE
07/08/2026,07/08/2026 14:30:00,14,14:30,62141.52,62182.2,62145.21,62197.0,+55,LONG,62174.03,62225.83,TRUE,FALSE
07/08/2026,07/08/2026 14:45:00,14,14:45,62196.94,62232.17,62156.3,62230.44,-76,SHORT,62225.83,62223.7,TRUE,FALSE
07/08/2026,07/08/2026 15:00:00,15,15:00,62141.51,62237.69,62144.44,62227.95,-93,SHORT,62223.7,62202.77,TRUE,TRUE
07/08/2026,07/08/2026 15:15:00,15,15:15,62177.0,62208.0,62156.87,62202.77,-51,SHORT,62202.77,62217.65,FALSE,FALSE
07/08/2026,07/08/2026 15:30:00,15,15:30,62188.35,62219.19,62180.0,62221.83,-39,SHORT,62217.65,62144.39,TRUE,TRUE
07/08/2026,07/08/2026 15:45:00,15,15:45,62143.67,62178.5,62126.7,62147.55,-52,SHORT,62144.39,62059.56,TRUE,TRUE
07/08/2026,07/08/2026 16:00:00,16,16:00,62045.3,62069.96,62037.9,62060.38,-32,SHORT,62059.56,61949.1,TRUE,TRUE
07/08/2026,07/08/2026 16:15:00,16,16:15,61905.45,61959.58,61928.1,61971.03,+66,LONG,61949.1,62049.08,TRUE,FALSE
07/08/2026,07/08/2026 16:30:00,16,16:30,62036.69,62050.65,62041.6,62089.7,+53,LONG,62049.08,62029.91,FALSE,FALSE
07/08/2026,07/08/2026 16:45:00,16,16:45,61996.55,62069.67,62024.48,62080.25,+84,LONG,62029.91,62132.1,TRUE,TRUE
07/08/2026,07/08/2026 17:00:00,17,17:00,62123.01,62186.42,62123.94,62187.79,+65,LONG,62132.1,62159.9,TRUE,TRUE
07/08/2026,07/08/2026 17:15:00,17,17:15,62156.4,62185.91,62156.4,62204.12,+48,LONG,62159.9,62253.99,TRUE,TRUE
07/08/2026,07/08/2026 17:30:00,17,17:30,62221.6,62254.99,62207.01,62285.78,+64,LONG,62253.99,62270.87,TRUE,TRUE
07/08/2026,07/08/2026 17:45:00,17,17:45,62262.67,62278.17,62241.4,62280.18,-37,SHORT,62270.87,62283.35,FALSE,TRUE
07/08/2026,07/08/2026 18:00:00,18,18:00,62256.37,62289.49,62252.5,62283.36,-37,SHORT,62283.35,62279.13,TRUE,TRUE
07/08/2026,07/08/2026 18:15:00,18,18:15,62266.54,62282.0,62256.94,62279.13,-25,SHORT,62279.13,62218.82,TRUE,TRUE
07/08/2026,07/08/2026 18:30:00,18,18:30,62170.0,62218.83,62118.17,62218.82,-101,SHORT,62218.82,62211.51,TRUE,TRUE
07/08/2026,07/08/2026 18:45:00,18,18:45,62173.35,62222.37,62178.5,62245.1,+72,LONG,62211.51,62237.7,TRUE,FALSE
07/08/2026,07/08/2026 19:00:00,19,19:00,62236.43,62269.03,62176.03,62267.3,-93,SHORT,62237.7,62193.31,TRUE,FALSE
07/08/2026,07/08/2026 19:15:00,19,19:15,62178.5,62210.1,62156.02,62211.79,-54,SHORT,62193.31,62144.03,TRUE,TRUE
07/08/2026,07/08/2026 19:30:00,19,19:30,62101.85,62147.09,62141.49,62236.0,+134,LONG,62144.03,62154.74,TRUE,FALSE
07/08/2026,07/08/2026 19:45:00,19,19:45,62118.34,62157.18,62137.8,62197.0,+79,LONG,62154.74,62084.54,FALSE,FALSE
07/08/2026,07/08/2026 20:00:00,20,20:00,62052.69,62084.54,62064.11,62139.65,+87,LONG,62084.54,62354.32,TRUE,TRUE
07/08/2026,07/08/2026 20:15:00,20,20:15,62321.99,62361.98,62308.0,62388.19,+66,LONG,62354.32,62344.99,FALSE,FALSE
07/08/2026,07/08/2026 20:30:00,20,20:30,62335.99,62411.6,62182.2,62361.01,-229,SHORT,62344.99,62062.58,TRUE,FALSE
07/08/2026,07/08/2026 20:45:00,20,20:45,62028.0,62062.74,61923.21,62069.97,-140,SHORT,62062.58,61856.65,TRUE,TRUE
07/08/2026,07/08/2026 21:00:00,21,21:00,61833.86,61893.48,61823.91,61884.05,-70,SHORT,61856.65,62028.4,FALSE,FALSE
07/08/2026,07/08/2026 21:15:00,21,21:15,61993.98,62037.89,61989.8,62070.42,+76,LONG,62028.4,61952.81,FALSE,TRUE
07/08/2026,07/08/2026 21:30:00,21,21:30,61900.78,61970.6,61949.1,61982.39,+82,LONG,61952.81,61753.01,FALSE,FALSE
07/08/2026,07/08/2026 21:45:00,21,21:45,61753.01,61815.9,61742.65,61792.7,-73,SHORT,61753.01,61730.17,TRUE,FALSE
07/08/2026,07/08/2026 22:00:00,22,22:00,61720.93,61745.6,61700.0,61749.29,-46,SHORT,61730.17,61796.35,FALSE,FALSE
07/08/2026,07/08/2026 22:15:00,22,22:15,61764.7,61807.89,61790.0,61841.8,+77,LONG,61796.35,61863.08,TRUE,FALSE
07/08/2026,07/08/2026 22:30:00,22,22:30,61774.44,61863.45,61864.0,61919.49,+145,LONG,61863.08,61925.24,TRUE,TRUE
07/08/2026,07/08/2026 22:45:00,22,22:45,61880.14,61932.04,61886.81,61925.25,-45,SHORT,61925.24,61913.99,TRUE,FALSE
07/08/2026,07/08/2026 23:00:00,23,23:00,61901.31,61938.0,61897.46,61974.33,+73,LONG,61913.99,61971.7,TRUE,FALSE
07/08/2026,07/08/2026 23:15:00,23,23:15,61971.7,62019.0,61971.7,62050.0,+78,LONG,61971.7,62039.75,TRUE,TRUE
07/08/2026,07/08/2026 23:30:00,23,23:30,62011.99,62040.38,62034.8,62104.49,+92,LONG,62039.75,62252.49,TRUE,TRUE
07/08/2026,07/08/2026 23:45:00,23,23:45,62230.95,62252.49,62230.3,62274.69,+44,LONG,62252.49,62396.79,TRUE,TRUE
07/09/2026,07/09/2026 00:00:00,0,00:00,62382.1,62404.19,62328.59,62418.99,-76,SHORT,62396.79,62448.58,FALSE,TRUE
07/09/2026,07/09/2026 00:15:00,0,00:15,62428.32,62521.92,62406.2,62480.39,-116,SHORT,62448.58,62251.91,TRUE,TRUE
07/09/2026,07/09/2026 00:30:00,0,00:30,62229.38,62263.59,62193.3,62263.01,-70,SHORT,62251.91,62326.49,FALSE,FALSE
07/09/2026,07/09/2026 00:45:00,0,00:45,62294.01,62326.49,62301.49,62352.39,+58,LONG,62326.49,62537.39,TRUE,FALSE
07/09/2026,07/09/2026 01:00:00,1,01:00,62488.0,62537.4,62515.2,62650.0,+162,LONG,62537.39,62478.19,FALSE,FALSE
07/09/2026,07/09/2026 01:15:00,1,01:15,62459.69,62489.3,62441.2,62525.09,+65,LONG,62478.19,62762.86,TRUE,TRUE
07/09/2026,07/09/2026 01:30:00,1,01:30,62718.7,62798.66,62692.8,62762.86,-106,SHORT,62762.86,62798.52,FALSE,TRUE
07/09/2026,07/09/2026 01:45:00,1,01:45,62738.33,62799.54,62761.22,62800.1,+62,LONG,62798.52,62903.46,TRUE,FALSE
07/09/2026,07/09/2026 02:00:00,2,02:00,62815.0,62924.31,62892.6,62990.68,+176,LONG,62903.46,62885.27,FALSE,FALSE
07/09/2026,07/09/2026 02:15:00,2,02:15,62812.01,62895.17,62803.91,62888.66,-91,SHORT,62885.27,62862.58,TRUE,FALSE
07/09/2026,07/09/2026 02:30:00,2,02:30,62820.32,62878.87,62794.24,62865.05,-85,SHORT,62862.58,62986.45,FALSE,FALSE
07/09/2026,07/09/2026 02:45:00,2,02:45,62843.02,62989.71,62970.17,63065.34,+222,LONG,62986.45,62947.26,FALSE,TRUE
07/09/2026,07/09/2026 03:00:00,3,03:00,62916.66,62950.02,62888.78,62957.11,-61,SHORT,62947.26,62898.43,TRUE,FALSE
07/09/2026,07/09/2026 03:15:00,3,03:15,62879.0,62904.95,62869.1,62911.24,-36,SHORT,62898.43,62982.01,FALSE,FALSE
07/09/2026,07/09/2026 03:30:00,3,03:30,62973.91,62996.95,62946.01,62986.39,-51,SHORT,62982.01,62978.93,TRUE,TRUE
07/09/2026,07/09/2026 03:45:00,3,03:45,62966.55,63001.2,62914.74,62984.88,-86,SHORT,62978.93,62839.99,TRUE,TRUE
07/09/2026,07/09/2026 04:00:00,4,04:00,62820.4,62852.8,62790.41,62840.0,-62,SHORT,62839.99,62805.04,TRUE,TRUE
07/09/2026,07/09/2026 04:15:00,4,04:15,62802.6,62839.75,62778.02,62807.15,-62,SHORT,62805.04,62862.22,FALSE,FALSE
07/09/2026,07/09/2026 04:30:00,4,04:30,62851.73,62878.87,62829.98,62881.19,-49,SHORT,62862.22,62745.96,TRUE,TRUE
07/09/2026,07/09/2026 04:45:00,4,04:45,62729.82,62771.1,62732.18,62773.18,+43,LONG,62745.96,62896.06,TRUE,FALSE
07/09/2026,07/09/2026 05:00:00,5,05:00,62884.26,62907.38,62848.0,62897.45,-59,SHORT,62896.06,62947.31,FALSE,TRUE
07/09/2026,07/09/2026 05:15:00,5,05:15,62927.89,62958.88,62927.9,62950.2,-31,SHORT,62947.31,62823.75,TRUE,TRUE
07/09/2026,07/09/2026 05:30:00,5,05:30,62813.68,62833.23,62813.68,62840.03,+26,LONG,62823.75,62843.43,TRUE,FALSE
07/09/2026,07/09/2026 05:45:00,5,05:45,62810.89,62849.54,62767.31,62844.0,-82,SHORT,62843.43,62722.52,TRUE,FALSE
07/09/2026,07/09/2026 06:00:00,6,06:00,62705.69,62736.43,62691.0,62755.02,+49,LONG,62722.52,62745.01,TRUE,FALSE
07/09/2026,07/09/2026 06:15:00,6,06:15,62738.94,62763.99,62663.68,62745.01,-100,SHORT,62745.01,62641.98,TRUE,FALSE
07/09/2026,07/09/2026 06:30:00,6,06:30,62616.71,62657.19,62627.88,62663.72,+47,LONG,62641.98,62598.52,FALSE,TRUE
07/09/2026,07/09/2026 06:45:00,6,06:45,62578.96,62612.52,62540.46,62599.52,-72,SHORT,62598.52,62718.96,FALSE,TRUE
07/09/2026,07/09/2026 07:00:00,7,07:00,62712.64,62733.99,62689.81,62737.03,-44,SHORT,62718.96,62713.5,TRUE,TRUE
07/09/2026,07/09/2026 07:15:00,7,07:15,62713.49,62772.84,62689.8,62724.91,-83,SHORT,62713.5,62748.48,FALSE,FALSE
07/09/2026,07/09/2026 07:30:00,7,07:30,62605.04,62784.33,62643.5,62757.0,+152,LONG,62748.48,62550.89,FALSE,TRUE
07/09/2026,07/09/2026 07:45:00,7,07:45,62508.96,62644.15,62403.42,62564.27,-241,SHORT,62550.89,62553.08,FALSE,TRUE
07/09/2026,07/09/2026 08:00:00,8,08:00,62543.11,62608.17,62543.1,62663.72,+121,LONG,62553.08,62810.71,TRUE,FALSE
07/09/2026,07/09/2026 08:15:00,8,08:15,62810.54,62849.54,62699.58,62817.98,-150,SHORT,62810.71,62657.96,TRUE,FALSE
07/09/2026,07/09/2026 08:30:00,8,08:30,62613.89,62676.97,62537.98,62679.2,-139,SHORT,62657.96,62917.99,FALSE,FALSE
07/09/2026,07/09/2026 08:45:00,8,08:45,62745.22,62917.99,62843.04,62931.1,+186,LONG,62917.99,62968.16,TRUE,FALSE
07/09/2026,07/09/2026 09:00:00,9,09:00,62915.91,63012.03,62950.61,63025.48,+110,LONG,62968.16,62865.84,FALSE,FALSE
07/09/2026,07/09/2026 09:15:00,9,09:15,62839.76,62901.69,62614.98,62865.85,-287,SHORT,62865.84,62816.89,TRUE,FALSE
07/09/2026,07/09/2026 09:30:00,9,09:30,62755.0,62820.2,62719.14,62816.9,-101,SHORT,62816.89,62856.19,FALSE,FALSE
07/09/2026,07/09/2026 09:45:00,9,09:45,62852.83,62947.42,62839.76,62970.0,+117,LONG,62856.19,62955.42,TRUE,FALSE
07/09/2026,07/09/2026 10:00:00,10,10:00,62930.51,62987.8,62942.0,63009.27,+79,LONG,62955.42,63038.68,TRUE,TRUE
07/09/2026,07/09/2026 10:15:00,10,10:15,62993.97,63058.18,63003.38,63087.51,+94,LONG,63038.68,62936.01,FALSE,FALSE
07/09/2026,07/09/2026 10:30:00,10,10:30,62877.99,63088.54,62904.09,63032.09,-184,SHORT,62936.01,62923.39,TRUE,FALSE
07/09/2026,07/09/2026 10:45:00,10,10:45,62905.29,62972.48,62900.0,62952.55,-72,SHORT,62923.39,62802.98,TRUE,TRUE
07/09/2026,07/09/2026 11:00:00,11,11:00,62788.87,62839.22,62793.15,62857.4,+69,LONG,62802.98,62798.04,FALSE,TRUE
07/09/2026,07/09/2026 11:15:00,11,11:15,62795.4,62828.98,62763.34,62831.59,-66,SHORT,62798.04,62650.77,TRUE,FALSE
07/09/2026,07/09/2026 11:30:00,11,11:30,62598.11,62655.18,62619.91,62687.61,+90,LONG,62650.77,62672.27,TRUE,FALSE
07/09/2026,07/09/2026 11:45:00,11,11:45,62647.87,62715.41,62640.0,62681.09,-75,SHORT,62672.27,62635.76,TRUE,FALSE
07/09/2026,07/09/2026 12:00:00,12,12:00,62629.18,62671.99,62635.76,62731.09,+102,LONG,62635.76,62643.81,TRUE,FALSE
07/09/2026,07/09/2026 12:15:00,12,12:15,62609.17,62685.39,62642.73,62686.01,+77,LONG,62643.81,62781.29,TRUE,TRUE
07/09/2026,07/09/2026 12:30:00,12,12:30,62758.9,62781.97,62735.99,62805.0,+46,LONG,62781.29,62965.57,TRUE,TRUE
07/09/2026,07/09/2026 12:45:00,12,12:45,62929.87,62974.0,62954.22,62990.0,+60,LONG,62965.57,63088.25,TRUE,TRUE
07/09/2026,07/09/2026 13:00:00,13,13:00,62990.0,63088.25,63088.24,63146.5,+156,LONG,63088.25,63342.5,TRUE,TRUE
07/09/2026,07/09/2026 13:15:00,13,13:15,63299.47,63355.74,63288.55,63358.28,-67,SHORT,63342.5,63332.81,TRUE,FALSE
07/09/2026,07/09/2026 13:30:00,13,13:30,63261.03,63332.82,63283.09,63332.81,+72,LONG,63332.81,63260.25,FALSE,TRUE
07/09/2026,07/09/2026 13:45:00,13,13:45,63216.44,63284.67,63242.77,63308.82,+92,LONG,63260.25,63163.06,FALSE,FALSE
07/09/2026,07/09/2026 14:00:00,14,14:00,63137.76,63180.01,63137.76,63181.46,+44,LONG,63163.06,63159.1,FALSE,FALSE
07/09/2026,07/09/2026 14:15:00,14,14:15,63143.81,63206.4,63100.0,63185.82,-106,SHORT,63159.1,63206.58,FALSE,TRUE
07/09/2026,07/09/2026 14:30:00,14,14:30,63190.31,63229.52,63172.72,63223.63,-57,SHORT,63206.58,63304.69,FALSE,FALSE
07/09/2026,07/09/2026 14:45:00,14,14:45,63215.11,63325.39,63233.9,63328.57,+113,LONG,63304.69,63193.84,FALSE,TRUE
07/09/2026,07/09/2026 15:00:00,15,15:00,63172.72,63221.97,63196.83,63229.52,+57,LONG,63193.84,63150.88,FALSE,FALSE
07/09/2026,07/09/2026 15:15:00,15,15:15,63122.01,63179.63,63138.0,63166.49,+44,LONG,63150.88,63226.79,TRUE,TRUE
07/09/2026,07/09/2026 15:30:00,15,15:30,63226.77,63242.37,63194.57,63239.41,-48,SHORT,63226.79,63262.38,FALSE,TRUE
07/09/2026,07/09/2026 15:45:00,15,15:45,63261.57,63267.93,63251.38,63272.0,-17,SHORT,63262.38,63257.5,TRUE,TRUE
07/09/2026,07/09/2026 16:00:00,16,16:00,63223.96,63267.85,63257.51,63338.78,+115,LONG,63257.5,63269.47,TRUE,FALSE
07/09/2026,07/09/2026 16:15:00,16,16:15,63233.9,63280.9,63255.75,63269.48,+36,LONG,63269.47,63203.3,FALSE,FALSE
07/09/2026,07/09/2026 16:30:00,16,16:30,63188.26,63212.0,63203.31,63220.25,+32,LONG,63203.3,63177.57,FALSE,FALSE
07/09/2026,07/09/2026 16:45:00,16,16:45,63152.37,63197.19,63167.25,63200.0,+48,LONG,63177.57,63223.69,TRUE,TRUE
07/09/2026,07/09/2026 17:00:00,17,17:00,63215.06,63239.65,63207.68,63277.6,+63,LONG,63223.69,63198.94,FALSE,FALSE
07/09/2026,07/09/2026 17:15:00,17,17:15,63198.94,63227.96,63198.94,63215.0,-29,SHORT,63198.94,63293.51,FALSE,TRUE
07/09/2026,07/09/2026 17:30:00,17,17:30,63287.1,63303.09,63283.94,63310.72,+24,LONG,63293.51,63307.96,TRUE,FALSE
07/09/2026,07/09/2026 17:45:00,17,17:45,63290.71,63371.21,63303.82,63345.99,-67,SHORT,63307.96,63169.76,TRUE,FALSE
07/09/2026,07/09/2026 18:00:00,18,18:00,63160.82,63182.74,63150.0,63175.76,-33,SHORT,63169.76,63120.81,TRUE,TRUE
07/09/2026,07/09/2026 18:15:00,18,18:15,63120.81,63150.0,63059.1,63138.17,-91,SHORT,63120.81,63179.52,FALSE,FALSE
07/09/2026,07/09/2026 18:30:00,18,18:30,63179.51,63233.88,63105.61,63179.52,-128,SHORT,63179.52,63241.67,FALSE,FALSE
07/09/2026,07/09/2026 18:45:00,18,18:45,63225.16,63241.67,63207.84,63260.23,+35,LONG,63241.67,63175.25,FALSE,TRUE
07/09/2026,07/09/2026 19:00:00,19,19:00,63171.05,63219.6,63149.9,63195.99,-70,SHORT,63175.25,63175.24,TRUE,FALSE
07/09/2026,07/09/2026 19:15:00,19,19:15,63096.53,63175.25,63138.95,63202.93,+106,LONG,63175.24,63049.34,FALSE,TRUE
07/09/2026,07/09/2026 19:30:00,19,19:30,63011.7,63053.17,63019.79,63063.46,+52,LONG,63049.34,62993.55,FALSE,FALSE
07/09/2026,07/09/2026 19:45:00,19,19:45,62993.55,63065.28,62984.81,63030.92,-80,SHORT,62993.55,63058.12,FALSE,TRUE
07/09/2026,07/09/2026 20:00:00,20,20:00,63038.79,63066.05,62994.96,63074.67,-71,SHORT,63058.12,63075.54,FALSE,FALSE
07/09/2026,07/09/2026 20:15:00,20,20:15,63008.5,63075.55,63072.55,63135.77,+127,LONG,63075.54,63340.0,TRUE,FALSE
07/09/2026,07/09/2026 20:30:00,20,20:30,63277.6,63349.93,63303.82,63356.25,+79,LONG,63340.0,63338.75,FALSE,FALSE
07/09/2026,07/09/2026 20:45:00,20,20:45,63303.36,63358.06,63325.67,63372.96,+70,LONG,63338.75,63699.99,TRUE,TRUE
07/09/2026,07/09/2026 21:00:00,21,21:00,63650.08,63724.17,63680.11,63761.1,+111,LONG,63699.99,63822.35,TRUE,TRUE
07/09/2026,07/09/2026 21:15:00,21,21:15,63782.96,63840.01,63786.88,63828.1,-53,SHORT,63822.35,63767.04,TRUE,FALSE
07/09/2026,07/09/2026 21:30:00,21,21:30,63767.04,63813.93,63736.45,63810.73,-77,SHORT,63767.04,63818.32,FALSE,FALSE
07/09/2026,07/09/2026 21:45:00,21,21:45,63802.0,63826.8,63788.89,63832.58,-38,SHORT,63818.32,63911.25,FALSE,FALSE
07/09/2026,07/09/2026 22:00:00,22,22:00,63911.25,63942.34,63893.77,63941.82,-49,SHORT,63911.25,63881.49,TRUE,TRUE
07/09/2026,07/09/2026 22:15:00,22,22:15,63867.55,63885.02,63854.44,63881.5,-31,SHORT,63881.49,63797.63,TRUE,TRUE
07/09/2026,07/09/2026 22:30:00,22,22:30,63791.55,63822.0,63772.59,63808.0,-49,SHORT,63797.63,63888.23,FALSE,FALSE
07/09/2026,07/09/2026 22:45:00,22,22:45,63838.13,63889.79,63881.57,63928.72,+91,LONG,63888.23,63899.99,TRUE,FALSE
07/09/2026,07/09/2026 23:00:00,23,23:00,63871.3,63900.0,63885.03,63924.99,+54,LONG,63899.99,63925.09,TRUE,TRUE
07/09/2026,07/09/2026 23:15:00,23,23:15,63922.79,63940.98,63894.95,63930.13,-46,SHORT,63925.09,63843.62,TRUE,FALSE
07/09/2026,07/09/2026 23:30:00,23,23:30,63842.61,63875.9,63834.47,63853.21,-41,SHORT,63843.62,64057.62,FALSE,FALSE
07/09/2026,07/09/2026 23:45:00,23,23:45,64030.8,64057.63,64050.65,64077.3,+46,LONG,64057.62,64004.03,FALSE,TRUE
07/10/2026,07/10/2026 00:00:00,0,00:00,63989.91,64015.0,63924.36,64004.04,-91,SHORT,64004.03,63940.01,TRUE,FALSE
07/10/2026,07/10/2026 00:15:00,0,00:15,63935.06,63947.86,63929.0,63948.76,-19,SHORT,63940.01,63929.77,TRUE,TRUE
07/10/2026,07/10/2026 00:30:00,0,00:30,63918.59,63942.6,63913.64,63943.48,-29,SHORT,63929.77,64132.4,FALSE,FALSE
07/10/2026,07/10/2026 00:45:00,0,00:45,64090.42,64152.57,64078.5,64132.41,-74,SHORT,64132.4,64076.23,TRUE,TRUE
07/10/2026,07/10/2026 01:00:00,1,01:00,64055.46,64076.37,64041.22,64085.0,-35,SHORT,64076.23,63991.38,TRUE,TRUE
07/10/2026,07/10/2026 01:15:00,1,01:15,63986.72,64020.5,63972.43,64007.39,-48,SHORT,63991.38,63862.11,TRUE,TRUE
07/10/2026,07/10/2026 01:30:00,1,01:30,63825.84,63872.81,63858.68,63903.37,+78,LONG,63862.11,63845.1,FALSE,TRUE
07/10/2026,07/10/2026 01:45:00,1,01:45,63819.69,63873.03,63845.11,63878.44,+59,LONG,63845.1,63817.55,FALSE,FALSE
07/10/2026,07/10/2026 02:00:00,2,02:00,63804.12,63818.82,63763.98,63821.66,-55,SHORT,63817.55,63877.52,FALSE,TRUE
07/10/2026,07/10/2026 02:15:00,2,02:15,63831.92,63877.53,63814.5,63895.32,+63,LONG,63877.52,63931.19,TRUE,FALSE
07/10/2026,07/10/2026 02:30:00,2,02:30,63917.1,63938.17,63903.3,63928.44,-35,SHORT,63931.19,63903.06,TRUE,FALSE
07/10/2026,07/10/2026 02:45:00,2,02:45,63892.48,63915.18,63874.98,63903.07,-40,SHORT,63903.06,63932.72,FALSE,FALSE
07/10/2026,07/10/2026 03:00:00,3,03:00,63930.91,63958.99,63931.0,63971.27,+40,LONG,63932.72,63988.02,TRUE,FALSE
07/10/2026,07/10/2026 03:15:00,3,03:15,63945.18,63988.9,63988.01,64246.71,+302,LONG,63988.02,64285.07,TRUE,TRUE
07/10/2026,07/10/2026 03:30:00,3,03:30,64243.39,64290.33,64232.29,64302.07,+59,LONG,64285.07,64156.12,FALSE,FALSE
07/10/2026,07/10/2026 03:45:00,3,03:45,64131.21,64156.13,64120.3,64158.0,-36,SHORT,64156.12,64196.53,FALSE,TRUE
07/10/2026,07/10/2026 04:00:00,4,04:00,64196.53,64238.0,64057.5,64202.63,-180,SHORT,64196.53,64162.81,TRUE,TRUE
07/10/2026,07/10/2026 04:15:00,4,04:15,64113.66,64186.49,64160.03,64200.47,+87,LONG,64162.81,64375.6,TRUE,FALSE
07/10/2026,07/10/2026 04:30:00,4,04:30,64318.7,64376.42,64314.46,64425.7,+107,LONG,64375.6,64422.24,TRUE,TRUE
07/10/2026,07/10/2026 04:45:00,4,04:45,64352.92,64422.25,64404.99,64442.91,+90,LONG,64422.24,64341.83,FALSE,FALSE
07/10/2026,07/10/2026 05:00:00,5,05:00,64341.03,64359.36,64334.79,64366.12,+25,LONG,64341.83,64257.56,FALSE,FALSE
07/10/2026,07/10/2026 05:15:00,5,05:15,64231.48,64257.56,64257.56,64296.17,+65,LONG,64257.56,64391.27,TRUE,TRUE
07/10/2026,07/10/2026 05:30:00,5,05:30,64312.0,64394.45,64359.36,64409.13,+97,LONG,64391.27,64428.24,TRUE,TRUE
07/10/2026,07/10/2026 05:45:00,5,05:45,64369.88,64429.55,64384.22,64428.24,+58,LONG,64428.24,64355.32,FALSE,FALSE
07/10/2026,07/10/2026 06:00:00,6,06:00,64355.32,64387.43,64349.12,64378.52,-38,SHORT,64355.32,64410.82,FALSE,TRUE
07/10/2026,07/10/2026 06:15:00,6,06:15,64404.6,64422.94,64408.5,64432.04,+27,LONG,64410.82,64380.42,FALSE,TRUE
07/10/2026,07/10/2026 06:30:00,6,06:30,64369.44,64404.61,64324.84,64380.43,-80,SHORT,64380.42,64352.35,TRUE,FALSE
07/10/2026,07/10/2026 06:45:00,6,06:45,64344.01,64360.65,64342.1,64425.03,+81,LONG,64352.35,64378.15,TRUE,FALSE
07/10/2026,07/10/2026 07:00:00,7,07:00,64358.03,64379.05,64371.32,64397.25,+39,LONG,64378.15,64498.91,TRUE,TRUE
07/10/2026,07/10/2026 07:15:00,7,07:15,64428.25,64596.48,64358.04,64503.26,-238,SHORT,64498.91,64452.71,TRUE,FALSE
07/10/2026,07/10/2026 07:30:00,7,07:30,64441.52,64474.43,64403.98,64464.0,-70,SHORT,64452.71,64321.6,TRUE,TRUE
07/10/2026,07/10/2026 07:45:00,7,07:45,64309.23,64350.45,64303.16,64330.0,-47,SHORT,64321.6,64239.01,TRUE,TRUE
07/10/2026,07/10/2026 08:00:00,8,08:00,64233.98,64259.45,64234.98,64278.4,+44,LONG,64239.01,64191.59,FALSE,TRUE
07/10/2026,07/10/2026 08:15:00,8,08:15,64187.0,64207.12,64157.99,64209.85,-49,SHORT,64191.59,64103.29,TRUE,FALSE
07/10/2026,07/10/2026 08:30:00,8,08:30,64094.1,64128.5,64092.0,64243.1,+149,LONG,64103.29,64338.0,TRUE,FALSE
07/10/2026,07/10/2026 08:45:00,8,08:45,64303.15,64419.37,64326.0,64477.84,+175,LONG,64338.0,64436.6,TRUE,TRUE
07/10/2026,07/10/2026 09:00:00,9,09:00,64397.84,64488.54,64388.96,64465.07,-100,SHORT,64436.6,64164.11,TRUE,FALSE
07/10/2026,07/10/2026 09:15:00,9,09:15,64145.31,64248.45,64125.48,64209.4,-123,SHORT,64164.11,64079.99,TRUE,TRUE
07/10/2026,07/10/2026 09:30:00,9,09:30,63991.77,64119.42,64066.27,64198.49,+207,LONG,64079.99,64048.73,FALSE,TRUE
07/10/2026,07/10/2026 09:45:00,9,09:45,64030.79,64115.38,64012.0,64095.21,-103,SHORT,64048.73,63859.39,TRUE,FALSE
07/10/2026,07/10/2026 10:00:00,10,10:00,63834.37,63910.84,63833.58,63916.03,+82,LONG,63859.39,63926.79,TRUE,FALSE
07/10/2026,07/10/2026 10:15:00,10,10:15,63917.68,63965.16,63926.79,64154.22,+237,LONG,63926.79,64088.12,TRUE,TRUE
07/10/2026,07/10/2026 10:30:00,10,10:30,64053.98,64102.63,64033.68,64118.43,-69,SHORT,64088.12,63897.58,TRUE,FALSE
07/10/2026,07/10/2026 10:45:00,10,10:45,63892.01,63910.96,63886.91,63962.8,+71,LONG,63897.58,63987.0,TRUE,FALSE
07/10/2026,07/10/2026 11:00:00,11,11:00,63930.24,63994.99,63962.27,64017.31,+87,LONG,63987.0,64000.3,TRUE,TRUE
07/10/2026,07/10/2026 11:15:00,11,11:15,63979.85,64016.35,63999.46,64118.52,+139,LONG,64000.3,63954.62,FALSE,FALSE
07/10/2026,07/10/2026 11:30:00,11,11:30,63950.0,63986.26,63941.91,63985.96,-44,SHORT,63954.62,63880.93,TRUE,FALSE
07/10/2026,07/10/2026 11:45:00,11,11:45,63873.08,63922.28,63859.68,63929.12,-63,SHORT,63880.93,64085.8,FALSE,FALSE
07/10/2026,07/10/2026 12:00:00,12,12:00,64085.8,64174.08,64064.96,64102.31,-109,SHORT,64085.8,63901.98,TRUE,TRUE
07/10/2026,07/10/2026 12:15:00,12,12:15,63901.83,63953.78,63900.2,63939.9,-54,SHORT,63901.98,63922.04,FALSE,FALSE
07/10/2026,07/10/2026 12:30:00,12,12:30,63922.04,63949.01,63866.55,63925.67,-82,SHORT,63922.04,63831.73,TRUE,TRUE
07/10/2026,07/10/2026 12:45:00,12,12:45,63819.34,63843.47,63792.85,63835.5,-51,SHORT,63831.73,63775.71,TRUE,TRUE
07/10/2026,07/10/2026 13:00:00,13,13:00,63766.88,63820.72,63775.71,63878.21,+111,LONG,63775.71,63839.74,TRUE,FALSE
07/10/2026,07/10/2026 13:15:00,13,13:15,63823.65,63854.8,63798.28,63841.03,-57,SHORT,63839.74,63874.18,FALSE,TRUE
07/10/2026,07/10/2026 13:30:00,13,13:30,63866.88,63899.03,63838.7,63881.99,-60,SHORT,63874.18,63833.6,TRUE,TRUE
07/10/2026,07/10/2026 13:45:00,13,13:45,63817.53,63855.07,63797.31,63838.0,-58,SHORT,63833.6,63758.91,TRUE,TRUE
07/10/2026,07/10/2026 14:00:00,14,14:00,63734.39,63768.36,63734.38,63784.3,+50,LONG,63758.91,63839.35,TRUE,FALSE
07/10/2026,07/10/2026 14:15:00,14,14:15,63814.91,63840.77,63839.34,63878.36,+63,LONG,63839.35,63818.01,FALSE,FALSE
07/10/2026,07/10/2026 14:30:00,14,14:30,63815.92,63843.95,63799.85,63850.0,-44,SHORT,63818.01,63936.92,FALSE,TRUE
07/10/2026,07/10/2026 14:45:00,14,14:45,63933.96,63966.16,63923.0,63949.96,-43,SHORT,63936.92,63878.41,TRUE,TRUE
07/10/2026,07/10/2026 15:00:00,15,15:00,63860.17,63906.13,63836.96,63905.52,-69,SHORT,63878.41,63778.23,TRUE,TRUE
07/10/2026,07/10/2026 15:15:00,15,15:15,63775.32,63789.46,63768.25,63851.8,+76,LONG,63778.23,63685.45,FALSE,TRUE
07/10/2026,07/10/2026 15:30:00,15,15:30,63656.57,63703.67,63671.37,63743.0,+86,LONG,63685.45,63834.22,TRUE,TRUE
07/10/2026,07/10/2026 15:45:00,15,15:45,63827.28,63838.33,63802.03,63834.23,-36,SHORT,63834.22,63788.76,TRUE,FALSE
07/10/2026,07/10/2026 16:00:00,16,16:00,63783.22,63791.01,63780.08,63798.28,+15,LONG,63788.76,63899.16,TRUE,FALSE
07/10/2026,07/10/2026 16:15:00,16,16:15,63875.8,63931.93,63899.14,63916.51,+41,LONG,63899.16,63958.88,TRUE,TRUE
07/10/2026,07/10/2026 16:30:00,16,16:30,63954.31,63974.82,63958.88,64003.48,+49,LONG,63958.88,63998.84,TRUE,TRUE
07/10/2026,07/10/2026 16:45:00,16,16:45,63952.24,64003.35,63956.09,63999.05,-47,SHORT,63998.84,63970.38,TRUE,FALSE
07/10/2026,07/10/2026 17:00:00,17,17:00,63952.24,63977.36,63947.96,63972.18,-29,SHORT,63970.38,64005.75,FALSE,FALSE
07/10/2026,07/10/2026 17:15:00,17,17:15,63984.36,64015.02,64002.68,64016.67,+32,LONG,64005.75,64088.85,TRUE,FALSE
07/10/2026,07/10/2026 17:30:00,17,17:30,64043.47,64100.12,64086.7,64108.8,+65,LONG,64088.85,64083.99,FALSE,FALSE
07/10/2026,07/10/2026 17:45:00,17,17:45,64082.63,64095.0,64083.99,64091.72,-11,SHORT,64083.99,64068.85,TRUE,FALSE
07/10/2026,07/10/2026 18:00:00,18,18:00,64062.77,64072.73,64023.96,64070.52,-49,SHORT,64068.85,64078.55,FALSE,FALSE
07/10/2026,07/10/2026 18:15:00,18,18:15,64027.6,64078.55,64066.87,64114.39,+87,LONG,64078.55,64155.27,TRUE,FALSE
07/10/2026,07/10/2026 18:30:00,18,18:30,64133.29,64162.68,64130.86,64162.4,-32,SHORT,64155.27,64157.44,FALSE,TRUE
07/10/2026,07/10/2026 18:45:00,18,18:45,64123.5,64164.09,64122.24,64167.13,+44,LONG,64157.44,64128.49,FALSE,TRUE
07/10/2026,07/10/2026 19:00:00,19,19:00,64111.33,64134.51,64072.56,64140.81,-62,SHORT,64128.49,64037.3,TRUE,FALSE
07/10/2026,07/10/2026 19:15:00,19,19:15,64014.57,64058.57,64010.97,64037.31,-48,SHORT,64037.3,64067.65,FALSE,FALSE
07/10/2026,07/10/2026 19:30:00,19,19:30,64061.99,64087.99,64067.65,64093.11,+31,LONG,64067.65,64109.26,TRUE,FALSE
07/10/2026,07/10/2026 19:45:00,19,19:45,64059.28,64109.27,64050.36,64109.27,-59,SHORT,64109.26,64076.53,TRUE,FALSE
07/10/2026,07/10/2026 20:00:00,20,20:00,64075.97,64106.44,64069.93,64096.76,-37,SHORT,64076.53,64100.22,FALSE,FALSE
07/10/2026,07/10/2026 20:15:00,20,20:15,64100.21,64103.53,64086.87,64111.55,-17,SHORT,64100.22,64184.12,FALSE,FALSE
07/10/2026,07/10/2026 20:30:00,20,20:30,64181.47,64198.02,64173.2,64226.78,+45,LONG,64184.12,64014.43,FALSE,TRUE
07/10/2026,07/10/2026 20:45:00,20,20:45,64012.6,64045.79,63996.8,64027.59,-49,SHORT,64014.43,63973.73,TRUE,FALSE
07/10/2026,07/10/2026 21:00:00,21,21:00,63969.36,64006.65,63945.12,63994.96,-62,SHORT,63973.73,63965.46,TRUE,TRUE
07/10/2026,07/10/2026 21:15:00,21,21:15,63955.39,63984.38,63965.46,63999.99,+45,LONG,63965.46,63995.76,TRUE,FALSE
07/10/2026,07/10/2026 21:30:00,21,21:30,63987.31,64001.03,63987.56,64016.68,+29,LONG,63995.76,64098.54,TRUE,TRUE
07/10/2026,07/10/2026 21:45:00,21,21:45,64097.1,64107.68,64098.54,64122.24,+25,LONG,64098.54,64116.98,TRUE,TRUE
07/10/2026,07/10/2026 22:00:00,22,22:00,64115.39,64128.87,64106.96,64125.87,-22,SHORT,64116.98,64142.06,FALSE,TRUE
07/10/2026,07/10/2026 22:15:00,22,22:15,64130.82,64146.82,64138.26,64154.64,+24,LONG,64142.06,64078.56,FALSE,TRUE
07/10/2026,07/10/2026 22:30:00,22,22:30,64072.28,64087.83,64078.56,64094.26,+22,LONG,64078.56,64121.24,TRUE,TRUE
07/10/2026,07/10/2026 22:45:00,22,22:45,64114.77,64125.53,64107.68,64136.8,+22,LONG,64121.24,64107.68,FALSE,FALSE
07/10/2026,07/10/2026 23:00:00,23,23:00,64107.68,64136.79,64093.14,64107.69,-44,SHORT,64107.68,64083.23,TRUE,FALSE
07/10/2026,07/10/2026 23:15:00,23,23:15,64059.55,64083.24,64066.13,64094.85,+35,LONG,64083.23,64098.8,TRUE,FALSE
07/10/2026,07/10/2026 23:30:00,23,23:30,64091.48,64098.81,64092.12,64125.87,+34,LONG,64098.8,64112.69,TRUE,TRUE
07/10/2026,07/10/2026 23:45:00,23,23:45,64107.69,64122.1,64108.29,64118.6,-14,SHORT,64112.69,64111.34,TRUE,FALSE
07/11/2026,07/11/2026 00:00:00,0,00:00,64087.0,64111.34,64069.99,64111.35,-41,SHORT,64111.34,64121.46,FALSE,FALSE
07/11/2026,07/11/2026 00:15:00,0,00:15,64103.99,64159.1,64093.12,64133.15,-66,SHORT,64121.46,64152.16,FALSE,FALSE
07/11/2026,07/11/2026 00:30:00,0,00:30,64133.16,64155.01,64119.04,64152.16,-36,SHORT,64152.16,64132.45,TRUE,TRUE
07/11/2026,07/11/2026 00:45:00,0,00:45,64110.07,64141.18,64113.68,64135.49,-28,SHORT,64132.45,64125.38,TRUE,TRUE
07/11/2026,07/11/2026 01:00:00,1,01:00,64124.85,64140.43,64069.28,64125.38,-71,SHORT,64125.38,64129.09,FALSE,FALSE
07/11/2026,07/11/2026 01:15:00,1,01:15,64113.46,64164.38,64129.09,64149.95,+36,LONG,64129.09,64180.48,TRUE,FALSE
07/11/2026,07/11/2026 01:30:00,1,01:30,64173.81,64187.24,64180.49,64202.31,+28,LONG,64180.48,64167.77,FALSE,FALSE
07/11/2026,07/11/2026 01:45:00,1,01:45,64166.87,64167.82,64156.97,64173.26,-11,SHORT,64167.77,64167.41,TRUE,FALSE
07/11/2026,07/11/2026 02:00:00,2,02:00,64166.37,64177.45,64155.44,64173.2,-22,SHORT,64167.41,64168.03,FALSE,FALSE
07/11/2026,07/11/2026 02:15:00,2,02:15,64159.26,64168.04,64150.4,64174.67,-18,SHORT,64168.03,64172.53,FALSE,FALSE
07/11/2026,07/11/2026 02:30:00,2,02:30,64165.92,64206.03,64171.95,64181.25,-34,SHORT,64172.53,64122.24,TRUE,TRUE
07/11/2026,07/11/2026 02:45:00,2,02:45,64122.24,64141.34,64111.95,64127.06,-29,SHORT,64122.24,64111.6,TRUE,TRUE
07/11/2026,07/11/2026 03:00:00,3,03:00,64111.58,64118.6,64111.58,64114.41,-7,SHORT,64111.6,64181.57,FALSE,FALSE
07/11/2026,07/11/2026 03:15:00,3,03:15,64181.57,64199.16,64177.03,64195.04,-22,SHORT,64181.57,64199.99,FALSE,FALSE
07/11/2026,07/11/2026 03:30:00,3,03:30,64198.93,64205.96,64191.4,64209.45,-15,SHORT,64199.99,64232.01,FALSE,FALSE
07/11/2026,07/11/2026 03:45:00,3,03:45,64220.52,64241.06,64213.24,64234.33,-28,SHORT,64232.01,64216.87,TRUE,TRUE
07/11/2026,07/11/2026 04:00:00,4,04:00,64207.26,64216.87,64210.01,64224.15,+17,LONG,64216.87,64176.09,FALSE,TRUE
07/11/2026,07/11/2026 04:15:00,4,04:15,64170.77,64194.17,64176.09,64197.14,+26,LONG,64176.09,64224.99,TRUE,TRUE
07/11/2026,07/11/2026 04:30:00,4,04:30,64208.49,64227.53,64222.02,64249.63,+41,LONG,64224.99,64137.23,FALSE,FALSE
07/11/2026,07/11/2026 04:45:00,4,04:45,64137.23,64174.58,64111.45,64137.24,-63,SHORT,64137.23,64107.68,TRUE,FALSE
07/11/2026,07/11/2026 05:00:00,5,05:00,64097.19,64117.46,64106.85,64114.35,+17,LONG,64107.68,64142.73,TRUE,FALSE
07/11/2026,07/11/2026 05:15:00,5,05:15,64117.09,64151.36,64100.4,64142.74,-51,SHORT,64142.73,64128.25,TRUE,FALSE
07/11/2026,07/11/2026 05:30:00,5,05:30,64101.02,64135.19,64089.48,64128.25,-46,SHORT,64128.25,64083.08,TRUE,TRUE
07/11/2026,07/11/2026 05:45:00,5,05:45,64083.07,64129.09,64083.07,64118.6,-46,SHORT,64083.08,64138.08,FALSE,FALSE
07/11/2026,07/11/2026 06:00:00,6,06:00,64122.95,64138.09,64122.24,64141.3,+18,LONG,64138.08,64158.0,TRUE,FALSE
07/11/2026,07/11/2026 06:15:00,6,06:15,64130.0,64159.5,64125.08,64158.01,-34,SHORT,64158.0,64124.5,TRUE,FALSE
07/11/2026,07/11/2026 06:30:00,6,06:30,64121.79,64125.68,64118.61,64124.51,-7,SHORT,64124.5,64122.23,TRUE,TRUE
07/11/2026,07/11/2026 06:45:00,6,06:45,64113.39,64135.04,64122.23,64137.99,+25,LONG,64122.23,64145.27,TRUE,FALSE
07/11/2026,07/11/2026 07:00:00,7,07:00,64145.27,64151.8,64142.48,64147.24,-9,SHORT,64145.27,64168.69,FALSE,TRUE
07/11/2026,07/11/2026 07:15:00,7,07:15,64163.18,64168.7,64149.3,64184.15,+21,LONG,64168.69,64124.73,FALSE,TRUE
07/11/2026,07/11/2026 07:30:00,7,07:30,64122.25,64139.74,64110.09,64124.73,-30,SHORT,64124.73,64090.05,TRUE,FALSE
07/11/2026,07/11/2026 07:45:00,7,07:45,64087.89,64090.06,64090.05,64099.32,+11,LONG,64090.05,64141.47,TRUE,FALSE
07/11/2026,07/11/2026 08:00:00,8,08:00,64132.4,64141.47,64131.48,64144.08,+12,LONG,64141.47,64138.16,FALSE,FALSE
07/11/2026,07/11/2026 08:15:00,8,08:15,64123.85,64143.22,64114.97,64138.16,-28,SHORT,64138.16,64136.96,TRUE,FALSE
07/11/2026,07/11/2026 08:30:00,8,08:30,64135.42,64158.62,64136.96,64156.86,-22,SHORT,64136.96,64197.09,FALSE,FALSE
07/11/2026,07/11/2026 08:45:00,8,08:45,64176.82,64197.1,64197.09,64216.88,+40,LONG,64197.09,64195.03,FALSE,TRUE
07/11/2026,07/11/2026 09:00:00,9,09:00,64184.18,64206.64,64195.03,64203.79,+20,LONG,64195.03,64216.88,TRUE,TRUE
07/11/2026,07/11/2026 09:15:00,9,09:15,64215.08,64230.14,64216.88,64239.98,+25,LONG,64216.88,64328.93,TRUE,TRUE
07/11/2026,07/11/2026 09:30:00,9,09:30,64325.98,64357.75,64328.93,64388.7,+63,LONG,64328.93,64368.37,TRUE,TRUE
07/11/2026,07/11/2026 09:45:00,9,09:45,64351.56,64387.99,64340.79,64386.16,-47,SHORT,64368.37,64297.68,TRUE,FALSE
07/11/2026,07/11/2026 10:00:00,10,10:00,64297.67,64311.73,64297.67,64329.72,+32,LONG,64297.68,64410.23,TRUE,FALSE
07/11/2026,07/11/2026 10:15:00,10,10:15,64377.05,64428.08,64388.38,64427.95,+51,LONG,64410.23,64378.69,FALSE,FALSE
07/11/2026,07/11/2026 10:30:00,10,10:30,64373.26,64386.02,64362.48,64378.7,-24,SHORT,64378.69,64053.07,TRUE,FALSE
07/11/2026,07/11/2026 10:45:00,10,10:45,64027.6,64114.95,64003.39,64107.25,-112,SHORT,64053.07,64120.18,FALSE,FALSE
07/11/2026,07/11/2026 11:00:00,11,11:00,64111.32,64133.17,64104.04,64138.34,-29,SHORT,64120.18,64134.09,FALSE,FALSE
07/11/2026,07/11/2026 11:15:00,11,11:15,64075.36,64138.91,64096.76,64143.86,+68,LONG,64134.09,64163.4,TRUE,FALSE
07/11/2026,07/11/2026 11:30:00,11,11:30,64161.99,64180.5,64162.28,64182.74,+21,LONG,64163.4,64095.91,FALSE,FALSE
07/11/2026,07/11/2026 11:45:00,11,11:45,64089.48,64101.33,64060.99,64095.92,-40,SHORT,64095.91,64132.72,FALSE,TRUE
07/11/2026,07/11/2026 12:00:00,12,12:00,64125.33,64138.12,64112.34,64150.71,-26,SHORT,64132.72,64163.95,FALSE,FALSE
07/11/2026,07/11/2026 12:15:00,12,12:15,64163.95,64179.19,64156.46,64180.4,-23,SHORT,64163.95,64250.53,FALSE,FALSE
07/11/2026,07/11/2026 12:30:00,12,12:30,64227.79,64257.16,64250.53,64326.31,+99,LONG,64250.53,64307.88,TRUE,FALSE
07/11/2026,07/11/2026 12:45:00,12,12:45,64286.58,64321.6,64307.88,64337.0,+50,LONG,64307.88,64271.48,FALSE,FALSE
07/11/2026,07/11/2026 13:00:00,13,13:00,64268.29,64282.32,64239.82,64273.86,-42,SHORT,64271.48,64260.56,TRUE,FALSE
07/11/2026,07/11/2026 13:15:00,13,13:15,64260.0,64294.35,64260.56,64289.82,-34,SHORT,64260.56,64297.08,FALSE,FALSE
07/11/2026,07/11/2026 13:30:00,13,13:30,64290.11,64304.66,64297.08,64317.02,+27,LONG,64297.08,64310.08,TRUE,FALSE
07/11/2026,07/11/2026 13:45:00,13,13:45,64296.96,64310.09,64287.01,64310.08,-23,SHORT,64310.08,64281.99,TRUE,FALSE
07/11/2026,07/11/2026 14:00:00,14,14:00,64277.14,64288.73,64267.84,64282.0,-21,SHORT,64281.99,64279.99,TRUE,TRUE
07/11/2026,07/11/2026 14:15:00,14,14:15,64249.99,64280.0,64264.63,64280.0,+30,LONG,64279.99,64190.64,FALSE,TRUE
07/11/2026,07/11/2026 14:30:00,14,14:30,64186.71,64226.45,64190.7,64213.24,-36,SHORT,64190.64,64225.27,FALSE,TRUE
07/11/2026,07/11/2026 14:45:00,14,14:45,64219.8,64242.25,64225.27,64248.57,+29,LONG,64225.27,64245.99,TRUE,FALSE
07/11/2026,07/11/2026 15:00:00,15,15:00,64245.99,64246.0,64241.13,64260.55,+15,LONG,64245.99,64275.99,TRUE,TRUE
07/11/2026,07/11/2026 15:15:00,15,15:15,64270.51,64310.08,64275.99,64303.92,-34,SHORT,64275.99,64311.34,FALSE,TRUE
07/11/2026,07/11/2026 15:30:00,15,15:30,64300.3,64311.35,64307.71,64321.34,+21,LONG,64311.34,64370.87,TRUE,FALSE
07/11/2026,07/11/2026 15:45:00,15,15:45,64358.84,64385.39,64366.54,64379.95,+21,LONG,64370.87,64337.11,FALSE,FALSE
07/11/2026,07/11/2026 16:00:00,16,16:00,64335.25,64344.02,64336.94,64365.98,+31,LONG,64337.11,64308.68,FALSE,FALSE
07/11/2026,07/11/2026 16:15:00,16,16:15,64308.29,64351.78,64307.88,64330.79,-44,SHORT,64308.68,64324.82,FALSE,TRUE
07/11/2026,07/11/2026 16:30:00,16,16:30,64315.16,64324.83,64308.47,64329.23,-16,SHORT,64324.82,64304.29,TRUE,TRUE
07/11/2026,07/11/2026 16:45:00,16,16:45,64293.32,64318.34,64304.29,64317.61,+24,LONG,64304.29,64310.39,TRUE,FALSE
07/11/2026,07/11/2026 17:00:00,17,17:00,64293.06,64310.5,64296.88,64316.28,+23,LONG,64310.39,64307.99,FALSE,FALSE
07/11/2026,07/11/2026 17:15:00,17,17:15,64306.74,64360.81,64297.38,64312.29,-63,SHORT,64307.99,64204.12,TRUE,FALSE
07/11/2026,07/11/2026 17:30:00,17,17:30,64204.0,64256.49,64204.12,64252.72,-52,SHORT,64204.12,64161.92,TRUE,TRUE
07/11/2026,07/11/2026 17:45:00,17,17:45,64160.73,64190.28,64161.92,64182.0,-28,SHORT,64161.92,64158.08,TRUE,TRUE
07/11/2026,07/11/2026 18:00:00,18,18:00,64151.05,64169.18,64148.37,64158.08,-21,SHORT,64158.08,64093.47,TRUE,TRUE
07/11/2026,07/11/2026 18:15:00,18,18:15,64068.08,64105.99,64092.67,64133.09,+65,LONG,64093.47,63887.36,FALSE,TRUE
07/11/2026,07/11/2026 18:30:00,18,18:30,63821.52,63916.94,63834.68,63905.99,+84,LONG,63887.36,63912.92,TRUE,TRUE
07/11/2026,07/11/2026 18:45:00,18,18:45,63891.72,63922.5,63907.97,63950.89,+59,LONG,63912.92,63773.04,FALSE,FALSE
07/11/2026,07/11/2026 19:00:00,19,19:00,63773.04,63812.83,63747.44,63881.97,+109,LONG,63773.04,63747.32,FALSE,FALSE
07/11/2026,07/11/2026 19:15:00,19,19:15,63747.32,63835.27,63721.84,63819.38,-113,SHORT,63747.32,63784.17,FALSE,TRUE
07/11/2026,07/11/2026 19:30:00,19,19:30,63784.17,63841.99,63660.0,63812.83,-182,SHORT,63784.17,63756.0,TRUE,TRUE
07/11/2026,07/11/2026 19:45:00,19,19:45,63723.69,63761.68,63756.0,63831.97,+108,LONG,63756.0,63787.37,TRUE,FALSE
07/11/2026,07/11/2026 20:00:00,20,20:00,63783.72,63812.86,63769.17,63847.73,+64,LONG,63787.37,63878.36,TRUE,TRUE
07/11/2026,07/11/2026 20:15:00,20,20:15,63878.36,63903.94,63843.04,63942.0,+64,LONG,63878.36,63907.33,TRUE,TRUE
07/11/2026,07/11/2026 20:30:00,20,20:30,63889.28,63925.67,63885.65,63918.48,-40,SHORT,63907.33,64118.19,FALSE,TRUE
07/11/2026,07/11/2026 20:45:00,20,20:45,64107.69,64133.03,64065.01,64128.98,-68,SHORT,64118.19,64085.26,TRUE,TRUE
07/11/2026,07/11/2026 21:00:00,21,21:00,64081.02,64091.82,64066.5,64085.27,-25,SHORT,64085.26,64013.03,TRUE,TRUE
07/11/2026,07/11/2026 21:15:00,21,21:15,63988.01,64015.34,63998.01,64041.72,+54,LONG,64013.03,64073.11,TRUE,FALSE
07/11/2026,07/11/2026 21:30:00,21,21:30,64062.25,64074.73,64035.76,64074.31,-39,SHORT,64073.11,64047.25,TRUE,FALSE
07/11/2026,07/11/2026 21:45:00,21,21:45,64028.07,64047.25,64031.41,64056.5,+28,LONG,64047.25,64031.24,FALSE,TRUE
07/11/2026,07/11/2026 22:00:00,22,22:00,64027.61,64078.97,64027.83,64060.35,-51,SHORT,64031.24,64056.72,FALSE,TRUE
07/11/2026,07/11/2026 22:15:00,22,22:15,64022.0,64081.11,64056.72,64089.87,+68,LONG,64056.72,64088.64,TRUE,FALSE
07/11/2026,07/11/2026 22:30:00,22,22:30,64065.63,64088.65,64083.2,64098.0,+32,LONG,64088.64,64130.75,TRUE,TRUE
07/11/2026,07/11/2026 22:45:00,22,22:45,64123.11,64153.2,64120.91,64150.28,-32,SHORT,64130.75,64179.36,FALSE,TRUE
07/11/2026,07/11/2026 23:00:00,23,23:00,64128.15,64182.0,64162.28,64202.31,+74,LONG,64179.36,64135.09,FALSE,TRUE
07/11/2026,07/11/2026 23:15:00,23,23:15,64129.99,64136.02,64135.09,64146.4,+16,LONG,64135.09,64031.01,FALSE,FALSE
07/11/2026,07/11/2026 23:30:00,23,23:30,64021.55,64096.75,64030.53,64041.98,-66,SHORT,64031.01,63992.01,TRUE,FALSE
07/11/2026,07/11/2026 23:45:00,23,23:45,63984.36,64004.87,63973.0,63992.02,-32,SHORT,63992.01,63962.07,TRUE,TRUE
07/12/2026,07/12/2026 00:00:00,0,00:00,63935.06,63962.07,63956.85,63970.01,+35,LONG,63962.07,63951.59,FALSE,TRUE
07/12/2026,07/12/2026 00:15:00,0,00:15,63951.16,63963.84,63880.83,63951.6,-83,SHORT,63951.59,63873.04,TRUE,FALSE
07/12/2026,07/12/2026 00:30:00,0,00:30,63863.69,63894.72,63860.16,63881.54,-35,SHORT,63873.04,63932.96,FALSE,FALSE
07/12/2026,07/12/2026 00:45:00,0,00:45,63932.96,63939.57,63932.96,63943.87,+11,LONG,63932.96,63925.68,FALSE,TRUE
07/12/2026,07/12/2026 01:00:00,1,01:00,63925.68,63965.29,63876.27,63925.68,-89,SHORT,63925.68,63701.69,TRUE,FALSE
07/12/2026,07/12/2026 01:15:00,1,01:15,63701.69,63732.76,63691.99,63718.2,-41,SHORT,63701.69,63623.56,TRUE,TRUE
07/12/2026,07/12/2026 01:30:00,1,01:30,63588.2,63680.64,63602.18,63627.0,-78,SHORT,63623.56,63730.81,FALSE,FALSE
07/12/2026,07/12/2026 01:45:00,1,01:45,63720.79,63735.5,63730.8,63765.07,+44,LONG,63730.81,63714.75,FALSE,TRUE
07/12/2026,07/12/2026 02:00:00,2,02:00,63714.56,63726.03,63691.51,63714.76,-35,SHORT,63714.75,63778.37,FALSE,TRUE
07/12/2026,07/12/2026 02:15:00,2,02:15,63759.6,63783.72,63760.05,63776.05,-24,SHORT,63778.37,63819.55,FALSE,FALSE
07/12/2026,07/12/2026 02:30:00,2,02:30,63809.2,63819.6,63819.54,63849.02,+40,LONG,63819.55,63820.91,TRUE,FALSE
07/12/2026,07/12/2026 02:45:00,2,02:45,63815.95,63820.92,63813.01,63820.92,-8,SHORT,63820.91,63843.7,FALSE,TRUE
07/12/2026,07/12/2026 03:00:00,3,03:00,63834.68,63857.99,63837.3,63863.4,+29,LONG,63843.7,64005.94,TRUE,FALSE
07/12/2026,07/12/2026 03:15:00,3,03:15,63950.01,64032.79,63998.48,64049.43,+99,LONG,64005.94,63952.02,FALSE,FALSE
07/12/2026,07/12/2026 03:30:00,3,03:30,63947.52,63963.12,63948.38,63965.11,+18,LONG,63952.02,63965.71,TRUE,TRUE
07/12/2026,07/12/2026 03:45:00,3,03:45,63949.27,63965.72,63952.34,63965.72,+16,LONG,63965.71,63940.08,FALSE,FALSE
07/12/2026,07/12/2026 04:00:00,4,04:00,63937.64,63948.65,63932.95,63947.52,-16,SHORT,63940.08,63840.21,TRUE,FALSE
07/12/2026,07/12/2026 04:15:00,4,04:15,63840.21,63865.31,63783.5,63840.22,-82,SHORT,63840.21,63789.51,TRUE,TRUE
07/12/2026,07/12/2026 04:30:00,4,04:30,63772.79,63809.2,63789.51,63818.27,+45,LONG,63789.51,63962.01,TRUE,FALSE
07/12/2026,07/12/2026 04:45:00,4,04:45,63947.52,63972.99,63954.0,63972.63,+25,LONG,63962.01,63915.23,FALSE,FALSE
07/12/2026,07/12/2026 05:00:00,5,05:00,63915.2,63932.96,63901.69,63915.98,-31,SHORT,63915.23,63885.63,TRUE,FALSE
07/12/2026,07/12/2026 05:15:00,5,05:15,63875.0,63885.64,63851.73,63894.15,-34,SHORT,63885.63,63834.68,TRUE,TRUE
07/12/2026,07/12/2026 05:30:00,5,05:30,63834.68,63844.62,63833.6,63840.84,-11,SHORT,63834.68,63826.01,TRUE,TRUE
07/12/2026,07/12/2026 05:45:00,5,05:45,63803.19,63836.58,63805.88,63826.02,-31,SHORT,63826.01,63807.56,TRUE,TRUE
07/12/2026,07/12/2026 06:00:00,6,06:00,63786.4,63842.63,63811.98,63822.33,+36,LONG,63807.56,63797.99,FALSE,TRUE
07/12/2026,07/12/2026 06:15:00,6,06:15,63797.99,63810.32,63798.0,63852.88,+55,LONG,63797.99,63863.79,TRUE,TRUE
07/12/2026,07/12/2026 06:30:00,6,06:30,63848.32,63883.47,63863.8,63900.9,+53,LONG,63863.79,63953.76,TRUE,TRUE
07/12/2026,07/12/2026 06:45:00,6,06:45,63940.97,63956.0,63941.97,63971.31,+30,LONG,63953.76,63966.54,TRUE,TRUE
07/12/2026,07/12/2026 07:00:00,7,07:00,63961.44,63979.8,63940.98,63966.53,-39,SHORT,63966.54,64056.71,FALSE,TRUE
07/12/2026,07/12/2026 07:15:00,7,07:15,64046.25,64086.99,64028.92,64078.55,-58,SHORT,64056.71,64011.6,TRUE,TRUE
07/12/2026,07/12/2026 07:30:00,7,07:30,64004.99,64017.63,63996.8,64027.59,+23,LONG,64011.6,63989.99,FALSE,TRUE
07/12/2026,07/12/2026 07:45:00,7,07:45,63971.59,63990.0,63989.99,64006.68,+35,LONG,63989.99,63982.16,FALSE,FALSE
07/12/2026,07/12/2026 08:00:00,8,08:00,63982.16,63992.41,63962.08,63982.17,-30,SHORT,63982.16,64002.11,FALSE,TRUE
07/12/2026,07/12/2026 08:15:00,8,08:15,63992.66,64002.11,63973.01,64002.11,-29,SHORT,64002.11,64001.11,TRUE,TRUE
07/12/2026,07/12/2026 08:30:00,8,08:30,64001.1,64003.1,64001.11,64016.68,+16,LONG,64001.11,63999.15,FALSE,TRUE
07/12/2026,07/12/2026 08:45:00,8,08:45,63995.31,64001.08,63987.56,64006.75,-14,SHORT,63999.15,63980.52,TRUE,FALSE
07/12/2026,07/12/2026 09:00:00,9,09:00,63980.0,63989.98,63958.44,63987.91,-32,SHORT,63980.52,63934.88,TRUE,TRUE
07/12/2026,07/12/2026 09:15:00,9,09:15,63932.96,63973.58,63918.4,63950.49,-55,SHORT,63934.88,63956.39,FALSE,FALSE
07/12/2026,07/12/2026 09:30:00,9,09:30,63950.03,63957.99,63956.38,63969.36,+19,LONG,63956.39,64026.8,TRUE,FALSE
07/12/2026,07/12/2026 09:45:00,9,09:45,64018.6,64043.74,64026.09,64173.47,+155,LONG,64026.8,64158.64,TRUE,TRUE
07/12/2026,07/12/2026 10:00:00,10,10:00,64158.64,64175.19,64100.03,64158.65,-75,SHORT,64158.64,64147.72,TRUE,FALSE
07/12/2026,07/12/2026 10:15:00,10,10:15,64136.01,64164.23,64112.07,64147.73,-52,SHORT,64147.72,64178.99,FALSE,FALSE
07/12/2026,07/12/2026 10:30:00,10,10:30,64156.32,64184.0,64170.08,64209.25,+53,LONG,64178.99,64104.68,FALSE,TRUE
07/12/2026,07/12/2026 10:45:00,10,10:45,64095.26,64124.25,64090.01,64124.49,-34,SHORT,64104.68,64136.52,FALSE,TRUE
07/12/2026,07/12/2026 11:00:00,11,11:00,64119.37,64137.63,64129.53,64144.08,+25,LONG,64136.52,64030.04,FALSE,TRUE
07/12/2026,07/12/2026 11:15:00,11,11:15,64000.01,64078.56,64030.04,64070.84,+71,LONG,64030.04,64137.73,TRUE,TRUE
07/12/2026,07/12/2026 11:30:00,11,11:30,64133.07,64147.49,64097.19,64147.12,-50,SHORT,64137.73,64079.5,TRUE,FALSE
07/12/2026,07/12/2026 11:45:00,11,11:45,64071.28,64086.01,64068.17,64089.14,+18,LONG,64079.5,64131.78,TRUE,FALSE
07/12/2026,07/12/2026 12:00:00,12,12:00,64117.13,64138.66,64104.04,64138.66,-35,SHORT,64131.78,64104.15,TRUE,FALSE
07/12/2026,07/12/2026 12:15:00,12,12:15,64093.84,64118.58,64098.67,64107.35,-20,SHORT,64104.15,64087.55,TRUE,TRUE
07/12/2026,07/12/2026 12:30:00,12,12:30,64086.39,64108.58,64074.92,64087.56,-34,SHORT,64087.55,64115.83,FALSE,FALSE
07/12/2026,07/12/2026 12:45:00,12,12:45,64115.82,64125.9,64109.41,64127.0,-16,SHORT,64115.83,64034.91,TRUE,TRUE
07/12/2026,07/12/2026 13:00:00,13,13:00,64032.17,64041.83,64034.91,64069.4,+37,LONG,64034.91,63996.79,FALSE,TRUE
07/12/2026,07/12/2026 13:15:00,13,13:15,63985.57,64003.96,63990.01,64000.31,+15,LONG,63996.79,64023.96,TRUE,TRUE
07/12/2026,07/12/2026 13:30:00,13,13:30,64002.11,64049.6,64020.32,64038.72,+37,LONG,64023.96,64087.62,TRUE,TRUE
07/12/2026,07/12/2026 13:45:00,13,13:45,64064.87,64095.77,64085.6,64089.24,+24,LONG,64087.62,64109.19,TRUE,TRUE
07/12/2026,07/12/2026 14:00:00,14,14:00,64108.66,64115.21,64109.19,64126.0,+17,LONG,64109.19,64130.02,TRUE,TRUE
07/12/2026,07/12/2026 14:15:00,14,14:15,64130.01,64162.46,64130.01,64139.49,-32,SHORT,64130.02,64164.99,FALSE,TRUE
07/12/2026,07/12/2026 14:30:00,14,14:30,64162.41,64169.99,64138.4,64164.99,-32,SHORT,64164.99,64115.48,TRUE,TRUE
07/12/2026,07/12/2026 14:45:00,14,14:45,64115.48,64119.96,64109.98,64119.96,-10,SHORT,64115.48,64193.87,FALSE,FALSE
07/12/2026,07/12/2026 15:00:00,15,15:00,64184.12,64219.99,64193.87,64216.45,+32,LONG,64193.87,64151.19,FALSE,TRUE
07/12/2026,07/12/2026 15:15:00,15,15:15,64150.03,64155.26,64130.1,64157.84,-25,SHORT,64151.19,64163.71,FALSE,TRUE
07/12/2026,07/12/2026 15:30:00,15,15:30,64158.01,64165.92,64163.71,64174.9,+17,LONG,64163.71,64180.58,TRUE,FALSE
07/12/2026,07/12/2026 15:45:00,15,15:45,64162.27,64184.12,64170.21,64180.59,+18,LONG,64180.58,64161.74,FALSE,FALSE
07/12/2026,07/12/2026 16:00:00,16,16:00,64156.0,64169.56,64161.74,64169.94,+14,LONG,64161.74,64167.05,TRUE,TRUE
07/12/2026,07/12/2026 16:15:00,16,16:15,64165.99,64183.12,64151.36,64169.23,-32,SHORT,64167.05,64062.0,TRUE,FALSE
07/12/2026,07/12/2026 16:30:00,16,16:30,64043.99,64077.14,64028.53,64066.0,-49,SHORT,64062.0,64013.04,TRUE,TRUE
07/12/2026,07/12/2026 16:45:00,16,16:45,63979.82,64023.45,63932.97,64013.05,-90,SHORT,64013.04,63883.78,TRUE,TRUE
07/12/2026,07/12/2026 17:00:00,17,17:00,63876.0,63907.61,63729.13,63883.78,-178,SHORT,63883.78,63750.96,TRUE,TRUE
07/12/2026,07/12/2026 17:15:00,17,17:15,63750.96,63783.71,63729.12,63795.0,-55,SHORT,63750.96,63790.99,FALSE,FALSE
07/12/2026,07/12/2026 17:30:00,17,17:30,63757.63,63791.0,63769.16,63834.86,+77,LONG,63790.99,63737.03,FALSE,TRUE
07/12/2026,07/12/2026 17:45:00,17,17:45,63737.01,63756.26,63659.98,63737.03,-96,SHORT,63737.03,63845.6,FALSE,TRUE
07/12/2026,07/12/2026 18:00:00,18,18:00,63845.6,63890.43,63799.41,63853.46,-91,SHORT,63845.6,63780.09,TRUE,TRUE
07/12/2026,07/12/2026 18:15:00,18,18:15,63731.78,63794.26,63744.8,63794.63,+63,LONG,63780.09,63787.03,TRUE,FALSE
07/12/2026,07/12/2026 18:30:00,18,18:30,63761.88,63795.95,63758.98,63788.1,-37,SHORT,63787.03,63775.11,TRUE,FALSE
07/12/2026,07/12/2026 18:45:00,18,18:45,63755.44,63775.97,63700.0,63775.11,-76,SHORT,63775.11,63740.32,TRUE,TRUE
07/12/2026,07/12/2026 19:00:00,19,19:00,63736.85,63766.21,63678.46,63740.33,-88,SHORT,63740.32,64251.0,FALSE,FALSE
07/12/2026,07/12/2026 19:15:00,19,19:15,64162.28,64251.0,64208.67,64388.01,+226,LONG,64251.0,64139.87,FALSE,TRUE
07/12/2026,07/12/2026 19:30:00,19,19:30,64122.4,64167.8,64054.7,64161.21,-113,SHORT,64139.87,63743.64,TRUE,FALSE
07/12/2026,07/12/2026 19:45:00,19,19:45,63649.04,63770.6,63734.0,64013.03,+364,LONG,63743.64,64024.78,TRUE,FALSE
07/12/2026,07/12/2026 20:00:00,20,20:00,63977.88,64042.0,63884.06,64024.78,-158,SHORT,64024.78,63809.21,TRUE,FALSE
07/12/2026,07/12/2026 20:15:00,20,20:15,63791.0,63854.0,63809.21,63947.52,+157,LONG,63809.21,63674.95,FALSE,TRUE
07/12/2026,07/12/2026 20:30:00,20,20:30,63636.93,63689.76,63598.08,63698.96,-92,SHORT,63674.95,63650.54,TRUE,FALSE
07/12/2026,07/12/2026 20:45:00,20,20:45,63631.79,63683.98,63507.09,63656.32,-177,SHORT,63650.54,63368.77,TRUE,TRUE
07/12/2026,07/12/2026 21:00:00,21,21:00,63354.98,63441.56,63300.0,63391.71,-142,SHORT,63368.77,63365.13,TRUE,TRUE
07/12/2026,07/12/2026 21:15:00,21,21:15,63299.6,63401.52,63365.13,63457.42,+158,LONG,63365.13,63419.73,TRUE,FALSE
07/12/2026,07/12/2026 21:30:00,21,21:30,63401.53,63459.76,63383.32,63441.56,-76,SHORT,63419.73,63420.03,FALSE,TRUE
07/12/2026,07/12/2026 21:45:00,21,21:45,63399.66,63452.48,63346.92,63420.03,-106,SHORT,63420.03,63326.94,TRUE,TRUE
07/12/2026,07/12/2026 22:00:00,22,22:00,63304.07,63333.33,63240.7,63335.35,-93,SHORT,63326.94,62969.51,TRUE,TRUE
07/12/2026,07/12/2026 22:15:00,22,22:15,62840.0,62993.48,62969.51,63073.92,+234,LONG,62969.51,63019.33,TRUE,FALSE
07/12/2026,07/12/2026 22:30:00,22,22:30,63008.4,63031.04,62900.0,63026.08,-131,SHORT,63019.33,62775.43,TRUE,FALSE
07/12/2026,07/12/2026 22:45:00,22,22:45,62753.6,62804.55,62760.88,62789.41,-44,SHORT,62775.43,62758.58,TRUE,TRUE
07/12/2026,07/12/2026 23:00:00,23,23:00,62746.43,62779.8,62715.88,62791.13,-64,SHORT,62758.58,62767.56,FALSE,FALSE
07/12/2026,07/12/2026 23:15:00,23,23:15,62741.94,62818.46,62767.56,62825.67,+84,LONG,62767.56,62826.78,TRUE,FALSE
07/12/2026,07/12/2026 23:30:00,23,23:30,62812.0,62827.14,62797.28,62826.78,-30,SHORT,62826.78,62674.71,TRUE,FALSE
07/12/2026,07/12/2026 23:45:00,23,23:45,62663.11,62687.08,62673.52,62710.61,+48,LONG,62674.71,62624.46,FALSE,TRUE
07/13/2026,07/13/2026 00:00:00,0,00:00,62607.26,62682.34,62461.0,62666.4,-221,SHORT,62624.46,62763.39,FALSE,TRUE
07/13/2026,07/13/2026 00:15:00,0,00:15,62753.6,62865.84,62687.84,62777.0,-178,SHORT,62763.39,62593.05,TRUE,TRUE
07/13/2026,07/13/2026 00:30:00,0,00:30,62561.2,62629.84,62519.65,62637.12,-110,SHORT,62593.05,62761.52,FALSE,FALSE
07/13/2026,07/13/2026 00:45:00,0,00:45,62720.85,62766.93,62732.26,62761.52,+41,LONG,62761.52,62754.53,FALSE,TRUE
07/13/2026,07/13/2026 01:00:00,1,01:00,62720.84,62756.21,62754.53,62803.45,+83,LONG,62754.53,62699.0,FALSE,FALSE
07/13/2026,07/13/2026 01:15:00,1,01:15,62684.45,62710.43,62698.99,62723.7,+39,LONG,62699.0,62791.99,TRUE,TRUE
07/13/2026,07/13/2026 01:30:00,1,01:30,62746.32,62791.99,62775.44,62819.12,+73,LONG,62791.99,62789.44,FALSE,FALSE
07/13/2026,07/13/2026 01:45:00,1,01:45,62758.05,62789.45,62748.39,62789.45,-41,SHORT,62789.44,62747.03,TRUE,FALSE
07/13/2026,07/13/2026 02:00:00,2,02:00,62734.61,62748.0,62702.51,62774.57,-45,SHORT,62747.03,62758.5,FALSE,FALSE
07/13/2026,07/13/2026 02:15:00,2,02:15,62754.91,62827.98,62758.51,62822.67,-69,SHORT,62758.5,62908.99,FALSE,FALSE
07/13/2026,07/13/2026 02:30:00,2,02:30,62907.79,62953.79,62860.97,62908.99,-93,SHORT,62908.99,62920.02,FALSE,FALSE
07/13/2026,07/13/2026 02:45:00,2,02:45,62912.5,62972.38,62910.37,62938.97,-62,SHORT,62920.02,62935.57,FALSE,FALSE
07/13/2026,07/13/2026 03:00:00,3,03:00,62933.85,62986.61,62930.5,63003.49,+70,LONG,62935.57,62977.62,TRUE,FALSE
07/13/2026,07/13/2026 03:15:00,3,03:15,62948.14,62977.62,62961.51,63002.0,+54,LONG,62977.62,63027.93,TRUE,TRUE
07/13/2026,07/13/2026 03:30:00,3,03:30,62989.51,63030.49,63015.85,63034.19,+45,LONG,63027.93,63052.5,TRUE,TRUE
07/13/2026,07/13/2026 03:45:00,3,03:45,62992.92,63062.9,63047.12,63101.99,+109,LONG,63052.5,63142.5,TRUE,TRUE
07/13/2026,07/13/2026 04:00:00,4,04:00,63124.22,63142.51,63101.5,63147.0,-41,SHORT,63142.5,63095.96,TRUE,FALSE
07/13/2026,07/13/2026 04:15:00,4,04:15,63081.5,63103.14,63051.85,63095.96,-51,SHORT,63095.96,63056.0,TRUE,TRUE
07/13/2026,07/13/2026 04:30:00,4,04:30,63032.3,63056.0,63040.47,63058.93,+27,LONG,63056.0,63047.13,FALSE,TRUE
07/13/2026,07/13/2026 04:45:00,4,04:45,63038.5,63047.15,63034.29,63047.14,-13,SHORT,63047.13,63039.0,TRUE,FALSE
07/13/2026,07/13/2026 05:00:00,5,05:00,63036.87,63041.55,63035.84,63056.99,+20,LONG,63039.0,63013.04,FALSE,TRUE
07/13/2026,07/13/2026 05:15:00,5,05:15,63013.04,63016.59,63013.04,63029.49,+16,LONG,63013.04,63027.66,TRUE,TRUE
07/13/2026,07/13/2026 05:30:00,5,05:30,63006.98,63028.09,63018.55,63062.99,+56,LONG,63027.66,62870.5,FALSE,FALSE
07/13/2026,07/13/2026 05:45:00,5,05:45,62850.03,62887.01,62836.01,62911.9,+62,LONG,62870.5,62801.79,FALSE,FALSE
07/13/2026,07/13/2026 06:00:00,6,06:00,62790.0,62819.55,62801.8,62912.32,+122,LONG,62801.79,63004.25,TRUE,TRUE
07/13/2026,07/13/2026 06:15:00,6,06:15,63001.98,63045.5,62993.72,63027.5,-52,SHORT,63004.25,62954.99,TRUE,FALSE
07/13/2026,07/13/2026 06:30:00,6,06:30,62954.5,62973.92,62904.96,62960.49,-69,SHORT,62954.99,62889.76,TRUE,TRUE
07/13/2026,07/13/2026 06:45:00,6,06:45,62886.73,62912.03,62879.63,62891.5,-32,SHORT,62889.76,62842.97,TRUE,TRUE
07/13/2026,07/13/2026 07:00:00,7,07:00,62833.45,62850.0,62814.51,62865.85,-35,SHORT,62842.97,62780.68,TRUE,TRUE
07/13/2026,07/13/2026 07:15:00,7,07:15,62776.01,62835.33,62778.04,62825.0,-57,SHORT,62780.68,62682.37,TRUE,TRUE
07/13/2026,07/13/2026 07:30:00,7,07:30,62652.34,62778.66,62667.8,62725.94,-111,SHORT,62682.37,62541.51,TRUE,TRUE
07/13/2026,07/13/2026 07:45:00,7,07:45,62516.85,62562.5,62536.27,62604.49,+88,LONG,62541.51,62561.5,TRUE,FALSE
07/13/2026,07/13/2026 08:00:00,8,08:00,62523.59,62568.5,62539.6,62600.99,+77,LONG,62561.5,62454.66,FALSE,FALSE
07/13/2026,07/13/2026 08:15:00,8,08:15,62441.03,62479.91,62430.0,62466.73,-50,SHORT,62454.66,62455.07,FALSE,TRUE
07/13/2026,07/13/2026 08:30:00,8,08:30,62455.07,62522.47,62453.01,62596.0,+141,LONG,62455.07,62262.47,FALSE,TRUE
07/13/2026,07/13/2026 08:45:00,8,08:45,62182.21,62290.0,62193.69,62338.99,+157,LONG,62262.47,62247.45,FALSE,FALSE
07/13/2026,07/13/2026 09:00:00,9,09:00,62214.94,62279.77,62212.96,62310.0,+95,LONG,62247.45,62346.73,TRUE,TRUE
07/13/2026,07/13/2026 09:15:00,9,09:15,62291.24,62359.3,62033.0,62371.59,-326,SHORT,62346.73,62480.81,FALSE,TRUE
07/13/2026,07/13/2026 09:30:00,9,09:30,62473.86,62540.44,62476.64,62570.16,+96,LONG,62480.81,62543.14,TRUE,FALSE
07/13/2026,07/13/2026 09:45:00,9,09:45,62464.89,62547.6,62502.49,62617.12,+152,LONG,62543.14,62716.19,TRUE,TRUE
07/13/2026,07/13/2026 10:00:00,10,10:00,62656.96,62728.08,62707.76,62795.0,+138,LONG,62716.19,62717.23,TRUE,TRUE
07/13/2026,07/13/2026 10:15:00,10,10:15,62689.01,62748.07,62707.21,62773.2,+84,LONG,62717.23,62745.39,TRUE,TRUE
07/13/2026,07/13/2026 10:30:00,10,10:30,62726.81,62768.6,62722.73,62789.49,+63,LONG,62745.39,62580.15,FALSE,FALSE
07/13/2026,07/13/2026 10:45:00,10,10:45,62506.44,62590.0,62529.66,62585.2,+79,LONG,62580.15,62540.62,FALSE,FALSE
07/13/2026,07/13/2026 11:00:00,11,11:00,62518.2,62562.0,62480.83,62567.99,-81,SHORT,62540.62,62465.98,TRUE,FALSE
07/13/2026,07/13/2026 11:15:00,11,11:15,62447.94,62502.0,62402.94,62469.06,-99,SHORT,62465.98,62278.09,TRUE,TRUE
07/13/2026,07/13/2026 11:30:00,11,11:30,62242.58,62280.0,62192.76,62276.76,-87,SHORT,62278.09,62297.61,FALSE,FALSE
07/13/2026,07/13/2026 11:45:00,11,11:45,62288.17,62318.99,62290.39,62354.82,+67,LONG,62297.61,62204.34,FALSE,TRUE
07/13/2026,07/13/2026 12:00:00,12,12:00,62170.01,62209.2,62192.26,62270.22,+100,LONG,62204.34,62240.17,TRUE,TRUE
07/13/2026,07/13/2026 12:15:00,12,12:15,62225.14,62248.91,62194.69,62244.42,-54,SHORT,62240.17,62112.93,TRUE,FALSE
07/13/2026,07/13/2026 12:30:00,12,12:30,62091.78,62130.23,62097.1,62153.94,+62,LONG,62112.93,62029.71,FALSE,TRUE
07/13/2026,07/13/2026 12:45:00,12,12:45,61971.3,62040.0,62001.64,62112.84,+142,LONG,62029.71,61830.0,FALSE,FALSE
07/13/2026,07/13/2026 13:00:00,13,13:00,61820.83,61929.18,61828.94,61921.64,+101,LONG,61830.0,61855.28,TRUE,TRUE
07/13/2026,07/13/2026 13:15:00,13,13:15,61814.57,61890.0,61834.3,61877.45,+63,LONG,61855.28,61872.63,TRUE,TRUE
07/13/2026,07/13/2026 13:30:00,13,13:30,61821.93,61910.19,61830.79,61892.05,-79,SHORT,61872.63,61931.68,FALSE,TRUE
07/13/2026,07/13/2026 13:45:00,13,13:45,61891.1,61931.74,61898.06,61940.97,+50,LONG,61931.68,61950.68,TRUE,FALSE
07/13/2026,07/13/2026 14:00:00,14,14:00,61931.52,61983.6,61907.48,61973.29,-76,SHORT,61950.68,61998.21,FALSE,TRUE
07/13/2026,07/13/2026 14:15:00,14,14:15,61974.13,62017.3,61988.09,62009.96,+36,LONG,61998.21,61940.01,FALSE,TRUE
07/13/2026,07/13/2026 14:30:00,14,14:30,61921.44,61975.98,61935.58,62014.13,+93,LONG,61940.01,62096.24,TRUE,TRUE
07/13/2026,07/13/2026 14:45:00,14,14:45,62031.15,62099.52,62065.58,62096.24,+65,LONG,62096.24,62210.67,TRUE,TRUE
07/13/2026,07/13/2026 15:00:00,15,15:00,62185.9,62225.07,62158.88,62213.38,-66,SHORT,62210.67,62146.91,TRUE,FALSE
07/13/2026,07/13/2026 15:15:00,15,15:15,62144.17,62160.31,62100.0,62150.3,-60,SHORT,62146.91,62145.0,TRUE,TRUE
07/13/2026,07/13/2026 15:30:00,15,15:30,62138.56,62151.37,62145.0,62169.0,+30,LONG,62145.0,62119.19,FALSE,TRUE
07/13/2026,07/13/2026 15:45:00,15,15:45,62118.96,62193.62,62072.01,62119.2,-122,SHORT,62119.19,62141.0,FALSE,TRUE
07/13/2026,07/13/2026 16:00:00,16,16:00,62105.16,62151.13,62140.99,62157.98,+53,LONG,62141.0,62042.14,FALSE,TRUE
07/13/2026,07/13/2026 16:15:00,16,16:15,61978.73,62042.15,62027.7,62042.15,+63,LONG,62042.14,61967.78,FALSE,FALSE
07/13/2026,07/13/2026 16:30:00,16,16:30,61950.16,61967.81,61939.22,61978.21,-29,SHORT,61967.78,61914.26,TRUE,FALSE
07/13/2026,07/13/2026 16:45:00,16,16:45,61861.81,61914.27,61858.63,61928.19,+66,LONG,61914.26,61997.89,TRUE,FALSE
07/13/2026,07/13/2026 17:00:00,17,17:00,61994.0,62060.78,61983.6,62076.99,+83,LONG,61997.89,62114.34,TRUE,TRUE
07/13/2026,07/13/2026 17:15:00,17,17:15,62103.92,62128.92,62081.36,62130.23,-48,SHORT,62114.34,62097.1,TRUE,FALSE
07/13/2026,07/13/2026 17:30:00,17,17:30,62087.1,62123.93,62093.22,62120.99,+34,LONG,62097.1,61995.96,FALSE,TRUE
07/13/2026,07/13/2026 17:45:00,17,17:45,61959.86,62002.0,61986.47,62005.96,+46,LONG,61995.96,61840.89,FALSE,FALSE
07/13/2026,07/13/2026 18:00:00,18,18:00,61819.58,61869.61,61799.3,61850.0,-70,SHORT,61840.89,61976.74,FALSE,TRUE
07/13/2026,07/13/2026 18:15:00,18,18:15,61972.32,61998.63,61972.32,62010.0,+38,LONG,61976.74,62088.6,TRUE,FALSE
07/13/2026,07/13/2026 18:30:00,18,18:30,62072.25,62151.34,62056.5,62088.6,-95,SHORT,62088.6,62046.93,TRUE,FALSE
07/13/2026,07/13/2026 18:45:00,18,18:45,62021.0,62053.02,62032.48,62130.24,+109,LONG,62046.93,62264.94,TRUE,FALSE
07/13/2026,07/13/2026 19:00:00,19,19:00,62225.99,62264.99,62241.22,62294.89,+69,LONG,62264.94,62366.99,TRUE,TRUE
07/13/2026,07/13/2026 19:15:00,19,19:15,62352.08,62415.0,62288.81,62366.99,-126,SHORT,62366.99,62303.19,TRUE,FALSE
07/13/2026,07/13/2026 19:30:00,19,19:30,62239.28,62310.71,62288.16,62357.75,+118,LONG,62303.19,62238.44,FALSE,TRUE
07/13/2026,07/13/2026 19:45:00,19,19:45,62214.22,62268.08,62238.44,62310.69,+96,LONG,62238.44,62481.0,TRUE,TRUE
07/13/2026,07/13/2026 20:00:00,20,20:00,62458.67,62494.94,62416.0,62508.6,-79,SHORT,62481.0,62423.51,TRUE,FALSE
07/13/2026,07/13/2026 20:15:00,20,20:15,62412.24,62442.32,62416.0,62457.35,+45,LONG,62423.51,62452.09,TRUE,FALSE
07/13/2026,07/13/2026 20:30:00,20,20:30,62425.78,62489.93,62416.64,62483.03,-73,SHORT,62452.09,62419.99,TRUE,FALSE
07/13/2026,07/13/2026 20:45:00,20,20:45,62411.06,62438.56,62409.97,62442.32,+31,LONG,62419.99,62459.45,TRUE,FALSE
07/13/2026,07/13/2026 21:00:00,21,21:00,62457.36,62482.64,62408.5,62459.46,-74,SHORT,62459.45,62428.1,TRUE,FALSE
07/13/2026,07/13/2026 21:15:00,21,21:15,62419.77,62439.09,62412.37,62448.46,+29,LONG,62428.1,62300.98,FALSE,TRUE
07/13/2026,07/13/2026 21:30:00,21,21:30,62252.3,62313.22,62300.98,62382.15,+130,LONG,62300.98,62516.0,TRUE,TRUE
07/13/2026,07/13/2026 21:45:00,21,21:45,62502.48,62531.29,62510.15,62570.19,+68,LONG,62516.0,62476.16,FALSE,FALSE
07/13/2026,07/13/2026 22:00:00,22,22:00,62470.97,62489.94,62476.16,62512.11,+41,LONG,62476.16,62322.19,FALSE,FALSE
07/13/2026,07/13/2026 22:15:00,22,22:15,62293.8,62322.57,62316.81,62373.01,+79,LONG,62322.19,62397.19,TRUE,TRUE
07/13/2026,07/13/2026 22:30:00,22,22:30,62375.95,62397.19,62378.4,62434.0,+58,LONG,62397.19,62389.95,FALSE,FALSE
07/13/2026,07/13/2026 22:45:00,22,22:45,62363.88,62419.76,62388.0,62434.47,+71,LONG,62389.95,62500.0,TRUE,TRUE
07/13/2026,07/13/2026 23:00:00,23,23:00,62490.56,62506.24,62491.2,62516.44,+26,LONG,62500.0,62491.2,FALSE,FALSE
07/13/2026,07/13/2026 23:15:00,23,23:15,62469.94,62510.65,62476.16,62516.46,+47,LONG,62491.2,62573.85,TRUE,TRUE
07/13/2026,07/13/2026 23:30:00,23,23:30,62566.65,62585.2,62573.85,62599.83,+33,LONG,62573.85,62635.65,TRUE,TRUE
07/13/2026,07/13/2026 23:45:00,23,23:45,62635.65,62656.25,62634.08,62645.36,-22,SHORT,62635.65,62673.76,FALSE,TRUE
07/14/2026,07/14/2026 00:00:00,0,00:00,62645.35,62697.23,62632.37,62671.68,-65,SHORT,62673.76,62756.13,FALSE,FALSE
07/14/2026,07/14/2026 00:15:00,0,00:15,62739.64,62763.97,62716.8,62765.55,-47,SHORT,62756.13,62773.18,FALSE,FALSE
07/14/2026,07/14/2026 00:30:00,0,00:30,62739.34,62803.88,62761.92,62803.28,+64,LONG,62773.18,62680.38,FALSE,TRUE
07/14/2026,07/14/2026 00:45:00,0,00:45,62649.11,62686.06,62645.38,62688.57,-41,SHORT,62680.38,62654.02,TRUE,FALSE
07/14/2026,07/14/2026 01:00:00,1,01:00,62626.82,62665.68,62644.0,62658.38,+32,LONG,62654.02,62586.04,FALSE,TRUE
07/14/2026,07/14/2026 01:15:00,1,01:15,62570.01,62649.11,62586.04,62617.95,-63,SHORT,62586.04,62613.71,FALSE,TRUE
07/14/2026,07/14/2026 01:30:00,1,01:30,62592.72,62621.97,62607.76,62667.29,+75,LONG,62613.71,62617.78,TRUE,FALSE
07/14/2026,07/14/2026 01:45:00,1,01:45,62596.48,62618.0,62586.46,62626.58,-32,SHORT,62617.78,62546.34,TRUE,FALSE
07/14/2026,07/14/2026 02:00:00,2,02:00,62509.99,62553.08,62520.0,62558.88,+49,LONG,62546.34,62509.99,FALSE,TRUE
07/14/2026,07/14/2026 02:15:00,2,02:15,62464.88,62509.99,62487.44,62517.51,+53,LONG,62509.99,62553.87,TRUE,TRUE
07/14/2026,07/14/2026 02:30:00,2,02:30,62541.18,62553.87,62523.84,62570.62,-30,SHORT,62553.87,62490.52,TRUE,FALSE
07/14/2026,07/14/2026 02:45:00,2,02:45,62469.0,62515.58,62427.27,62490.53,-88,SHORT,62490.52,62467.62,TRUE,TRUE
07/14/2026,07/14/2026 03:00:00,3,03:00,62466.99,62475.36,62455.45,62496.94,+30,LONG,62467.62,62464.31,FALSE,TRUE
07/14/2026,07/14/2026 03:15:00,3,03:15,62438.56,62471.67,62464.31,62534.24,+96,LONG,62464.31,62570.36,TRUE,TRUE
07/14/2026,07/14/2026 03:30:00,3,03:30,62560.0,62592.57,62545.28,62585.76,-47,SHORT,62570.36,62694.78,FALSE,TRUE
07/14/2026,07/14/2026 03:45:00,3,03:45,62685.13,62714.0,62679.15,62707.2,-35,SHORT,62694.78,62631.31,TRUE,TRUE
07/14/2026,07/14/2026 04:00:00,4,04:00,62615.0,62637.57,62601.58,62637.6,-36,SHORT,62631.31,62625.77,TRUE,TRUE
07/14/2026,07/14/2026 04:15:00,4,04:15,62606.38,62625.77,62613.99,62644.64,+38,LONG,62625.77,62593.12,FALSE,TRUE
07/14/2026,07/14/2026 04:30:00,4,04:30,62593.12,62611.48,62564.78,62604.0,-47,SHORT,62593.12,62484.71,TRUE,FALSE
07/14/2026,07/14/2026 04:45:00,4,04:45,62484.71,62523.2,62456.96,62486.01,-66,SHORT,62484.71,62554.05,FALSE,FALSE
07/14/2026,07/14/2026 05:00:00,5,05:00,62552.15,62558.85,62553.92,62599.84,+48,LONG,62554.05,62648.98,TRUE,FALSE
07/14/2026,07/14/2026 05:15:00,5,05:15,62640.96,62656.38,62640.67,62661.85,+21,LONG,62648.98,62594.08,FALSE,FALSE
07/14/2026,07/14/2026 05:30:00,5,05:30,62589.44,62606.21,62547.72,62628.5,-58,SHORT,62594.08,62733.6,FALSE,TRUE
07/14/2026,07/14/2026 05:45:00,5,05:45,62688.8,62736.63,62718.24,62745.98,+57,LONG,62733.6,62725.61,FALSE,TRUE
07/14/2026,07/14/2026 06:00:00,6,06:00,62716.71,62798.58,62663.05,62732.94,-136,SHORT,62725.61,62719.25,TRUE,FALSE
07/14/2026,07/14/2026 06:15:00,6,06:15,62676.33,62721.92,62712.91,62762.08,+86,LONG,62719.25,62785.73,TRUE,FALSE
07/14/2026,07/14/2026 06:30:00,6,06:30,62784.48,62802.67,62768.26,62799.2,-34,SHORT,62785.73,62784.44,TRUE,FALSE
07/14/2026,07/14/2026 06:45:00,6,06:45,62781.95,62805.88,62769.76,62784.45,-36,SHORT,62784.44,62769.76,TRUE,TRUE
07/14/2026,07/14/2026 07:00:00,7,07:00,62769.76,62785.38,62751.41,62791.98,-34,SHORT,62769.76,62777.52,FALSE,FALSE
07/14/2026,07/14/2026 07:15:00,7,07:15,62740.09,62782.49,62740.32,62791.41,+51,LONG,62777.52,62894.87,TRUE,FALSE
07/14/2026,07/14/2026 07:30:00,7,07:30,62817.15,62966.41,62873.87,63537.05,+720,LONG,62894.87,63502.06,TRUE,TRUE
07/14/2026,07/14/2026 07:45:00,7,07:45,63461.0,63538.1,63502.06,63785.63,+325,LONG,63502.06,63897.15,TRUE,TRUE
07/14/2026,07/14/2026 08:00:00,8,08:00,63842.77,63919.0,63757.69,63916.44,-161,SHORT,63897.15,63733.99,TRUE,FALSE
07/14/2026,07/14/2026 08:15:00,8,08:15,63689.73,63740.43,63732.0,63845.64,+156,LONG,63733.99,63898.93,TRUE,FALSE
07/14/2026,07/14/2026 08:30:00,8,08:30,63864.34,63922.54,63807.52,63916.0,-115,SHORT,63898.93,63727.46,TRUE,FALSE
07/14/2026,07/14/2026 08:45:00,8,08:45,63656.64,63744.97,63702.45,63847.48,+191,LONG,63727.46,63780.0,TRUE,FALSE
07/14/2026,07/14/2026 09:00:00,9,09:00,63724.98,63807.98,63678.01,63821.74,-130,SHORT,63780.0,63811.69,FALSE,TRUE
07/14/2026,07/14/2026 09:15:00,9,09:15,63709.51,63817.43,63692.54,63814.39,-125,SHORT,63811.69,63844.6,FALSE,FALSE
07/14/2026,07/14/2026 09:30:00,9,09:30,63727.05,63848.0,63789.12,63846.01,+119,LONG,63844.6,63965.75,TRUE,FALSE
07/14/2026,07/14/2026 09:45:00,9,09:45,63922.91,63965.77,63894.42,63971.74,-71,SHORT,63965.75,64238.0,FALSE,TRUE
07/14/2026,07/14/2026 10:00:00,10,10:00,64001.9,64300.0,64163.43,64294.0,+292,LONG,64238.0,64160.15,FALSE,TRUE
07/14/2026,07/14/2026 10:15:00,10,10:15,64143.83,64222.89,64146.08,64175.35,-77,SHORT,64160.15,64443.01,FALSE,TRUE
07/14/2026,07/14/2026 10:30:00,10,10:30,64285.91,64506.36,64437.01,64855.0,+569,LONG,64443.01,64733.74,TRUE,FALSE
07/14/2026,07/14/2026 10:45:00,10,10:45,64660.81,64813.99,64712.0,64771.25,+110,LONG,64733.74,64703.12,FALSE,FALSE
07/14/2026,07/14/2026 11:00:00,11,11:00,64612.11,64726.04,64580.0,64772.4,+160,LONG,64703.12,64690.72,FALSE,FALSE
07/14/2026,07/14/2026 11:15:00,11,11:15,64690.72,64793.77,64636.14,64707.3,-158,SHORT,64690.72,64784.11,FALSE,TRUE
07/14/2026,07/14/2026 11:30:00,11,11:30,64777.47,64826.88,64749.05,64814.93,-78,SHORT,64784.11,64741.18,TRUE,TRUE
07/14/2026,07/14/2026 11:45:00,11,11:45,64738.94,64798.64,64720.97,64767.12,-78,SHORT,64741.18,64693.5,TRUE,TRUE
07/14/2026,07/14/2026 12:00:00,12,12:00,64680.83,64734.89,64635.81,64693.5,-99,SHORT,64693.5,64564.3,TRUE,TRUE
07/14/2026,07/14/2026 12:15:00,12,12:15,64482.65,64576.93,64543.12,64630.49,+148,LONG,64564.3,64485.98,FALSE,TRUE
07/14/2026,07/14/2026 12:30:00,12,12:30,64485.98,64530.0,64451.52,64495.68,-78,SHORT,64485.98,64481.33,TRUE,FALSE
07/14/2026,07/14/2026 12:45:00,12,12:45,64438.05,64493.0,64466.99,64513.69,+76,LONG,64481.33,64586.36,TRUE,FALSE
07/14/2026,07/14/2026 13:00:00,13,13:00,64569.99,64624.33,64529.72,64594.94,-95,SHORT,64586.36,64449.4,TRUE,FALSE
07/14/2026,07/14/2026 13:15:00,13,13:15,64447.83,64485.0,64447.85,64501.17,+53,LONG,64449.4,64474.96,TRUE,FALSE
07/14/2026,07/14/2026 13:30:00,13,13:30,64474.08,64515.97,64437.26,64485.93,-79,SHORT,64474.96,64548.49,FALSE,TRUE
07/14/2026,07/14/2026 13:45:00,13,13:45,64513.81,64560.64,64548.49,64595.44,+82,LONG,64548.49,64533.4,FALSE,TRUE
07/14/2026,07/14/2026 14:00:00,14,14:00,64507.17,64546.12,64524.0,64583.99,+77,LONG,64533.4,64580.32,TRUE,TRUE
07/14/2026,07/14/2026 14:15:00,14,14:15,64568.27,64607.76,64551.32,64587.67,-56,SHORT,64580.32,64523.15,TRUE,FALSE
07/14/2026,07/14/2026 14:30:00,14,14:30,64523.15,64584.0,64476.16,64523.16,-108,SHORT,64523.15,64510.39,TRUE,TRUE
07/14/2026,07/14/2026 14:45:00,14,14:45,64488.32,64510.39,64505.09,64559.72,+71,LONG,64510.39,64542.41,TRUE,FALSE
07/14/2026,07/14/2026 15:00:00,15,15:00,64504.3,64591.1,64506.26,64561.59,-85,SHORT,64542.41,64417.47,TRUE,FALSE
07/14/2026,07/14/2026 15:15:00,15,15:15,64417.0,64461.68,64416.54,64445.72,-45,SHORT,64417.47,64401.9,TRUE,TRUE
07/14/2026,07/14/2026 15:30:00,15,15:30,64397.06,64428.97,64398.69,64409.16,-30,SHORT,64401.9,64438.0,FALSE,FALSE
07/14/2026,07/14/2026 15:45:00,15,15:45,64374.24,64447.93,64437.99,64456.35,+82,LONG,64438.0,64521.45,TRUE,FALSE
07/14/2026,07/14/2026 16:00:00,16,16:00,64499.36,64554.53,64506.72,64547.2,+48,LONG,64521.45,64579.99,TRUE,TRUE
07/14/2026,07/14/2026 16:15:00,16,16:15,64564.01,64580.0,64579.99,64592.64,+29,LONG,64579.99,64620.81,TRUE,TRUE
07/14/2026,07/14/2026 16:30:00,16,16:30,64613.44,64632.43,64620.81,64649.04,+36,LONG,64620.81,64687.04,TRUE,TRUE
07/14/2026,07/14/2026 16:45:00,16,16:45,64671.08,64732.53,64650.69,64720.16,-82,SHORT,64687.04,64634.83,TRUE,FALSE
07/14/2026,07/14/2026 17:00:00,17,17:00,64613.44,64636.0,64564.01,64634.84,-72,SHORT,64634.83,64506.26,TRUE,TRUE
07/14/2026,07/14/2026 17:15:00,17,17:15,64473.6,64508.77,64506.26,64539.84,+66,LONG,64506.26,64888.03,TRUE,FALSE
07/14/2026,07/14/2026 17:30:00,17,17:30,64882.52,64933.53,64872.01,64903.15,-62,SHORT,64888.03,64871.48,TRUE,FALSE
07/14/2026,07/14/2026 17:45:00,17,17:45,64871.04,64915.56,64871.48,64937.28,+66,LONG,64871.48,64815.84,FALSE,TRUE
07/14/2026,07/14/2026 18:00:00,18,18:00,64811.0,64848.0,64740.19,64856.32,-108,SHORT,64815.84,64963.78,FALSE,TRUE
07/14/2026,07/14/2026 18:15:00,18,18:15,64955.68,65001.49,64906.8,64963.29,-95,SHORT,64963.78,64870.01,TRUE,TRUE
07/14/2026,07/14/2026 18:30:00,18,18:30,64842.0,64870.01,64864.5,64875.0,+33,LONG,64870.01,64959.35,TRUE,FALSE
07/14/2026,07/14/2026 18:45:00,18,18:45,64938.75,64965.35,64950.0,64987.63,+49,LONG,64959.35,64988.64,TRUE,TRUE
07/14/2026,07/14/2026 19:00:00,19,19:00,64943.2,64997.79,64945.08,65007.63,+64,LONG,64988.64,64869.99,FALSE,FALSE
07/14/2026,07/14/2026 19:15:00,19,19:15,64862.97,64917.59,64843.95,64884.33,-74,SHORT,64869.99,64837.92,TRUE,FALSE
07/14/2026,07/14/2026 19:30:00,19,19:30,64797.44,64848.97,64776.07,64843.97,-73,SHORT,64837.92,64737.15,TRUE,TRUE
07/14/2026,07/14/2026 19:45:00,19,19:45,64714.47,64738.55,64737.14,64800.96,+86,LONG,64737.15,64775.98,TRUE,FALSE
07/14/2026,07/14/2026 20:00:00,20,20:00,64774.47,64803.98,64723.84,64792.57,-80,SHORT,64775.98,64693.97,TRUE,FALSE
07/14/2026,07/14/2026 20:15:00,20,20:15,64676.0,64705.45,64667.23,64736.05,+60,LONG,64693.97,64786.4,TRUE,FALSE
07/14/2026,07/14/2026 20:30:00,20,20:30,64775.68,64807.28,64741.32,64804.49,-66,SHORT,64786.4,64670.62,TRUE,FALSE
07/14/2026,07/14/2026 20:45:00,20,20:45,64599.47,64677.83,64634.74,64673.22,+74,LONG,64670.62,64625.94,FALSE,TRUE
07/14/2026,07/14/2026 21:00:00,21,21:00,64605.62,64638.69,64598.01,64624.48,-41,SHORT,64625.94,64660.79,FALSE,TRUE
07/14/2026,07/14/2026 21:15:00,21,21:15,64647.01,64685.17,64612.27,64661.58,-73,SHORT,64660.79,64472.0,TRUE,TRUE
07/14/2026,07/14/2026 21:30:00,21,21:30,64466.8,64506.71,64445.79,64494.58,-61,SHORT,64472.0,64508.93,FALSE,FALSE
07/14/2026,07/14/2026 21:45:00,21,21:45,64493.3,64508.94,64495.76,64514.08,+21,LONG,64508.93,64440.87,FALSE,TRUE
07/14/2026,07/14/2026 22:00:00,22,22:00,64440.71,64459.09,64440.51,64502.13,+61,LONG,64440.87,64581.05,TRUE,TRUE
07/14/2026,07/14/2026 22:15:00,22,22:15,64562.62,64621.42,64562.62,64580.49,-59,SHORT,64581.05,64561.91,TRUE,FALSE
07/14/2026,07/14/2026 22:30:00,22,22:30,64529.97,64561.92,64561.91,64655.99,+126,LONG,64561.91,64646.98,TRUE,FALSE
07/14/2026,07/14/2026 22:45:00,22,22:45,64642.88,64677.8,64624.48,64647.0,-53,SHORT,64646.98,64736.67,FALSE,TRUE
07/14/2026,07/14/2026 23:00:00,23,23:00,64736.67,64760.63,64732.0,64753.28,-29,SHORT,64736.67,64766.0,FALSE,FALSE
07/14/2026,07/14/2026 23:15:00,23,23:15,64766.0,64833.6,64754.99,64793.5,-79,SHORT,64766.0,64711.68,TRUE,TRUE
07/14/2026,07/14/2026 23:30:00,23,23:30,64709.12,64748.55,64664.96,64711.68,-84,SHORT,64711.68,64753.98,FALSE,FALSE
07/14/2026,07/14/2026 23:45:00,23,23:45,64748.3,64756.88,64753.98,64784.92,+37,LONG,64753.98,64698.07,FALSE,TRUE
07/15/2026,07/15/2026 00:00:00,0,00:00,64682.05,64698.08,64698.08,64764.24,+82,LONG,64698.07,64571.67,FALSE,FALSE
07/15/2026,07/15/2026 00:15:00,0,00:15,64558.24,64594.63,64566.77,64594.14,+36,LONG,64571.67,64595.04,TRUE,TRUE
07/15/2026,07/15/2026 00:30:00,0,00:30,64595.04,64633.62,64589.37,64623.99,-44,SHORT,64595.04,64653.92,FALSE,TRUE
07/15/2026,07/15/2026 00:45:00,0,00:45,64649.76,64676.83,64640.19,64669.81,-37,SHORT,64653.92,64896.0,FALSE,FALSE
07/15/2026,07/15/2026 01:00:00,1,01:00,64781.0,64918.0,64826.88,64918.01,+137,LONG,64896.0,64988.84,TRUE,FALSE
07/15/2026,07/15/2026 01:15:00,1,01:15,64940.09,65027.97,64932.0,64992.36,-96,SHORT,64988.84,64934.2,TRUE,FALSE
07/15/2026,07/15/2026 01:30:00,1,01:30,64909.5,64937.25,64919.46,64959.36,+50,LONG,64934.2,64999.82,TRUE,FALSE
07/15/2026,07/15/2026 01:45:00,1,01:45,64963.2,65018.01,64978.84,65029.28,+66,LONG,64999.82,64768.0,FALSE,FALSE
07/15/2026,07/15/2026 02:00:00,2,02:00,64767.84,64808.48,64698.8,64781.85,-110,SHORT,64768.0,64822.32,FALSE,TRUE
07/15/2026,07/15/2026 02:15:00,2,02:15,64813.54,64835.59,64789.99,64836.23,-46,SHORT,64822.32,64486.94,TRUE,TRUE
07/15/2026,07/15/2026 02:30:00,2,02:30,64435.2,64529.69,64468.8,64518.44,+83,LONG,64486.94,64551.0,TRUE,FALSE
07/15/2026,07/15/2026 02:45:00,2,02:45,64518.04,64578.17,64524.5,64562.52,-54,SHORT,64551.0,64501.79,TRUE,FALSE
07/15/2026,07/15/2026 03:00:00,3,03:00,64500.88,64514.89,64501.79,64584.53,+84,LONG,64501.79,64534.14,TRUE,FALSE
07/15/2026,07/15/2026 03:15:00,3,03:15,64516.37,64546.55,64534.14,64587.3,+71,LONG,64534.14,64592.83,TRUE,TRUE
07/15/2026,07/15/2026 03:30:00,3,03:30,64545.1,64599.08,64561.78,64596.67,+52,LONG,64592.83,64692.26,TRUE,TRUE
07/15/2026,07/15/2026 03:45:00,3,03:45,64635.78,64692.27,64688.01,64704.73,+69,LONG,64692.26,64719.93,TRUE,TRUE
07/15/2026,07/15/2026 04:00:00,4,04:00,64712.01,64730.32,64709.02,64720.51,-21,SHORT,64719.93,64791.42,FALSE,TRUE
07/15/2026,07/15/2026 04:15:00,4,04:15,64785.71,64804.06,64780.99,64791.43,-23,SHORT,64791.42,64782.02,TRUE,TRUE
07/15/2026,07/15/2026 04:30:00,4,04:30,64779.75,64798.35,64748.18,64782.03,-50,SHORT,64782.02,64662.18,TRUE,TRUE
07/15/2026,07/15/2026 04:45:00,4,04:45,64653.93,64672.08,64661.56,64675.62,+22,LONG,64662.18,64615.58,FALSE,TRUE
07/15/2026,07/15/2026 05:00:00,5,05:00,64600.0,64615.58,64592.22,64675.71,+76,LONG,64615.58,64748.72,TRUE,TRUE
07/15/2026,07/15/2026 05:15:00,5,05:15,64737.86,64781.68,64738.07,64751.94,-44,SHORT,64748.72,64586.26,TRUE,FALSE
07/15/2026,07/15/2026 05:30:00,5,05:30,64574.07,64610.86,64563.18,64613.76,-48,SHORT,64586.26,64606.75,FALSE,FALSE
07/15/2026,07/15/2026 05:45:00,5,05:45,64606.75,64631.03,64595.85,64620.83,-35,SHORT,64606.75,64605.99,TRUE,TRUE
07/15/2026,07/15/2026 06:00:00,6,06:00,64577.7,64612.44,64563.18,64630.44,+53,LONG,64605.99,64670.09,TRUE,FALSE
07/15/2026,07/15/2026 06:15:00,6,06:15,64670.06,64680.74,64664.82,64686.6,+17,LONG,64670.09,64581.91,FALSE,FALSE
07/15/2026,07/15/2026 06:30:00,6,06:30,64567.99,64585.2,64581.33,64596.0,+28,LONG,64581.91,64639.18,TRUE,TRUE
07/15/2026,07/15/2026 06:45:00,6,06:45,64629.18,64639.19,64639.18,64652.09,+23,LONG,64639.18,64679.32,TRUE,TRUE
07/15/2026,07/15/2026 07:00:00,7,07:00,64670.11,64696.41,64657.36,64687.89,-39,SHORT,64679.32,64662.1,TRUE,FALSE
07/15/2026,07/15/2026 07:15:00,7,07:15,64625.04,64677.24,64662.11,64706.61,+82,LONG,64662.1,64628.25,FALSE,TRUE
07/15/2026,07/15/2026 07:30:00,7,07:30,64589.54,64638.0,64610.38,64910.18,+321,LONG,64628.25,64741.98,TRUE,TRUE
07/15/2026,07/15/2026 07:45:00,7,07:45,64732.56,64834.91,64730.16,64803.18,-105,SHORT,64741.98,65106.41,FALSE,TRUE
07/15/2026,07/15/2026 08:00:00,8,08:00,65085.91,65134.34,65096.98,65187.4,+101,LONG,65106.41,65322.32,TRUE,FALSE
07/15/2026,07/15/2026 08:15:00,8,08:15,65231.1,65349.55,65306.92,65436.84,+206,LONG,65322.32,65257.82,FALSE,FALSE
07/15/2026,07/15/2026 08:30:00,8,08:30,65244.0,65308.96,65239.26,65358.92,+115,LONG,65257.82,65214.13,FALSE,FALSE
07/15/2026,07/15/2026 08:45:00,8,08:45,65213.47,65314.01,65045.45,65214.13,-269,SHORT,65214.13,65057.05,TRUE,FALSE
07/15/2026,07/15/2026 09:00:00,9,09:00,64969.74,65067.75,65002.41,65123.84,+154,LONG,65057.05,65231.13,TRUE,FALSE
07/15/2026,07/15/2026 09:15:00,9,09:15,65231.1,65326.47,65174.5,65305.09,-152,SHORT,65231.13,65276.98,FALSE,TRUE
07/15/2026,07/15/2026 09:30:00,9,09:30,65249.86,65325.4,65257.57,65344.2,+94,LONG,65276.98,65320.0,TRUE,FALSE
07/15/2026,07/15/2026 09:45:00,9,09:45,65303.53,65357.9,65267.4,65345.96,-90,SHORT,65320.0,65339.5,FALSE,TRUE
07/15/2026,07/15/2026 10:00:00,10,10:00,65321.85,65361.78,65221.39,65355.51,-140,SHORT,65339.5,65347.34,FALSE,FALSE
07/15/2026,07/15/2026 10:15:00,10,10:15,65325.59,65372.55,65234.76,65350.87,-138,SHORT,65347.34,65348.34,FALSE,FALSE
07/15/2026,07/15/2026 10:30:00,10,10:30,65306.22,65394.69,65275.65,65348.34,-119,SHORT,65348.34,65432.46,FALSE,FALSE
07/15/2026,07/15/2026 10:45:00,10,10:45,65408.97,65439.9,65382.3,65432.46,-58,SHORT,65432.46,65369.98,TRUE,TRUE
07/15/2026,07/15/2026 11:00:00,11,11:00,65358.55,65385.0,65270.95,65415.5,-114,SHORT,65369.98,65042.71,TRUE,TRUE
07/15/2026,07/15/2026 11:15:00,11,11:15,65025.04,65116.9,65035.08,65130.62,+106,LONG,65042.71,65112.16,TRUE,FALSE
07/15/2026,07/15/2026 11:30:00,11,11:30,65056.0,65113.95,65052.01,65120.2,+64,LONG,65112.16,64879.26,FALSE,FALSE
07/15/2026,07/15/2026 11:45:00,11,11:45,64820.91,64879.26,64865.46,65038.12,+217,LONG,64879.26,65062.83,TRUE,TRUE
07/15/2026,07/15/2026 12:00:00,12,12:00,64989.92,65080.06,65014.01,65105.0,+115,LONG,65062.83,64976.79,FALSE,FALSE
07/15/2026,07/15/2026 12:15:00,12,12:15,64957.47,65060.49,64944.33,65005.31,-116,SHORT,64976.79,64985.31,FALSE,TRUE
07/15/2026,07/15/2026 12:30:00,12,12:30,64943.5,64989.99,64983.98,65031.86,+88,LONG,64985.31,64989.6,TRUE,FALSE
07/15/2026,07/15/2026 12:45:00,12,12:45,64943.78,65028.01,64930.0,65150.73,+207,LONG,64989.6,65005.03,TRUE,TRUE
07/15/2026,07/15/2026 13:00:00,13,13:00,65005.03,65038.0,64964.99,65040.0,-73,SHORT,65005.03,65075.01,FALSE,TRUE
07/15/2026,07/15/2026 13:15:00,13,13:15,65048.0,65107.11,65006.04,65078.0,-101,SHORT,65075.01,65016.68,TRUE,TRUE
07/15/2026,07/15/2026 13:30:00,13,13:30,64997.15,65030.25,65006.13,65058.66,+62,LONG,65016.68,64933.49,FALSE,TRUE
07/15/2026,07/15/2026 13:45:00,13,13:45,64919.77,64964.05,64890.44,64971.04,-74,SHORT,64933.49,64816.57,TRUE,FALSE
07/15/2026,07/15/2026 14:00:00,14,14:00,64798.64,64853.58,64795.51,64849.7,-58,SHORT,64816.57,64888.73,FALSE,FALSE
07/15/2026,07/15/2026 14:15:00,14,14:15,64864.47,64901.53,64842.69,64888.73,-59,SHORT,64888.73,64813.59,TRUE,TRUE
07/15/2026,07/15/2026 14:30:00,14,14:30,64788.7,64832.9,64813.59,64904.4,+116,LONG,64813.59,64953.64,TRUE,FALSE
07/15/2026,07/15/2026 14:45:00,14,14:45,64933.43,64957.77,64885.2,64953.64,-73,SHORT,64953.64,64941.86,TRUE,FALSE
07/15/2026,07/15/2026 15:00:00,15,15:00,64911.51,64958.31,64868.39,64951.1,-90,SHORT,64941.86,64904.4,TRUE,TRUE
07/15/2026,07/15/2026 15:15:00,15,15:15,64904.4,64933.68,64903.65,64962.21,+58,LONG,64904.4,64967.83,TRUE,FALSE
07/15/2026,07/15/2026 15:30:00,15,15:30,64943.68,64972.2,64967.3,65000.0,+56,LONG,64967.83,64961.02,FALSE,FALSE
07/15/2026,07/15/2026 15:45:00,15,15:45,64951.63,64991.51,64939.15,64961.03,-52,SHORT,64961.02,64927.95,TRUE,FALSE
07/15/2026,07/15/2026 16:00:00,16,16:00,64927.01,64953.91,64927.95,64955.22,+28,LONG,64927.95,64868.59,FALSE,TRUE
07/15/2026,07/15/2026 16:15:00,16,16:15,64840.4,64868.6,64849.95,64875.84,+35,LONG,64868.59,64833.12,FALSE,FALSE
07/15/2026,07/15/2026 16:30:00,16,16:30,64813.45,64870.7,64825.69,64847.95,-45,SHORT,64833.12,64762.87,TRUE,FALSE
07/15/2026,07/15/2026 16:45:00,16,16:45,64750.0,64794.35,64762.88,64787.78,+38,LONG,64762.87,64796.0,TRUE,FALSE
07/15/2026,07/15/2026 17:00:00,17,17:00,64750.0,64801.3,64750.0,64803.56,+54,LONG,64796.0,64764.85,FALSE,FALSE
07/15/2026,07/15/2026 17:15:00,17,17:15,64764.85,64789.43,64759.99,64781.76,-29,SHORT,64764.85,64858.39,FALSE,TRUE
07/15/2026,07/15/2026 17:30:00,17,17:30,64827.86,64860.0,64858.39,64904.39,+77,LONG,64858.39,64844.03,FALSE,TRUE
07/15/2026,07/15/2026 17:45:00,17,17:45,64828.01,64844.54,64844.03,64886.24,+58,LONG,64844.03,64821.03,FALSE,FALSE
07/15/2026,07/15/2026 18:00:00,18,18:00,64816.9,64832.4,64818.71,64851.62,+35,LONG,64821.03,64871.9,TRUE,TRUE
07/15/2026,07/15/2026 18:15:00,18,18:15,64866.0,64900.0,64850.0,64876.4,-50,SHORT,64871.9,64804.27,TRUE,FALSE
07/15/2026,07/15/2026 18:30:00,18,18:30,64796.44,64816.83,64798.0,64814.88,-19,SHORT,64804.27,64696.67,TRUE,TRUE
07/15/2026,07/15/2026 18:45:00,18,18:45,64673.54,64707.19,64678.92,64712.01,+38,LONG,64696.67,64716.63,TRUE,FALSE
07/15/2026,07/15/2026 19:00:00,19,19:00,64703.6,64722.2,64696.0,64755.56,+52,LONG,64716.63,64787.77,TRUE,TRUE
07/15/2026,07/15/2026 19:15:00,19,19:15,64758.27,64803.37,64730.16,64802.76,-73,SHORT,64787.77,64521.7,TRUE,FALSE
07/15/2026,07/15/2026 19:30:00,19,19:30,64521.69,64545.03,64521.69,64563.17,+41,LONG,64521.7,64482.02,FALSE,TRUE
07/15/2026,07/15/2026 19:45:00,19,19:45,64451.64,64483.63,64463.44,64520.0,+68,LONG,64482.02,64537.4,TRUE,TRUE
07/15/2026,07/15/2026 20:00:00,20,20:00,64534.14,64560.0,64540.54,64567.76,+34,LONG,64537.4,64559.55,TRUE,TRUE
07/15/2026,07/15/2026 20:15:00,20,20:15,64543.02,64581.73,64538.71,64559.56,-43,SHORT,64559.55,64517.91,TRUE,FALSE
07/15/2026,07/15/2026 20:30:00,20,20:30,64508.73,64555.91,64515.99,64564.91,+56,LONG,64517.91,64566.82,TRUE,FALSE
07/15/2026,07/15/2026 20:45:00,20,20:45,64559.55,64600.46,64549.32,64634.47,+75,LONG,64566.82,64689.08,TRUE,TRUE
07/15/2026,07/15/2026 21:00:00,21,21:00,64680.0,64698.08,64664.0,64689.09,-34,SHORT,64689.08,64611.83,TRUE,FALSE
07/15/2026,07/15/2026 21:15:00,21,21:15,64592.23,64621.61,64569.32,64616.71,-52,SHORT,64611.83,64631.57,FALSE,FALSE
07/15/2026,07/15/2026 21:30:00,21,21:30,64607.31,64631.58,64563.18,64631.57,-68,SHORT,64631.57,64544.9,TRUE,TRUE
07/15/2026,07/15/2026 21:45:00,21,21:45,64538.48,64552.96,64537.06,64581.26,+43,LONG,64544.9,64595.85,TRUE,FALSE
07/15/2026,07/15/2026 22:00:00,22,22:00,64585.11,64620.63,64578.41,64599.48,-42,SHORT,64595.85,64654.28,FALSE,TRUE
07/15/2026,07/15/2026 22:15:00,22,22:15,64646.67,64670.01,64621.26,64654.27,-49,SHORT,64654.28,64633.99,TRUE,TRUE
07/15/2026,07/15/2026 22:30:00,22,22:30,64603.13,64653.92,64614.01,64656.67,+54,LONG,64633.99,64614.01,FALSE,TRUE
07/15/2026,07/15/2026 22:45:00,22,22:45,64602.9,64631.99,64579.3,64614.02,-53,SHORT,64614.01,64562.14,TRUE,FALSE
07/15/2026,07/15/2026 23:00:00,23,23:00,64546.0,64562.15,64562.14,64580.23,+34,LONG,64562.14,64597.26,TRUE,FALSE
07/15/2026,07/15/2026 23:15:00,23,23:15,64593.5,64606.32,64559.55,64597.26,-47,SHORT,64597.26,64597.11,TRUE,FALSE
07/15/2026,07/15/2026 23:30:00,23,23:30,64577.7,64603.0,64597.11,64639.41,+62,LONG,64597.11,64557.64,FALSE,TRUE
07/15/2026,07/15/2026 23:45:00,23,23:45,64556.01,64566.01,64545.03,64557.64,-21,SHORT,64557.64,64590.88,FALSE,TRUE
07/16/2026,07/16/2026 00:00:00,0,00:00,64541.46,64603.11,64541.47,64590.87,-62,SHORT,64590.88,64724.57,FALSE,FALSE
07/16/2026,07/16/2026 00:15:00,0,00:15,64644.98,64725.35,64718.01,64794.0,+149,LONG,64724.57,64877.09,TRUE,FALSE
07/16/2026,07/16/2026 00:30:00,0,00:30,64866.21,64902.82,64851.0,64910.08,-52,SHORT,64877.09,64859.06,TRUE,FALSE
07/16/2026,07/16/2026 00:45:00,0,00:45,64836.6,64868.1,64842.69,64866.87,+30,LONG,64859.06,64865.14,TRUE,FALSE
07/16/2026,07/16/2026 01:00:00,1,01:00,64860.0,64890.0,64862.6,64889.42,+29,LONG,64865.14,64810.53,FALSE,FALSE
07/16/2026,07/16/2026 01:15:00,1,01:15,64792.53,64810.53,64779.0,64818.48,-32,SHORT,64810.53,64770.08,TRUE,FALSE
07/16/2026,07/16/2026 01:30:00,1,01:30,64751.0,64770.09,64740.01,64773.13,-30,SHORT,64770.08,64673.99,TRUE,TRUE
07/16/2026,07/16/2026 01:45:00,1,01:45,64670.0,64681.99,64643.41,64673.99,-39,SHORT,64673.99,64719.02,FALSE,FALSE
07/16/2026,07/16/2026 02:00:00,2,02:00,64710.31,64733.77,64682.98,64725.92,-51,SHORT,64719.02,64598.97,TRUE,TRUE
07/16/2026,07/16/2026 02:15:00,2,02:15,64592.05,64648.26,64535.39,64603.77,-113,SHORT,64598.97,64445.0,TRUE,TRUE
07/16/2026,07/16/2026 02:30:00,2,02:30,64441.91,64480.0,64405.26,64456.1,-75,SHORT,64445.0,64174.96,TRUE,TRUE
07/16/2026,07/16/2026 02:45:00,2,02:45,64143.69,64204.49,64150.0,64212.0,+68,LONG,64174.96,64172.64,FALSE,TRUE
07/16/2026,07/16/2026 03:00:00,3,03:00,64139.56,64199.41,64156.22,64193.3,+54,LONG,64172.64,63888.65,FALSE,FALSE
07/16/2026,07/16/2026 03:15:00,3,03:15,63888.0,64011.71,63827.42,63906.0,-184,SHORT,63888.65,64099.3,FALSE,TRUE
07/16/2026,07/16/2026 03:30:00,3,03:30,64054.0,64113.11,64071.27,64170.41,+116,LONG,64099.3,64084.74,FALSE,TRUE
07/16/2026,07/16/2026 03:45:00,3,03:45,64078.22,64218.0,64063.08,64133.48,-155,SHORT,64084.74,64067.87,TRUE,FALSE
07/16/2026,07/16/2026 04:00:00,4,04:00,64013.37,64074.15,64067.88,64126.25,+113,LONG,64067.87,64058.8,FALSE,TRUE
07/16/2026,07/16/2026 04:15:00,4,04:15,64055.39,64113.6,64057.26,64090.08,-56,SHORT,64058.8,63979.9,TRUE,FALSE
07/16/2026,07/16/2026 04:30:00,4,04:30,63963.68,64007.77,63959.46,64046.7,+83,LONG,63979.9,64047.24,TRUE,FALSE
07/16/2026,07/16/2026 04:45:00,4,04:45,64043.11,64065.87,64023.95,64057.99,-42,SHORT,64047.24,64038.01,TRUE,FALSE
07/16/2026,07/16/2026 05:00:00,5,05:00,64024.89,64044.33,64022.01,64057.92,+33,LONG,64038.01,64087.32,TRUE,FALSE
07/16/2026,07/16/2026 05:15:00,5,05:15,64080.39,64091.17,64070.96,64107.55,+27,LONG,64087.32,64171.52,TRUE,TRUE
07/16/2026,07/16/2026 05:30:00,5,05:30,64126.26,64173.47,64162.06,64177.36,+51,LONG,64171.52,64132.02,FALSE,FALSE
07/16/2026,07/16/2026 05:45:00,5,05:45,64126.35,64155.93,64124.2,64136.43,-32,SHORT,64132.02,64165.73,FALSE,TRUE
07/16/2026,07/16/2026 06:00:00,6,06:00,64140.0,64171.32,64119.04,64176.61,-52,SHORT,64165.73,64120.47,TRUE,TRUE
07/16/2026,07/16/2026 06:15:00,6,06:15,64110.96,64135.99,64054.7,64139.32,-81,SHORT,64120.47,64123.99,FALSE,FALSE
07/16/2026,07/16/2026 06:30:00,6,06:30,64109.58,64180.25,64100.6,64140.55,-80,SHORT,64123.99,64207.71,FALSE,FALSE
07/16/2026,07/16/2026 06:45:00,6,06:45,64186.85,64216.48,64197.9,64220.17,+33,LONG,64207.71,64200.0,FALSE,TRUE
07/16/2026,07/16/2026 07:00:00,7,07:00,64170.24,64212.39,64171.29,64203.98,-41,SHORT,64200.0,64106.18,TRUE,FALSE
07/16/2026,07/16/2026 07:15:00,7,07:15,64085.9,64116.67,64067.39,64107.46,-49,SHORT,64106.18,64141.99,FALSE,FALSE
07/16/2026,07/16/2026 07:30:00,7,07:30,64090.85,64141.99,64122.09,64165.27,+74,LONG,64141.99,63839.99,FALSE,TRUE
07/16/2026,07/16/2026 07:45:00,7,07:45,63815.0,63883.72,63798.96,63907.47,+92,LONG,63839.99,63914.11,TRUE,TRUE
07/16/2026,07/16/2026 08:00:00,8,08:00,63909.94,63937.7,63905.25,63968.0,+58,LONG,63914.11,64033.28,TRUE,TRUE
07/16/2026,07/16/2026 08:15:00,8,08:15,64024.29,64061.54,64022.18,64058.6,-39,SHORT,64033.28,64191.35,FALSE,TRUE
07/16/2026,07/16/2026 08:30:00,8,08:30,64135.97,64199.71,64193.72,64299.16,+163,LONG,64191.35,64101.25,FALSE,TRUE
07/16/2026,07/16/2026 08:45:00,8,08:45,64101.24,64180.14,64101.25,64226.09,+125,LONG,64101.25,64325.54,TRUE,TRUE
07/16/2026,07/16/2026 09:00:00,9,09:00,64243.01,64333.7,64294.0,64438.7,+196,LONG,64325.54,64577.64,TRUE,TRUE
07/16/2026,07/16/2026 09:15:00,9,09:15,64520.13,64590.0,64530.75,64660.04,+140,LONG,64577.64,64708.03,TRUE,TRUE
07/16/2026,07/16/2026 09:30:00,9,09:30,64708.03,64782.87,64604.01,64771.22,-179,SHORT,64708.03,64691.13,TRUE,FALSE
07/16/2026,07/16/2026 09:45:00,9,09:45,64615.34,64691.13,64630.83,64697.54,+82,LONG,64691.13,64493.21,FALSE,TRUE
07/16/2026,07/16/2026 10:00:00,10,10:00,64444.01,64520.0,64422.33,64530.74,-98,SHORT,64493.21,64309.73,TRUE,FALSE
07/16/2026,07/16/2026 10:15:00,10,10:15,64260.69,64370.62,64276.73,64372.28,+112,LONG,64309.73,64774.47,TRUE,FALSE
07/16/2026,07/16/2026 10:30:00,10,10:30,64732.32,64783.63,64695.03,64785.11,-89,SHORT,64774.47,64682.62,TRUE,FALSE
07/16/2026,07/16/2026 10:45:00,10,10:45,64625.94,64729.14,64594.64,64692.54,-134,SHORT,64682.62,64660.54,TRUE,TRUE
07/16/2026,07/16/2026 11:00:00,11,11:00,64632.0,64684.48,64589.13,64672.52,-95,SHORT,64660.54,64459.86,TRUE,TRUE
07/16/2026,07/16/2026 11:15:00,11,11:15,64424.87,64476.53,64424.63,64488.74,+64,LONG,64459.86,64492.81,TRUE,FALSE
07/16/2026,07/16/2026 11:30:00,11,11:30,64476.54,64533.19,64492.81,64597.46,+121,LONG,64492.81,64330.59,FALSE,FALSE
07/16/2026,07/16/2026 11:45:00,11,11:45,64321.03,64399.73,64281.86,64342.1,-118,SHORT,64330.59,64432.08,FALSE,TRUE
07/16/2026,07/16/2026 12:00:00,12,12:00,64430.67,64493.21,64358.55,64434.84,-135,SHORT,64432.08,64123.63,TRUE,TRUE
07/16/2026,07/16/2026 12:15:00,12,12:15,64120.91,64243.02,64123.64,64192.8,-119,SHORT,64123.63,64169.62,FALSE,FALSE
07/16/2026,07/16/2026 12:30:00,12,12:30,64117.93,64188.01,64166.72,64219.99,+102,LONG,64169.62,64102.24,FALSE,TRUE
07/16/2026,07/16/2026 12:45:00,12,12:45,64071.32,64140.19,64033.02,64102.32,-107,SHORT,64102.24,64030.02,TRUE,FALSE
07/16/2026,07/16/2026 13:00:00,13,13:00,63964.8,64032.97,64001.18,64089.95,+125,LONG,64030.02,64149.92,TRUE,FALSE
07/16/2026,07/16/2026 13:15:00,13,13:15,64122.09,64165.18,64105.41,64173.64,-60,SHORT,64149.92,64174.67,FALSE,TRUE
07/16/2026,07/16/2026 13:30:00,13,13:30,64171.49,64236.92,64142.9,64180.47,-94,SHORT,64174.67,64104.98,TRUE,TRUE
07/16/2026,07/16/2026 13:45:00,13,13:45,64084.56,64114.67,64088.73,64150.4,+66,LONG,64104.98,64191.56,TRUE,FALSE
07/16/2026,07/16/2026 14:00:00,14,14:00,64191.56,64238.23,64181.9,64247.79,-56,SHORT,64191.56,64180.46,TRUE,FALSE
07/16/2026,07/16/2026 14:15:00,14,14:15,64167.97,64218.47,64155.54,64233.01,+65,LONG,64180.46,64212.56,TRUE,FALSE
07/16/2026,07/16/2026 14:30:00,14,14:30,64151.03,64236.81,64181.75,64241.01,+90,LONG,64212.56,64148.58,FALSE,FALSE
07/16/2026,07/16/2026 14:45:00,14,14:45,64142.04,64186.33,64110.48,64159.82,-76,SHORT,64148.58,64217.54,FALSE,TRUE
07/16/2026,07/16/2026 15:00:00,15,15:00,64193.56,64232.07,64198.99,64233.19,+40,LONG,64217.54,64136.51,FALSE,TRUE
07/16/2026,07/16/2026 15:15:00,15,15:15,64131.81,64149.85,64103.54,64138.04,-46,SHORT,64136.51,64133.71,TRUE,FALSE
07/16/2026,07/16/2026 15:30:00,15,15:30,64131.65,64150.01,64105.43,64134.16,-45,SHORT,64133.71,64103.54,TRUE,TRUE
07/16/2026,07/16/2026 15:45:00,15,15:45,64082.99,64103.55,64086.65,64106.8,+24,LONG,64103.54,64056.98,FALSE,TRUE
07/16/2026,07/16/2026 16:00:00,16,16:00,64056.97,64097.07,64056.97,64079.08,-40,SHORT,64056.98,64133.72,FALSE,TRUE
07/16/2026,07/16/2026 16:15:00,16,16:15,64124.01,64155.43,64133.71,64142.33,-22,SHORT,64133.72,64112.54,TRUE,TRUE
07/16/2026,07/16/2026 16:30:00,16,16:30,64106.61,64140.42,64099.33,64114.62,-41,SHORT,64112.54,64161.72,FALSE,FALSE
07/16/2026,07/16/2026 16:45:00,16,16:45,64131.76,64168.26,64125.35,64163.02,-43,SHORT,64161.72,64113.03,TRUE,TRUE
07/16/2026,07/16/2026 17:00:00,17,17:00,64089.3,64113.75,64113.03,64197.15,+108,LONG,64113.03,64155.21,TRUE,FALSE
07/16/2026,07/16/2026 17:15:00,17,17:15,64101.94,64162.94,64101.94,64155.21,-61,SHORT,64155.21,63973.38,TRUE,FALSE
07/16/2026,07/16/2026 17:30:00,17,17:30,63961.11,63994.02,63968.81,64054.86,+94,LONG,63973.38,64029.88,TRUE,FALSE
07/16/2026,07/16/2026 17:45:00,17,17:45,64018.84,64041.21,63996.99,64037.91,-44,SHORT,64029.88,63916.84,TRUE,FALSE
07/16/2026,07/16/2026 18:00:00,18,18:00,63900.0,63933.93,63880.42,63962.11,+62,LONG,63916.84,63881.27,FALSE,TRUE
07/16/2026,07/16/2026 18:15:00,18,18:15,63852.59,63892.5,63841.17,63881.27,-51,SHORT,63881.27,63767.43,TRUE,FALSE
07/16/2026,07/16/2026 18:30:00,18,18:30,63743.93,63800.02,63734.28,63798.23,-66,SHORT,63767.43,63784.33,FALSE,FALSE
07/16/2026,07/16/2026 18:45:00,18,18:45,63722.63,63796.48,63742.41,63793.99,+71,LONG,63784.33,63770.6,FALSE,TRUE
07/16/2026,07/16/2026 19:00:00,19,19:00,63769.87,63791.98,63724.51,63796.09,-67,SHORT,63770.6,63736.98,TRUE,FALSE
07/16/2026,07/16/2026 19:15:00,19,19:15,63722.18,63764.89,63725.21,63817.96,+96,LONG,63736.98,63747.35,TRUE,FALSE
07/16/2026,07/16/2026 19:30:00,19,19:30,63713.57,63749.12,63653.96,63752.13,-95,SHORT,63747.35,63732.0,TRUE,FALSE
07/16/2026,07/16/2026 19:45:00,19,19:45,63676.36,63738.11,63732.0,63808.46,+132,LONG,63732.0,63836.44,TRUE,FALSE
07/16/2026,07/16/2026 20:00:00,20,20:00,63769.38,63836.45,63810.51,63850.0,+81,LONG,63836.44,63933.79,TRUE,TRUE
07/16/2026,07/16/2026 20:15:00,20,20:15,63921.93,63955.28,63866.8,63968.43,-88,SHORT,63933.79,63919.97,TRUE,FALSE
07/16/2026,07/16/2026 20:30:00,20,20:30,63879.71,63919.98,63851.15,63926.09,-69,SHORT,63919.97,63669.43,TRUE,TRUE
07/16/2026,07/16/2026 20:45:00,20,20:45,63669.43,63770.0,63605.23,63670.78,-165,SHORT,63669.43,63489.0,TRUE,TRUE
07/16/2026,07/16/2026 21:00:00,21,21:00,63468.07,63529.95,63434.04,63533.91,-96,SHORT,63489.0,63559.43,FALSE,FALSE
07/16/2026,07/16/2026 21:15:00,21,21:15,63510.68,63570.0,63529.88,63596.09,+85,LONG,63559.43,63479.13,FALSE,TRUE
07/16/2026,07/16/2026 21:30:00,21,21:30,63479.13,63552.48,63454.9,63503.99,-98,SHORT,63479.13,63400.76,TRUE,FALSE
07/16/2026,07/16/2026 21:45:00,21,21:45,63354.84,63414.05,63381.0,63429.87,+75,LONG,63400.76,63430.08,TRUE,FALSE
07/16/2026,07/16/2026 22:00:00,22,22:00,63417.69,63443.99,63425.4,63467.03,+49,LONG,63430.08,63564.03,TRUE,TRUE
07/16/2026,07/16/2026 22:15:00,22,22:15,63545.0,63576.06,63554.98,63608.68,+64,LONG,63564.03,63626.21,TRUE,TRUE
07/16/2026,07/16/2026 22:30:00,22,22:30,63605.02,63663.38,63596.67,63638.36,-67,SHORT,63626.21,63566.92,TRUE,FALSE
07/16/2026,07/16/2026 22:45:00,22,22:45,63546.3,63579.31,63513.27,63579.34,-66,SHORT,63566.92,63508.14,TRUE,TRUE
07/16/2026,07/16/2026 23:00:00,23,23:00,63508.14,63524.71,63463.47,63508.15,-61,SHORT,63508.14,63442.97,TRUE,TRUE
07/16/2026,07/16/2026 23:15:00,23,23:15,63434.2,63489.43,63440.01,63487.34,+53,LONG,63442.97,63326.75,FALSE,TRUE
07/16/2026,07/16/2026 23:30:00,23,23:30,63296.43,63333.59,63310.02,63326.75,+30,LONG,63326.75,63413.21,TRUE,TRUE
07/16/2026,07/16/2026 23:45:00,23,23:45,63371.49,63432.0,63413.21,63513.09,+142,LONG,63413.21,63423.17,TRUE,TRUE
07/17/2026,07/17/2026 00:00:00,0,00:00,63409.02,63429.87,63351.98,63417.87,-78,SHORT,63423.17,63370.91,TRUE,FALSE
07/17/2026,07/17/2026 00:15:00,0,00:15,63338.14,63387.38,63338.16,63378.52,-49,SHORT,63370.91,63149.27,TRUE,TRUE
07/17/2026,07/17/2026 00:30:00,0,00:30,63135.01,63268.76,63137.97,63175.39,-131,SHORT,63149.27,62917.06,TRUE,TRUE
07/17/2026,07/17/2026 00:45:00,0,00:45,62905.01,62958.55,62773.0,62927.99,-186,SHORT,62917.06,62782.59,TRUE,TRUE
07/17/2026,07/17/2026 01:00:00,1,01:00,62744.16,62816.87,62741.82,62782.59,-75,SHORT,62782.59,62766.84,TRUE,TRUE
07/17/2026,07/17/2026 01:15:00,1,01:15,62707.95,62766.84,62641.19,62768.95,-126,SHORT,62766.84,62872.95,FALSE,FALSE
07/17/2026,07/17/2026 01:30:00,1,01:30,62833.56,62888.69,62846.07,62907.32,+74,LONG,62872.95,62825.1,FALSE,TRUE
07/17/2026,07/17/2026 01:45:00,1,01:45,62808.62,62835.77,62796.18,62847.2,-40,SHORT,62825.1,62890.91,FALSE,TRUE
07/17/2026,07/17/2026 02:00:00,2,02:00,62858.29,62896.1,62836.43,62890.91,-60,SHORT,62890.91,62842.97,TRUE,TRUE
07/17/2026,07/17/2026 02:15:00,2,02:15,62839.68,62849.84,62802.88,62855.09,-47,SHORT,62842.97,62875.62,FALSE,FALSE
07/17/2026,07/17/2026 02:30:00,2,02:30,62861.83,62883.26,62872.0,62913.3,+51,LONG,62875.62,62873.95,FALSE,TRUE
07/17/2026,07/17/2026 02:45:00,2,02:45,62869.11,62924.84,62847.04,62895.29,-78,SHORT,62873.95,62770.8,TRUE,FALSE
07/17/2026,07/17/2026 03:00:00,3,03:00,62760.99,62836.34,62709.47,62776.36,-127,SHORT,62770.8,62828.63,FALSE,FALSE
07/17/2026,07/17/2026 03:15:00,3,03:15,62790.96,62829.89,62733.12,62834.91,-97,SHORT,62828.63,62732.97,TRUE,TRUE
07/17/2026,07/17/2026 03:30:00,3,03:30,62732.97,62771.25,62692.5,62735.6,-79,SHORT,62732.97,62728.3,TRUE,TRUE
07/17/2026,07/17/2026 03:45:00,3,03:45,62663.03,62728.31,62725.19,62778.0,+115,LONG,62728.3,62826.02,TRUE,FALSE
07/17/2026,07/17/2026 04:00:00,4,04:00,62825.8,62876.48,62821.28,62873.84,-55,SHORT,62826.02,62898.0,FALSE,TRUE
07/17/2026,07/17/2026 04:15:00,4,04:15,62836.0,62909.97,62836.0,62898.01,-74,SHORT,62898.0,62886.23,TRUE,TRUE
07/17/2026,07/17/2026 04:30:00,4,04:30,62883.92,62902.08,62864.4,62909.51,-38,SHORT,62886.23,63000.0,FALSE,FALSE
07/17/2026,07/17/2026 04:45:00,4,04:45,62981.47,63000.0,62986.88,63003.78,+22,LONG,63000.0,62927.94,FALSE,TRUE
07/17/2026,07/17/2026 05:00:00,5,05:00,62916.96,62946.5,62924.25,62990.56,+74,LONG,62927.94,63034.8,TRUE,TRUE
07/17/2026,07/17/2026 05:15:00,5,05:15,62978.89,63037.79,63019.61,63060.02,+81,LONG,63034.8,63033.73,FALSE,FALSE
07/17/2026,07/17/2026 05:30:00,5,05:30,63029.78,63065.75,63018.01,63033.73,-48,SHORT,63033.73,63120.4,FALSE,TRUE
07/17/2026,07/17/2026 05:45:00,5,05:45,63102.65,63130.4,63109.1,63120.41,-21,SHORT,63120.4,63119.72,TRUE,TRUE
07/17/2026,07/17/2026 06:00:00,6,06:00,63108.72,63120.0,63115.68,63147.79,+39,LONG,63119.72,63025.88,FALSE,TRUE
07/17/2026,07/17/2026 06:15:00,6,06:15,63025.88,63052.99,63008.96,63029.92,-44,SHORT,63025.88,63071.5,FALSE,TRUE
07/17/2026,07/17/2026 06:30:00,6,06:30,63059.31,63071.51,63042.08,63071.5,-29,SHORT,63071.5,63239.06,FALSE,FALSE
07/17/2026,07/17/2026 06:45:00,6,06:45,63204.0,63239.07,63239.06,63278.9,+75,LONG,63239.06,63237.74,FALSE,TRUE
07/17/2026,07/17/2026 07:00:00,7,07:00,63229.77,63273.93,63237.74,63285.91,+56,LONG,63237.74,63192.95,FALSE,FALSE
07/17/2026,07/17/2026 07:15:00,7,07:15,63171.34,63204.01,63192.95,63214.13,+43,LONG,63192.95,63137.75,FALSE,FALSE
07/17/2026,07/17/2026 07:30:00,7,07:30,63115.96,63137.76,63110.0,63141.44,-28,SHORT,63137.75,63053.12,TRUE,FALSE
07/17/2026,07/17/2026 07:45:00,7,07:45,63017.37,63089.34,63018.0,63066.78,-71,SHORT,63053.12,63037.98,TRUE,TRUE
07/17/2026,07/17/2026 08:00:00,8,08:00,63018.73,63074.65,62999.0,63042.14,-76,SHORT,63037.98,62754.01,TRUE,TRUE
07/17/2026,07/17/2026 08:15:00,8,08:15,62728.93,62775.32,62744.0,62827.07,+98,LONG,62754.01,62790.96,TRUE,FALSE
07/17/2026,07/17/2026 08:30:00,8,08:30,62769.6,62807.47,62773.45,62869.56,+100,LONG,62790.96,62492.52,FALSE,FALSE
07/17/2026,07/17/2026 08:45:00,8,08:45,62452.52,62554.99,62454.33,62599.85,+147,LONG,62492.52,63092.11,TRUE,TRUE
07/17/2026,07/17/2026 09:00:00,9,09:00,62977.65,63120.06,63082.56,63260.25,+283,LONG,63092.11,63335.18,TRUE,TRUE
07/17/2026,07/17/2026 09:15:00,9,09:15,63293.85,63376.34,63281.28,63394.44,+101,LONG,63335.18,63192.47,FALSE,FALSE
07/17/2026,07/17/2026 09:30:00,9,09:30,63133.02,63267.21,63104.0,63206.48,-163,SHORT,63192.47,63216.63,FALSE,TRUE
07/17/2026,07/17/2026 09:45:00,9,09:45,63200.32,63238.18,63103.96,63225.97,-134,SHORT,63216.63,63112.0,TRUE,TRUE
07/17/2026,07/17/2026 10:00:00,10,10:00,63112.0,63188.39,63040.09,63141.84,-148,SHORT,63112.0,62862.82,TRUE,TRUE
07/17/2026,07/17/2026 10:15:00,10,10:15,62788.45,62907.99,62850.73,62920.63,+132,LONG,62862.82,63207.98,TRUE,FALSE
07/17/2026,07/17/2026 10:30:00,10,10:30,63142.0,63216.23,63159.84,63248.15,+106,LONG,63207.98,63154.82,FALSE,FALSE
07/17/2026,07/17/2026 10:45:00,10,10:45,63121.99,63159.7,63095.97,63157.99,-64,SHORT,63154.82,63403.18,FALSE,TRUE
07/17/2026,07/17/2026 11:00:00,11,11:00,63307.05,63406.13,63279.34,63408.25,-127,SHORT,63403.18,63413.99,FALSE,FALSE
07/17/2026,07/17/2026 11:15:00,11,11:15,63413.99,63458.0,63358.56,63413.99,-99,SHORT,63413.99,63423.16,FALSE,FALSE
07/17/2026,07/17/2026 11:30:00,11,11:30,63418.0,63437.34,63358.56,63439.28,-79,SHORT,63423.16,63487.35,FALSE,FALSE
07/17/2026,07/17/2026 11:45:00,11,11:45,63428.75,63498.4,63443.21,63520.01,+91,LONG,63487.35,63550.1,TRUE,FALSE
07/17/2026,07/17/2026 12:00:00,12,12:00,63537.65,63561.68,63550.11,63660.32,+123,LONG,63550.1,63919.63,TRUE,TRUE
07/17/2026,07/17/2026 12:15:00,12,12:15,63908.05,64000.53,63873.97,63952.0,-127,SHORT,63919.63,63982.52,FALSE,TRUE
07/17/2026,07/17/2026 12:30:00,12,12:30,63977.49,64043.03,63965.76,64046.71,-77,SHORT,63982.52,63993.85,FALSE,FALSE
07/17/2026,07/17/2026 12:45:00,12,12:45,63977.18,64013.75,63980.48,64058.93,+82,LONG,63993.85,64010.87,TRUE,FALSE
07/17/2026,07/17/2026 13:00:00,13,13:00,64002.57,64054.17,63942.09,64038.32,-112,SHORT,64010.87,64057.92,FALSE,TRUE
07/17/2026,07/17/2026 13:15:00,13,13:15,64001.59,64097.99,63986.34,64057.92,-112,SHORT,64057.92,63925.65,TRUE,TRUE
07/17/2026,07/17/2026 13:30:00,13,13:30,63851.19,63938.45,63911.37,63975.89,+125,LONG,63925.65,64108.88,TRUE,FALSE
07/17/2026,07/17/2026 13:45:00,13,13:45,64017.71,64118.56,64108.89,64195.78,+178,LONG,64108.88,64225.35,TRUE,TRUE
07/17/2026,07/17/2026 14:00:00,14,14:00,64195.0,64234.39,64175.52,64226.43,-59,SHORT,64225.35,64042.89,TRUE,FALSE
07/17/2026,07/17/2026 14:15:00,14,14:15,64017.99,64071.06,64028.5,64068.95,+51,LONG,64042.89,64057.38,TRUE,FALSE
07/17/2026,07/17/2026 14:30:00,14,14:30,64012.98,64060.18,64029.38,64094.55,+82,LONG,64057.38,64147.78,TRUE,TRUE
07/17/2026,07/17/2026 14:45:00,14,14:45,64128.43,64157.15,64109.04,64176.4,-48,SHORT,64147.78,64113.2,TRUE,FALSE
07/17/2026,07/17/2026 15:00:00,15,15:00,64095.8,64142.58,64002.63,64117.66,-140,SHORT,64113.2,63963.27,TRUE,TRUE
07/17/2026,07/17/2026 15:15:00,15,15:15,63963.0,63983.42,63947.36,63976.8,-36,SHORT,63963.27,63993.94,FALSE,FALSE
07/17/2026,07/17/2026 15:30:00,15,15:30,63993.32,64034.23,63965.83,64016.54,-68,SHORT,63993.94,64070.0,FALSE,FALSE
07/17/2026,07/17/2026 15:45:00,15,15:45,63975.85,64070.0,64017.28,64102.34,+126,LONG,64070.0,64077.45,TRUE,FALSE
07/17/2026,07/17/2026 16:00:00,16,16:00,64076.16,64117.4,64077.45,64119.6,+43,LONG,64077.45,64124.0,TRUE,TRUE
07/17/2026,07/17/2026 16:15:00,16,16:15,64118.76,64152.02,64124.0,64146.43,-28,SHORT,64124.0,64103.12,TRUE,FALSE
07/17/2026,07/17/2026 16:30:00,16,16:30,64100.44,64186.05,64093.2,64118.05,-93,SHORT,64103.12,64059.99,TRUE,TRUE
07/17/2026,07/17/2026 16:45:00,16,16:45,64034.51,64060.0,64026.45,64066.24,-34,SHORT,64059.99,64067.59,FALSE,FALSE
07/17/2026,07/17/2026 17:00:00,17,17:00,64032.01,64071.5,64066.02,64109.17,+77,LONG,64067.59,64035.99,FALSE,TRUE
07/17/2026,07/17/2026 17:15:00,17,17:15,64035.98,64046.32,64000.0,64035.99,-46,SHORT,64035.99,63925.3,TRUE,FALSE
07/17/2026,07/17/2026 17:30:00,17,17:30,63922.0,63940.88,63913.89,63936.31,-27,SHORT,63925.3,63905.99,TRUE,TRUE
07/17/2026,07/17/2026 17:45:00,17,17:45,63901.94,63915.59,63905.99,63919.1,+17,LONG,63905.99,63937.99,TRUE,FALSE
07/17/2026,07/17/2026 18:00:00,18,18:00,63923.63,63942.0,63893.61,63938.0,-48,SHORT,63937.99,63857.91,TRUE,FALSE
07/17/2026,07/17/2026 18:15:00,18,18:15,63844.32,63866.79,63851.68,63857.91,-15,SHORT,63857.91,63921.18,FALSE,FALSE
07/17/2026,07/17/2026 18:30:00,18,18:30,63902.65,63922.15,63916.4,63936.0,+33,LONG,63921.18,63924.46,TRUE,FALSE
07/17/2026,07/17/2026 18:45:00,18,18:45,63920.36,63947.35,63911.11,63952.0,-36,SHORT,63924.46,63894.0,TRUE,FALSE
07/17/2026,07/17/2026 19:00:00,19,19:00,63883.05,63895.82,63893.99,63912.84,+30,LONG,63894.0,63917.29,TRUE,FALSE
07/17/2026,07/17/2026 19:15:00,19,19:15,63862.6,63937.41,63917.29,63951.73,+89,LONG,63917.29,63950.74,TRUE,TRUE
07/17/2026,07/17/2026 19:30:00,19,19:30,63948.0,63955.35,63917.92,63950.75,-37,SHORT,63950.74,63889.72,TRUE,FALSE
07/17/2026,07/17/2026 19:45:00,19,19:45,63864.77,63892.6,63883.12,63889.72,+25,LONG,63889.72,63867.91,FALSE,TRUE
07/17/2026,07/17/2026 20:00:00,20,20:00,63854.32,63870.34,63851.68,63871.74,-19,SHORT,63867.91,63876.37,FALSE,TRUE
07/17/2026,07/17/2026 20:15:00,20,20:15,63871.82,63876.38,63876.37,63896.95,+25,LONG,63876.37,63952.52,TRUE,FALSE
07/17/2026,07/17/2026 20:30:00,20,20:30,63950.06,63959.74,63917.92,63952.53,-42,SHORT,63952.52,63912.33,TRUE,FALSE
07/17/2026,07/17/2026 20:45:00,20,20:45,63898.45,63912.41,63903.9,63928.96,+31,LONG,63912.33,63916.0,TRUE,FALSE
07/17/2026,07/17/2026 21:00:00,21,21:00,63908.68,63933.0,63913.5,63926.0,-20,SHORT,63916.0,63923.62,FALSE,TRUE
07/17/2026,07/17/2026 21:15:00,21,21:15,63910.85,63923.63,63923.62,63947.03,+36,LONG,63923.62,63952.39,TRUE,FALSE
07/17/2026,07/17/2026 21:30:00,21,21:30,63951.83,63953.44,63952.39,63962.02,+10,LONG,63952.39,63920.34,FALSE,FALSE
07/17/2026,07/17/2026 21:45:00,21,21:45,63915.76,63928.78,63917.92,63946.07,+30,LONG,63920.34,63912.28,FALSE,FALSE
07/17/2026,07/17/2026 22:00:00,22,22:00,63906.89,63915.15,63912.28,63915.16,+8,LONG,63912.28,63956.66,TRUE,TRUE
07/17/2026,07/17/2026 22:15:00,22,22:15,63902.55,63956.66,63936.32,63956.66,+54,LONG,63956.66,63911.75,FALSE,FALSE
07/17/2026,07/17/2026 22:30:00,22,22:30,63903.2,63911.77,63903.21,63917.92,+15,LONG,63911.75,63912.48,TRUE,TRUE
07/17/2026,07/17/2026 22:45:00,22,22:45,63894.4,63923.18,63894.0,63912.48,-29,SHORT,63912.48,63970.77,FALSE,TRUE
07/17/2026,07/17/2026 23:00:00,23,23:00,63962.08,63977.57,63932.64,63976.0,-45,SHORT,63970.77,63950.3,TRUE,TRUE
07/17/2026,07/17/2026 23:15:00,23,23:15,63943.68,63952.01,63935.02,63950.31,-17,SHORT,63950.3,63940.27,TRUE,TRUE
07/17/2026,07/17/2026 23:30:00,23,23:30,63919.05,63940.28,63906.88,63940.28,-33,SHORT,63940.27,63902.37,TRUE,TRUE
07/17/2026,07/17/2026 23:45:00,23,23:45,63895.99,63914.0,63902.37,63902.38,-12,SHORT,63902.37,63925.87,FALSE,FALSE
07/18/2026,07/18/2026 00:00:00,0,00:00,63912.42,63932.83,63906.88,63926.4,-26,SHORT,63925.87,63883.71,TRUE,TRUE
07/18/2026,07/18/2026 00:15:00,0,00:15,63883.71,63889.07,63878.6,63890.1,-10,SHORT,63883.71,63924.77,FALSE,FALSE
07/18/2026,07/18/2026 00:30:00,0,00:30,63919.91,63924.78,63924.77,63939.06,+19,LONG,63924.77,63928.0,TRUE,FALSE
07/18/2026,07/18/2026 00:45:00,0,00:45,63911.59,63932.8,63915.28,63954.55,+43,LONG,63928.0,63924.0,FALSE,FALSE
07/18/2026,07/18/2026 01:00:00,1,01:00,63908.0,63928.05,63908.0,63926.92,-20,SHORT,63924.0,63916.29,TRUE,FALSE
07/18/2026,07/18/2026 01:15:00,1,01:15,63911.77,63926.0,63914.02,63920.04,-12,SHORT,63916.29,63941.0,FALSE,FALSE
07/18/2026,07/18/2026 01:30:00,1,01:30,63938.23,63943.45,63925.88,63941.0,-18,SHORT,63941.0,63930.0,TRUE,TRUE
07/18/2026,07/18/2026 01:45:00,1,01:45,63925.3,63932.71,63928.72,63930.01,+5,LONG,63930.0,63935.43,TRUE,FALSE
07/18/2026,07/18/2026 02:00:00,2,02:00,63935.04,63939.86,63935.43,63947.36,+12,LONG,63935.43,63951.34,TRUE,TRUE
07/18/2026,07/18/2026 02:15:00,2,02:15,63947.36,63968.85,63951.34,63951.4,-18,SHORT,63951.34,63985.64,FALSE,TRUE
07/18/2026,07/18/2026 02:30:00,2,02:30,63965.76,63985.64,63965.76,63985.65,+20,LONG,63985.64,63982.1,FALSE,TRUE
07/18/2026,07/18/2026 02:45:00,2,02:45,63958.78,63987.48,63975.88,63984.81,+26,LONG,63982.1,63950.92,FALSE,FALSE
07/18/2026,07/18/2026 03:00:00,3,03:00,63950.39,63970.62,63919.25,63975.09,-51,SHORT,63950.92,63939.29,TRUE,FALSE
07/18/2026,07/18/2026 03:15:00,3,03:15,63919.25,63942.74,63930.0,63939.29,+20,LONG,63939.29,63967.09,TRUE,FALSE
07/18/2026,07/18/2026 03:30:00,3,03:30,63941.3,63975.53,63967.08,63980.26,+39,LONG,63967.09,63938.4,FALSE,FALSE
07/18/2026,07/18/2026 03:45:00,3,03:45,63938.37,63938.41,63937.13,63948.71,+10,LONG,63938.4,63960.01,TRUE,TRUE
07/18/2026,07/18/2026 04:00:00,4,04:00,63943.89,63971.61,63955.09,63963.65,+20,LONG,63960.01,63930.11,FALSE,FALSE
07/18/2026,07/18/2026 04:15:00,4,04:15,63926.05,63930.12,63930.11,63930.12,+4,LONG,63930.11,63899.75,FALSE,FALSE
07/18/2026,07/18/2026 04:30:00,4,04:30,63895.64,63920.79,63899.75,63914.1,-21,SHORT,63899.75,63928.91,FALSE,TRUE
07/18/2026,07/18/2026 04:45:00,4,04:45,63926.56,63928.91,63928.91,63936.04,+9,LONG,63928.91,63940.9,TRUE,FALSE
07/18/2026,07/18/2026 05:00:00,5,05:00,63940.9,63943.71,63940.9,63940.91,-3,SHORT,63940.9,63951.03,FALSE,TRUE
07/18/2026,07/18/2026 05:15:00,5,05:15,63940.21,63951.04,63946.5,63951.04,+11,LONG,63951.03,63960.65,TRUE,FALSE
07/18/2026,07/18/2026 05:30:00,5,05:30,63954.71,63972.3,63960.65,63960.66,-12,SHORT,63960.65,63954.26,TRUE,FALSE
07/18/2026,07/18/2026 05:45:00,5,05:45,63950.42,63954.27,63954.26,63957.93,+8,LONG,63954.26,63961.48,TRUE,FALSE
07/18/2026,07/18/2026 06:00:00,6,06:00,63961.48,63961.49,63958.62,63968.96,+7,LONG,63961.48,63967.99,TRUE,TRUE
07/18/2026,07/18/2026 06:15:00,6,06:15,63967.01,63968.0,63967.99,63969.92,+3,LONG,63967.99,63974.11,TRUE,TRUE
07/18/2026,07/18/2026 06:30:00,6,06:30,63971.2,63978.73,63974.11,63976.83,+6,LONG,63974.11,63976.82,TRUE,TRUE
07/18/2026,07/18/2026 06:45:00,6,06:45,63976.82,63977.48,63974.0,63976.83,-3,SHORT,63976.82,64016.19,FALSE,TRUE
07/18/2026,07/18/2026 07:00:00,7,07:00,63977.65,64044.96,64016.19,64088.0,+110,LONG,64016.19,64088.04,TRUE,FALSE
07/18/2026,07/18/2026 07:15:00,7,07:15,64088.03,64096.36,64088.03,64103.48,+15,LONG,64088.04,64046.72,FALSE,FALSE
07/18/2026,07/18/2026 07:30:00,7,07:30,64046.72,64068.8,64046.72,64084.98,+38,LONG,64046.72,64138.3,TRUE,TRUE
07/18/2026,07/18/2026 07:45:00,7,07:45,64131.49,64140.85,64136.47,64184.02,+53,LONG,64138.3,64164.48,TRUE,TRUE
07/18/2026,07/18/2026 08:00:00,8,08:00,64164.48,64184.01,64142.2,64167.99,-42,SHORT,64164.48,63966.78,TRUE,FALSE
07/18/2026,07/18/2026 08:15:00,8,08:15,63952.17,63994.01,63966.79,64006.23,+54,LONG,63966.78,64010.09,TRUE,FALSE
07/18/2026,07/18/2026 08:30:00,8,08:30,63977.86,64013.55,64010.09,64053.95,+76,LONG,64010.09,64011.57,TRUE,TRUE
07/18/2026,07/18/2026 08:45:00,8,08:45,63995.2,64031.74,64011.57,64025.76,+31,LONG,64011.57,64065.07,TRUE,TRUE
07/18/2026,07/18/2026 09:00:00,9,09:00,64050.39,64065.12,64065.11,64112.22,+62,LONG,64065.07,64117.33,TRUE,TRUE
07/18/2026,07/18/2026 09:15:00,9,09:15,64117.2,64126.0,64098.24,64117.32,-28,SHORT,64117.33,64130.23,FALSE,TRUE
07/18/2026,07/18/2026 09:30:00,9,09:30,64105.6,64131.35,64130.24,64148.84,+43,LONG,64130.23,64140.61,TRUE,FALSE
07/18/2026,07/18/2026 09:45:00,9,09:45,64114.0,64140.61,64117.87,64140.62,+27,LONG,64140.61,64085.47,FALSE,FALSE
07/18/2026,07/18/2026 10:00:00,10,10:00,64068.8,64085.48,64085.47,64094.55,+26,LONG,64085.47,64053.42,FALSE,FALSE
07/18/2026,07/18/2026 10:15:00,10,10:15,64053.42,64053.43,64051.21,64061.44,+8,LONG,64053.42,64029.08,FALSE,FALSE
07/18/2026,07/18/2026 10:30:00,10,10:30,64029.08,64043.04,64028.32,64038.95,-15,SHORT,64029.08,63997.13,TRUE,FALSE
07/18/2026,07/18/2026 10:45:00,10,10:45,63995.71,64024.59,63987.84,64027.05,-37,SHORT,63997.13,64076.88,FALSE,FALSE
07/18/2026,07/18/2026 11:00:00,11,11:00,64068.8,64083.19,64047.04,64076.89,-36,SHORT,64076.88,64100.01,FALSE,FALSE
07/18/2026,07/18/2026 11:15:00,11,11:15,64099.25,64108.87,64100.01,64100.02,-9,SHORT,64100.01,64106.55,FALSE,FALSE
07/18/2026,07/18/2026 11:30:00,11,11:30,64083.97,64109.6,64099.32,64115.7,+32,LONG,64106.55,64097.63,FALSE,TRUE
07/18/2026,07/18/2026 11:45:00,11,11:45,64094.19,64101.27,64094.62,64116.56,+22,LONG,64097.63,64259.02,TRUE,TRUE
07/18/2026,07/18/2026 12:00:00,12,12:00,64229.57,64261.37,64230.73,64272.34,+43,LONG,64259.02,64277.31,TRUE,TRUE
07/18/2026,07/18/2026 12:15:00,12,12:15,64253.75,64278.12,64277.31,64316.42,+63,LONG,64277.31,64257.74,FALSE,FALSE
07/18/2026,07/18/2026 12:30:00,12,12:30,64236.78,64261.0,64253.0,64271.69,+35,LONG,64257.74,64397.26,TRUE,TRUE
07/18/2026,07/18/2026 12:45:00,12,12:45,64369.66,64408.69,64385.28,64429.11,+59,LONG,64397.26,64443.32,TRUE,TRUE
07/18/2026,07/18/2026 13:00:00,13,13:00,64438.76,64450.0,64436.79,64448.65,-13,SHORT,64443.32,64439.99,TRUE,FALSE
07/18/2026,07/18/2026 13:15:00,13,13:15,64436.79,64445.12,64436.79,64444.8,-8,SHORT,64439.99,64528.8,FALSE,FALSE
07/18/2026,07/18/2026 13:30:00,13,13:30,64492.0,64539.83,64468.07,64532.58,-72,SHORT,64528.8,64445.56,TRUE,TRUE
07/18/2026,07/18/2026 13:45:00,13,13:45,64439.12,64448.9,64445.56,64485.28,+46,LONG,64445.56,64468.24,TRUE,FALSE
07/18/2026,07/18/2026 14:00:00,14,14:00,64464.3,64492.0,64459.42,64487.92,-33,SHORT,64468.24,64504.64,FALSE,TRUE
07/18/2026,07/18/2026 14:15:00,14,14:15,64479.78,64504.84,64504.64,64550.24,+70,LONG,64504.64,64445.58,FALSE,TRUE
07/18/2026,07/18/2026 14:30:00,14,14:30,64442.85,64448.22,64436.8,64461.8,+19,LONG,64445.58,64477.29,TRUE,TRUE
07/18/2026,07/18/2026 14:45:00,14,14:45,64477.29,64498.24,64477.29,64493.88,-21,SHORT,64477.29,64512.19,FALSE,TRUE
07/18/2026,07/18/2026 15:00:00,15,15:00,64504.16,64532.48,64493.79,64536.16,-39,SHORT,64512.19,64576.01,FALSE,FALSE
07/18/2026,07/18/2026 15:15:00,15,15:15,64572.96,64598.17,64569.44,64586.88,-29,SHORT,64576.01,64602.41,FALSE,FALSE
07/18/2026,07/18/2026 15:30:00,15,15:30,64598.7,64620.79,64569.28,64602.41,-52,SHORT,64602.41,64574.31,TRUE,TRUE
07/18/2026,07/18/2026 15:45:00,15,15:45,64565.6,64576.64,64565.6,64576.66,+11,LONG,64574.31,64654.58,TRUE,FALSE
07/18/2026,07/18/2026 16:00:00,16,16:00,64650.24,64675.99,64639.2,64654.58,-37,SHORT,64654.58,64716.47,FALSE,TRUE
07/18/2026,07/18/2026 16:15:00,16,16:15,64637.37,64716.47,64707.95,64797.44,+160,LONG,64716.47,64679.97,FALSE,TRUE
07/18/2026,07/18/2026 16:30:00,16,16:30,64675.74,64701.75,64664.96,64679.98,-37,SHORT,64679.97,64609.75,TRUE,FALSE
07/18/2026,07/18/2026 16:45:00,16,16:45,64595.05,64654.49,64575.33,64620.79,-79,SHORT,64609.75,64692.01,FALSE,FALSE
07/18/2026,07/18/2026 17:00:00,17,17:00,64692.01,64722.13,64682.0,64705.44,-40,SHORT,64692.01,64758.99,FALSE,FALSE
07/18/2026,07/18/2026 17:15:00,17,17:15,64758.98,64815.09,64753.28,64758.99,-62,SHORT,64758.99,64691.01,TRUE,TRUE
07/18/2026,07/18/2026 17:30:00,17,17:30,64691.01,64704.12,64668.64,64691.02,-35,SHORT,64691.01,64731.2,FALSE,FALSE
07/18/2026,07/18/2026 17:45:00,17,17:45,64716.48,64740.16,64720.16,64731.21,-20,SHORT,64731.2,64764.33,FALSE,FALSE
07/18/2026,07/18/2026 18:00:00,18,18:00,64764.32,64787.32,64764.32,64770.0,-23,SHORT,64764.33,64698.07,TRUE,TRUE
07/18/2026,07/18/2026 18:15:00,18,18:15,64676.0,64698.07,64696.0,64767.0,+91,LONG,64698.07,64787.86,TRUE,FALSE
07/18/2026,07/18/2026 18:30:00,18,18:30,64775.37,64800.0,64782.72,64797.44,+22,LONG,64787.86,64782.02,FALSE,FALSE
07/18/2026,07/18/2026 18:45:00,18,18:45,64774.18,64797.43,64780.75,64799.14,+25,LONG,64782.02,64796.36,TRUE,TRUE
07/18/2026,07/18/2026 19:00:00,19,19:00,64787.78,64800.37,64796.36,64813.9,+26,LONG,64796.36,64804.81,TRUE,TRUE
07/18/2026,07/18/2026 19:15:00,19,19:15,64804.8,64819.2,64804.8,64813.24,-14,SHORT,64804.81,64749.61,TRUE,FALSE
07/18/2026,07/18/2026 19:30:00,19,19:30,64746.8,64775.37,64746.8,64775.99,+29,LONG,64749.61,64734.71,FALSE,TRUE
07/18/2026,07/18/2026 19:45:00,19,19:45,64734.0,64736.93,64725.0,64741.47,-12,SHORT,64734.71,64745.87,FALSE,TRUE
07/18/2026,07/18/2026 20:00:00,20,20:00,64732.06,64745.87,64731.06,64751.06,+19,LONG,64745.87,64735.98,FALSE,TRUE
07/18/2026,07/18/2026 20:15:00,20,20:15,64727.23,64736.27,64728.06,64735.99,+9,LONG,64735.98,64730.01,FALSE,FALSE
07/18/2026,07/18/2026 20:30:00,20,20:30,64730.0,64737.86,64730.0,64730.01,-8,SHORT,64730.01,64727.74,TRUE,FALSE
07/18/2026,07/18/2026 20:45:00,20,20:45,64726.17,64727.75,64727.74,64729.81,+4,LONG,64727.74,64725.0,FALSE,TRUE
07/18/2026,07/18/2026 21:00:00,21,21:00,64725.0,64736.08,64652.39,64725.22,-84,SHORT,64725.0,64848.96,FALSE,TRUE
07/18/2026,07/18/2026 21:15:00,21,21:15,64845.27,64874.35,64848.96,64875.91,+31,LONG,64848.96,64779.51,FALSE,TRUE
07/18/2026,07/18/2026 21:30:00,21,21:30,64779.51,64789.11,64779.51,64806.77,+27,LONG,64779.51,64798.81,TRUE,TRUE
07/18/2026,07/18/2026 21:45:00,21,21:45,64792.58,64804.0,64790.09,64804.0,-14,SHORT,64798.81,64784.09,TRUE,FALSE
07/18/2026,07/18/2026 22:00:00,22,22:00,64784.0,64785.41,64761.8,64802.65,-24,SHORT,64784.09,64690.15,TRUE,TRUE
07/18/2026,07/18/2026 22:15:00,22,22:15,64687.04,64695.01,64633.98,64690.16,-61,SHORT,64690.15,64624.12,TRUE,TRUE
07/18/2026,07/18/2026 22:30:00,22,22:30,64620.8,64631.08,64624.12,64638.0,+17,LONG,64624.12,64624.2,TRUE,FALSE
07/18/2026,07/18/2026 22:45:00,22,22:45,64606.98,64647.09,64621.98,64624.95,-25,SHORT,64624.2,64670.12,FALSE,TRUE
07/18/2026,07/18/2026 23:00:00,23,23:00,64654.99,64670.13,64645.0,64670.12,-25,SHORT,64670.12,64601.69,TRUE,TRUE
07/18/2026,07/18/2026 23:15:00,23,23:15,64571.97,64617.11,64601.68,64620.79,+49,LONG,64601.69,64671.51,TRUE,FALSE
07/18/2026,07/18/2026 23:30:00,23,23:30,64659.02,64681.79,64653.92,64676.01,-28,SHORT,64671.51,64721.2,FALSE,TRUE
07/18/2026,07/18/2026 23:45:00,23,23:45,64721.2,64721.59,64721.2,64743.52,+22,LONG,64721.2,64681.47,FALSE,TRUE
07/19/2026,07/19/2026 00:00:00,0,00:00,64681.47,64681.48,64681.47,64701.75,+20,LONG,64681.47,64750.69,TRUE,TRUE
07/19/2026,07/19/2026 00:15:00,0,00:15,64723.48,64756.0,64750.69,64767.18,+44,LONG,64750.69,64673.66,FALSE,FALSE
07/19/2026,07/19/2026 00:30:00,0,00:30,64667.86,64705.36,64670.83,64675.22,-35,SHORT,64673.66,64653.63,TRUE,FALSE
07/19/2026,07/19/2026 00:45:00,0,00:45,64653.62,64661.28,64653.63,64675.49,+22,LONG,64653.63,64682.21,TRUE,FALSE
07/19/2026,07/19/2026 01:00:00,1,01:00,64679.68,64696.98,64663.47,64682.22,-34,SHORT,64682.21,64683.35,FALSE,TRUE
07/19/2026,07/19/2026 01:15:00,1,01:15,64668.63,64685.76,64678.06,64690.72,+22,LONG,64683.35,64687.8,TRUE,FALSE
07/19/2026,07/19/2026 01:30:00,1,01:30,64678.01,64699.58,64680.26,64692.35,-19,SHORT,64687.8,64688.79,FALSE,TRUE
07/19/2026,07/19/2026 01:45:00,1,01:45,64672.32,64693.98,64676.0,64694.4,+22,LONG,64688.79,64668.09,FALSE,TRUE
07/19/2026,07/19/2026 02:00:00,2,02:00,64668.0,64676.54,64662.13,64676.96,-14,SHORT,64668.09,64653.71,TRUE,FALSE
07/19/2026,07/19/2026 02:15:00,2,02:15,64645.01,64653.92,64644.01,64657.01,+12,LONG,64653.71,64679.67,TRUE,FALSE
07/19/2026,07/19/2026 02:30:00,2,02:30,64675.99,64679.68,64663.13,64679.68,-17,SHORT,64679.67,64724.97,FALSE,TRUE
07/19/2026,07/19/2026 02:45:00,2,02:45,64722.15,64724.98,64705.84,64724.98,-19,SHORT,64724.97,64678.0,TRUE,TRUE
07/19/2026,07/19/2026 03:00:00,3,03:00,64629.07,64678.47,64633.6,64678.01,+49,LONG,64678.0,64667.39,FALSE,TRUE
07/19/2026,07/19/2026 03:15:00,3,03:15,64646.57,64684.29,64648.18,64667.39,-36,SHORT,64667.39,64617.57,TRUE,FALSE
07/19/2026,07/19/2026 03:30:00,3,03:30,64617.57,64630.16,64617.57,64618.88,-13,SHORT,64617.57,64609.76,TRUE,TRUE
07/19/2026,07/19/2026 03:45:00,3,03:45,64609.76,64620.0,64606.45,64620.0,-14,SHORT,64609.76,64668.63,FALSE,FALSE
07/19/2026,07/19/2026 04:00:00,4,04:00,64649.85,64668.64,64668.63,64674.24,+24,LONG,64668.63,64608.08,FALSE,TRUE
07/19/2026,07/19/2026 04:15:00,4,04:15,64606.09,64617.63,64587.68,64608.08,-30,SHORT,64608.08,64539.67,TRUE,FALSE
07/19/2026,07/19/2026 04:30:00,4,04:30,64535.8,64539.68,64539.67,64550.07,+14,LONG,64539.67,64475.02,FALSE,TRUE
07/19/2026,07/19/2026 04:45:00,4,04:45,64475.02,64480.02,64465.0,64476.8,-15,SHORT,64475.02,64470.32,TRUE,FALSE
07/19/2026,07/19/2026 05:00:00,5,05:00,64470.32,64485.8,64435.0,64470.33,-51,SHORT,64470.32,64526.31,FALSE,FALSE
07/19/2026,07/19/2026 05:15:00,5,05:15,64525.0,64549.4,64526.31,64534.37,-23,SHORT,64526.31,64580.19,FALSE,FALSE
07/19/2026,07/19/2026 05:30:00,5,05:30,64569.26,64582.49,64572.96,64587.68,+18,LONG,64580.19,64624.0,TRUE,FALSE
07/19/2026,07/19/2026 05:45:00,5,05:45,64617.01,64631.92,64622.52,64654.89,+38,LONG,64624.0,64553.67,FALSE,FALSE
07/19/2026,07/19/2026 06:00:00,6,06:00,64528.0,64559.55,64474.14,64553.67,-85,SHORT,64553.67,64547.19,TRUE,FALSE
07/19/2026,07/19/2026 06:15:00,6,06:15,64532.48,64548.01,64547.19,64570.5,+38,LONG,64547.19,64504.0,FALSE,TRUE
07/19/2026,07/19/2026 06:30:00,6,06:30,64488.71,64510.4,64503.99,64517.76,+29,LONG,64504.0,64491.99,FALSE,FALSE
07/19/2026,07/19/2026 06:45:00,6,06:45,64473.61,64492.0,64484.64,64500.12,+27,LONG,64491.99,64426.7,FALSE,FALSE
07/19/2026,07/19/2026 07:00:00,7,07:00,64419.04,64430.79,64396.32,64426.7,-34,SHORT,64426.7,64302.17,TRUE,FALSE
07/19/2026,07/19/2026 07:15:00,7,07:15,64302.17,64317.4,64284.01,64352.57,+50,LONG,64302.17,64267.51,FALSE,TRUE
07/19/2026,07/19/2026 07:30:00,7,07:30,64238.08,64299.44,64257.12,64304.32,+66,LONG,64267.51,64369.08,TRUE,TRUE
07/19/2026,07/19/2026 07:45:00,7,07:45,64324.0,64377.44,64323.33,64369.08,-54,SHORT,64369.08,64399.29,FALSE,TRUE
07/19/2026,07/19/2026 08:00:00,8,08:00,64389.6,64403.22,64357.14,64417.06,-46,SHORT,64399.29,64312.48,TRUE,TRUE
07/19/2026,07/19/2026 08:15:00,8,08:15,64311.67,64312.49,64291.46,64337.44,+26,LONG,64312.48,64363.2,TRUE,FALSE
07/19/2026,07/19/2026 08:30:00,8,08:30,64360.77,64376.06,64363.2,64402.44,+42,LONG,64363.2,64373.31,TRUE,TRUE
07/19/2026,07/19/2026 08:45:00,8,08:45,64366.48,64390.51,64366.88,64424.02,+58,LONG,64373.31,64432.3,TRUE,TRUE
07/19/2026,07/19/2026 09:00:00,9,09:00,64429.44,64445.25,64425.76,64434.41,-19,SHORT,64432.3,64492.0,FALSE,TRUE
07/19/2026,07/19/2026 09:15:00,9,09:15,64479.31,64503.71,64452.47,64506.71,-51,SHORT,64492.0,64412.72,TRUE,TRUE
07/19/2026,07/19/2026 09:30:00,9,09:30,64393.42,64433.11,64400.0,64437.02,+44,LONG,64412.72,64481.71,TRUE,FALSE
07/19/2026,07/19/2026 09:45:00,9,09:45,64438.53,64482.53,64473.6,64517.56,+79,LONG,64481.71,64547.2,TRUE,TRUE
07/19/2026,07/19/2026 10:00:00,10,10:00,64521.81,64560.77,64545.0,64582.69,+61,LONG,64547.2,64531.69,FALSE,FALSE
07/19/2026,07/19/2026 10:15:00,10,10:15,64516.49,64535.38,64506.01,64551.01,+35,LONG,64531.69,64466.07,FALSE,FALSE
07/19/2026,07/19/2026 10:30:00,10,10:30,64458.88,64478.71,64450.94,64480.96,-28,SHORT,64466.07,64518.65,FALSE,TRUE
07/19/2026,07/19/2026 10:45:00,10,10:45,64518.55,64534.41,64508.0,64536.15,-26,SHORT,64518.65,64544.15,FALSE,FALSE
07/19/2026,07/19/2026 11:00:00,11,11:00,64510.4,64545.0,64474.58,64544.15,-70,SHORT,64544.15,64500.09,TRUE,TRUE
07/19/2026,07/19/2026 11:15:00,11,11:15,64496.24,64510.4,64469.25,64500.1,-41,SHORT,64500.09,64565.6,FALSE,FALSE
07/19/2026,07/19/2026 11:30:00,11,11:30,64540.95,64569.49,64517.76,64565.6,-52,SHORT,64565.6,64558.86,TRUE,TRUE
07/19/2026,07/19/2026 11:45:00,11,11:45,64528.5,64565.3,64538.0,64568.36,+40,LONG,64558.86,64495.08,FALSE,TRUE
07/19/2026,07/19/2026 12:00:00,12,12:00,64488.69,64500.0,64338.21,64510.0,-162,SHORT,64495.08,64649.0,FALSE,TRUE
07/19/2026,07/19/2026 12:15:00,12,12:15,64612.47,64649.0,64603.08,64701.9,+89,LONG,64649.0,64606.22,FALSE,TRUE
07/19/2026,07/19/2026 12:30:00,12,12:30,64602.4,64611.0,64587.68,64642.53,+40,LONG,64606.22,64573.69,FALSE,FALSE
07/19/2026,07/19/2026 12:45:00,12,12:45,64571.8,64587.99,64552.46,64573.7,-36,SHORT,64573.69,64502.4,TRUE,FALSE
07/19/2026,07/19/2026 13:00:00,13,13:00,64494.41,64507.18,64482.79,64510.0,-24,SHORT,64502.4,64425.17,TRUE,TRUE
07/19/2026,07/19/2026 13:15:00,13,13:15,64414.72,64460.0,64385.28,64433.12,-75,SHORT,64425.17,64350.45,TRUE,TRUE
07/19/2026,07/19/2026 13:30:00,13,13:30,64350.0,64396.0,64300.63,64350.45,-95,SHORT,64350.45,64380.97,FALSE,FALSE
07/19/2026,07/19/2026 13:45:00,13,13:45,64377.92,64403.29,64349.25,64401.99,-54,SHORT,64380.97,64374.23,TRUE,TRUE
07/19/2026,07/19/2026 14:00:00,14,14:00,64338.85,64374.24,64341.4,64387.99,+49,LONG,64374.23,64403.67,TRUE,FALSE
07/19/2026,07/19/2026 14:15:00,14,14:15,64390.34,64403.67,64403.67,64426.37,+36,LONG,64403.67,64390.03,FALSE,FALSE
07/19/2026,07/19/2026 14:30:00,14,14:30,64387.95,64398.94,64362.31,64395.01,-37,SHORT,64390.03,64366.89,TRUE,FALSE
07/19/2026,07/19/2026 14:45:00,14,14:45,64366.03,64381.98,64350.0,64366.89,-32,SHORT,64366.89,64410.0,FALSE,FALSE
07/19/2026,07/19/2026 15:00:00,15,15:00,64379.05,64419.54,64410.0,64473.59,+95,LONG,64410.0,64458.87,TRUE,FALSE
07/19/2026,07/19/2026 15:15:00,15,15:15,64447.05,64473.37,64420.52,64458.88,-53,SHORT,64458.87,64442.04,TRUE,FALSE
07/19/2026,07/19/2026 15:30:00,15,15:30,64440.06,64442.05,64429.79,64464.84,+25,LONG,64442.04,64455.15,TRUE,FALSE
07/19/2026,07/19/2026 15:45:00,15,15:45,64450.62,64455.16,64453.61,64468.82,+18,LONG,64455.15,64488.31,TRUE,TRUE
07/19/2026,07/19/2026 16:00:00,16,16:00,64453.53,64488.32,64484.64,64507.24,+54,LONG,64488.31,64492.0,TRUE,TRUE
07/19/2026,07/19/2026 16:15:00,16,16:15,64454.72,64519.79,64470.0,64492.01,-50,SHORT,64492.0,64427.99,TRUE,FALSE
07/19/2026,07/19/2026 16:30:00,16,16:30,64420.51,64428.0,64403.68,64428.0,-24,SHORT,64427.99,64307.67,TRUE,TRUE
07/19/2026,07/19/2026 16:45:00,16,16:45,64300.0,64333.76,64303.68,64358.39,+58,LONG,64307.67,64372.61,TRUE,FALSE
07/19/2026,07/19/2026 17:00:00,17,17:00,64330.08,64372.98,64317.94,64533.26,+203,LONG,64372.61,64619.99,TRUE,TRUE
07/19/2026,07/19/2026 17:15:00,17,17:15,64549.52,64640.99,64619.99,64796.42,+247,LONG,64619.99,64712.81,TRUE,TRUE
07/19/2026,07/19/2026 17:30:00,17,17:30,64712.0,64756.96,64690.72,64753.28,-66,SHORT,64712.81,64764.32,FALSE,TRUE
07/19/2026,07/19/2026 17:45:00,17,17:45,64681.31,64777.64,64694.4,64771.2,+90,LONG,64764.32,64629.21,FALSE,TRUE
07/19/2026,07/19/2026 18:00:00,18,18:00,64617.85,64652.0,64523.99,64635.68,-128,SHORT,64629.21,64658.67,FALSE,TRUE
07/19/2026,07/19/2026 18:15:00,18,18:15,64630.51,64673.98,64606.08,64668.64,-68,SHORT,64658.67,64632.8,TRUE,TRUE
07/19/2026,07/19/2026 18:30:00,18,18:30,64613.88,64633.01,64618.02,64700.0,+86,LONG,64632.8,64706.08,TRUE,FALSE
07/19/2026,07/19/2026 18:45:00,18,18:45,64657.59,64708.48,64631.93,64727.52,-77,SHORT,64706.08,64681.78,TRUE,FALSE
07/19/2026,07/19/2026 19:00:00,19,19:00,64679.68,64701.75,64528.8,64686.47,-173,SHORT,64681.78,64961.17,FALSE,FALSE
07/19/2026,07/19/2026 19:15:00,19,19:15,64883.32,64990.79,64956.0,65050.87,+168,LONG,64961.17,64825.78,FALSE,TRUE
07/19/2026,07/19/2026 19:30:00,19,19:30,64825.77,64877.74,64770.0,64830.4,-108,SHORT,64825.78,64759.47,TRUE,FALSE
07/19/2026,07/19/2026 19:45:00,19,19:45,64759.46,64834.24,64716.85,64759.47,-117,SHORT,64759.47,64503.04,TRUE,TRUE
07/19/2026,07/19/2026 20:00:00,20,20:00,64492.0,64534.57,64485.01,64543.51,+52,LONG,64503.04,64757.06,TRUE,FALSE
07/19/2026,07/19/2026 20:15:00,20,20:15,64754.0,64797.44,64727.52,64793.5,-70,SHORT,64757.06,64802.22,FALSE,TRUE
07/19/2026,07/19/2026 20:30:00,20,20:30,64796.33,64872.99,64783.46,64841.07,-90,SHORT,64802.22,64724.05,TRUE,TRUE
07/19/2026,07/19/2026 20:45:00,20,20:45,64657.6,64738.56,64664.96,64738.56,+81,LONG,64724.05,64576.64,FALSE,TRUE
07/19/2026,07/19/2026 21:00:00,21,21:00,64538.57,64601.22,64573.21,64714.48,+176,LONG,64576.64,64775.37,TRUE,TRUE
07/19/2026,07/19/2026 21:15:00,21,21:15,64775.36,64841.61,64712.8,64786.4,-129,SHORT,64775.37,64618.24,TRUE,FALSE
07/19/2026,07/19/2026 21:30:00,21,21:30,64618.23,64664.0,64609.76,64696.31,+78,LONG,64618.24,64782.25,TRUE,FALSE
07/19/2026,07/19/2026 21:45:00,21,21:45,64782.25,64845.1,64782.25,64837.44,-63,SHORT,64782.25,64775.79,TRUE,FALSE
07/19/2026,07/19/2026 22:00:00,22,22:00,64775.79,64785.48,64775.79,64828.34,+53,LONG,64775.79,64790.09,TRUE,FALSE
07/19/2026,07/19/2026 22:15:00,22,22:15,64759.85,64806.75,64753.49,64844.99,+85,LONG,64790.09,64630.01,FALSE,FALSE
07/19/2026,07/19/2026 22:30:00,22,22:30,64613.43,64653.92,64609.77,64690.0,+77,LONG,64630.01,64853.98,TRUE,TRUE
07/19/2026,07/19/2026 22:45:00,22,22:45,64810.97,64856.31,64801.51,64870.03,+59,LONG,64853.98,64814.39,FALSE,FALSE
07/19/2026,07/19/2026 23:00:00,23,23:00,64731.2,64821.14,64757.42,64820.98,+90,LONG,64814.39,64656.68,FALSE,FALSE
07/19/2026,07/19/2026 23:15:00,23,23:15,64653.92,64687.04,64639.2,64663.95,-48,SHORT,64656.68,64715.87,FALSE,TRUE
07/19/2026,07/19/2026 23:30:00,23,23:30,64702.06,64733.36,64668.64,64715.88,-65,SHORT,64715.87,64683.36,TRUE,TRUE
07/19/2026,07/19/2026 23:45:00,23,23:45,64668.64,64717.29,64587.83,64683.36,-129,SHORT,64683.36,64494.19,TRUE,TRUE
07/20/2026,07/20/2026 00:00:00,0,00:00,64485.87,64519.99,64465.45,64514.07,-55,SHORT,64494.19,64197.33,TRUE,TRUE
07/20/2026,07/20/2026 00:15:00,0,00:15,64025.31,64202.91,64134.01,64271.54,+246,LONG,64197.33,64135.03,FALSE,TRUE
07/20/2026,07/20/2026 00:30:00,0,00:30,64120.0,64157.45,64050.4,64135.04,-107,SHORT,64135.03,64153.45,FALSE,TRUE
07/20/2026,07/20/2026 00:45:00,0,00:45,64150.0,64202.79,64099.0,64157.77,-104,SHORT,64153.45,64076.18,TRUE,TRUE
07/20/2026,07/20/2026 01:00:00,1,01:00,64061.45,64119.63,64069.71,64098.69,-50,SHORT,64076.18,64137.09,FALSE,FALSE
07/20/2026,07/20/2026 01:15:00,1,01:15,64120.68,64137.09,64103.08,64160.79,+40,LONG,64137.09,64072.48,FALSE,TRUE
07/20/2026,07/20/2026 01:30:00,1,01:30,64072.48,64094.56,64054.4,64095.81,-40,SHORT,64072.48,63765.94,TRUE,FALSE
07/20/2026,07/20/2026 01:45:00,1,01:45,63702.01,63795.14,63741.28,63815.44,+113,LONG,63765.94,63860.34,TRUE,FALSE
07/20/2026,07/20/2026 02:00:00,2,02:00,63821.31,63860.36,63851.68,63925.27,+104,LONG,63860.34,63906.89,TRUE,TRUE
07/20/2026,07/20/2026 02:15:00,2,02:15,63900.98,63925.28,63885.01,63921.6,-40,SHORT,63906.89,64070.43,FALSE,TRUE
07/20/2026,07/20/2026 02:30:00,2,02:30,64054.08,64077.62,64064.98,64112.96,+59,LONG,64070.43,64153.43,TRUE,FALSE
07/20/2026,07/20/2026 02:45:00,2,02:45,64079.84,64153.55,64141.1,64197.6,+118,LONG,64153.43,64214.24,TRUE,TRUE
07/20/2026,07/20/2026 03:00:00,3,03:00,64182.89,64234.5,64199.76,64240.17,+57,LONG,64214.24,64238.38,TRUE,TRUE
07/20/2026,07/20/2026 03:15:00,3,03:15,64196.47,64241.57,64204.96,64284.01,+88,LONG,64238.38,64179.66,FALSE,FALSE
07/20/2026,07/20/2026 03:30:00,3,03:30,64171.84,64195.0,64165.96,64199.21,-29,SHORT,64179.66,63861.92,TRUE,FALSE
07/20/2026,07/20/2026 03:45:00,3,03:45,63859.04,63929.12,63862.25,63943.67,+85,LONG,63861.92,63997.35,TRUE,FALSE
07/20/2026,07/20/2026 04:00:00,4,04:00,63954.71,63997.36,63988.79,64008.82,+54,LONG,63997.35,64042.65,TRUE,TRUE
07/20/2026,07/20/2026 04:15:00,4,04:15,64028.32,64050.39,64036.63,64108.25,+80,LONG,64042.65,64137.41,TRUE,TRUE
07/20/2026,07/20/2026 04:30:00,4,04:30,64127.68,64137.42,64124.0,64158.69,+31,LONG,64137.41,64182.24,TRUE,TRUE
07/20/2026,07/20/2026 04:45:00,4,04:45,64175.52,64188.85,64179.2,64204.16,+29,LONG,64182.24,64138.72,FALSE,FALSE
07/20/2026,07/20/2026 05:00:00,5,05:00,64135.04,64164.48,64100.1,64149.4,-64,SHORT,64138.72,64219.67,FALSE,TRUE
07/20/2026,07/20/2026 05:15:00,5,05:15,64189.49,64224.84,64197.61,64220.89,+31,LONG,64219.67,64291.51,TRUE,FALSE
07/20/2026,07/20/2026 05:30:00,5,05:30,64274.89,64300.0,64222.51,64291.51,-77,SHORT,64291.51,64266.13,TRUE,FALSE
07/20/2026,07/20/2026 05:45:00,5,05:45,64211.66,64285.15,64244.99,64269.18,+58,LONG,64266.13,64239.45,FALSE,TRUE
07/20/2026,07/20/2026 06:00:00,6,06:00,64229.08,64258.87,64233.01,64276.18,+47,LONG,64239.45,64325.99,TRUE,TRUE
07/20/2026,07/20/2026 06:15:00,6,06:15,64315.49,64372.85,64290.36,64335.6,-82,SHORT,64325.99,64288.49,TRUE,FALSE
07/20/2026,07/20/2026 06:30:00,6,06:30,64288.49,64301.55,64281.78,64454.91,+166,LONG,64288.49,64773.94,TRUE,FALSE
07/20/2026,07/20/2026 06:45:00,6,06:45,64770.36,64873.59,64761.76,64887.99,+118,LONG,64773.94,64944.01,TRUE,TRUE
07/20/2026,07/20/2026 07:00:00,7,07:00,64944.01,65015.8,64882.41,64950.72,-133,SHORT,64944.01,64694.95,TRUE,FALSE
07/20/2026,07/20/2026 07:15:00,7,07:15,64666.8,64705.58,64699.55,64745.03,+78,LONG,64694.95,64641.27,FALSE,TRUE
07/20/2026,07/20/2026 07:30:00,7,07:30,64637.82,64690.65,64633.69,64665.0,-57,SHORT,64641.27,64550.98,TRUE,FALSE
07/20/2026,07/20/2026 07:45:00,7,07:45,64541.82,64604.22,64544.75,64650.24,+108,LONG,64550.98,64585.99,TRUE,FALSE
07/20/2026,07/20/2026 08:00:00,8,08:00,64567.24,64610.98,64583.24,64626.97,+60,LONG,64585.99,64625.4,TRUE,TRUE
07/20/2026,07/20/2026 08:15:00,8,08:15,64625.4,64667.84,64620.0,64653.99,-48,SHORT,64625.4,64495.21,TRUE,FALSE
07/20/2026,07/20/2026 08:30:00,8,08:30,64463.94,64508.88,64439.98,64568.1,+104,LONG,64495.21,64588.99,TRUE,FALSE
07/20/2026,07/20/2026 08:45:00,8,08:45,64580.01,64629.0,64447.38,64594.51,-182,SHORT,64588.99,64278.4,TRUE,FALSE
07/20/2026,07/20/2026 09:00:00,9,09:00,64167.33,64281.78,64213.27,64306.62,+139,LONG,64278.4,64257.19,FALSE,TRUE
07/20/2026,07/20/2026 09:15:00,9,09:15,64227.52,64325.33,64200.0,64292.81,-125,SHORT,64257.19,64409.73,FALSE,TRUE
07/20/2026,07/20/2026 09:30:00,9,09:30,64316.56,64413.0,64385.09,64485.96,+169,LONG,64409.73,64357.37,FALSE,TRUE
07/20/2026,07/20/2026 09:45:00,9,09:45,64326.58,64393.68,64327.69,64505.31,+179,LONG,64357.37,64354.45,FALSE,FALSE
07/20/2026,07/20/2026 10:00:00,10,10:00,64280.03,64362.0,64347.99,64446.4,+166,LONG,64354.45,64916.15,TRUE,TRUE
07/20/2026,07/20/2026 10:15:00,10,10:15,64849.51,64939.5,64865.64,64939.01,+90,LONG,64916.15,64900.2,FALSE,FALSE
07/20/2026,07/20/2026 10:30:00,10,10:30,64828.8,64906.77,64884.19,64953.12,+124,LONG,64900.2,65199.98,TRUE,TRUE
07/20/2026,07/20/2026 10:45:00,10,10:45,64990.51,65255.0,65193.13,65360.81,+370,LONG,65199.98,65550.0,TRUE,TRUE
07/20/2026,07/20/2026 11:00:00,11,11:00,65475.0,65580.1,65459.24,65592.82,-121,SHORT,65550.0,65507.44,TRUE,FALSE
07/20/2026,07/20/2026 11:15:00,11,11:15,65487.72,65565.15,65441.12,65518.59,-124,SHORT,65507.44,65391.29,TRUE,TRUE
07/20/2026,07/20/2026 11:30:00,11,11:30,65321.97,65404.51,65386.24,65429.54,+108,LONG,65391.29,65327.93,FALSE,TRUE
07/20/2026,07/20/2026 11:45:00,11,11:45,65306.01,65383.43,65327.93,65459.23,+153,LONG,65327.93,65454.01,TRUE,TRUE
07/20/2026,07/20/2026 12:00:00,12,12:00,65380.01,65454.02,65440.0,65488.45,+108,LONG,65454.01,65444.4,FALSE,FALSE
07/20/2026,07/20/2026 12:15:00,12,12:15,65436.86,65500.0,65373.02,65444.41,-127,SHORT,65444.4,65452.03,FALSE,TRUE
07/20/2026,07/20/2026 12:30:00,12,12:30,65422.15,65453.35,65404.26,65459.23,-49,SHORT,65452.03,65309.6,TRUE,TRUE
07/20/2026,07/20/2026 12:45:00,12,12:45,65282.93,65352.95,65309.6,65372.8,+90,LONG,65309.6,65533.52,TRUE,FALSE
07/20/2026,07/20/2026 13:00:00,13,13:00,65520.49,65569.49,65533.52,65650.0,+130,LONG,65533.52,65697.48,TRUE,TRUE
07/20/2026,07/20/2026 13:15:00,13,13:15,65693.95,65756.09,65656.49,65711.43,-100,SHORT,65697.48,65544.57,TRUE,FALSE
07/20/2026,07/20/2026 13:30:00,13,13:30,65529.73,65565.27,65445.27,65544.58,-120,SHORT,65544.57,65304.78,TRUE,TRUE
07/20/2026,07/20/2026 13:45:00,13,13:45,65293.47,65390.64,65189.2,65322.77,-201,SHORT,65304.78,65192.32,TRUE,TRUE
07/20/2026,07/20/2026 14:00:00,14,14:00,65146.39,65215.49,65180.99,65227.91,+82,LONG,65192.32,65048.47,FALSE,TRUE
07/20/2026,07/20/2026 14:15:00,14,14:15,65042.27,65116.5,65027.75,65128.99,-89,SHORT,65048.47,65103.08,FALSE,TRUE
07/20/2026,07/20/2026 14:30:00,14,14:30,65018.98,65132.76,65033.86,65108.41,-99,SHORT,65103.08,65063.34,TRUE,TRUE
07/20/2026,07/20/2026 14:45:00,14,14:45,65043.56,65071.68,65008.69,65127.28,+84,LONG,65063.34,65099.39,TRUE,FALSE
07/20/2026,07/20/2026 15:00:00,15,15:00,65067.61,65110.01,65058.94,65137.98,+70,LONG,65099.39,65177.27,TRUE,TRUE
07/20/2026,07/20/2026 15:15:00,15,15:15,65169.05,65181.99,65150.0,65210.67,+42,LONG,65177.27,65238.46,TRUE,TRUE
07/20/2026,07/20/2026 15:30:00,15,15:30,65223.33,65252.93,65232.93,65280.7,+57,LONG,65238.46,65269.78,TRUE,TRUE
07/20/2026,07/20/2026 15:45:00,15,15:45,65236.64,65269.79,65269.78,65289.86,+53,LONG,65269.78,65327.99,TRUE,TRUE
07/20/2026,07/20/2026 16:00:00,16,16:00,65299.2,65328.0,65279.97,65327.99,-48,SHORT,65327.99,65277.45,TRUE,FALSE
07/20/2026,07/20/2026 16:15:00,16,16:15,65277.45,65295.78,65277.45,65311.27,+34,LONG,65277.45,65265.0,FALSE,TRUE
07/20/2026,07/20/2026 16:30:00,16,16:30,65258.12,65284.86,65264.99,65320.67,+63,LONG,65265.0,65308.96,TRUE,TRUE
07/20/2026,07/20/2026 16:45:00,16,16:45,65304.53,65330.91,65297.21,65333.1,-34,SHORT,65308.96,65241.69,TRUE,FALSE
07/20/2026,07/20/2026 17:00:00,17,17:00,65239.11,65269.97,65150.0,65241.7,-120,SHORT,65241.69,65159.4,TRUE,TRUE
07/20/2026,07/20/2026 17:15:00,17,17:15,65153.29,65161.49,65136.47,65159.4,-25,SHORT,65159.4,65172.89,FALSE,FALSE
07/20/2026,07/20/2026 17:30:00,17,17:30,65166.15,65188.41,65166.18,65193.63,+27,LONG,65172.89,65091.94,FALSE,TRUE
07/20/2026,07/20/2026 17:45:00,17,17:45,65078.97,65091.94,65090.05,65109.39,+30,LONG,65091.94,65106.78,TRUE,TRUE
07/20/2026,07/20/2026 18:00:00,18,18:00,65098.01,65106.78,65088.26,65106.78,-19,SHORT,65106.78,65116.47,FALSE,TRUE
07/20/2026,07/20/2026 18:15:00,18,18:15,65100.28,65124.57,65116.47,65184.01,+84,LONG,65116.47,65202.44,TRUE,FALSE
07/20/2026,07/20/2026 18:30:00,18,18:30,65179.99,65209.24,65202.44,65220.01,+40,LONG,65202.44,65182.48,FALSE,FALSE
07/20/2026,07/20/2026 18:45:00,18,18:45,65168.07,65182.49,65166.15,65210.67,+43,LONG,65182.48,65213.05,TRUE,TRUE
07/20/2026,07/20/2026 19:00:00,19,19:00,65190.21,65230.93,65126.99,65213.05,-104,SHORT,65213.05,65143.9,TRUE,FALSE
07/20/2026,07/20/2026 19:15:00,19,19:15,65143.89,65203.2,65106.79,65169.51,-96,SHORT,65143.9,65307.99,FALSE,FALSE
07/20/2026,07/20/2026 19:30:00,19,19:30,65307.99,65372.38,65304.18,65384.99,+77,LONG,65307.99,65446.73,TRUE,FALSE
07/20/2026,07/20/2026 19:45:00,19,19:45,65431.46,65500.05,65442.0,65482.99,-58,SHORT,65446.73,65520.95,FALSE,TRUE
07/20/2026,07/20/2026 20:00:00,20,20:00,65511.18,65544.57,65468.25,65520.95,-76,SHORT,65520.95,65505.09,TRUE,TRUE
07/20/2026,07/20/2026 20:15:00,20,20:15,65503.76,65532.07,65469.18,65511.17,-63,SHORT,65505.09,65396.8,TRUE,TRUE
07/20/2026,07/20/2026 20:30:00,20,20:30,65396.02,65446.48,65292.29,65419.49,-154,SHORT,65396.8,65296.01,TRUE,TRUE
07/20/2026,07/20/2026 20:45:00,20,20:45,65282.18,65311.27,65251.68,65296.01,-60,SHORT,65296.01,65193.52,TRUE,TRUE
07/20/2026,07/20/2026 21:00:00,21,21:00,65189.0,65202.87,65191.38,65238.0,+49,LONG,65193.52,65245.02,TRUE,FALSE
07/20/2026,07/20/2026 21:15:00,21,21:15,65210.67,65277.44,65162.44,65245.5,-115,SHORT,65245.02,65217.0,TRUE,FALSE
07/20/2026,07/20/2026 21:30:00,21,21:30,65202.98,65223.72,65215.43,65270.02,+67,LONG,65217.0,65305.36,TRUE,FALSE
07/20/2026,07/20/2026 21:45:00,21,21:45,65266.32,65316.38,65284.87,65311.02,+45,LONG,65305.36,65366.95,TRUE,TRUE
07/20/2026,07/20/2026 22:00:00,22,22:00,65363.53,65388.76,65355.44,65403.09,+40,LONG,65366.95,65442.48,TRUE,TRUE
07/20/2026,07/20/2026 22:15:00,22,22:15,65424.0,65458.64,65418.43,65489.99,+66,LONG,65442.48,65440.68,FALSE,FALSE
07/20/2026,07/20/2026 22:30:00,22,22:30,65422.07,65440.69,65404.8,65440.69,-36,SHORT,65440.68,65481.02,FALSE,TRUE
07/20/2026,07/20/2026 22:45:00,22,22:45,65438.26,65509.08,65433.27,65481.03,-76,SHORT,65481.02,65522.31,FALSE,FALSE
07/20/2026,07/20/2026 23:00:00,23,23:00,65482.01,65551.98,65483.91,65558.94,+77,LONG,65522.31,65559.12,TRUE,FALSE
07/20/2026,07/20/2026 23:15:00,23,23:15,65540.9,65573.99,65526.01,65563.98,-48,SHORT,65559.12,65468.0,TRUE,FALSE
07/20/2026,07/20/2026 23:30:00,23,23:30,65462.95,65490.65,65460.0,65489.98,-31,SHORT,65468.0,65492.15,FALSE,FALSE
07/20/2026,07/20/2026 23:45:00,23,23:45,65490.08,65501.06,65466.0,65504.84,-35,SHORT,65492.15,65472.49,TRUE,TRUE
07/21/2026,07/21/2026 00:00:00,0,00:00,65470.49,65485.0,65454.31,65495.99,-31,SHORT,65472.49,65499.14,FALSE,FALSE
07/21/2026,07/21/2026 00:15:00,0,00:15,65465.45,65505.14,65445.04,65499.15,-60,SHORT,65499.14,65553.01,FALSE,FALSE
07/21/2026,07/21/2026 00:30:00,0,00:30,65553.01,65596.51,65523.84,65567.43,-73,SHORT,65553.01,65600.21,FALSE,FALSE
07/21/2026,07/21/2026 00:45:00,0,00:45,65586.69,65637.31,65561.91,65641.02,-75,SHORT,65600.21,65704.1,FALSE,FALSE
07/21/2026,07/21/2026 01:00:00,1,01:00,65667.0,65722.64,65698.4,65781.98,+115,LONG,65704.1,65682.1,FALSE,TRUE
07/21/2026,07/21/2026 01:15:00,1,01:15,65670.71,65696.68,65641.03,65695.14,-56,SHORT,65682.1,65778.28,FALSE,TRUE
07/21/2026,07/21/2026 01:30:00,1,01:30,65752.33,65807.14,65763.46,65830.99,+79,LONG,65778.28,65920.01,TRUE,FALSE
07/21/2026,07/21/2026 01:45:00,1,01:45,65890.24,65932.67,65852.5,65930.4,-80,SHORT,65920.01,65874.68,TRUE,FALSE
07/21/2026,07/21/2026 02:00:00,2,02:00,65871.05,65898.82,65850.51,65882.9,-48,SHORT,65874.68,65883.39,FALSE,FALSE
07/21/2026,07/21/2026 02:15:00,2,02:15,65863.63,65883.4,65862.03,65886.89,+23,LONG,65883.39,65917.99,TRUE,FALSE
07/21/2026,07/21/2026 02:30:00,2,02:30,65875.94,65919.28,65898.44,65918.0,+42,LONG,65917.99,65992.38,TRUE,TRUE
07/21/2026,07/21/2026 02:45:00,2,02:45,65980.0,66101.03,65986.06,66138.66,+159,LONG,65992.38,66140.36,TRUE,TRUE
07/21/2026,07/21/2026 03:00:00,3,03:00,66140.36,66180.54,66121.87,66174.0,-59,SHORT,66140.36,66236.93,FALSE,TRUE
07/21/2026,07/21/2026 03:15:00,3,03:15,66115.91,66246.73,66185.6,66243.2,+127,LONG,66236.93,66179.58,FALSE,TRUE
07/21/2026,07/21/2026 03:30:00,3,03:30,66158.34,66228.54,66153.36,66184.27,-75,SHORT,66179.58,66265.56,FALSE,TRUE
07/21/2026,07/21/2026 03:45:00,3,03:45,66202.49,66268.01,66216.12,66293.98,+91,LONG,66265.56,66186.39,FALSE,TRUE
07/21/2026,07/21/2026 04:00:00,4,04:00,66167.85,66186.4,66164.14,66193.13,+25,LONG,66186.39,66170.75,FALSE,FALSE
07/21/2026,07/21/2026 04:15:00,4,04:15,66134.44,66171.5,66163.22,66201.24,+67,LONG,66170.75,66189.99,TRUE,TRUE
07/21/2026,07/21/2026 04:30:00,4,04:30,66189.98,66205.8,66184.05,66256.88,+67,LONG,66189.99,66258.09,TRUE,TRUE
07/21/2026,07/21/2026 04:45:00,4,04:45,66253.97,66273.79,66253.97,66270.02,-20,SHORT,66258.09,66250.78,TRUE,FALSE
07/21/2026,07/21/2026 05:00:00,5,05:00,66220.8,66253.17,66242.09,66268.02,+47,LONG,66250.78,66328.58,TRUE,FALSE
07/21/2026,07/21/2026 05:15:00,5,05:15,66290.63,66342.21,66328.58,66375.13,+84,LONG,66328.58,66355.7,TRUE,TRUE
07/21/2026,07/21/2026 05:30:00,5,05:30,66339.0,66358.69,66333.12,66358.69,-26,SHORT,66355.7,66312.68,TRUE,FALSE
07/21/2026,07/21/2026 05:45:00,5,05:45,66292.83,66381.33,66284.98,66320.8,-96,SHORT,66312.68,66148.21,TRUE,TRUE
07/21/2026,07/21/2026 06:00:00,6,06:00,66148.21,66173.24,66138.8,66161.54,-34,SHORT,66148.21,66196.5,FALSE,FALSE
07/21/2026,07/21/2026 06:15:00,6,06:15,66173.19,66234.87,66153.49,66226.49,-81,SHORT,66196.5,66202.49,FALSE,FALSE
07/21/2026,07/21/2026 06:30:00,6,06:30,66171.51,66202.49,66196.1,66234.35,+63,LONG,66202.49,66298.04,TRUE,FALSE
07/21/2026,07/21/2026 06:45:00,6,06:45,66280.04,66302.01,66290.84,66308.26,+28,LONG,66298.04,66309.46,TRUE,TRUE
07/21/2026,07/21/2026 07:00:00,7,07:00,66280.02,66309.47,66235.82,66327.29,-74,SHORT,66309.46,66361.75,FALSE,TRUE
07/21/2026,07/21/2026 07:15:00,7,07:15,66348.12,66380.7,66300.76,66370.03,-80,SHORT,66361.75,66416.01,FALSE,FALSE
07/21/2026,07/21/2026 07:30:00,7,07:30,66381.72,66418.29,66384.5,66457.97,+76,LONG,66416.01,66476.0,TRUE,FALSE
07/21/2026,07/21/2026 07:45:00,7,07:45,66450.0,66543.76,66462.0,66500.61,-82,SHORT,66476.0,66508.85,FALSE,TRUE
07/21/2026,07/21/2026 08:00:00,8,08:00,66505.57,66536.3,66482.0,66516.65,-54,SHORT,66508.85,66578.87,FALSE,FALSE
07/21/2026,07/21/2026 08:15:00,8,08:15,66525.55,66588.75,66540.01,66632.43,+107,LONG,66578.87,66391.96,FALSE,TRUE
07/21/2026,07/21/2026 08:30:00,8,08:30,66364.15,66411.79,66339.9,66430.0,-72,SHORT,66391.96,66321.08,TRUE,FALSE
07/21/2026,07/21/2026 08:45:00,8,08:45,66281.99,66349.99,66292.95,66407.72,+126,LONG,66321.08,66737.99,TRUE,FALSE
07/21/2026,07/21/2026 09:00:00,9,09:00,66694.17,66756.88,66689.35,66789.0,+95,LONG,66737.99,66910.06,TRUE,TRUE
07/21/2026,07/21/2026 09:15:00,9,09:15,66817.18,66916.38,66825.86,66912.77,+96,LONG,66910.06,66706.31,FALSE,FALSE
07/21/2026,07/21/2026 09:30:00,9,09:30,66621.1,66720.0,66698.75,66766.68,+146,LONG,66706.31,66820.0,TRUE,TRUE
07/21/2026,07/21/2026 09:45:00,9,09:45,66693.07,66827.6,66816.92,66894.09,+201,LONG,66820.0,66809.72,FALSE,FALSE
07/21/2026,07/21/2026 10:00:00,10,10:00,66804.19,66877.92,66670.49,66809.72,-207,SHORT,66809.72,66655.11,TRUE,FALSE
07/21/2026,07/21/2026 10:15:00,10,10:15,66649.21,66750.85,66643.85,66685.31,-107,SHORT,66655.11,66593.65,TRUE,TRUE
07/21/2026,07/21/2026 10:30:00,10,10:30,66591.77,66657.5,66537.77,66593.65,-120,SHORT,66593.65,66592.8,TRUE,TRUE
07/21/2026,07/21/2026 10:45:00,10,10:45,66580.15,66654.53,66561.95,66616.55,-93,SHORT,66592.8,66648.4,FALSE,FALSE
07/21/2026,07/21/2026 11:00:00,11,11:00,66648.4,66691.93,66596.01,66652.95,-96,SHORT,66648.4,66586.28,TRUE,TRUE
07/21/2026,07/21/2026 11:15:00,11,11:15,66585.91,66619.38,66556.71,66587.59,-63,SHORT,66586.28,66506.73,TRUE,TRUE
07/21/2026,07/21/2026 11:30:00,11,11:30,66482.38,66550.18,66470.13,66526.73,-80,SHORT,66506.73,66528.27,FALSE,FALSE
07/21/2026,07/21/2026 11:45:00,11,11:45,66520.01,66574.13,66450.0,66532.44,-124,SHORT,66528.27,66510.09,TRUE,TRUE
07/21/2026,07/21/2026 12:00:00,12,12:00,66510.09,66548.0,66505.64,66540.05,-42,SHORT,66510.09,66424.99,TRUE,TRUE
07/21/2026,07/21/2026 12:15:00,12,12:15,66403.77,66456.81,66420.66,66442.0,+38,LONG,66424.99,66416.78,FALSE,TRUE
07/21/2026,07/21/2026 12:30:00,12,12:30,66413.53,66452.06,66386.88,66435.49,-65,SHORT,66416.78,66466.78,FALSE,TRUE
07/21/2026,07/21/2026 12:45:00,12,12:45,66436.82,66472.88,66018.97,66477.92,-454,SHORT,66466.78,66164.0,TRUE,TRUE
07/21/2026,07/21/2026 13:00:00,13,13:00,66102.0,66173.75,66070.53,66202.54,-103,SHORT,66164.0,66248.74,FALSE,FALSE
07/21/2026,07/21/2026 13:15:00,13,13:15,66248.74,66270.33,66204.56,66267.86,-66,SHORT,66248.74,66199.37,TRUE,TRUE
07/21/2026,07/21/2026 13:30:00,13,13:30,66161.12,66207.06,66112.25,66207.05,-95,SHORT,66199.37,66241.0,FALSE,FALSE
07/21/2026,07/21/2026 13:45:00,13,13:45,66234.97,66271.86,66229.28,66282.96,+48,LONG,66241.0,66280.0,TRUE,FALSE
07/21/2026,07/21/2026 14:00:00,14,14:00,66243.69,66284.0,66276.84,66306.92,+63,LONG,66280.0,66270.13,FALSE,FALSE
07/21/2026,07/21/2026 14:15:00,14,14:15,66228.78,66299.83,66253.68,66326.07,+97,LONG,66270.13,66366.62,TRUE,TRUE
07/21/2026,07/21/2026 14:30:00,14,14:30,66360.44,66383.0,66362.25,66383.55,+23,LONG,66366.62,66432.28,TRUE,TRUE
07/21/2026,07/21/2026 14:45:00,14,14:45,66405.0,66452.17,66416.86,66450.14,+45,LONG,66432.28,66424.0,FALSE,FALSE
07/21/2026,07/21/2026 15:00:00,15,15:00,66383.5,66433.65,66322.18,66476.56,-111,SHORT,66424.0,66391.67,TRUE,FALSE
07/21/2026,07/21/2026 15:15:00,15,15:15,66391.67,66405.32,66350.78,66391.67,-55,SHORT,66391.67,66359.33,TRUE,TRUE
07/21/2026,07/21/2026 15:30:00,15,15:30,66336.94,66363.24,66359.34,66391.68,+55,LONG,66359.33,66425.44,TRUE,FALSE
07/21/2026,07/21/2026 15:45:00,15,15:45,66401.6,66428.75,66397.6,66436.98,+35,LONG,66425.44,66370.02,FALSE,FALSE
07/21/2026,07/21/2026 16:00:00,16,16:00,66369.01,66393.71,66303.64,66370.02,-90,SHORT,66370.02,66366.0,TRUE,FALSE
07/21/2026,07/21/2026 16:15:00,16,16:15,66322.22,66378.54,66330.09,66366.0,-48,SHORT,66366.0,66286.14,TRUE,TRUE
07/21/2026,07/21/2026 16:30:00,16,16:30,66280.45,66298.6,66269.77,66286.15,-29,SHORT,66286.14,66310.49,FALSE,FALSE
07/21/2026,07/21/2026 16:45:00,16,16:45,66285.03,66326.26,66300.3,66333.59,+49,LONG,66310.49,66346.91,TRUE,FALSE
07/21/2026,07/21/2026 17:00:00,17,17:00,66318.88,66346.92,66275.54,66346.91,-71,SHORT,66346.91,66274.46,TRUE,FALSE
07/21/2026,07/21/2026 17:15:00,17,17:15,66265.0,66306.95,66267.01,66286.42,-40,SHORT,66274.46,66240.37,TRUE,TRUE
07/21/2026,07/21/2026 17:30:00,17,17:30,66239.6,66257.0,66223.71,66273.76,+34,LONG,66240.37,66276.02,TRUE,FALSE
07/21/2026,07/21/2026 17:45:00,17,17:45,66270.0,66295.01,66200.4,66276.02,-95,SHORT,66276.02,66266.01,TRUE,FALSE
07/21/2026,07/21/2026 18:00:00,18,18:00,66256.09,66280.32,66190.45,66266.0,-90,SHORT,66266.01,66239.62,TRUE,TRUE
07/21/2026,07/21/2026 18:15:00,18,18:15,66227.08,66247.03,66235.51,66292.97,+66,LONG,66239.62,66363.29,TRUE,FALSE
07/21/2026,07/21/2026 18:30:00,18,18:30,66324.05,66371.41,66342.52,66363.29,+39,LONG,66363.29,66390.2,TRUE,TRUE
07/21/2026,07/21/2026 18:45:00,18,18:45,66380.22,66390.2,66390.21,66426.83,+47,LONG,66390.2,66516.18,TRUE,TRUE
07/21/2026,07/21/2026 19:00:00,19,19:00,66488.17,66536.44,66499.0,66555.93,+68,LONG,66516.18,66641.78,TRUE,TRUE
07/21/2026,07/21/2026 19:15:00,19,19:15,66596.7,66645.38,66563.37,66649.95,-82,SHORT,66641.78,66616.14,TRUE,FALSE
07/21/2026,07/21/2026 19:30:00,19,19:30,66577.83,66618.31,66590.08,66627.28,+49,LONG,66616.14,66669.93,TRUE,FALSE
07/21/2026,07/21/2026 19:45:00,19,19:45,66669.67,66696.56,66644.18,66698.55,-52,SHORT,66669.93,66583.35,TRUE,FALSE
07/21/2026,07/21/2026 20:00:00,20,20:00,66583.35,66632.6,66583.35,66620.26,-49,SHORT,66583.35,66443.5,TRUE,TRUE
07/21/2026,07/21/2026 20:15:00,20,20:15,66443.49,66486.19,66425.31,66461.78,-61,SHORT,66443.5,66312.0,TRUE,TRUE
07/21/2026,07/21/2026 20:30:00,20,20:30,66310.01,66392.09,66303.63,66364.44,-88,SHORT,66312.0,66333.21,FALSE,FALSE
07/21/2026,07/21/2026 20:45:00,20,20:45,66255.0,66333.22,66316.95,66416.05,+161,LONG,66333.21,66389.6,TRUE,FALSE
07/21/2026,07/21/2026 21:00:00,21,21:00,66344.93,66389.6,66327.61,66392.0,-62,SHORT,66389.6,66427.22,FALSE,TRUE
07/21/2026,07/21/2026 21:15:00,21,21:15,66396.07,66428.6,66410.19,66497.35,+101,LONG,66427.22,66362.67,FALSE,TRUE
07/21/2026,07/21/2026 21:30:00,21,21:30,66362.67,66398.39,66271.59,66362.12,-127,SHORT,66362.67,66325.09,TRUE,FALSE
07/21/2026,07/21/2026 21:45:00,21,21:45,66309.91,66333.98,66306.96,66343.59,+34,LONG,66325.09,66268.01,FALSE,TRUE
07/21/2026,07/21/2026 22:00:00,22,22:00,66253.68,66283.19,66225.0,66281.0,-58,SHORT,66268.01,66143.78,TRUE,FALSE
07/21/2026,07/21/2026 22:15:00,22,22:15,66133.8,66197.02,66140.17,66179.76,-57,SHORT,66143.78,66233.7,FALSE,FALSE
07/21/2026,07/21/2026 22:30:00,22,22:30,66233.7,66274.64,66230.37,66270.0,-44,SHORT,66233.7,66233.22,TRUE,TRUE
07/21/2026,07/21/2026 22:45:00,22,22:45,66197.04,66237.73,66233.22,66297.98,+101,LONG,66233.22,66160.44,FALSE,TRUE
07/21/2026,07/21/2026 23:00:00,23,23:00,66133.8,66210.39,66153.78,66192.35,+59,LONG,66160.44,66294.73,TRUE,TRUE
07/21/2026,07/21/2026 23:15:00,23,23:15,66273.66,66298.18,66290.5,66321.81,+48,LONG,66294.73,66323.11,TRUE,TRUE
07/21/2026,07/21/2026 23:30:00,23,23:30,66313.64,66356.42,66292.98,66335.72,-63,SHORT,66323.11,66376.88,FALSE,TRUE
07/21/2026,07/21/2026 23:45:00,23,23:45,66363.57,66379.96,66323.61,66376.88,-56,SHORT,66376.88,66336.01,TRUE,TRUE
07/22/2026,07/22/2026 00:00:00,0,00:00,66323.61,66338.98,66307.5,66336.01,-31,SHORT,66336.01,66234.1,TRUE,TRUE
07/22/2026,07/22/2026 00:15:00,0,00:15,66217.05,66237.07,66167.1,66234.11,-70,SHORT,66234.1,66026.99,TRUE,TRUE
07/22/2026,07/22/2026 00:30:00,0,00:30,66006.51,66067.21,66007.26,66060.54,-60,SHORT,66026.99,65937.34,TRUE,TRUE
07/22/2026,07/22/2026 00:45:00,0,00:45,65928.1,65960.17,65905.75,65986.22,+58,LONG,65937.34,65937.32,FALSE,TRUE
07/22/2026,07/22/2026 01:00:00,1,01:00,65920.68,65949.0,65936.01,65983.95,+63,LONG,65937.32,65941.29,TRUE,TRUE
07/22/2026,07/22/2026 01:15:00,1,01:15,65910.0,65947.32,65877.39,65941.3,-70,SHORT,65941.29,65810.8,TRUE,FALSE
07/22/2026,07/22/2026 01:30:00,1,01:30,65793.99,65836.48,65786.0,65844.0,-50,SHORT,65810.8,65904.21,FALSE,FALSE
07/22/2026,07/22/2026 01:45:00,1,01:45,65900.0,65961.88,65884.05,65907.36,-78,SHORT,65904.21,65891.27,TRUE,TRUE
07/22/2026,07/22/2026 02:00:00,2,02:00,65874.06,65891.28,65880.72,65926.98,+53,LONG,65891.27,65859.99,FALSE,TRUE
07/22/2026,07/22/2026 02:15:00,2,02:15,65855.18,65887.37,65860.0,65890.71,+36,LONG,65859.99,65859.85,FALSE,FALSE
07/22/2026,07/22/2026 02:30:00,2,02:30,65849.22,65881.04,65794.0,65872.87,-87,SHORT,65859.85,65740.81,TRUE,FALSE
07/22/2026,07/22/2026 02:45:00,2,02:45,65653.46,65751.0,65740.8,65783.17,+130,LONG,65740.81,65797.99,TRUE,FALSE
07/22/2026,07/22/2026 03:00:00,3,03:00,65794.56,65807.55,65802.24,65929.95,+135,LONG,65797.99,65983.95,TRUE,TRUE
07/22/2026,07/22/2026 03:15:00,3,03:15,65973.0,66004.49,65952.0,65989.29,-52,SHORT,65983.95,65967.48,TRUE,FALSE
07/22/2026,07/22/2026 03:30:00,3,03:30,65961.01,65980.39,65967.48,66026.26,+65,LONG,65967.48,65885.07,FALSE,TRUE
07/22/2026,07/22/2026 03:45:00,3,03:45,65880.32,65917.43,65885.08,65947.47,+67,LONG,65885.07,65940.48,TRUE,TRUE
07/22/2026,07/22/2026 04:00:00,4,04:00,65940.48,65948.47,65921.28,65948.15,-27,SHORT,65940.48,65958.14,FALSE,TRUE
07/22/2026,07/22/2026 04:15:00,4,04:15,65939.22,65982.74,65941.28,65958.15,-41,SHORT,65958.14,65978.88,FALSE,FALSE
07/22/2026,07/22/2026 04:30:00,4,04:30,65978.88,65994.25,65952.0,65978.89,-42,SHORT,65978.88,65841.5,TRUE,TRUE
07/22/2026,07/22/2026 04:45:00,4,04:45,65825.0,65842.76,65820.0,65844.12,-23,SHORT,65841.5,65884.27,FALSE,FALSE
07/22/2026,07/22/2026 05:00:00,5,05:00,65882.11,65908.21,65884.27,65904.85,-24,SHORT,65884.27,65877.94,TRUE,TRUE
07/22/2026,07/22/2026 05:15:00,5,05:15,65865.0,65882.81,65871.36,65897.99,+33,LONG,65877.94,65917.45,TRUE,FALSE
07/22/2026,07/22/2026 05:30:00,5,05:30,65917.45,65935.93,65917.45,65930.61,-18,SHORT,65917.45,65947.58,FALSE,TRUE
07/22/2026,07/22/2026 05:45:00,5,05:45,65942.71,65971.3,65947.58,66070.0,+127,LONG,65947.58,66006.69,TRUE,FALSE
07/22/2026,07/22/2026 06:00:00,6,06:00,65982.0,66010.64,65979.0,66006.69,-32,SHORT,66006.69,65970.02,TRUE,FALSE
07/22/2026,07/22/2026 06:15:00,6,06:15,65970.02,65996.32,65947.77,65970.03,-49,SHORT,65970.02,66006.53,FALSE,FALSE
07/22/2026,07/22/2026 06:30:00,6,06:30,65994.24,66006.53,65986.56,66010.0,-20,SHORT,66006.53,65867.3,TRUE,TRUE
07/22/2026,07/22/2026 06:45:00,6,06:45,65858.57,65889.46,65862.36,65940.87,+82,LONG,65867.3,65972.5,TRUE,FALSE
07/22/2026,07/22/2026 07:00:00,7,07:00,65964.44,65980.7,65955.84,65975.04,-25,SHORT,65972.5,65860.58,TRUE,FALSE
07/22/2026,07/22/2026 07:15:00,7,07:15,65833.15,65860.59,65854.19,65887.87,+55,LONG,65860.58,65838.98,FALSE,TRUE
07/22/2026,07/22/2026 07:30:00,7,07:30,65832.96,65863.68,65806.08,65865.0,-58,SHORT,65838.98,65736.95,TRUE,FALSE
07/22/2026,07/22/2026 07:45:00,7,07:45,65734.45,65783.44,65707.3,65774.15,-76,SHORT,65736.95,65586.01,TRUE,TRUE
07/22/2026,07/22/2026 08:00:00,8,08:00,65579.52,65629.79,65562.08,65600.04,-68,SHORT,65586.01,65601.18,FALSE,FALSE
07/22/2026,07/22/2026 08:15:00,8,08:15,65598.72,65626.42,65545.68,65606.4,-81,SHORT,65601.18,65568.86,TRUE,TRUE
07/22/2026,07/22/2026 08:30:00,8,08:30,65540.05,65581.24,65568.86,65667.83,+128,LONG,65568.86,65848.31,TRUE,FALSE
07/22/2026,07/22/2026 08:45:00,8,08:45,65830.26,65877.09,65848.31,65940.48,+110,LONG,65848.31,65911.11,TRUE,TRUE
07/22/2026,07/22/2026 09:00:00,9,09:00,65889.46,65932.18,65863.99,65932.79,-68,SHORT,65911.11,65866.67,TRUE,FALSE
07/22/2026,07/22/2026 09:15:00,9,09:15,65862.42,65925.64,65710.08,65865.04,-216,SHORT,65866.67,65581.91,TRUE,TRUE
07/22/2026,07/22/2026 09:30:00,9,09:30,65545.99,65660.09,65544.97,65648.63,-115,SHORT,65581.91,65629.93,FALSE,FALSE
07/22/2026,07/22/2026 09:45:00,9,09:45,65629.93,65699.31,65606.4,65716.0,-93,SHORT,65629.93,65761.0,FALSE,FALSE
07/22/2026,07/22/2026 10:00:00,10,10:00,65673.54,65764.91,65760.99,65835.89,+162,LONG,65761.0,65905.93,TRUE,FALSE
07/22/2026,07/22/2026 10:15:00,10,10:15,65834.7,65941.49,65853.36,65915.48,-88,SHORT,65905.93,66052.93,FALSE,TRUE
07/22/2026,07/22/2026 10:30:00,10,10:30,66036.48,66086.4,66033.71,66099.65,+63,LONG,66052.93,65981.34,FALSE,TRUE
07/22/2026,07/22/2026 10:45:00,10,10:45,65938.46,65994.23,65924.13,66032.63,+94,LONG,65981.34,66013.78,TRUE,TRUE
07/22/2026,07/22/2026 11:00:00,11,11:00,65968.98,66020.04,65987.99,66022.58,+54,LONG,66013.78,66095.21,TRUE,TRUE
07/22/2026,07/22/2026 11:15:00,11,11:15,66062.67,66126.0,65974.12,66095.21,-152,SHORT,66095.21,65995.51,TRUE,FALSE
07/22/2026,07/22/2026 11:30:00,11,11:30,65931.91,66014.6,65978.17,66184.63,+253,LONG,65995.51,66260.94,TRUE,FALSE
07/22/2026,07/22/2026 11:45:00,11,11:45,66241.11,66294.38,66191.78,66268.11,-103,SHORT,66260.94,66204.83,TRUE,FALSE
07/22/2026,07/22/2026 12:00:00,12,12:00,66180.08,66208.75,66193.77,66220.95,+41,LONG,66204.83,66140.36,FALSE,TRUE
07/22/2026,07/22/2026 12:15:00,12,12:15,66136.33,66182.25,66074.99,66145.6,-107,SHORT,66140.36,65959.01,TRUE,FALSE
07/22/2026,07/22/2026 12:30:00,12,12:30,65942.89,65980.0,65948.5,66053.99,+111,LONG,65959.01,66146.98,TRUE,FALSE
07/22/2026,07/22/2026 12:45:00,12,12:45,66114.27,66155.05,66117.65,66208.87,+95,LONG,66146.98,65993.8,FALSE,FALSE
07/22/2026,07/22/2026 13:00:00,13,13:00,65987.22,66021.73,65975.53,66030.0,-46,SHORT,65993.8,65955.82,TRUE,FALSE
07/22/2026,07/22/2026 13:15:00,13,13:15,65945.68,65967.07,65914.08,65955.82,-53,SHORT,65955.82,65856.78,TRUE,TRUE
07/22/2026,07/22/2026 13:30:00,13,13:30,65817.24,65887.31,65756.08,65856.79,-131,SHORT,65856.78,65746.59,TRUE,TRUE
07/22/2026,07/22/2026 13:45:00,13,13:45,65733.33,65753.98,65733.33,65796.99,+64,LONG,65746.59,65858.3,TRUE,FALSE
07/22/2026,07/22/2026 14:00:00,14,14:00,65854.92,65870.0,65822.76,65889.2,-47,SHORT,65858.3,65726.98,TRUE,FALSE
07/22/2026,07/22/2026 14:15:00,14,14:15,65656.76,65726.98,65713.18,65787.33,+131,LONG,65726.98,65868.37,TRUE,FALSE
07/22/2026,07/22/2026 14:30:00,14,14:30,65860.97,65900.0,65863.42,65897.54,-37,SHORT,65868.37,65831.88,TRUE,FALSE
07/22/2026,07/22/2026 14:45:00,14,14:45,65827.63,65873.33,65809.59,65850.71,-64,SHORT,65831.88,65894.99,FALSE,FALSE
07/22/2026,07/22/2026 15:00:00,15,15:00,65893.01,65940.37,65815.39,65923.48,-125,SHORT,65894.99,65900.21,FALSE,FALSE
07/22/2026,07/22/2026 15:15:00,15,15:15,65838.88,65904.04,65856.99,65928.44,+90,LONG,65900.21,65898.56,FALSE,TRUE
07/22/2026,07/22/2026 15:30:00,15,15:30,65874.38,65914.68,65892.36,65916.25,+42,LONG,65898.56,65920.48,TRUE,TRUE
07/22/2026,07/22/2026 15:45:00,15,15:45,65903.31,65920.48,65872.77,65920.48,-48,SHORT,65920.48,65892.42,TRUE,FALSE
07/22/2026,07/22/2026 16:00:00,16,16:00,65874.38,65892.43,65884.04,65900.31,+26,LONG,65892.42,65901.05,TRUE,FALSE
07/22/2026,07/22/2026 16:15:00,16,16:15,65889.06,65908.23,65901.04,65910.9,+22,LONG,65901.05,65878.01,FALSE,FALSE
07/22/2026,07/22/2026 16:30:00,16,16:30,65873.95,65880.75,65878.01,65894.53,+21,LONG,65878.01,66087.97,TRUE,TRUE
07/22/2026,07/22/2026 16:45:00,16,16:45,66074.26,66099.97,66017.31,66099.17,-83,SHORT,66087.97,66044.16,TRUE,FALSE
07/22/2026,07/22/2026 17:00:00,17,17:00,66008.03,66044.32,65962.24,66050.86,-82,SHORT,66044.16,65976.76,TRUE,TRUE
07/22/2026,07/22/2026 17:15:00,17,17:15,65967.87,65998.5,65967.07,65987.9,-31,SHORT,65976.76,65991.32,FALSE,FALSE
07/22/2026,07/22/2026 17:30:00,17,17:30,65987.81,66000.0,65967.07,65991.33,-33,SHORT,65991.32,65927.7,TRUE,TRUE
07/22/2026,07/22/2026 17:45:00,17,17:45,65923.97,65934.14,65914.9,65938.23,-19,SHORT,65927.7,66014.38,FALSE,FALSE
07/22/2026,07/22/2026 18:00:00,18,18:00,65984.65,66015.48,65990.33,66018.0,+33,LONG,66014.38,65865.77,FALSE,TRUE
07/22/2026,07/22/2026 18:15:00,18,18:15,65830.62,65948.08,65865.77,65894.53,-82,SHORT,65865.77,65938.94,FALSE,TRUE
07/22/2026,07/22/2026 18:30:00,18,18:30,65938.93,65962.01,65938.86,65967.97,+29,LONG,65938.94,65957.02,TRUE,FALSE
07/22/2026,07/22/2026 18:45:00,18,18:45,65934.83,65957.02,65947.73,65993.2,+58,LONG,65957.02,66086.61,TRUE,TRUE
07/22/2026,07/22/2026 19:00:00,19,19:00,66059.76,66113.99,66031.81,66101.5,-82,SHORT,66086.61,66159.13,FALSE,TRUE
07/22/2026,07/22/2026 19:15:00,19,19:15,66121.82,66172.61,66124.24,66164.54,-48,SHORT,66159.13,66219.26,FALSE,FALSE
07/22/2026,07/22/2026 19:30:00,19,19:30,66219.26,66270.0,66154.5,66233.04,-116,SHORT,66219.26,66111.16,TRUE,TRUE
07/22/2026,07/22/2026 19:45:00,19,19:45,66105.29,66151.32,66111.15,66169.99,+65,LONG,66111.16,66026.19,FALSE,TRUE
07/22/2026,07/22/2026 20:00:00,20,20:00,66026.0,66040.94,66003.34,66052.26,-38,SHORT,66026.19,66014.25,TRUE,FALSE
07/22/2026,07/22/2026 20:15:00,20,20:15,65996.02,66014.34,65964.2,66014.25,-50,SHORT,66014.25,65898.56,TRUE,TRUE
07/22/2026,07/22/2026 20:30:00,20,20:30,65898.56,65924.4,65800.0,65913.94,-124,SHORT,65898.56,65754.61,TRUE,TRUE
07/22/2026,07/22/2026 20:45:00,20,20:45,65753.46,65781.62,65743.96,65799.0,+46,LONG,65754.61,65799.01,TRUE,FALSE
07/22/2026,07/22/2026 21:00:00,21,21:00,65796.16,65809.91,65715.7,65799.0,-94,SHORT,65799.01,65707.58,TRUE,FALSE
07/22/2026,07/22/2026 21:15:00,21,21:15,65707.58,65778.5,65696.39,65733.33,-82,SHORT,65707.58,65710.43,FALSE,FALSE
07/22/2026,07/22/2026 21:30:00,21,21:30,65695.2,65724.0,65693.03,65721.22,-31,SHORT,65710.43,65751.69,FALSE,FALSE
07/22/2026,07/22/2026 21:45:00,21,21:45,65713.18,65751.69,65751.69,65805.86,+93,LONG,65751.69,65777.22,TRUE,FALSE
07/22/2026,07/22/2026 22:00:00,22,22:00,65769.6,65797.99,65745.42,65785.57,-53,SHORT,65777.22,65603.43,TRUE,FALSE
07/22/2026,07/22/2026 22:15:00,22,22:15,65557.36,65604.36,65572.13,65603.43,+46,LONG,65603.43,65604.37,TRUE,FALSE
07/22/2026,07/22/2026 22:30:00,22,22:30,65567.65,65630.45,65592.28,65659.26,+92,LONG,65604.37,65656.99,TRUE,TRUE
07/22/2026,07/22/2026 22:45:00,22,22:45,65616.46,65661.35,65643.35,65664.0,+48,LONG,65656.99,65624.51,FALSE,FALSE
07/22/2026,07/22/2026 23:00:00,23,23:00,65618.16,65639.26,65568.51,65624.52,-71,SHORT,65624.51,65638.05,FALSE,TRUE
07/22/2026,07/22/2026 23:15:00,23,23:15,65624.0,65640.72,65617.12,65685.74,+62,LONG,65638.05,65659.81,TRUE,FALSE
07/22/2026,07/22/2026 23:30:00,23,23:30,65653.15,65684.32,65615.0,65663.75,-69,SHORT,65659.81,65594.86,TRUE,FALSE
07/22/2026,07/22/2026 23:45:00,23,23:45,65580.19,65603.63,65580.19,65624.51,+44,LONG,65594.86,65576.15,FALSE,TRUE
07/23/2026,07/23/2026 00:00:00,0,00:00,65562.03,65588.16,65550.5,65584.21,-38,SHORT,65576.15,65605.25,FALSE,TRUE
07/23/2026,07/23/2026 00:15:00,0,00:15,65576.05,65608.4,65564.07,65605.26,-44,SHORT,65605.25,65692.26,FALSE,FALSE
07/23/2026,07/23/2026 00:30:00,0,00:30,65673.64,65692.26,65693.02,65749.97,+76,LONG,65692.26,65702.93,TRUE,FALSE
07/23/2026,07/23/2026 00:45:00,0,00:45,65702.92,65710.73,65702.92,65728.66,+26,LONG,65702.93,65660.2,FALSE,FALSE
07/23/2026,07/23/2026 01:00:00,1,01:00,65654.99,65664.82,65654.99,65689.88,+35,LONG,65660.2,65631.23,FALSE,FALSE
07/23/2026,07/23/2026 01:15:00,1,01:15,65613.6,65643.75,65631.22,65657.66,+44,LONG,65631.23,65719.42,TRUE,TRUE
07/23/2026,07/23/2026 01:30:00,1,01:30,65657.99,65721.51,65694.04,65719.42,+61,LONG,65719.42,65739.75,TRUE,TRUE
07/23/2026,07/23/2026 01:45:00,1,01:45,65739.74,65753.48,65738.39,65769.6,+30,LONG,65739.75,65758.11,TRUE,TRUE
07/23/2026,07/23/2026 02:00:00,2,02:00,65745.42,65758.12,65656.76,65758.11,-101,SHORT,65758.11,65419.63,TRUE,FALSE
07/23/2026,07/23/2026 02:15:00,2,02:15,65316.0,65427.04,65374.66,65431.64,+116,LONG,65419.63,65397.06,FALSE,TRUE
07/23/2026,07/23/2026 02:30:00,2,02:30,65382.72,65415.44,65386.75,65420.77,+38,LONG,65397.06,65354.51,FALSE,FALSE
07/23/2026,07/23/2026 02:45:00,2,02:45,65346.46,65381.69,65324.5,65381.92,-57,SHORT,65354.51,65394.82,FALSE,TRUE
07/23/2026,07/23/2026 03:00:00,3,03:00,65394.81,65420.17,65382.01,65422.8,-38,SHORT,65394.82,65494.64,FALSE,FALSE
07/23/2026,07/23/2026 03:15:00,3,03:15,65491.56,65512.25,65471.38,65503.61,-41,SHORT,65494.64,65551.97,FALSE,FALSE
07/23/2026,07/23/2026 03:30:00,3,03:30,65519.73,65551.97,65551.97,65624.42,+105,LONG,65551.97,65592.29,TRUE,FALSE
07/23/2026,07/23/2026 03:45:00,3,03:45,65579.28,65611.14,65592.28,65604.91,+26,LONG,65592.29,65594.48,TRUE,TRUE
07/23/2026,07/23/2026 04:00:00,4,04:00,65593.94,65624.47,65564.15,65604.56,-60,SHORT,65594.48,65640.98,FALSE,TRUE
07/23/2026,07/23/2026 04:15:00,4,04:15,65628.55,65648.71,65638.84,65656.53,+28,LONG,65640.98,65683.07,TRUE,FALSE
07/23/2026,07/23/2026 04:30:00,4,04:30,65669.44,65703.45,65668.85,65704.01,-35,SHORT,65683.07,65691.44,FALSE,TRUE
07/23/2026,07/23/2026 04:45:00,4,04:45,65676.91,65697.69,65680.94,65702.61,+26,LONG,65691.44,65607.07,FALSE,TRUE
07/23/2026,07/23/2026 05:00:00,5,05:00,65581.42,65642.04,65552.04,65617.82,-90,SHORT,65607.07,65685.8,FALSE,TRUE
07/23/2026,07/23/2026 05:15:00,5,05:15,65658.29,65685.8,65668.6,65695.0,+37,LONG,65685.8,65729.63,TRUE,FALSE
07/23/2026,07/23/2026 05:30:00,5,05:30,65722.01,65735.96,65718.06,65757.04,+35,LONG,65729.63,65754.36,TRUE,TRUE
07/23/2026,07/23/2026 05:45:00,5,05:45,65735.96,65754.37,65744.07,65759.79,+24,LONG,65754.36,65708.56,FALSE,FALSE
07/23/2026,07/23/2026 06:00:00,6,06:00,65689.42,65708.57,65687.98,65710.89,+21,LONG,65708.56,65675.71,FALSE,FALSE
07/23/2026,07/23/2026 06:15:00,6,06:15,65654.02,65675.71,65673.99,65687.97,+34,LONG,65675.71,65592.76,FALSE,FALSE
07/23/2026,07/23/2026 06:30:00,6,06:30,65592.74,65623.65,65575.97,65596.74,-48,SHORT,65592.76,65529.31,TRUE,FALSE
07/23/2026,07/23/2026 06:45:00,6,06:45,65524.74,65551.96,65517.59,65542.85,-34,SHORT,65529.31,65525.22,TRUE,TRUE
07/23/2026,07/23/2026 07:00:00,7,07:00,65515.42,65525.95,65462.4,65525.22,-64,SHORT,65525.22,65472.32,TRUE,TRUE
07/23/2026,07/23/2026 07:15:00,7,07:15,65464.55,65492.52,65365.05,65485.35,-127,SHORT,65472.32,65388.45,TRUE,TRUE
07/23/2026,07/23/2026 07:30:00,7,07:30,65370.8,65416.2,65323.26,65390.01,-93,SHORT,65388.45,65074.94,TRUE,TRUE
07/23/2026,07/23/2026 07:45:00,7,07:45,65042.46,65148.14,65010.0,65077.23,-138,SHORT,65074.94,65123.02,FALSE,FALSE
07/23/2026,07/23/2026 08:00:00,8,08:00,65086.99,65178.0,65100.14,65188.21,+101,LONG,65123.02,64999.87,FALSE,TRUE
07/23/2026,07/23/2026 08:15:00,8,08:15,64974.64,65038.74,64979.33,65012.66,-59,SHORT,64999.87,64975.39,TRUE,FALSE
07/23/2026,07/23/2026 08:30:00,8,08:30,64943.99,65004.98,64971.13,65082.16,+138,LONG,64975.39,65038.78,TRUE,FALSE
07/23/2026,07/23/2026 08:45:00,8,08:45,65002.11,65062.4,64931.48,65061.88,-131,SHORT,65038.78,64831.16,TRUE,FALSE
07/23/2026,07/23/2026 09:00:00,9,09:00,64831.16,64920.92,64827.87,64883.91,-93,SHORT,64831.16,65012.02,FALSE,FALSE
07/23/2026,07/23/2026 09:15:00,9,09:15,64978.17,65043.98,64988.96,65041.44,+63,LONG,65012.02,65101.33,TRUE,FALSE
07/23/2026,07/23/2026 09:30:00,9,09:30,65046.66,65116.0,65052.18,65118.8,+72,LONG,65101.33,64980.44,FALSE,FALSE
07/23/2026,07/23/2026 09:45:00,9,09:45,64959.63,64989.34,64938.07,64980.44,-51,SHORT,64980.44,64859.16,TRUE,FALSE
07/23/2026,07/23/2026 10:00:00,10,10:00,64820.76,64868.2,64826.09,64876.08,+55,LONG,64859.16,64717.01,FALSE,TRUE
07/23/2026,07/23/2026 10:15:00,10,10:15,64666.96,64737.13,64705.9,64775.05,+108,LONG,64717.01,64811.89,TRUE,TRUE
07/23/2026,07/23/2026 10:30:00,10,10:30,64803.15,64866.51,64764.38,64840.0,-102,SHORT,64811.89,64851.99,FALSE,TRUE
07/23/2026,07/23/2026 10:45:00,10,10:45,64851.99,64894.66,64808.07,64865.0,-87,SHORT,64851.99,64905.04,FALSE,FALSE
07/23/2026,07/23/2026 11:00:00,11,11:00,64898.24,64916.09,64844.54,64906.51,-72,SHORT,64905.04,64815.43,TRUE,TRUE
07/23/2026,07/23/2026 11:15:00,11,11:15,64796.02,64855.28,64780.92,64829.16,-74,SHORT,64815.43,64758.95,TRUE,TRUE
07/23/2026,07/23/2026 11:30:00,11,11:30,64732.0,64762.2,64719.24,64761.4,-43,SHORT,64758.95,64683.52,TRUE,TRUE
07/23/2026,07/23/2026 11:45:00,11,11:45,64683.52,64712.08,64683.52,64713.99,+30,LONG,64683.52,64691.59,TRUE,FALSE
07/23/2026,07/23/2026 12:00:00,12,12:00,64664.44,64774.35,64659.53,64726.36,-115,SHORT,64691.59,64710.79,FALSE,TRUE
07/23/2026,07/23/2026 12:15:00,12,12:15,64670.01,64710.79,64689.02,64771.47,+101,LONG,64710.79,64785.06,TRUE,FALSE
07/23/2026,07/23/2026 12:30:00,12,12:30,64781.89,64811.64,64754.44,64793.99,-57,SHORT,64785.06,64768.07,TRUE,FALSE
07/23/2026,07/23/2026 12:45:00,12,12:45,64758.63,64774.0,64750.65,64810.81,+52,LONG,64768.07,64611.92,FALSE,TRUE
07/23/2026,07/23/2026 13:00:00,13,13:00,64564.09,64691.06,64611.92,64670.14,+106,LONG,64611.92,64671.47,TRUE,TRUE
07/23/2026,07/23/2026 13:15:00,13,13:15,64665.55,64704.92,64667.44,64708.0,+42,LONG,64671.47,64750.09,TRUE,TRUE
07/23/2026,07/23/2026 13:30:00,13,13:30,64707.25,64764.13,64728.0,64772.94,+66,LONG,64750.09,64756.82,TRUE,TRUE
07/23/2026,07/23/2026 13:45:00,13,13:45,64737.72,64759.43,64756.82,64808.03,+70,LONG,64756.82,64807.58,TRUE,TRUE
07/23/2026,07/23/2026 14:00:00,14,14:00,64787.26,64807.58,64807.58,64857.0,+70,LONG,64807.58,64747.94,FALSE,FALSE
07/23/2026,07/23/2026 14:15:00,14,14:15,64676.28,64747.94,64743.55,64794.42,+118,LONG,64747.94,64826.65,TRUE,TRUE
07/23/2026,07/23/2026 14:30:00,14,14:30,64794.7,64837.36,64824.0,64866.02,+71,LONG,64826.65,64691.54,FALSE,FALSE
07/23/2026,07/23/2026 14:45:00,14,14:45,64667.99,64706.91,64660.42,64699.83,-46,SHORT,64691.54,64778.48,FALSE,TRUE
07/23/2026,07/23/2026 15:00:00,15,15:00,64728.54,64808.0,64740.32,64836.9,+108,LONG,64778.48,64987.58,TRUE,FALSE
07/23/2026,07/23/2026 15:15:00,15,15:15,64972.68,64998.0,64978.79,65000.0,+27,LONG,64987.58,65117.99,TRUE,TRUE
07/23/2026,07/23/2026 15:30:00,15,15:30,65114.05,65143.92,65093.02,65126.42,-51,SHORT,65117.99,65083.41,TRUE,FALSE
07/23/2026,07/23/2026 15:45:00,15,15:45,65061.0,65087.07,65061.27,65083.97,-26,SHORT,65083.41,65097.6,FALSE,FALSE
07/23/2026,07/23/2026 16:00:00,16,16:00,65086.18,65103.25,65097.59,65137.21,+51,LONG,65097.6,65003.62,FALSE,TRUE
07/23/2026,07/23/2026 16:15:00,16,16:15,64956.06,65003.64,64984.27,65007.25,+51,LONG,65003.62,65067.79,TRUE,TRUE
07/23/2026,07/23/2026 16:30:00,16,16:30,65066.48,65079.11,65055.76,65071.88,-23,SHORT,65067.79,65057.33,TRUE,FALSE
07/23/2026,07/23/2026 16:45:00,16,16:45,65013.64,65057.96,65054.39,65105.33,+92,LONG,65057.33,65120.19,TRUE,FALSE
07/23/2026,07/23/2026 17:00:00,17,17:00,65073.66,65120.2,65080.59,65125.3,+52,LONG,65120.19,65049.99,FALSE,FALSE
07/23/2026,07/23/2026 17:15:00,17,17:15,65022.36,65059.35,65029.7,65061.62,+39,LONG,65049.99,65097.98,TRUE,TRUE
07/23/2026,07/23/2026 17:30:00,17,17:30,65092.02,65134.51,65094.13,65134.53,+43,LONG,65097.98,65161.99,TRUE,TRUE
07/23/2026,07/23/2026 17:45:00,17,17:45,65152.43,65178.42,65120.01,65162.0,-58,SHORT,65161.99,65140.05,TRUE,FALSE
07/23/2026,07/23/2026 18:00:00,18,18:00,65140.05,65148.83,65134.52,65160.0,+20,LONG,65140.05,65137.68,FALSE,TRUE
07/23/2026,07/23/2026 18:15:00,18,18:15,65109.46,65145.25,65127.72,65154.44,+45,LONG,65137.68,65125.99,FALSE,FALSE
07/23/2026,07/23/2026 18:30:00,18,18:30,65092.53,65125.99,65106.0,65133.0,+40,LONG,65125.99,65124.0,FALSE,FALSE
07/23/2026,07/23/2026 18:45:00,18,18:45,65106.36,65128.09,65102.61,65136.0,+30,LONG,65124.0,65051.23,FALSE,FALSE
07/23/2026,07/23/2026 19:00:00,19,19:00,65023.53,65053.99,65005.64,65062.93,-48,SHORT,65051.23,64879.44,TRUE,FALSE
07/23/2026,07/23/2026 19:15:00,19,19:15,64864.25,64905.98,64879.12,64898.0,+34,LONG,64879.44,64831.35,FALSE,TRUE
07/23/2026,07/23/2026 19:30:00,19,19:30,64828.17,64841.65,64824.42,64871.14,+43,LONG,64831.35,64800.61,FALSE,FALSE
07/23/2026,07/23/2026 19:45:00,19,19:45,64776.04,64810.65,64800.61,64882.32,+106,LONG,64800.61,64927.99,TRUE,TRUE
07/23/2026,07/23/2026 20:00:00,20,20:00,64901.98,64927.99,64888.51,64928.44,-39,SHORT,64927.99,64988.96,FALSE,TRUE
07/23/2026,07/23/2026 20:15:00,20,20:15,64988.96,65006.3,64957.92,65002.0,-48,SHORT,64988.96,64973.99,TRUE,TRUE
07/23/2026,07/23/2026 20:30:00,20,20:30,64964.53,65062.0,64973.99,65020.6,-88,SHORT,64973.99,65050.68,FALSE,FALSE
07/23/2026,07/23/2026 20:45:00,20,20:45,65048.6,65087.98,65037.86,65068.7,-50,SHORT,65050.68,65030.0,TRUE,TRUE
07/23/2026,07/23/2026 21:00:00,21,21:00,65005.84,65041.44,65030.01,65063.99,+58,LONG,65030.0,65114.01,TRUE,FALSE
07/23/2026,07/23/2026 21:15:00,21,21:15,65113.7,65137.83,65070.08,65120.2,-68,SHORT,65114.01,65100.63,TRUE,FALSE
07/23/2026,07/23/2026 21:30:00,21,21:30,65074.0,65112.98,65036.72,65100.63,-76,SHORT,65100.63,65008.89,TRUE,TRUE
07/23/2026,07/23/2026 21:45:00,21,21:45,64987.53,65008.9,64987.74,65012.8,+25,LONG,65008.89,65066.98,TRUE,FALSE
07/23/2026,07/23/2026 22:00:00,22,22:00,65013.87,65066.99,65019.96,65084.78,+71,LONG,65066.98,65269.53,TRUE,TRUE
07/23/2026,07/23/2026 22:15:00,22,22:15,65252.66,65269.53,65268.34,65338.57,+86,LONG,65269.53,65275.42,TRUE,TRUE
07/23/2026,07/23/2026 22:30:00,22,22:30,65255.64,65311.57,65275.42,65314.56,+59,LONG,65275.42,65356.81,TRUE,TRUE
07/23/2026,07/23/2026 22:45:00,22,22:45,65309.93,65368.77,65338.61,65357.81,+48,LONG,65356.81,65408.0,TRUE,TRUE
07/23/2026,07/23/2026 23:00:00,23,23:00,65402.96,65411.65,65368.46,65420.94,-43,SHORT,65408.0,65345.99,TRUE,FALSE
07/23/2026,07/23/2026 23:15:00,23,23:15,65342.79,65364.88,65316.41,65346.0,-48,SHORT,65345.99,65367.59,FALSE,FALSE
07/23/2026,07/23/2026 23:30:00,23,23:30,65367.22,65376.51,65328.77,65367.59,-48,SHORT,65367.59,65279.0,TRUE,TRUE
07/23/2026,07/23/2026 23:45:00,23,23:45,65266.96,65295.95,65281.11,65314.49,+48,LONG,65279.0,65263.39,FALSE,TRUE
07/24/2026,07/24/2026 00:00:00,0,00:00,65220.21,65263.4,65206.93,65269.46,-56,SHORT,65263.39,65302.77,FALSE,TRUE
07/24/2026,07/24/2026 00:15:00,0,00:15,65299.2,65311.46,65292.0,65308.5,-19,SHORT,65302.77,65284.49,TRUE,TRUE
07/24/2026,07/24/2026 00:30:00,0,00:30,65280.01,65289.62,65260.6,65284.5,-29,SHORT,65284.49,65252.11,TRUE,TRUE
07/24/2026,07/24/2026 00:45:00,0,00:45,65229.98,65265.0,65251.7,65266.98,+37,LONG,65252.11,65268.43,TRUE,FALSE
07/24/2026,07/24/2026 01:00:00,1,01:00,65245.5,65274.14,65230.5,65268.43,-44,SHORT,65268.43,65331.01,FALSE,TRUE
07/24/2026,07/24/2026 01:15:00,1,01:15,65299.2,65337.01,65309.94,65334.02,+35,LONG,65331.01,65402.34,TRUE,FALSE
07/24/2026,07/24/2026 01:30:00,1,01:30,65366.86,65408.49,65329.33,65402.34,-79,SHORT,65402.34,65407.99,FALSE,TRUE
07/24/2026,07/24/2026 01:45:00,1,01:45,65399.79,65418.92,65377.49,65420.07,-41,SHORT,65407.99,65426.94,FALSE,FALSE
07/24/2026,07/24/2026 02:00:00,2,02:00,65390.66,65426.94,65424.16,65444.0,+53,LONG,65426.94,65718.92,TRUE,FALSE
07/24/2026,07/24/2026 02:15:00,2,02:15,65679.04,65729.98,65664.83,65762.78,+84,LONG,65718.92,65598.53,FALSE,FALSE
07/24/2026,07/24/2026 02:30:00,2,02:30,65566.41,65598.53,65556.99,65613.35,+47,LONG,65598.53,65330.94,FALSE,FALSE
07/24/2026,07/24/2026 02:45:00,2,02:45,65303.21,65355.95,65323.64,65359.93,+57,LONG,65330.94,65454.48,TRUE,TRUE
07/24/2026,07/24/2026 03:00:00,3,03:00,65446.44,65457.74,65416.98,65464.22,-41,SHORT,65454.48,65391.85,TRUE,FALSE
07/24/2026,07/24/2026 03:15:00,3,03:15,65381.08,65405.38,65376.78,65436.3,+55,LONG,65391.85,65344.27,FALSE,TRUE
07/24/2026,07/24/2026 03:30:00,3,03:30,65327.17,65346.8,65343.22,65376.08,+49,LONG,65344.27,65395.99,TRUE,TRUE
07/24/2026,07/24/2026 03:45:00,3,03:45,65377.11,65396.0,65378.05,65402.62,+26,LONG,65395.99,65255.44,FALSE,FALSE
07/24/2026,07/24/2026 04:00:00,4,04:00,65255.44,65279.99,65245.12,65267.89,-35,SHORT,65255.44,65001.53,TRUE,FALSE
07/24/2026,07/24/2026 04:15:00,4,04:15,64993.36,65059.49,64940.0,65027.98,-119,SHORT,65001.53,64917.97,TRUE,TRUE
07/24/2026,07/24/2026 04:30:00,4,04:30,64911.18,64939.67,64917.97,64939.51,+28,LONG,64917.97,65025.68,TRUE,FALSE
07/24/2026,07/24/2026 04:45:00,4,04:45,65025.68,65048.85,65022.74,65090.1,+64,LONG,65025.68,65064.29,TRUE,TRUE
07/24/2026,07/24/2026 05:00:00,5,05:00,65038.32,65064.3,65050.8,65105.0,+67,LONG,65064.29,64947.73,FALSE,FALSE
07/24/2026,07/24/2026 05:15:00,5,05:15,64946.69,64970.84,64941.5,64973.0,-29,SHORT,64947.73,64963.83,FALSE,TRUE
07/24/2026,07/24/2026 05:30:00,5,05:30,64958.01,64979.98,64963.83,65005.0,+47,LONG,64963.83,64964.66,TRUE,FALSE
07/24/2026,07/24/2026 05:45:00,5,05:45,64964.66,64994.4,64958.35,64989.02,-36,SHORT,64964.66,64903.09,TRUE,FALSE
07/24/2026,07/24/2026 06:00:00,6,06:00,64897.04,64906.5,64865.08,64906.46,-41,SHORT,64903.09,64946.35,FALSE,FALSE
07/24/2026,07/24/2026 06:15:00,6,06:15,64946.34,64965.01,64946.35,65002.82,+56,LONG,64946.35,64981.18,TRUE,FALSE
07/24/2026,07/24/2026 06:30:00,6,06:30,64977.83,65008.27,64961.83,64998.98,-46,SHORT,64981.18,64888.51,TRUE,FALSE
07/24/2026,07/24/2026 06:45:00,6,06:45,64888.45,64952.0,64809.69,64901.2,-142,SHORT,64888.51,65021.19,FALSE,FALSE
07/24/2026,07/24/2026 07:00:00,7,07:00,64950.21,65051.39,64981.17,65024.06,+74,LONG,65021.19,65016.23,FALSE,TRUE
07/24/2026,07/24/2026 07:15:00,7,07:15,65008.26,65022.81,64988.91,65016.24,-34,SHORT,65016.23,64964.83,TRUE,FALSE
07/24/2026,07/24/2026 07:30:00,7,07:30,64961.82,65043.09,64954.08,64992.78,-89,SHORT,64964.83,64870.14,TRUE,TRUE
07/24/2026,07/24/2026 07:45:00,7,07:45,64863.64,64898.32,64842.72,64899.96,-56,SHORT,64870.14,64715.98,TRUE,TRUE
07/24/2026,07/24/2026 08:00:00,8,08:00,64715.97,64739.25,64652.48,64745.09,-87,SHORT,64715.98,64311.59,TRUE,TRUE
07/24/2026,07/24/2026 08:15:00,8,08:15,64300.34,64359.94,64287.5,64388.0,+88,LONG,64311.59,64321.99,TRUE,FALSE
07/24/2026,07/24/2026 08:30:00,8,08:30,64313.26,64367.95,64238.19,64355.97,-130,SHORT,64321.99,64346.4,FALSE,TRUE
07/24/2026,07/24/2026 08:45:00,8,08:45,64220.93,64354.03,64321.76,64387.1,+166,LONG,64346.4,64092.49,FALSE,TRUE
07/24/2026,07/24/2026 09:00:00,9,09:00,63966.61,64092.49,64020.0,64138.11,+172,LONG,64092.49,63904.12,FALSE,FALSE
07/24/2026,07/24/2026 09:15:00,9,09:15,63904.12,64001.0,63868.32,63928.53,-133,SHORT,63904.12,63782.52,TRUE,FALSE
07/24/2026,07/24/2026 09:30:00,9,09:30,63699.39,63802.05,63719.59,63805.68,+106,LONG,63782.52,63754.76,FALSE,TRUE
07/24/2026,07/24/2026 09:45:00,9,09:45,63727.29,63791.21,63658.21,63764.94,-133,SHORT,63754.76,63993.51,FALSE,TRUE
07/24/2026,07/24/2026 10:00:00,10,10:00,63936.27,63993.52,63929.52,63993.52,-64,SHORT,63993.51,64072.12,FALSE,FALSE
07/24/2026,07/24/2026 10:15:00,10,10:15,63926.52,64077.98,64057.8,64125.91,+199,LONG,64072.12,64059.69,FALSE,TRUE
07/24/2026,07/24/2026 10:30:00,10,10:30,64012.86,64095.0,63978.84,64077.98,-116,SHORT,64059.69,64098.12,FALSE,TRUE
07/24/2026,07/24/2026 10:45:00,10,10:45,64091.08,64158.29,64071.27,64157.25,-87,SHORT,64098.12,64025.89,TRUE,TRUE
07/24/2026,07/24/2026 11:00:00,11,11:00,64021.89,64125.03,63933.51,64036.5,-192,SHORT,64025.89,64082.41,FALSE,FALSE
07/24/2026,07/24/2026 11:15:00,11,11:15,64051.0,64104.55,64056.24,64105.24,+54,LONG,64082.41,64021.01,FALSE,TRUE
07/24/2026,07/24/2026 11:30:00,11,11:30,64021.0,64049.0,63937.0,64021.01,-112,SHORT,64021.01,63867.41,TRUE,FALSE
07/24/2026,07/24/2026 11:45:00,11,11:45,63865.01,63897.57,63862.75,63903.72,+39,LONG,63867.41,63889.84,TRUE,FALSE
07/24/2026,07/24/2026 12:00:00,12,12:00,63889.84,63947.01,63866.61,63904.5,-80,SHORT,63889.84,63899.99,FALSE,TRUE
07/24/2026,07/24/2026 12:15:00,12,12:15,63846.01,63901.4,63882.09,63910.98,+65,LONG,63899.99,64031.8,TRUE,FALSE
07/24/2026,07/24/2026 12:30:00,12,12:30,64029.16,64083.33,64023.01,64050.0,-60,SHORT,64031.8,64103.19,FALSE,TRUE
07/24/2026,07/24/2026 12:45:00,12,12:45,64099.07,64111.95,64092.36,64109.46,-20,SHORT,64103.19,64117.07,FALSE,FALSE
07/24/2026,07/24/2026 13:00:00,13,13:00,64097.05,64127.51,64098.81,64128.88,+32,LONG,64117.07,64143.22,TRUE,FALSE
07/24/2026,07/24/2026 13:15:00,13,13:15,64108.65,64150.99,64094.35,64157.0,-57,SHORT,64143.22,64091.91,TRUE,FALSE
07/24/2026,07/24/2026 13:30:00,13,13:30,64064.61,64091.92,64085.08,64114.0,+49,LONG,64091.91,64113.8,TRUE,FALSE
07/24/2026,07/24/2026 13:45:00,13,13:45,64064.96,64118.16,64106.55,64139.6,+75,LONG,64113.8,64210.91,TRUE,TRUE
07/24/2026,07/24/2026 14:00:00,14,14:00,64190.01,64224.53,64172.34,64236.18,-52,SHORT,64210.91,64086.15,TRUE,FALSE
07/24/2026,07/24/2026 14:15:00,14,14:15,64082.45,64113.0,64085.81,64119.0,+37,LONG,64086.15,64137.01,TRUE,FALSE
07/24/2026,07/24/2026 14:30:00,14,14:30,64133.0,64157.84,64126.01,64162.23,-32,SHORT,64137.01,64196.8,FALSE,TRUE
07/24/2026,07/24/2026 14:45:00,14,14:45,64169.56,64197.67,64163.23,64207.17,+38,LONG,64196.8,64163.76,FALSE,TRUE
07/24/2026,07/24/2026 15:00:00,15,15:00,64127.38,64171.01,64153.01,64223.73,+96,LONG,64163.76,64149.39,FALSE,FALSE
07/24/2026,07/24/2026 15:15:00,15,15:15,64137.06,64151.9,64149.71,64164.0,+27,LONG,64149.39,64174.72,TRUE,TRUE
07/24/2026,07/24/2026 15:30:00,15,15:30,64174.72,64204.88,64132.95,64174.73,-72,SHORT,64174.72,64113.71,TRUE,FALSE
07/24/2026,07/24/2026 15:45:00,15,15:45,64106.09,64121.18,64113.7,64128.59,+22,LONG,64113.71,64103.99,FALSE,TRUE
07/24/2026,07/24/2026 16:02:43,16,16:00,64099.33,64132.19,64090.65,64105.22,-42,SHORT,64103.99,64089.46,TRUE,FALSE
07/24/2026,07/24/2026 16:17:44,16,16:15,64065.85,64091.3,64083.47,64102.26,+36,LONG,64089.46,64108.17,TRUE,FALSE
07/24/2026,07/24/2026 16:32:32,16,16:30,64093.8,64108.17,64108.17,64145.79,+52,LONG,64108.17,64103.67,FALSE,FALSE
07/24/2026,07/24/2026 16:47:44,16,16:45,64069.91,64116.39,64075.85,64103.67,-41,SHORT,64103.67,64088.09,TRUE,FALSE
07/24/2026,07/24/2026 17:02:43,17,17:00,64063.98,64091.07,64063.99,64088.09,-27,SHORT,64088.09,64088.4,FALSE,FALSE
07/24/2026,07/24/2026 17:17:45,17,17:15,64075.59,64094.95,64079.46,64101.15,+26,LONG,64088.4,64106.29,TRUE,FALSE
07/24/2026,07/24/2026 17:32:32,17,17:30,64097.46,64106.55,64106.02,64121.6,+24,LONG,64106.29,64119.99,TRUE,TRUE
07/24/2026,07/24/2026 17:47:32,17,17:45,64112.0,64151.66,64120.53,64127.94,-31,SHORT,64119.99,64100.52,TRUE,FALSE
07/24/2026,07/24/2026 18:02:32,18,18:00,64099.22,64113.09,64094.94,64100.52,-18,SHORT,64100.52,64094.94,TRUE,TRUE
07/24/2026,07/24/2026 18:17:32,18,18:15,64091.07,64107.58,64081.01,64094.98,-27,SHORT,64094.94,64113.32,FALSE,FALSE
07/24/2026,07/24/2026 18:32:32,18,18:30,64106.93,64113.34,64113.32,64113.35,+6,LONG,64113.32,64116.33,TRUE,FALSE
07/24/2026,07/24/2026 18:47:32,18,18:45,64101.7,64120.5,64098.82,64116.34,-22,SHORT,64116.33,64083.32,TRUE,FALSE
07/24/2026,07/24/2026 19:02:32,19,19:00,64075.26,64097.0,64075.59,64097.89,+23,LONG,64083.32,64082.76,FALSE,TRUE
07/24/2026,07/24/2026 19:17:31,19,19:15,64078.01,64085.87,64082.76,64085.87,+8,LONG,64082.76,64094.71,TRUE,TRUE
07/24/2026,07/24/2026 19:32:31,19,19:30,64094.7,64103.73,64090.97,64094.71,-13,SHORT,64094.71,64039.75,TRUE,FALSE
07/24/2026,07/24/2026 19:47:31,19,19:45,64021.41,64066.0,64020.0,64040.76,-46,SHORT,64039.75,64009.01,TRUE,TRUE
07/24/2026,07/24/2026 20:02:32,20,20:00,64008.99,64009.9,64009.0,64075.0,+66,LONG,64009.01,63958.88,FALSE,TRUE
07/24/2026,07/24/2026 20:17:32,20,20:15,63939.54,63975.9,63951.75,63973.8,+34,LONG,63958.88,63986.59,TRUE,TRUE
07/24/2026,07/24/2026 20:32:32,20,20:30,63982.01,64017.53,63971.11,63986.59,-46,SHORT,63986.59,64066.08,FALSE,TRUE
07/24/2026,07/24/2026 20:47:32,20,20:45,64039.99,64066.08,64058.52,64075.49,+36,LONG,64066.08,64006.49,FALSE,TRUE
07/24/2026,07/24/2026 21:02:32,21,21:00,64003.51,64025.99,64006.5,64012.56,-19,SHORT,64006.49,64014.99,FALSE,TRUE
07/24/2026,07/24/2026 21:17:32,21,21:15,63990.7,64021.21,63986.59,64015.0,-35,SHORT,64014.99,63997.24,TRUE,TRUE
07/24/2026,07/24/2026 21:32:32,21,21:30,63995.13,63997.26,63974.71,63999.29,-23,SHORT,63997.24,63984.0,TRUE,TRUE
07/24/2026,07/24/2026 21:47:32,21,21:45,63983.96,63996.89,63974.98,63997.96,-22,SHORT,63984.0,63980.57,TRUE,TRUE
07/24/2026,07/24/2026 22:02:32,22,22:00,63958.69,63980.57,63955.62,63980.57,-25,SHORT,63980.57,63978.0,TRUE,TRUE
07/24/2026,07/24/2026 22:17:32,22,22:15,63970.28,64015.49,63977.99,64015.48,+45,LONG,63978.0,64013.96,TRUE,FALSE
07/24/2026,07/24/2026 22:32:32,22,22:30,64013.68,64042.49,64002.06,64013.97,-40,SHORT,64013.96,64035.27,FALSE,TRUE
07/24/2026,07/24/2026 22:47:33,22,22:45,64024.7,64035.27,64018.52,64040.7,-17,SHORT,64035.27,64021.41,TRUE,TRUE
07/24/2026,07/24/2026 23:02:32,23,23:00,64021.41,64029.64,64021.41,64040.1,+19,LONG,64021.41,64063.96,TRUE,FALSE
07/24/2026,07/24/2026 23:17:32,23,23:15,64061.06,64063.96,64060.13,64077.99,+17,LONG,64063.96,,NA,NA
07/25/2026,07/25/2026 19:47:40,17,17:30,64316.01,64339.98,64300.05,64339.98,-40,SHORT,64339.98,64344.01,FALSE,NA
07/25/2026,07/25/2026 19:47:40,17,17:45,64319.39,64349.89,64308.47,64344.01,-41,SHORT,64344.01,64352.27,FALSE,FALSE
07/25/2026,07/25/2026 19:47:40,18,18:00,64346.77,64352.27,64347.2,64358.72,+12,LONG,64352.27,64347.04,FALSE,TRUE
07/25/2026,07/25/2026 19:47:40,18,18:15,64347.04,64365.06,64347.05,64359.12,-18,SHORT,64347.04,64344.0,TRUE,FALSE
07/25/2026,07/25/2026 19:47:40,18,18:30,64342.0,64344.01,64343.92,64344.43,+2,LONG,64344.0,64328.15,FALSE,TRUE
07/25/2026,07/25/2026 19:47:40,18,18:45,64328.15,64332.51,64328.14,64329.44,-4,SHORT,64328.15,64295.61,TRUE,FALSE
07/25/2026,07/25/2026 19:47:40,19,19:00,64285.64,64320.68,64288.71,64304.0,-32,SHORT,64295.61,64370.0,FALSE,FALSE
07/25/2026,07/25/2026 19:47:40,19,19:15,64366.92,64377.43,64363.78,64376.28,-14,SHORT,64370.0,64406.0,FALSE,FALSE
07/25/2026,07/25/2026 19:47:40,19,19:30,64404.78,64422.0,64386.0,64406.0,-36,SHORT,64406.0,64354.66,TRUE,TRUE
07/25/2026,07/25/2026 19:47:40,19,19:45,64354.66,64361.28,64339.86,64360.0,-21,SHORT,64354.66,64450.01,FALSE,FALSE
07/25/2026,07/25/2026 20:02:34,20,20:00,64426.49,64455.04,64446.15,64480.3,+54,LONG,64450.01,64443.58,FALSE,TRUE
07/25/2026,07/25/2026 20:17:34,20,20:15,64435.17,64444.2,64429.56,64446.16,-15,SHORT,64443.58,64420.0,TRUE,FALSE
07/25/2026,07/25/2026 20:32:46,20,20:30,64406.77,64420.0,64419.99,64435.49,+29,LONG,64420.0,64420.01,TRUE,FALSE
07/25/2026,07/25/2026 20:47:38,20,20:45,64405.0,64420.02,64392.25,64421.95,-28,SHORT,64420.01,,NA,NA
07/26/2026,07/26/2026 16:31:33,14,14:15,64620.58,64627.33,64624.0,64628.73,+8,LONG,64626.32,64668.39,TRUE,NA
07/26/2026,07/26/2026 16:31:33,14,14:30,64646.24,64668.4,64668.39,64680.0,+34,LONG,64668.39,64670.0,TRUE,TRUE
07/26/2026,07/26/2026 16:31:33,14,14:45,64670.0,64672.45,64666.46,64670.01,-6,SHORT,64670.0,64641.1,TRUE,FALSE
07/26/2026,07/26/2026 16:31:33,15,15:00,64639.01,64646.16,64632.87,64648.35,-13,SHORT,64641.1,64641.7,FALSE,FALSE
07/26/2026,07/26/2026 16:31:33,15,15:15,64633.09,64643.01,64626.32,64641.71,-17,SHORT,64641.7,64595.98,TRUE,TRUE
07/26/2026,07/26/2026 16:31:33,15,15:30,64582.57,64595.99,64595.98,64615.38,+33,LONG,64595.98,64611.01,TRUE,FALSE
07/26/2026,07/26/2026 16:31:33,15,15:45,64605.3,64611.32,64607.29,64611.32,+6,LONG,64611.01,64595.26,FALSE,FALSE
07/26/2026,07/26/2026 16:31:33,16,16:00,64591.41,64595.98,64595.26,64622.83,+31,LONG,64595.26,64635.63,TRUE,TRUE
07/26/2026,07/26/2026 16:31:33,16,16:15,64631.86,64660.0,64631.86,64641.77,-28,SHORT,64635.63,64757.83,FALSE,TRUE
07/26/2026,07/26/2026 16:31:33,16,16:30,64752.85,64769.46,64757.82,64784.79,+32,LONG,64757.83,64738.32,FALSE,TRUE
07/26/2026,07/26/2026 16:47:40,16,16:45,64738.12,64788.96,64738.32,64773.89,-51,SHORT,64738.32,64795.41,FALSE,TRUE
07/26/2026,07/26/2026 17:02:35,17,17:00,64782.23,64805.01,64795.41,65041.0,+259,LONG,64795.41,65152.5,TRUE,FALSE
07/26/2026,07/26/2026 17:17:35,17,17:15,65124.34,65172.03,65152.48,65193.49,+69,LONG,65152.5,65156.09,TRUE,TRUE
07/26/2026,07/26/2026 17:32:36,17,17:30,65141.55,65200.84,65139.84,65206.98,+65,LONG,65156.09,65408.8,TRUE,TRUE
07/26/2026,07/26/2026 17:47:35,17,17:45,65394.94,65416.52,65337.38,65413.59,-79,SHORT,65408.8,65347.96,TRUE,FALSE
07/26/2026,07/26/2026 18:02:35,18,18:00,65327.34,65359.03,65347.97,65415.92,+89,LONG,65347.96,65347.68,FALSE,TRUE
07/26/2026,07/26/2026 18:17:35,18,18:15,65343.03,65427.99,65343.03,65436.64,+94,LONG,65347.68,65275.31,FALSE,FALSE
07/26/2026,07/26/2026 18:32:35,18,18:30,65265.28,65286.01,65211.28,65275.32,-75,SHORT,65275.31,65345.71,FALSE,TRUE
07/26/2026,07/26/2026 18:47:35,18,18:45,65318.01,65351.35,65331.01,65402.9,+85,LONG,65345.71,,NA,NA
07/27/2026,07/27/2026 08:32:34,6,06:15,65185.67,65217.94,65179.99,65206.39,-38,SHORT,65194.5,65066.08,TRUE,NA
07/27/2026,07/27/2026 08:32:34,6,06:30,65066.08,65124.88,65056.0,65128.68,-69,SHORT,65066.08,65106.42,FALSE,FALSE
07/27/2026,07/27/2026 08:32:34,6,06:45,65086.13,65120.53,65073.85,65087.31,-47,SHORT,65106.42,65040.33,TRUE,TRUE
07/27/2026,07/27/2026 08:32:34,7,07:00,65040.32,65072.21,65032.0,65075.98,-40,SHORT,65040.33,65029.28,TRUE,TRUE
07/27/2026,07/27/2026 08:32:34,7,07:15,65013.71,65116.41,65018.25,65086.81,-98,SHORT,65029.28,64948.03,TRUE,TRUE
07/27/2026,07/27/2026 08:32:34,7,07:30,64944.64,64974.66,64863.68,64957.48,-111,SHORT,64948.03,64989.61,FALSE,FALSE
07/27/2026,07/27/2026 08:32:34,7,07:45,64969.49,64993.51,64989.61,65062.0,+93,LONG,64989.61,65024.18,TRUE,FALSE
07/27/2026,07/27/2026 08:32:34,8,08:00,65007.21,65024.24,64968.14,65038.34,-56,SHORT,65024.18,64907.98,TRUE,FALSE
07/27/2026,07/27/2026 08:32:34,8,08:15,64898.28,64991.07,64893.13,64945.98,-98,SHORT,64907.98,64872.09,TRUE,TRUE
07/27/2026,07/27/2026 08:32:34,8,08:30,64872.08,64907.01,64867.09,64958.0,+86,LONG,64872.09,65606.98,TRUE,FALSE
07/27/2026,07/27/2026 08:47:37,8,08:45,65498.0,65629.31,65450.18,65629.11,-179,SHORT,65606.98,65161.65,TRUE,FALSE
07/27/2026,07/27/2026 09:02:33,9,09:00,65123.4,65198.55,65137.26,65284.05,+161,LONG,65161.65,65295.35,TRUE,FALSE
07/27/2026,07/27/2026 09:17:33,9,09:15,65231.68,65317.94,65235.36,65330.99,+99,LONG,65295.35,64801.98,FALSE,FALSE
07/27/2026,07/27/2026 09:32:33,9,09:30,64797.44,64923.66,64525.5,64818.22,-398,SHORT,64801.98,64399.89,TRUE,FALSE
07/27/2026,07/27/2026 09:47:33,9,09:45,64379.0,64546.76,64396.32,64570.99,+192,LONG,64399.89,64611.76,TRUE,FALSE
07/27/2026,07/27/2026 10:02:33,10,10:00,64565.6,64627.87,64586.79,64685.99,+120,LONG,64611.76,64653.18,TRUE,TRUE
07/27/2026,07/27/2026 10:17:33,10,10:15,64608.81,64693.49,64603.63,64666.02,-90,SHORT,64653.18,64576.79,TRUE,FALSE
07/27/2026,07/27/2026 10:32:33,10,10:30,64470.01,64588.92,64540.11,64623.97,+154,LONG,64576.79,64505.56,FALSE,TRUE
07/27/2026,07/27/2026 10:47:33,10,10:45,64486.0,64538.0,64453.39,64536.16,-85,SHORT,64505.56,64475.17,TRUE,FALSE
07/27/2026,07/27/2026 11:02:33,11,11:00,64471.21,64517.76,64458.88,64503.5,-59,SHORT,64475.17,64540.74,FALSE,FALSE
07/27/2026,07/27/2026 11:17:33,11,11:15,64525.12,64607.0,64435.53,64543.52,-171,SHORT,64540.74,64650.93,FALSE,FALSE
07/27/2026,07/27/2026 11:32:33,11,11:30,64650.93,64721.31,64650.92,64753.28,+102,LONG,64650.93,64853.99,TRUE,FALSE
07/27/2026,07/27/2026 11:47:33,11,11:45,64830.56,64858.45,64823.52,64875.98,+45,LONG,64853.99,64828.3,FALSE,FALSE
07/27/2026,07/27/2026 12:02:32,12,12:00,64825.14,64847.9,64813.28,64882.31,+57,LONG,64828.3,64828.48,TRUE,TRUE
07/27/2026,07/27/2026 12:17:34,12,12:15,64796.46,64836.88,64809.97,64866.24,+70,LONG,64828.48,64937.17,TRUE,TRUE
07/27/2026,07/27/2026 12:32:33,12,12:30,64923.75,64959.37,64931.74,64964.26,+41,LONG,64937.17,64935.8,FALSE,FALSE
07/27/2026,07/27/2026 12:47:33,12,12:45,64926.24,64971.22,64896.01,64948.31,-75,SHORT,64935.8,64951.08,FALSE,TRUE
07/27/2026,07/27/2026 13:02:33,13,13:00,64933.61,64963.12,64951.08,64990.25,+57,LONG,64951.08,64892.99,FALSE,TRUE
07/27/2026,07/27/2026 13:17:33,13,13:15,64892.99,64913.99,64765.8,64889.44,-148,SHORT,64892.99,64839.89,TRUE,FALSE
07/27/2026,07/27/2026 13:32:33,13,13:30,64818.02,64842.72,64827.01,64862.71,+45,LONG,64839.89,64765.61,FALSE,TRUE
07/27/2026,07/27/2026 13:47:34,13,13:45,64761.02,64803.05,64724.93,64784.82,-78,SHORT,64765.61,64805.29,FALSE,TRUE
07/27/2026,07/27/2026 14:02:34,14,14:00,64775.36,64807.0,64762.51,64823.98,+49,LONG,64805.29,64906.12,TRUE,FALSE
07/27/2026,07/27/2026 14:17:33,14,14:15,64894.15,64938.8,64879.51,64924.0,-59,SHORT,64906.12,64927.47,FALSE,TRUE
07/27/2026,07/27/2026 14:32:33,14,14:30,64876.61,64927.48,64887.09,64948.28,+72,LONG,64927.47,64910.79,FALSE,TRUE
07/27/2026,07/27/2026 14:47:33,14,14:45,64900.48,64921.49,64882.38,64911.52,-39,SHORT,64910.79,64915.15,FALSE,TRUE
07/27/2026,07/27/2026 15:02:33,15,15:00,64889.44,64920.93,64914.0,64997.99,+109,LONG,64915.15,64891.41,FALSE,TRUE
07/27/2026,07/27/2026 15:17:33,15,15:15,64871.04,64891.42,64850.48,64901.08,-41,SHORT,64891.41,64950.14,FALSE,TRUE
07/27/2026,07/27/2026 15:32:32,15,15:30,64909.27,64950.15,64915.1,64950.98,+42,LONG,64950.14,64881.97,FALSE,TRUE
07/27/2026,07/27/2026 15:47:33,15,15:45,64879.58,64890.98,64844.24,64881.98,-47,SHORT,64881.97,64903.49,FALSE,TRUE
07/27/2026,07/27/2026 16:02:33,16,16:00,64890.0,64903.55,64875.02,64903.5,-29,SHORT,64903.49,64843.45,TRUE,TRUE
07/27/2026,07/27/2026 16:17:33,16,16:15,64837.82,64854.0,64837.82,64847.91,-16,SHORT,64843.45,64767.4,TRUE,TRUE
07/27/2026,07/27/2026 16:32:33,16,16:30,64756.96,64801.12,64767.4,64797.89,+41,LONG,64767.4,64761.52,FALSE,TRUE
07/27/2026,07/27/2026 16:47:33,16,16:45,64734.88,64774.07,64738.51,64761.52,-36,SHORT,64761.52,64762.17,FALSE,TRUE
07/27/2026,07/27/2026 17:02:33,17,17:00,64749.01,64780.85,64604.31,64762.18,-177,SHORT,64762.17,64669.79,TRUE,TRUE
07/27/2026,07/27/2026 17:17:33,17,17:15,64639.88,64669.8,64657.71,64684.67,+45,LONG,64669.79,64542.99,FALSE,TRUE
07/27/2026,07/27/2026 17:32:29,17,17:30,64536.27,64556.32,64490.51,64542.99,-66,SHORT,64542.99,64159.36,TRUE,FALSE
07/27/2026,07/27/2026 17:47:33,17,17:45,64109.28,64195.0,64013.79,64164.47,-181,SHORT,64159.36,63732.73,TRUE,TRUE
07/27/2026,07/27/2026 18:02:33,18,18:00,63732.73,63834.91,63624.22,63770.72,-211,SHORT,63732.73,63741.28,FALSE,FALSE
07/27/2026,07/27/2026 18:17:33,18,18:15,63720.26,63804.64,63664.25,63750.85,-140,SHORT,63741.28,63823.05,FALSE,FALSE
07/27/2026,07/27/2026 18:32:33,18,18:30,63796.49,63857.56,63816.0,63869.35,+73,LONG,63823.05,63630.87,FALSE,TRUE
07/27/2026,07/27/2026 18:47:32,18,18:45,63608.8,63648.28,63601.48,63660.31,+52,LONG,63630.87,63694.43,TRUE,TRUE
07/27/2026,07/27/2026 20:47:33,19,19:00,63691.52,63730.23,63649.28,63743.3,-81,SHORT,63694.43,63615.51,TRUE,FALSE
07/27/2026,07/27/2026 20:47:33,19,19:15,63542.56,63622.51,63616.16,63683.6,+141,LONG,63615.51,63641.77,TRUE,FALSE
07/27/2026,07/27/2026 20:47:33,19,19:30,63568.93,63645.46,63505.76,63646.2,-140,SHORT,63641.77,63552.0,TRUE,FALSE
07/27/2026,07/27/2026 20:47:33,19,19:45,63542.7,63613.87,63485.73,63563.2,-128,SHORT,63552.0,63421.94,TRUE,TRUE
07/27/2026,07/27/2026 20:47:33,20,20:00,63409.34,63483.93,63383.38,63435.84,-101,SHORT,63421.94,63143.46,TRUE,TRUE
07/27/2026,07/27/2026 20:47:33,20,20:15,63106.47,63174.2,63095.65,63205.0,+99,LONG,63143.46,63249.02,TRUE,FALSE
07/27/2026,07/27/2026 20:47:33,20,20:30,63228.39,63297.02,63233.44,63287.56,-64,SHORT,63249.02,63136.06,TRUE,FALSE
07/27/2026,07/27/2026 20:47:33,20,20:45,63111.01,63179.75,63108.33,63205.28,+94,LONG,63136.06,63170.47,TRUE,FALSE
07/27/2026,07/27/2026 21:02:33,21,21:00,63156.16,63170.49,63124.51,63170.48,-46,SHORT,63170.47,63201.25,FALSE,TRUE
07/27/2026,07/27/2026 21:17:33,21,21:15,63173.5,63213.3,63157.24,63201.25,-56,SHORT,63201.25,63165.91,TRUE,TRUE
07/27/2026,07/27/2026 21:32:33,21,21:30,63161.9,63193.5,63148.8,63182.78,-45,SHORT,63165.91,63067.63,TRUE,TRUE
07/27/2026,07/27/2026 21:47:33,21,21:45,63050.0,63093.85,63050.52,63089.92,-43,SHORT,63067.63,63115.57,FALSE,FALSE
07/27/2026,07/27/2026 22:02:33,22,22:00,63115.56,63140.06,63115.36,63156.51,+41,LONG,63115.57,63206.32,TRUE,FALSE
07/27/2026,07/27/2026 22:17:33,22,22:15,63170.89,63229.76,63177.21,63234.01,+63,LONG,63206.32,63227.98,TRUE,TRUE
07/27/2026,07/27/2026 22:32:33,22,22:30,63209.26,63235.53,63164.59,63227.97,-71,SHORT,63227.98,63289.72,FALSE,TRUE
07/27/2026,07/27/2026 22:47:33,22,22:45,63289.72,63310.72,63251.84,63303.04,-59,SHORT,63289.72,63279.32,TRUE,TRUE
07/27/2026,07/27/2026 23:02:34,23,23:00,63215.39,63285.21,63251.84,63279.32,+64,LONG,63279.32,63266.63,FALSE,TRUE
07/27/2026,07/27/2026 23:17:35,23,23:15,63221.65,63266.66,63250.02,63282.12,+60,LONG,63266.63,63223.85,FALSE,FALSE
07/27/2026,07/27/2026 23:32:35,23,23:30,63218.72,63226.52,63183.13,63223.85,-43,SHORT,63223.85,63220.81,TRUE,FALSE
07/27/2026,07/27/2026 23:47:34,23,23:45,63177.59,63220.82,63214.49,63249.32,+72,LONG,63220.81,63285.46,TRUE,FALSE
07/28/2026,07/28/2026 00:02:34,0,00:00,63251.8,63290.64,63246.88,63334.73,+83,LONG,63285.46,63381.14,TRUE,TRUE
07/28/2026,07/28/2026 00:17:35,0,00:15,63380.64,63390.58,63380.0,63436.36,+56,LONG,63381.14,63474.98,TRUE,TRUE
07/28/2026,07/28/2026 00:32:35,0,00:30,63433.64,63475.76,63445.49,63474.99,+41,LONG,63474.98,63481.36,TRUE,TRUE
07/28/2026,07/28/2026 00:47:35,0,00:45,63463.17,63481.37,63460.51,63498.63,+35,LONG,63481.36,63378.2,FALSE,FALSE
07/28/2026,07/28/2026 01:02:35,1,01:00,63378.2,63415.47,63376.25,63395.99,-39,SHORT,63378.2,63351.21,TRUE,FALSE
07/28/2026,07/28/2026 01:17:33,1,01:15,63342.52,63361.51,63351.21,63381.34,+39,LONG,63351.21,63447.8,TRUE,FALSE
07/28/2026,07/28/2026 01:32:33,1,01:30,63432.15,63456.25,63444.21,63480.0,+48,LONG,63447.8,63502.51,TRUE,TRUE
07/28/2026,07/28/2026 01:47:32,1,01:45,63498.61,63517.48,63492.71,63504.98,-25,SHORT,63502.51,63564.29,FALSE,TRUE
07/28/2026,07/28/2026 02:02:33,2,02:00,63553.23,63575.0,63553.6,63587.15,+34,LONG,63564.29,63508.34,FALSE,TRUE
07/28/2026,07/28/2026 02:17:33,2,02:15,63471.68,63518.21,63476.32,63512.15,-42,SHORT,63508.34,63500.9,TRUE,FALSE
07/28/2026,07/28/2026 02:32:33,2,02:30,63482.68,63500.91,63478.49,63500.91,-22,SHORT,63500.9,63417.05,TRUE,TRUE
07/28/2026,07/28/2026 02:47:33,2,02:45,63410.81,63434.0,63400.0,63421.92,-34,SHORT,63417.05,63435.8,FALSE,FALSE
07/28/2026,07/28/2026 03:02:33,3,03:00,63428.84,63445.51,63393.3,63435.8,-52,SHORT,63435.8,63361.5,TRUE,TRUE
07/28/2026,07/28/2026 03:17:33,3,03:15,63361.5,63385.35,63359.06,63416.2,+55,LONG,63361.5,63398.09,TRUE,FALSE
07/28/2026,07/28/2026 03:32:33,3,03:30,63394.51,63418.44,63358.32,63401.75,-60,SHORT,63398.09,63428.99,FALSE,TRUE
07/28/2026,07/28/2026 03:47:34,3,03:45,63406.01,63446.98,63411.24,63436.32,-36,SHORT,63428.99,63353.5,TRUE,TRUE
07/28/2026,07/28/2026 04:02:34,4,04:00,63349.91,63353.52,63332.95,63388.53,+39,LONG,63353.5,63358.57,TRUE,FALSE
07/28/2026,07/28/2026 04:17:33,4,04:15,63355.5,63381.47,63355.5,63365.87,-26,SHORT,63358.57,63420.34,FALSE,TRUE
07/28/2026,07/28/2026 04:32:33,4,04:30,63385.37,63421.92,63416.03,63468.03,+83,LONG,63420.34,63442.68,TRUE,FALSE
07/28/2026,07/28/2026 04:47:33,4,04:45,63432.02,63454.4,63435.28,63447.0,-19,SHORT,63442.68,63322.28,TRUE,FALSE
07/28/2026,07/28/2026 05:02:33,5,05:00,63291.54,63323.79,63297.9,63340.03,+48,LONG,63322.28,63274.81,FALSE,TRUE
07/28/2026,07/28/2026 05:17:33,5,05:15,63250.49,63278.22,63274.8,63319.47,+69,LONG,63274.81,63313.64,TRUE,TRUE
07/28/2026,07/28/2026 05:32:33,5,05:30,63255.5,63313.64,63306.19,63337.54,+82,LONG,63313.64,63452.06,TRUE,TRUE
07/28/2026,07/28/2026 05:47:33,5,05:45,63422.63,63459.21,63449.75,63463.43,+41,LONG,63452.06,63401.11,FALSE,FALSE
07/28/2026,07/28/2026 06:02:33,6,06:00,63393.41,63423.16,63401.11,63442.0,+49,LONG,63401.11,63294.73,FALSE,FALSE
07/28/2026,07/28/2026 06:17:33,6,06:15,63291.54,63320.92,63280.41,63364.51,+73,LONG,63294.73,63383.76,TRUE,TRUE
07/28/2026,07/28/2026 06:32:33,6,06:30,63355.3,63402.84,63374.22,63440.89,+86,LONG,63383.76,63321.45,FALSE,FALSE
07/28/2026,07/28/2026 06:47:33,6,06:45,63311.29,63346.94,63319.87,63397.12,+86,LONG,63321.45,63393.51,TRUE,TRUE
07/28/2026,07/28/2026 07:02:34,7,07:00,63382.46,63445.0,63358.34,63399.16,-87,SHORT,63393.51,63376.5,TRUE,FALSE
07/28/2026,07/28/2026 07:17:33,7,07:15,63376.49,63401.93,63361.6,63389.68,-40,SHORT,63376.5,63355.13,TRUE,TRUE
07/28/2026,07/28/2026 07:32:33,7,07:30,63342.52,63446.59,63338.36,63392.04,-108,SHORT,63355.13,63401.29,FALSE,FALSE
07/28/2026,07/28/2026 07:47:33,7,07:45,63379.49,63406.0,63353.99,63475.91,+96,LONG,63401.29,63470.34,TRUE,FALSE
07/28/2026,07/28/2026 08:02:35,8,08:00,63462.75,63490.49,63463.26,63480.09,-27,SHORT,63470.34,63435.63,TRUE,FALSE
07/28/2026,07/28/2026 08:17:34,8,08:15,63400.21,63445.63,63404.26,63435.63,-41,SHORT,63435.63,63231.82,TRUE,TRUE
07/28/2026,07/28/2026 08:32:33,8,08:30,63219.05,63253.37,63199.99,63316.97,+98,LONG,63231.82,62909.0,FALSE,TRUE
07/28/2026,07/28/2026 08:47:33,8,08:45,62870.95,62963.99,62747.96,62935.0,-216,SHORT,62909.0,63026.07,FALSE,TRUE
07/28/2026,07/28/2026 09:02:33,9,09:00,62980.0,63026.09,63026.07,63154.79,+175,LONG,63026.07,63075.29,TRUE,FALSE
07/28/2026,07/28/2026 09:17:34,9,09:15,63060.0,63173.34,62919.49,63109.42,-254,SHORT,63075.29,63103.91,FALSE,TRUE
07/28/2026,07/28/2026 09:32:33,9,09:30,63068.78,63119.66,63091.21,63170.0,+101,LONG,63103.91,63278.82,TRUE,FALSE
07/28/2026,07/28/2026 09:47:33,9,09:45,63253.38,63326.52,63237.49,63299.13,-89,SHORT,63278.82,63336.06,FALSE,TRUE
07/28/2026,07/28/2026 10:02:34,10,10:00,63323.34,63358.13,63313.8,63385.8,+62,LONG,63336.06,63381.9,TRUE,FALSE
07/28/2026,07/28/2026 10:17:33,10,10:15,63344.3,63421.91,63310.62,63381.85,-111,SHORT,63381.9,63675.55,FALSE,TRUE
07/28/2026,07/28/2026 10:32:36,10,10:30,63669.96,63758.08,63622.26,63708.4,-136,SHORT,63675.55,63797.17,FALSE,FALSE
07/28/2026,07/28/2026 10:47:36,10,10:45,63773.4,63823.64,63793.98,63909.53,+136,LONG,63797.17,63857.59,TRUE,FALSE
07/28/2026,07/28/2026 11:02:35,11,11:00,63799.25,63865.34,63828.96,63870.3,+71,LONG,63857.59,63746.29,FALSE,FALSE
07/28/2026,07/28/2026 11:17:37,11,11:15,63733.56,63787.63,63738.33,63771.36,-49,SHORT,63746.29,63768.55,FALSE,TRUE
07/28/2026,07/28/2026 11:32:34,11,11:30,63762.18,63788.41,63705.82,63768.55,-83,SHORT,63768.55,63844.86,FALSE,FALSE
07/28/2026,07/28/2026 11:47:33,11,11:45,63836.01,63876.66,63797.39,63863.94,-79,SHORT,63844.86,63969.76,FALSE,FALSE
07/28/2026,07/28/2026 12:02:35,12,12:00,63955.66,63995.83,63921.19,63969.76,-75,SHORT,63969.76,63736.13,TRUE,TRUE
07/28/2026,07/28/2026 12:17:34,12,12:15,63730.77,63789.94,63695.4,63763.28,-95,SHORT,63736.13,63660.93,TRUE,TRUE
07/28/2026,07/28/2026 12:32:34,12,12:30,63660.93,63710.58,63573.25,63666.48,-137,SHORT,63660.93,63488.7,TRUE,TRUE
07/28/2026,07/28/2026 12:47:35,12,12:45,63472.8,63506.9,63488.09,63554.83,+82,LONG,63488.7,63619.46,TRUE,FALSE
07/28/2026,07/28/2026 13:02:34,13,13:00,63564.34,63619.47,63612.72,63726.46,+162,LONG,63619.46,63618.06,FALSE,FALSE
07/28/2026,07/28/2026 13:17:34,13,13:15,63605.2,63655.44,63610.42,63653.48,+48,LONG,63618.06,63624.99,TRUE,TRUE
07/28/2026,07/28/2026 13:32:34,13,13:30,63614.27,63634.85,63593.64,63650.88,-41,SHORT,63624.99,63681.12,FALSE,TRUE
07/28/2026,07/28/2026 13:47:36,13,13:45,63678.04,63699.43,63669.32,63713.77,+36,LONG,63681.12,63656.58,FALSE,TRUE
07/28/2026,07/28/2026 14:02:34,14,14:00,63644.89,63663.6,63656.58,63710.19,+65,LONG,63656.58,63681.73,TRUE,TRUE
07/28/2026,07/28/2026 14:17:35,14,14:15,63678.18,63696.86,63648.68,63682.94,-48,SHORT,63681.73,63671.55,TRUE,FALSE
07/28/2026,07/28/2026 14:32:34,14,14:30,63659.36,63684.85,63671.55,63795.15,+136,LONG,63671.55,63616.9,FALSE,TRUE
07/28/2026,07/28/2026 14:47:34,14,14:45,63600.97,63662.17,63593.64,63632.91,-69,SHORT,63616.9,63825.78,FALSE,TRUE
07/28/2026,07/28/2026 15:02:34,15,15:00,63774.03,63826.3,63817.04,63898.41,+124,LONG,63825.78,63914.02,TRUE,FALSE
07/28/2026,07/28/2026 15:17:34,15,15:15,63883.0,63924.35,63898.6,63943.44,+60,LONG,63914.02,63819.77,FALSE,FALSE
07/28/2026,07/28/2026 15:32:34,15,15:30,63813.06,63844.86,63811.88,63831.38,-33,SHORT,63819.77,63855.3,FALSE,TRUE
07/28/2026,07/28/2026 15:47:34,15,15:45,63843.66,63863.78,63843.65,63861.69,-20,SHORT,63855.3,63834.48,TRUE,TRUE
07/28/2026,07/28/2026 16:02:34,16,16:00,63825.1,63848.56,63834.48,63870.0,+45,LONG,63834.48,63838.5,TRUE,FALSE
07/28/2026,07/28/2026 16:17:34,16,16:15,63838.5,63909.52,63832.14,63838.51,-77,SHORT,63838.5,63837.31,TRUE,FALSE
07/28/2026,07/28/2026 16:32:33,16,16:30,63832.66,63837.31,63825.78,63837.31,-12,SHORT,63837.31,63957.74,FALSE,FALSE
07/28/2026,07/28/2026 16:47:33,16,16:45,63924.37,63957.77,63949.81,63984.78,+60,LONG,63957.74,63892.88,FALSE,TRUE
07/28/2026,07/28/2026 17:02:34,17,17:00,63883.03,63959.49,63829.0,63908.46,-130,SHORT,63892.88,63912.74,FALSE,TRUE
07/28/2026,07/28/2026 17:17:43,17,17:15,63871.08,63923.78,63912.74,63946.2,+75,LONG,63912.74,63837.45,FALSE,TRUE
07/28/2026,07/28/2026 17:32:39,17,17:30,63835.88,63851.16,63797.16,63838.62,-54,SHORT,63837.45,,NA,NA
