date,created_on,hour,15minute,minus3_min,minus3_max,minus2_min,minus2_max,minus1_min,minus1_max,best_move,direction,btc_current15,btc_next15,is_matched
06/24/2026,07/24/2026 17:26:23,17,17:30,60780.0,60800.55,60790.25,60815.77,60782.77,60798.0,+36,LONG,60790.26,,
06/24/2026,07/24/2026 17:26:23,17,17:45,60749.98,60790.25,60756.55,60807.81,60783.0,60829.66,+80,LONG,60825.8,60778.43,FALSE
06/24/2026,07/24/2026 17:26:23,18,18:00,60772.33,60786.32,60778.03,60793.97,60767.98,60786.29,-26,SHORT,60778.43,60792.77,FALSE
06/24/2026,07/24/2026 17:26:23,18,18:15,60766.62,60843.0,60758.74,60780.67,60777.56,60794.2,-84,SHORT,60792.77,60885.63,FALSE
06/24/2026,07/24/2026 17:26:23,18,18:30,60881.84,60916.01,60802.97,60887.38,60843.69,60906.8,-113,SHORT,60885.63,60929.63,FALSE
06/24/2026,07/24/2026 17:26:23,18,18:45,60888.33,60907.61,60894.0,60920.0,60893.76,60935.0,+47,LONG,60929.63,60983.13,TRUE
06/24/2026,07/24/2026 17:26:23,19,19:00,60976.04,61014.07,60972.93,61006.48,60967.56,60983.94,-47,SHORT,60983.13,61000.0,FALSE
06/24/2026,07/24/2026 17:26:23,19,19:15,61013.87,61058.0,60975.44,61056.34,60951.52,61000.0,-106,SHORT,61000.0,60823.58,TRUE
06/24/2026,07/24/2026 17:26:23,19,19:30,60829.75,60868.08,60857.14,60893.64,60818.02,60858.06,-76,SHORT,60823.58,60743.69,TRUE
06/24/2026,07/24/2026 17:26:23,19,19:45,60779.44,60806.02,60765.72,60810.0,60733.39,60771.99,-77,SHORT,60743.69,60717.47,TRUE
06/24/2026,07/24/2026 17:26:23,20,20:00,60701.03,60745.76,60630.65,60708.9,60642.0,60719.68,-115,SHORT,60717.47,60673.56,TRUE
06/24/2026,07/24/2026 17:26:23,20,20:15,60669.13,60701.99,60672.71,60701.98,60660.25,60687.55,-42,SHORT,60673.56,60756.59,FALSE
06/24/2026,07/24/2026 17:26:23,20,20:30,60738.89,60782.47,60761.99,60779.73,60756.59,60779.73,+41,LONG,60756.59,60728.32,FALSE
06/24/2026,07/24/2026 17:26:23,20,20:45,60716.46,60742.97,60742.97,60761.17,60716.47,60745.45,+45,LONG,60728.32,60822.57,TRUE
06/24/2026,07/24/2026 17:26:23,21,21:00,60845.42,60886.0,60798.93,60846.26,60790.26,60842.69,-96,SHORT,60822.57,60686.96,TRUE
06/24/2026,07/24/2026 17:26:23,21,21:15,60644.48,60714.0,60625.71,60671.31,60658.0,60694.65,-88,SHORT,60686.96,60839.62,FALSE
06/24/2026,07/24/2026 17:26:23,21,21:30,60770.56,60811.33,60801.69,60831.85,60824.32,60848.18,+78,LONG,60839.62,60671.23,FALSE
06/24/2026,07/24/2026 17:26:23,21,21:45,60687.83,60731.16,60658.26,60707.69,60646.28,60699.64,-85,SHORT,60671.23,60696.97,FALSE
06/24/2026,07/24/2026 17:26:23,22,22:00,60646.98,60660.24,60655.95,60685.83,60665.0,60716.5,+70,LONG,60696.97,60667.97,FALSE
06/24/2026,07/24/2026 17:26:23,22,22:15,60642.0,60707.13,60625.06,60662.47,60640.83,60675.99,-82,SHORT,60667.97,60691.76,FALSE
06/24/2026,07/24/2026 17:26:23,22,22:30,60722.39,60733.57,60696.81,60729.8,60691.76,60735.77,-42,SHORT,60691.76,60652.23,TRUE
06/24/2026,07/24/2026 17:26:23,22,22:45,60670.72,60691.05,60651.01,60672.64,60644.48,60679.92,-47,SHORT,60652.23,60782.25,FALSE
06/24/2026,07/24/2026 17:26:23,23,23:00,60744.0,60767.81,60756.73,60804.0,60769.49,60797.98,+60,LONG,60782.25,60721.64,FALSE
06/24/2026,07/24/2026 17:26:23,23,23:15,60731.98,60769.72,60737.68,60755.0,60718.0,60755.61,-52,SHORT,60721.64,60798.52,FALSE
06/24/2026,07/24/2026 17:26:23,23,23:30,60786.32,60802.09,60794.49,60806.95,60794.49,60805.15,+21,LONG,60798.52,60876.92,TRUE
06/24/2026,07/24/2026 17:26:23,23,23:45,60803.45,60825.65,60825.65,60854.84,60841.48,60876.93,+73,LONG,60876.92,61251.25,TRUE
06/25/2026,07/24/2026 17:26:23,0,00:00,61242.05,61316.43,61255.18,61276.0,61249.88,61263.57,-67,SHORT,61251.25,61550.21,FALSE
06/25/2026,07/24/2026 17:26:23,0,00:15,61511.28,61545.09,61511.28,61532.8,61507.34,61550.22,+39,LONG,61550.21,61512.8,FALSE
06/25/2026,07/24/2026 17:26:23,0,00:30,61486.41,61523.99,61480.19,61530.97,61504.54,61530.98,+51,LONG,61512.8,61429.65,FALSE
06/25/2026,07/24/2026 17:26:23,0,00:45,61459.82,61491.55,61484.81,61507.29,61424.59,61486.75,-83,SHORT,61429.65,61498.83,FALSE
06/25/2026,07/24/2026 17:26:23,1,01:00,61538.86,61562.5,61521.83,61562.5,61493.65,61539.2,-69,SHORT,61498.83,61617.66,FALSE
06/25/2026,07/24/2026 17:26:23,1,01:15,61610.01,61666.07,61610.34,61649.41,61617.66,61664.93,-56,SHORT,61617.66,61571.93,TRUE
06/25/2026,07/24/2026 17:26:23,1,01:30,61568.58,61601.89,61566.44,61595.43,61562.5,61580.0,-39,SHORT,61571.93,61659.78,FALSE
06/25/2026,07/24/2026 17:26:23,1,01:45,61613.72,61657.05,61630.33,61647.8,61622.66,61663.17,+49,LONG,61659.78,61624.92,FALSE
06/25/2026,07/24/2026 17:26:23,2,02:00,61637.36,61742.91,61634.76,61685.99,61613.72,61638.4,-129,SHORT,61624.92,61653.9,FALSE
06/25/2026,07/24/2026 17:26:23,2,02:15,61624.39,61659.35,61659.35,61709.02,61652.0,61731.03,+107,LONG,61653.9,61711.99,TRUE
06/25/2026,07/24/2026 17:26:23,2,02:30,61723.92,61754.95,61707.1,61757.86,61706.72,61716.0,-51,SHORT,61711.99,61820.24,FALSE
06/25/2026,07/24/2026 17:26:23,2,02:45,61816.8,61868.39,61809.92,61833.36,61808.94,61847.75,-59,SHORT,61820.24,61816.79,TRUE
06/25/2026,07/24/2026 17:26:23,3,03:00,61763.32,61832.27,61802.55,61840.87,61789.28,61823.76,+78,LONG,61816.79,61698.38,FALSE
06/25/2026,07/24/2026 17:26:23,3,03:15,61699.84,61706.38,61686.08,61703.28,61697.09,61704.56,-20,SHORT,61698.38,61682.61,TRUE
06/25/2026,07/24/2026 17:26:23,3,03:30,61638.48,61650.0,61649.99,61687.98,61665.44,61687.95,+50,LONG,61682.61,61661.99,FALSE
06/25/2026,07/24/2026 17:26:23,3,03:45,61638.59,61643.2,61623.38,61653.38,61643.89,61665.05,+42,LONG,61661.99,61613.83,FALSE
06/25/2026,07/24/2026 17:26:23,4,04:00,61593.2,61643.4,61582.88,61606.96,61587.28,61613.84,-61,SHORT,61613.83,61638.84,FALSE
06/25/2026,07/24/2026 17:26:23,4,04:15,61671.98,61686.07,61638.68,61687.07,61635.27,61663.99,-52,SHORT,61638.84,61595.03,TRUE
06/25/2026,07/24/2026 17:26:23,4,04:30,61558.8,61581.01,61579.45,61612.02,61589.08,61620.19,+61,LONG,61595.03,61649.97,TRUE
06/25/2026,07/24/2026 17:26:23,4,04:45,61657.09,61669.23,61659.82,61672.32,61645.92,61670.41,-26,SHORT,61649.97,61634.49,TRUE
06/25/2026,07/24/2026 17:26:23,5,05:00,61611.96,61637.21,61625.92,61634.48,61632.67,61652.4,+40,LONG,61634.49,61581.12,FALSE
06/25/2026,07/24/2026 17:26:23,5,05:15,61550.78,61564.0,61562.26,61579.44,61572.79,61588.3,+38,LONG,61581.12,61479.69,FALSE
06/25/2026,07/24/2026 17:26:23,5,05:30,61483.39,61506.32,61471.1,61495.26,61475.22,61488.62,-35,SHORT,61479.69,61297.36,TRUE
06/25/2026,07/24/2026 17:26:23,5,05:45,61356.45,61416.47,61355.32,61372.2,61288.79,61366.58,-128,SHORT,61297.36,61178.0,TRUE
06/25/2026,07/24/2026 17:26:23,6,06:00,61227.01,61246.71,61192.01,61245.75,61162.77,61192.32,-84,SHORT,61178.0,61262.0,FALSE
06/25/2026,07/24/2026 17:26:23,6,06:15,61038.53,61106.76,61068.11,61103.99,61095.09,61269.83,+231,LONG,61262.0,61139.98,FALSE
06/25/2026,07/24/2026 17:26:23,6,06:30,61178.3,61211.35,61151.13,61178.33,61135.69,61164.43,-76,SHORT,61139.98,61221.65,FALSE
06/25/2026,07/24/2026 17:26:23,6,06:45,61215.79,61270.97,61224.73,61235.44,61211.38,61255.61,-60,SHORT,61221.65,61179.08,TRUE
06/25/2026,07/24/2026 17:26:23,7,07:00,61153.42,61176.61,61155.14,61173.4,61165.28,61180.4,+27,LONG,61179.08,61115.62,FALSE
06/25/2026,07/24/2026 17:26:23,7,07:15,61101.28,61128.8,61068.03,61123.13,61073.42,61118.01,-61,SHORT,61115.62,60995.14,TRUE
06/25/2026,07/24/2026 17:26:23,7,07:30,60988.73,61046.98,60962.7,61043.58,60985.19,61008.4,-84,SHORT,60995.14,61277.12,FALSE
06/25/2026,07/24/2026 17:26:23,7,07:45,61273.27,61328.31,61231.08,61292.0,61227.05,61279.99,-101,SHORT,61277.12,61132.63,TRUE
06/25/2026,07/24/2026 17:26:23,8,08:00,61042.07,61102.0,61056.0,61121.7,61087.68,61142.39,+100,LONG,61132.63,61210.91,TRUE
06/25/2026,07/24/2026 17:26:23,8,08:15,61173.04,61231.97,61150.0,61254.0,61193.2,61234.45,+84,LONG,61210.91,61127.61,FALSE
06/25/2026,07/24/2026 17:26:23,8,08:30,61109.16,61139.55,61083.73,61143.78,61124.57,61160.0,+76,LONG,61127.61,59977.2,FALSE
06/25/2026,07/24/2026 17:26:23,8,08:45,60110.0,60312.58,60113.7,60280.01,59967.0,60171.8,-346,SHORT,59977.2,58190.0,TRUE
06/25/2026,07/24/2026 17:26:23,9,09:00,58215.0,58590.09,58130.0,58274.26,58000.0,58274.63,-590,SHORT,58190.0,59164.2,FALSE
06/25/2026,07/24/2026 17:26:23,9,09:15,59272.2,59486.95,59327.29,59423.77,59149.47,59380.0,-337,SHORT,59164.2,59228.0,FALSE
06/25/2026,07/24/2026 17:26:23,9,09:30,59261.99,59458.85,59209.6,59321.16,59214.06,59312.14,-249,SHORT,59228.0,59392.4,FALSE
06/25/2026,07/24/2026 17:26:23,9,09:45,59348.91,59513.93,59307.0,59418.99,59332.0,59433.12,-207,SHORT,59392.4,59373.17,TRUE
06/25/2026,07/24/2026 17:26:23,10,10:00,59329.98,59474.01,59361.98,59475.12,59351.53,59468.03,+145,LONG,59373.17,58958.61,FALSE
06/25/2026,07/24/2026 17:26:23,10,10:15,58965.45,59106.95,58944.78,59024.34,58926.28,59020.0,-181,SHORT,58958.61,59164.41,FALSE
06/25/2026,07/24/2026 17:26:23,10,10:30,59189.03,59252.01,59135.01,59212.74,59110.33,59210.99,-142,SHORT,59164.41,59100.82,TRUE
06/25/2026,07/24/2026 17:26:23,10,10:45,58990.15,59154.76,58972.55,59054.94,58986.82,59115.0,-182,SHORT,59100.82,59462.99,FALSE
06/25/2026,07/24/2026 17:26:23,11,11:00,59402.09,59532.25,59409.92,59524.98,59443.56,59532.3,+130,LONG,59462.99,59661.3,TRUE
06/25/2026,07/24/2026 17:26:23,11,11:15,59576.29,59696.65,59583.06,59721.99,59636.12,59692.02,+146,LONG,59661.3,59649.64,FALSE
06/25/2026,07/24/2026 17:26:23,11,11:30,59605.74,59676.1,59619.88,59672.0,59624.11,59661.56,+66,LONG,59649.64,59162.04,FALSE
06/25/2026,07/24/2026 17:26:23,11,11:45,59186.53,59262.1,59130.03,59218.0,59127.53,59174.02,-135,SHORT,59162.04,59208.28,FALSE
06/25/2026,07/24/2026 17:26:23,12,12:00,59128.02,59215.93,59193.61,59249.91,59202.0,59229.59,+122,LONG,59208.28,59292.08,TRUE
06/25/2026,07/24/2026 17:26:23,12,12:15,59191.88,59284.42,59250.0,59293.62,59269.14,59329.71,+138,LONG,59292.08,59447.82,TRUE
06/25/2026,07/24/2026 17:26:23,12,12:30,59436.74,59496.0,59374.43,59461.1,59409.44,59477.2,-122,SHORT,59447.82,59428.27,TRUE
06/25/2026,07/24/2026 17:26:23,12,12:45,59496.4,59535.0,59469.49,59533.55,59425.11,59499.38,-110,SHORT,59428.27,59579.08,FALSE
06/25/2026,07/24/2026 17:26:23,13,13:00,59447.33,59545.0,59464.99,59520.06,59485.84,59591.56,+144,LONG,59579.08,59296.28,FALSE
06/25/2026,07/24/2026 17:26:23,13,13:15,59385.88,59490.06,59305.98,59395.66,59290.36,59343.93,-200,SHORT,59296.28,59614.0,FALSE
06/25/2026,07/24/2026 17:26:23,13,13:30,59480.51,59543.34,59519.28,59569.52,59556.45,59630.21,+150,LONG,59614.0,59330.07,FALSE
06/25/2026,07/24/2026 17:26:23,13,13:45,59325.65,59356.94,59340.57,59373.17,59323.06,59357.97,-50,SHORT,59330.07,59421.18,FALSE
06/25/2026,07/24/2026 17:26:23,14,14:00,59403.78,59452.72,59397.96,59454.01,59385.48,59421.18,-69,SHORT,59421.18,59139.75,TRUE
06/25/2026,07/24/2026 17:26:23,14,14:15,59176.2,59216.2,59116.15,59216.08,59129.03,59164.06,-100,SHORT,59139.75,59244.65,FALSE
06/25/2026,07/24/2026 17:26:23,14,14:30,59185.69,59240.0,59171.73,59223.24,59166.35,59251.75,+80,LONG,59244.65,59199.98,FALSE
06/25/2026,07/24/2026 17:26:23,14,14:45,59220.99,59294.05,59198.66,59254.34,59186.84,59224.7,-107,SHORT,59199.98,59220.01,FALSE
06/25/2026,07/24/2026 17:26:23,15,15:00,59211.7,59250.0,59212.88,59242.39,59161.68,59254.93,-88,SHORT,59220.01,59468.8,FALSE
06/25/2026,07/24/2026 17:26:23,15,15:15,59477.24,59508.51,59430.0,59497.98,59439.08,59474.16,-79,SHORT,59468.8,59513.95,FALSE
06/25/2026,07/24/2026 17:26:23,15,15:30,59572.76,59625.98,59518.0,59583.99,59513.95,59547.51,-112,SHORT,59513.95,59416.19,TRUE
06/25/2026,07/24/2026 17:26:23,15,15:45,59338.78,59386.56,59372.57,59405.91,59380.3,59419.9,+81,LONG,59416.19,59356.99,FALSE
06/25/2026,07/24/2026 17:26:23,16,16:00,59275.26,59310.0,59293.62,59306.48,59296.61,59368.0,+93,LONG,59356.99,59510.89,TRUE
06/25/2026,07/24/2026 17:26:23,16,16:15,59430.47,59478.21,59431.31,59486.52,59483.99,59519.74,+89,LONG,59510.89,59614.26,TRUE
06/25/2026,07/24/2026 17:26:23,16,16:30,59562.23,59578.25,59568.97,59611.97,59582.61,59615.6,+53,LONG,59614.26,59863.68,TRUE
06/25/2026,07/24/2026 17:26:23,16,16:45,59738.23,59776.63,59773.03,59822.99,59819.5,59875.99,+138,LONG,59863.68,60113.97,TRUE
06/25/2026,07/24/2026 17:26:23,17,17:00,59905.01,60078.16,60078.17,60166.55,60062.0,60128.9,+262,LONG,60113.97,59792.4,FALSE
06/25/2026,07/24/2026 17:26:23,17,17:15,59798.45,59887.55,59774.75,59818.58,59790.91,59836.0,-113,SHORT,59792.4,59691.89,TRUE
06/25/2026,07/24/2026 17:26:23,17,17:30,59712.32,59744.0,59710.01,59748.52,59689.5,59722.03,-59,SHORT,59691.89,59702.48,FALSE
06/25/2026,07/24/2026 17:26:23,17,17:45,59681.09,59720.7,59682.0,59711.59,59682.27,59703.22,-39,SHORT,59702.48,59748.74,FALSE
06/25/2026,07/24/2026 17:26:23,18,18:00,59743.43,59783.1,59755.58,59777.1,59739.99,59832.18,+89,LONG,59748.74,59853.46,TRUE
06/25/2026,07/24/2026 17:26:23,18,18:15,59762.23,59800.58,59770.98,59812.0,59788.43,59871.7,+109,LONG,59853.46,60003.47,TRUE
06/25/2026,07/24/2026 17:26:23,18,18:30,60032.31,60064.33,60015.08,60062.04,60000.0,60053.94,-64,SHORT,60003.47,59880.56,TRUE
06/25/2026,07/24/2026 17:26:23,18,18:45,59935.58,59968.59,59893.38,59935.87,59858.83,59901.24,-110,SHORT,59880.56,59703.65,TRUE
06/25/2026,07/24/2026 17:26:23,19,19:00,59679.23,59722.22,59694.49,59722.02,59691.32,59718.95,+43,LONG,59703.65,59791.97,TRUE
06/25/2026,07/24/2026 17:26:23,19,19:15,59724.01,59749.55,59696.63,59774.03,59774.03,59810.0,+113,LONG,59791.97,59685.31,FALSE
06/25/2026,07/24/2026 17:26:23,19,19:30,59600.19,59701.17,59614.99,59682.0,59632.5,59697.53,+97,LONG,59685.31,59693.64,TRUE
06/25/2026,07/24/2026 17:26:23,19,19:45,59715.9,59748.81,59700.41,59725.07,59691.77,59709.44,-57,SHORT,59693.64,59569.02,TRUE
06/25/2026,07/24/2026 17:26:23,20,20:00,59542.01,59590.0,59561.29,59600.0,59569.02,59590.66,+58,LONG,59569.02,59502.0,FALSE
06/25/2026,07/24/2026 17:26:23,20,20:15,59530.33,59571.39,59501.7,59550.86,59475.59,59502.37,-96,SHORT,59502.0,59205.99,TRUE
06/25/2026,07/24/2026 17:26:23,20,20:30,59308.93,59345.94,59278.32,59319.7,59201.91,59297.3,-144,SHORT,59205.99,59216.46,FALSE
06/25/2026,07/24/2026 17:26:23,20,20:45,59161.64,59270.0,59177.17,59234.96,59204.88,59236.29,-93,SHORT,59216.46,59340.99,FALSE
06/25/2026,07/24/2026 17:26:23,21,21:00,59282.66,59330.75,59278.32,59322.7,59278.32,59340.99,+63,LONG,59340.99,58595.92,FALSE
06/25/2026,07/24/2026 17:26:23,21,21:15,58826.9,59101.98,58610.78,58877.35,58561.37,58770.08,-541,SHORT,58595.92,58791.77,FALSE
06/25/2026,07/24/2026 17:26:23,21,21:30,58588.02,58689.14,58617.36,58731.64,58715.66,58800.91,+213,LONG,58791.77,58729.39,FALSE
06/25/2026,07/24/2026 17:26:23,21,21:45,58696.95,58794.44,58773.42,58816.25,58703.04,58788.72,+119,LONG,58729.39,58475.96,FALSE
06/25/2026,07/24/2026 17:26:23,22,22:00,58379.32,58464.0,58385.5,58476.6,58448.97,58528.61,+149,LONG,58475.96,58807.08,TRUE
06/25/2026,07/24/2026 17:26:23,22,22:15,58786.19,58883.67,58755.07,58816.26,58773.42,58823.61,-129,SHORT,58807.08,58998.18,FALSE
06/25/2026,07/24/2026 17:26:23,22,22:30,58807.57,59091.72,58984.56,59076.03,58984.0,59024.0,+268,LONG,58998.18,59397.66,TRUE
06/25/2026,07/24/2026 17:26:23,22,22:45,59308.92,59368.99,59290.0,59351.17,59321.99,59422.11,+132,LONG,59397.66,59936.99,TRUE
06/25/2026,07/24/2026 17:26:23,23,23:00,59785.52,59914.66,59805.41,59846.0,59820.06,59952.0,+166,LONG,59936.99,59819.95,FALSE
06/25/2026,07/24/2026 17:26:23,23,23:15,59835.25,59932.0,59801.0,59864.0,59795.42,59828.58,-137,SHORT,59819.95,59896.01,FALSE
06/25/2026,07/24/2026 17:26:23,23,23:30,59805.98,59881.13,59859.72,59911.74,59856.67,59903.66,+106,LONG,59896.01,59881.67,FALSE
06/25/2026,07/24/2026 17:26:23,23,23:45,59832.19,59871.23,59826.06,59849.35,59839.68,59890.0,+64,LONG,59881.67,59830.92,FALSE
06/26/2026,07/24/2026 17:26:23,0,00:00,59783.23,59813.82,59801.59,59835.23,59801.91,59831.6,+52,LONG,59830.92,59884.19,TRUE
06/26/2026,07/24/2026 17:26:23,0,00:15,59826.03,59852.8,59844.42,59868.9,59847.48,59884.2,+58,LONG,59884.19,59868.9,FALSE
06/26/2026,07/24/2026 17:26:23,0,00:30,59788.84,59900.0,59823.0,59878.0,59868.9,59883.95,+95,LONG,59868.9,59796.2,FALSE
06/26/2026,07/24/2026 17:26:23,0,00:45,59753.77,59828.0,59790.01,59818.94,59782.14,59813.82,+65,LONG,59796.2,59860.02,TRUE
06/26/2026,07/24/2026 17:26:23,1,01:00,59816.48,59874.22,59823.02,59887.41,59850.35,59867.99,+71,LONG,59860.02,59626.79,FALSE
06/26/2026,07/24/2026 17:26:23,1,01:15,59673.07,59706.01,59638.52,59683.98,59618.68,59657.76,-87,SHORT,59626.79,59954.0,FALSE
06/26/2026,07/24/2026 17:26:23,1,01:30,59875.02,59913.99,59826.95,59894.54,59866.0,59960.68,+134,LONG,59954.0,60298.32,TRUE
06/26/2026,07/24/2026 17:26:23,1,01:45,60080.04,60180.0,60138.19,60275.87,60245.0,60321.72,+242,LONG,60298.32,60233.04,FALSE
06/26/2026,07/24/2026 17:26:23,2,02:00,60170.89,60198.71,60197.54,60258.77,60204.21,60239.92,+88,LONG,60233.04,60413.35,TRUE
06/26/2026,07/24/2026 17:26:23,2,02:15,60275.88,60336.17,60281.93,60346.26,60340.14,60456.82,+181,LONG,60413.35,60494.33,TRUE
06/26/2026,07/24/2026 17:26:23,2,02:30,60496.48,60518.72,60490.09,60617.91,60490.2,60517.6,-128,SHORT,60494.33,60490.08,TRUE
06/26/2026,07/24/2026 17:26:23,2,02:45,60560.0,60603.31,60574.82,60611.0,60490.08,60584.09,-121,SHORT,60490.08,60422.76,TRUE
06/26/2026,07/24/2026 17:26:23,3,03:00,60442.95,60493.13,60453.74,60484.62,60419.76,60461.98,-73,SHORT,60422.76,60174.9,TRUE
06/26/2026,07/24/2026 17:26:23,3,03:15,60190.88,60239.16,60132.92,60217.73,60156.53,60174.9,-106,SHORT,60174.9,60217.59,FALSE
06/26/2026,07/24/2026 17:26:23,3,03:30,60143.1,60252.0,60199.06,60216.69,60199.38,60222.64,+80,LONG,60217.59,60117.92,FALSE
06/26/2026,07/24/2026 17:26:23,3,03:45,60129.99,60159.17,60122.88,60162.99,60104.52,60119.82,-58,SHORT,60117.92,60147.35,FALSE
06/26/2026,07/24/2026 17:26:23,4,04:00,60113.7,60141.24,60128.18,60177.27,60118.31,60147.35,+64,LONG,60147.35,60079.82,FALSE
06/26/2026,07/24/2026 17:26:23,4,04:15,60018.84,60055.55,59995.59,60037.2,60031.07,60083.09,+88,LONG,60079.82,60034.41,FALSE
06/26/2026,07/24/2026 17:26:23,4,04:30,60043.33,60058.94,60017.29,60047.73,60030.57,60039.07,-42,SHORT,60034.41,59911.74,TRUE
06/26/2026,07/24/2026 17:26:23,4,04:45,59941.98,59990.65,59859.73,59963.76,59868.91,59919.18,-131,SHORT,59911.74,59638.93,TRUE
06/26/2026,07/24/2026 17:26:23,5,05:00,59634.18,59688.01,59594.14,59673.04,59588.63,59651.63,-99,SHORT,59638.93,59653.13,FALSE
06/26/2026,07/24/2026 17:26:23,5,05:15,59593.51,59639.03,59633.27,59734.55,59650.0,59718.96,+141,LONG,59653.13,59635.47,FALSE
06/26/2026,07/24/2026 17:26:23,5,05:30,59682.24,59718.48,59676.12,59693.07,59613.51,59678.04,-105,SHORT,59635.47,59458.56,TRUE
06/26/2026,07/24/2026 17:26:23,5,05:45,59422.14,59468.03,59425.2,59470.01,59433.62,59475.31,+53,LONG,59458.56,59226.29,FALSE
06/26/2026,07/24/2026 17:26:23,6,06:00,59233.43,59303.18,59144.56,59240.22,59180.06,59227.77,-159,SHORT,59226.29,59394.31,FALSE
06/26/2026,07/24/2026 17:26:23,6,06:15,59373.98,59402.78,59373.18,59406.83,59374.23,59397.39,+33,LONG,59394.31,59333.39,FALSE
06/26/2026,07/24/2026 17:26:23,6,06:30,59362.0,59390.18,59358.77,59381.65,59292.0,59358.79,-98,SHORT,59333.39,59357.88,FALSE
06/26/2026,07/24/2026 17:26:23,6,06:45,59354.0,59430.25,59311.98,59426.9,59300.0,59376.24,-130,SHORT,59357.88,59328.02,TRUE
06/26/2026,07/24/2026 17:26:23,7,07:00,59259.41,59293.61,59278.32,59357.88,59293.62,59331.71,+98,LONG,59328.02,59369.97,TRUE
06/26/2026,07/24/2026 17:26:23,7,07:15,59327.32,59412.33,59379.3,59422.63,59358.42,59400.98,+95,LONG,59369.97,59639.39,TRUE
06/26/2026,07/24/2026 17:26:23,7,07:30,59559.84,59624.09,59578.2,59600.01,59550.68,59639.4,+80,LONG,59639.39,59050.18,FALSE
06/26/2026,07/24/2026 17:26:23,7,07:45,59022.64,59150.44,58880.0,59050.0,58886.65,59116.52,-270,SHORT,59050.18,59091.66,FALSE
06/26/2026,07/24/2026 17:26:23,8,08:00,59127.67,59183.46,59145.18,59210.99,59079.42,59162.0,-132,SHORT,59091.66,58999.79,TRUE
06/26/2026,07/24/2026 17:26:23,8,08:15,58937.11,59177.45,59024.37,59173.85,58984.06,59099.88,+237,LONG,58999.79,58810.76,FALSE
06/26/2026,07/24/2026 17:26:23,8,08:30,58718.35,58837.01,58780.02,58846.19,58721.4,58814.71,+128,LONG,58810.76,59385.41,TRUE
06/26/2026,07/24/2026 17:26:23,8,08:45,59123.45,59286.52,59280.0,59418.0,59290.43,59400.72,+295,LONG,59385.41,60081.65,TRUE
06/26/2026,07/24/2026 17:26:23,9,09:00,59899.58,60083.02,59917.86,60089.21,60007.03,60122.0,+222,LONG,60081.65,59889.69,FALSE
06/26/2026,07/24/2026 17:26:23,9,09:15,59890.32,59962.01,59852.21,59994.36,59871.96,59957.64,-122,SHORT,59889.69,59962.0,FALSE
06/26/2026,07/24/2026 17:26:23,9,09:30,59932.12,60017.46,59979.78,60153.18,59948.01,60121.66,+221,LONG,59962.0,59503.04,FALSE
06/26/2026,07/24/2026 17:26:23,9,09:45,59519.1,59604.01,59489.74,59561.8,59489.46,59556.78,-115,SHORT,59503.04,59500.31,TRUE
06/26/2026,07/24/2026 17:26:23,10,10:00,59411.75,59562.9,59493.41,59562.89,59492.52,59595.3,+184,LONG,59500.31,59732.03,TRUE
06/26/2026,07/24/2026 17:26:23,10,10:15,59661.87,59819.94,59688.36,59755.67,59708.28,59752.02,-132,SHORT,59732.03,60093.05,FALSE
06/26/2026,07/24/2026 17:26:23,10,10:30,60159.6,60281.94,60020.99,60162.66,60037.91,60138.74,-261,SHORT,60093.05,60337.99,FALSE
06/26/2026,07/24/2026 17:26:23,10,10:45,60297.3,60403.43,60347.92,60412.01,60326.22,60390.43,+115,LONG,60337.99,60226.92,FALSE
06/26/2026,07/24/2026 17:26:23,11,11:00,60206.43,60266.2,60211.62,60248.35,60197.15,60245.89,-69,SHORT,60226.92,60084.01,TRUE
06/26/2026,07/24/2026 17:26:23,11,11:15,60065.28,60103.78,60042.01,60118.0,60064.74,60110.63,+69,LONG,60084.01,59947.96,FALSE
06/26/2026,07/24/2026 17:26:23,11,11:30,59936.16,59992.39,59961.07,60010.0,59927.04,59994.97,-83,SHORT,59947.96,59963.77,FALSE
06/26/2026,07/24/2026 17:26:23,11,11:45,60043.0,60106.0,60061.12,60119.81,59940.01,60073.91,-180,SHORT,59963.77,59939.3,TRUE
06/26/2026,07/24/2026 17:26:23,12,12:00,59931.23,59966.15,59951.24,60001.0,59939.29,60001.0,+70,LONG,59939.3,60113.69,TRUE
06/26/2026,07/24/2026 17:26:23,12,12:15,60098.4,60160.0,60083.12,60128.99,60099.05,60131.46,-77,SHORT,60113.69,60082.26,TRUE
06/26/2026,07/24/2026 17:26:23,12,12:30,60041.78,60146.9,60098.74,60158.29,60080.23,60119.81,+117,LONG,60082.26,59963.81,FALSE
06/26/2026,07/24/2026 17:26:23,12,12:45,59875.02,59940.16,59928.0,60031.57,59959.76,60000.48,+157,LONG,59963.81,59929.01,FALSE
06/26/2026,07/24/2026 17:26:23,13,13:00,59859.72,59899.47,59890.32,60006.49,59922.0,59974.01,+147,LONG,59929.01,59991.14,TRUE
06/26/2026,07/24/2026 17:26:23,13,13:15,60024.65,60060.02,59990.94,60038.0,59981.41,60012.55,-79,SHORT,59991.14,59734.0,TRUE
06/26/2026,07/24/2026 17:26:23,13,13:30,59800.0,59881.14,59707.31,59811.39,59727.36,59780.14,-174,SHORT,59734.0,59675.69,TRUE
06/26/2026,07/24/2026 17:26:23,13,13:45,59657.43,59679.18,59635.92,59666.93,59666.93,59688.29,+52,LONG,59675.69,59566.0,FALSE
06/26/2026,07/24/2026 17:26:23,14,14:00,59448.68,59530.0,59510.0,59547.04,59519.25,59584.31,+136,LONG,59566.0,59924.76,TRUE
06/26/2026,07/24/2026 17:26:23,14,14:15,59868.3,59920.91,59890.32,59934.16,59908.69,59959.85,+92,LONG,59924.76,59834.83,FALSE
06/26/2026,07/24/2026 17:26:23,14,14:30,59809.79,59871.76,59814.52,59843.1,59818.21,59838.3,-57,SHORT,59834.83,59778.53,TRUE
06/26/2026,07/24/2026 17:26:23,14,14:45,59807.12,59857.99,59805.88,59844.41,59774.69,59829.11,-83,SHORT,59778.53,59655.5,TRUE
06/26/2026,07/24/2026 17:26:23,15,15:00,59736.26,59767.01,59737.05,59782.96,59633.24,59801.49,-150,SHORT,59655.5,59624.09,TRUE
06/26/2026,07/24/2026 17:26:23,15,15:15,59601.4,59631.97,59581.26,59643.94,59585.08,59638.01,-59,SHORT,59624.09,59680.01,FALSE
06/26/2026,07/24/2026 17:26:23,15,15:30,59633.28,59674.1,59648.57,59682.0,59660.82,59697.77,+64,LONG,59680.01,59556.01,FALSE
06/26/2026,07/24/2026 17:26:23,15,15:45,59520.83,59561.37,59536.21,59564.0,59543.57,59564.0,+43,LONG,59556.01,59620.51,TRUE
06/26/2026,07/24/2026 17:26:23,16,16:00,59615.6,59651.64,59584.32,59645.0,59603.03,59648.0,-67,SHORT,59620.51,59669.25,FALSE
06/26/2026,07/24/2026 17:26:23,16,16:15,59615.0,59637.92,59616.42,59647.44,59640.49,59669.94,+55,LONG,59669.25,59774.48,TRUE
06/26/2026,07/24/2026 17:26:23,16,16:30,59670.35,59706.92,59694.41,59729.81,59722.02,59792.4,+122,LONG,59774.48,59920.92,TRUE
06/26/2026,07/24/2026 17:26:23,16,16:45,59857.27,59959.26,59938.82,59964.87,59905.0,59953.7,+108,LONG,59920.92,59826.03,FALSE
06/26/2026,07/24/2026 17:26:23,17,17:00,59860.84,59890.32,59835.24,59860.85,59823.0,59853.59,-67,SHORT,59826.03,59819.99,TRUE
06/26/2026,07/24/2026 17:26:23,17,17:15,59770.98,59819.75,59788.0,59810.53,59810.52,59825.94,+55,LONG,59819.99,59796.02,FALSE
06/26/2026,07/24/2026 17:26:23,17,17:30,59814.01,59850.11,59816.89,59844.99,59796.01,59841.0,-54,SHORT,59796.02,59871.96,FALSE
06/26/2026,07/24/2026 17:26:23,17,17:45,59848.5,59868.0,59842.7,59881.39,59871.96,59908.28,+66,LONG,59871.96,59951.52,TRUE
06/26/2026,07/24/2026 17:26:23,18,18:00,59963.76,59991.3,59968.56,59986.79,59945.89,59986.79,-45,SHORT,59951.52,59998.0,FALSE
06/26/2026,07/24/2026 17:26:23,18,18:15,59975.33,60005.0,59959.55,59979.06,59968.03,59998.0,-45,SHORT,59998.0,59879.35,TRUE
06/26/2026,07/24/2026 17:26:23,18,18:30,59933.16,59940.36,59920.92,59934.0,59879.35,59922.84,-61,SHORT,59879.35,59972.95,FALSE
06/26/2026,07/24/2026 17:26:23,18,18:45,59939.35,59966.82,59959.2,59995.69,59972.94,59995.99,+57,LONG,59972.95,60002.53,TRUE
06/26/2026,07/24/2026 17:26:23,19,19:00,59986.49,60002.34,59988.24,60025.73,59998.91,60025.73,+39,LONG,60002.53,60026.66,TRUE
06/26/2026,07/24/2026 17:26:23,19,19:15,60033.13,60071.98,60054.11,60065.43,60026.65,60060.09,-45,SHORT,60026.66,59954.0,TRUE
06/26/2026,07/24/2026 17:26:23,19,19:30,59950.25,59964.45,59942.4,59970.74,59948.01,59959.7,-23,SHORT,59954.0,59888.37,TRUE
06/26/2026,07/24/2026 17:26:23,19,19:45,59870.0,59889.95,59840.0,59876.1,59849.89,59896.18,+56,LONG,59888.37,59974.71,TRUE
06/26/2026,07/24/2026 17:26:23,20,20:00,59948.02,59958.0,59951.18,59959.26,59951.14,59979.38,+31,LONG,59974.71,59861.17,FALSE
06/26/2026,07/24/2026 17:26:23,20,20:15,59883.99,59895.88,59892.62,59902.56,59861.17,59898.0,-41,SHORT,59861.17,59905.66,FALSE
06/26/2026,07/24/2026 17:26:23,20,20:30,59881.14,59897.58,59881.14,59894.14,59875.2,59906.09,+25,LONG,59905.66,59874.02,FALSE
06/26/2026,07/24/2026 17:26:23,20,20:45,59881.49,59896.43,59892.75,59896.39,59868.47,59896.23,-28,SHORT,59874.02,59847.91,TRUE
06/26/2026,07/24/2026 17:26:23,21,21:00,59856.58,59856.62,59856.61,59878.0,59844.76,59881.14,-33,SHORT,59847.91,60017.35,FALSE
06/26/2026,07/24/2026 17:26:23,21,21:15,59944.0,59991.23,59968.9,59999.99,59993.24,60027.0,+83,LONG,60017.35,60199.99,TRUE
06/26/2026,07/24/2026 17:26:23,21,21:30,60233.02,60257.52,60232.64,60281.94,60188.97,60236.1,-93,SHORT,60199.99,60181.94,TRUE
06/26/2026,07/24/2026 17:26:23,21,21:45,60195.0,60219.99,60195.99,60206.0,60178.59,60204.23,-41,SHORT,60181.94,60190.2,FALSE
06/26/2026,07/24/2026 17:26:23,22,22:00,60196.68,60208.65,60184.0,60214.68,60190.2,60228.18,+44,LONG,60190.2,60076.29,FALSE
06/26/2026,07/24/2026 17:26:23,22,22:15,60074.12,60134.0,60073.99,60095.33,60061.55,60087.0,-72,SHORT,60076.29,60220.79,FALSE
06/26/2026,07/24/2026 17:26:23,22,22:30,60199.95,60220.0,60213.21,60230.61,60210.14,60221.99,+31,LONG,60220.79,60202.4,FALSE
06/26/2026,07/24/2026 17:26:23,22,22:45,60214.68,60225.99,60213.78,60225.66,60201.35,60226.0,-25,SHORT,60202.4,60211.57,FALSE
06/26/2026,07/24/2026 17:26:23,23,23:00,60190.34,60227.2,60189.61,60228.0,60189.61,60229.99,+40,LONG,60211.57,60315.66,TRUE
06/26/2026,07/24/2026 17:26:23,23,23:15,60299.98,60334.01,60326.41,60352.38,60312.6,60331.0,+52,LONG,60315.66,60303.42,FALSE
06/26/2026,07/24/2026 17:26:23,23,23:30,60288.12,60360.64,60304.01,60327.81,60303.42,60305.9,-57,SHORT,60303.42,60279.39,TRUE
06/26/2026,07/24/2026 17:26:23,23,23:45,60276.97,60291.23,60276.05,60287.3,60278.03,60280.9,-15,SHORT,60279.39,60149.99,TRUE
06/27/2026,07/24/2026 17:26:23,0,00:00,60156.51,60169.49,60120.39,60153.8,60122.31,60149.99,-49,SHORT,60149.99,60213.12,FALSE
06/27/2026,07/24/2026 17:26:23,0,00:15,60190.19,60208.43,60204.52,60218.1,60211.62,60220.43,+30,LONG,60213.12,60072.0,FALSE
06/27/2026,07/24/2026 17:26:23,0,00:30,60157.35,60164.9,60095.71,60186.99,60064.74,60103.77,-122,SHORT,60072.0,60135.43,FALSE
06/27/2026,07/24/2026 17:26:23,0,00:45,60115.97,60125.56,60117.93,60135.12,60116.76,60144.28,+28,LONG,60135.43,60143.99,TRUE
06/27/2026,07/24/2026 17:26:23,1,01:00,60155.44,60171.83,60159.59,60169.09,60136.41,60169.06,-35,SHORT,60143.99,60057.78,TRUE
06/27/2026,07/24/2026 17:26:23,1,01:15,60021.9,60040.01,60022.11,60040.01,60029.99,60057.78,+36,LONG,60057.78,60103.99,TRUE
06/27/2026,07/24/2026 17:26:23,1,01:30,60110.63,60132.06,60126.22,60131.65,60095.62,60139.38,-36,SHORT,60103.99,60315.03,FALSE
06/27/2026,07/24/2026 17:26:23,1,01:45,60272.82,60321.77,60303.42,60321.77,60315.03,60316.9,+49,LONG,60315.03,60274.13,FALSE
06/27/2026,07/24/2026 17:26:23,2,02:00,60267.73,60274.28,60263.64,60275.87,60263.64,60274.14,-12,SHORT,60274.13,60224.91,TRUE
06/27/2026,07/24/2026 17:26:23,2,02:15,60202.49,60223.85,60218.0,60223.86,60221.0,60224.92,+22,LONG,60224.91,60332.56,TRUE
06/27/2026,07/24/2026 17:26:23,2,02:30,60304.84,60330.96,60321.78,60330.96,60326.77,60333.78,+29,LONG,60332.56,60343.54,TRUE
06/27/2026,07/24/2026 17:26:23,2,02:45,60334.02,60342.63,60342.62,60355.44,60321.27,60372.0,+38,LONG,60343.54,60451.64,TRUE
06/27/2026,07/24/2026 17:26:23,3,03:00,60408.92,60463.09,60423.67,60459.0,60446.0,60451.65,+50,LONG,60451.64,60386.04,FALSE
06/27/2026,07/24/2026 17:26:23,3,03:15,60376.0,60391.53,60376.58,60398.28,60378.02,60386.04,+22,LONG,60386.04,60353.58,FALSE
06/27/2026,07/24/2026 17:26:23,3,03:30,60363.85,60370.75,60364.01,60375.17,60346.57,60365.58,-29,SHORT,60353.58,60278.84,TRUE
06/27/2026,07/24/2026 17:26:23,3,03:45,60308.97,60308.98,60272.72,60308.98,60276.05,60278.84,-36,SHORT,60278.84,60353.69,FALSE
06/27/2026,07/24/2026 17:26:23,4,04:00,60367.57,60372.01,60361.56,60367.58,60352.7,60361.57,-19,SHORT,60353.69,60263.47,TRUE
06/27/2026,07/24/2026 17:26:23,4,04:15,60273.96,60284.0,60270.28,60283.99,60248.34,60275.88,-36,SHORT,60263.47,60269.68,FALSE
06/27/2026,07/24/2026 17:26:23,4,04:30,60255.75,60269.76,60257.28,60276.0,60263.62,60272.82,+20,LONG,60269.68,60294.6,TRUE
06/27/2026,07/24/2026 17:26:23,4,04:45,60304.9,60318.73,60306.7,60306.71,60289.39,60309.97,-29,SHORT,60294.6,60313.23,FALSE
06/27/2026,07/24/2026 17:26:23,5,05:00,60316.3,60324.84,60324.83,60327.9,60301.21,60341.11,-27,SHORT,60313.23,60373.79,FALSE
06/27/2026,07/24/2026 17:26:23,5,05:15,60351.88,60370.74,60361.56,60370.74,60361.56,60373.8,+22,LONG,60373.79,60362.65,FALSE
06/27/2026,07/24/2026 17:26:23,5,05:30,60342.15,60382.15,60343.94,60360.93,60360.92,60364.61,-38,SHORT,60362.65,60334.0,TRUE
06/27/2026,07/24/2026 17:26:23,5,05:45,60331.16,60341.37,60331.17,60335.76,60310.93,60335.75,-30,SHORT,60334.0,60317.99,TRUE
06/27/2026,07/24/2026 17:26:23,6,06:00,60297.98,60303.83,60303.82,60318.0,60317.99,60321.78,+24,LONG,60317.99,60300.95,FALSE
06/27/2026,07/24/2026 17:26:23,6,06:15,60295.63,60300.0,60299.99,60315.02,60297.96,60303.98,+19,LONG,60300.95,60167.55,FALSE
06/27/2026,07/24/2026 17:26:23,6,06:30,60162.66,60206.7,60118.63,60165.73,60162.0,60168.78,-88,SHORT,60167.55,60177.36,FALSE
06/27/2026,07/24/2026 17:26:23,6,06:45,60125.94,60139.72,60139.71,60173.01,60163.56,60177.37,+51,LONG,60177.36,60264.73,TRUE
06/27/2026,07/24/2026 17:26:23,7,07:00,60267.93,60275.14,60263.64,60278.93,60264.73,60270.5,-14,SHORT,60264.73,60192.66,TRUE
06/27/2026,07/24/2026 17:26:23,7,07:15,60168.78,60183.05,60168.78,60183.98,60181.98,60196.31,+28,LONG,60192.66,60235.59,TRUE
06/27/2026,07/24/2026 17:26:23,7,07:30,60206.64,60209.9,60204.68,60209.77,60209.15,60235.6,+31,LONG,60235.59,60228.23,FALSE
06/27/2026,07/24/2026 17:26:23,7,07:45,60209.15,60233.32,60224.93,60237.99,60228.22,60232.85,+29,LONG,60228.23,60324.43,TRUE
06/27/2026,07/24/2026 17:26:23,8,08:00,60296.01,60304.25,60304.0,60319.99,60304.82,60327.89,+32,LONG,60324.43,60334.73,TRUE
06/27/2026,07/24/2026 17:26:23,8,08:15,60317.98,60322.19,60314.1,60328.05,60302.46,60337.08,-26,SHORT,60334.73,60370.43,FALSE
06/27/2026,07/24/2026 17:26:23,8,08:30,60350.44,60365.97,60355.96,60376.86,60352.38,60370.44,+26,LONG,60370.43,60499.99,TRUE
06/27/2026,07/24/2026 17:26:23,8,08:45,60471.72,60493.14,60469.12,60495.92,60486.63,60500.0,+31,LONG,60499.99,60483.15,FALSE
06/27/2026,07/24/2026 17:26:23,9,09:00,60451.82,60474.69,60450.0,60456.28,60456.18,60505.37,+55,LONG,60483.15,60571.0,TRUE
06/27/2026,07/24/2026 17:26:23,9,09:15,60480.9,60494.99,60494.98,60623.0,60537.99,60623.0,+142,LONG,60571.0,60496.2,FALSE
06/27/2026,07/24/2026 17:26:23,9,09:30,60514.58,60534.69,60515.61,60534.99,60496.2,60523.75,-39,SHORT,60496.2,60532.92,FALSE
06/27/2026,07/24/2026 17:26:23,9,09:45,60514.59,60529.05,60521.74,60532.68,60523.74,60556.88,+42,LONG,60532.92,60510.23,FALSE
06/27/2026,07/24/2026 17:26:23,10,10:00,60508.05,60519.22,60505.63,60513.89,60505.66,60513.55,-14,SHORT,60510.23,60768.54,FALSE
06/27/2026,07/24/2026 17:26:23,10,10:15,60745.09,60803.44,60734.88,60765.5,60752.12,60788.25,-69,SHORT,60768.54,60707.34,TRUE
06/27/2026,07/24/2026 17:26:23,10,10:30,60618.07,60640.02,60629.01,60732.44,60698.54,60718.0,+114,LONG,60707.34,60685.93,FALSE
06/27/2026,07/24/2026 17:26:23,10,10:45,60686.51,60701.22,60688.98,60705.0,60685.92,60694.95,-19,SHORT,60685.93,60740.31,FALSE
06/27/2026,07/24/2026 17:26:23,11,11:00,60707.34,60757.04,60713.46,60756.01,60719.83,60744.18,+49,LONG,60740.31,60644.01,FALSE
06/27/2026,07/24/2026 17:26:23,11,11:15,60649.2,60662.14,60649.21,60661.28,60644.01,60658.03,-18,SHORT,60644.01,60620.45,TRUE
06/27/2026,07/24/2026 17:26:23,11,11:30,60597.19,60617.54,60606.36,60615.55,60613.6,60621.56,+24,LONG,60620.45,60692.03,TRUE
06/27/2026,07/24/2026 17:26:23,11,11:45,60670.02,60680.37,60669.4,60679.87,60673.56,60692.03,+23,LONG,60692.03,60710.39,TRUE
06/27/2026,07/24/2026 17:26:23,12,12:00,60675.13,60692.25,60671.23,60696.52,60688.98,60710.4,+39,LONG,60710.39,60467.94,FALSE
06/27/2026,07/24/2026 17:26:23,12,12:15,60458.0,60494.0,60459.34,60478.01,60467.94,60473.88,-35,SHORT,60467.94,60479.74,FALSE
06/27/2026,07/24/2026 17:26:23,12,12:30,60437.71,60453.35,60453.18,60488.0,60462.54,60480.0,+50,LONG,60479.74,60499.26,TRUE
06/27/2026,07/24/2026 17:26:23,12,12:45,60500.51,60520.68,60497.96,60523.23,60496.2,60510.37,-27,SHORT,60499.26,60424.07,TRUE
06/27/2026,07/24/2026 17:26:23,13,13:00,60461.98,60480.91,60458.02,60478.87,60417.55,60478.87,-63,SHORT,60424.07,60422.15,TRUE
06/27/2026,07/24/2026 17:26:23,13,13:15,60422.74,60443.07,60425.82,60444.0,60417.52,60425.95,-26,SHORT,60422.15,60413.91,TRUE
06/27/2026,07/24/2026 17:26:23,13,13:30,60379.92,60400.49,60386.48,60401.34,60396.51,60416.63,+37,LONG,60413.91,60466.63,TRUE
06/27/2026,07/24/2026 17:26:23,13,13:45,60444.3,60448.78,60444.29,60470.0,60443.01,60470.78,-27,SHORT,60466.63,60475.42,FALSE
06/27/2026,07/24/2026 17:26:23,14,14:00,60450.01,60464.0,60438.19,60462.02,60434.14,60485.53,+47,LONG,60475.42,60498.7,TRUE
06/27/2026,07/24/2026 17:26:23,14,14:15,60488.75,60501.99,60487.05,60509.4,60484.84,60508.0,-25,SHORT,60498.7,60223.82,TRUE
06/27/2026,07/24/2026 17:26:23,14,14:30,60162.66,60198.0,60166.05,60233.04,60200.72,60230.18,+70,LONG,60223.82,60094.57,FALSE
06/27/2026,07/24/2026 17:26:23,14,14:45,60061.79,60089.21,60079.29,60110.0,60094.57,60111.46,+50,LONG,60094.57,60077.65,FALSE
06/27/2026,07/24/2026 17:26:23,15,15:00,60058.27,60086.3,60060.11,60084.91,60064.02,60083.1,+27,LONG,60077.65,60159.48,TRUE
06/27/2026,07/24/2026 17:26:23,15,15:15,60170.0,60181.67,60165.72,60175.82,60151.05,60180.65,-31,SHORT,60159.48,60178.38,FALSE
06/27/2026,07/24/2026 17:26:23,15,15:30,60157.45,60172.34,60158.49,60174.47,60162.0,60185.91,+28,LONG,60178.38,60161.99,FALSE
06/27/2026,07/24/2026 17:26:23,15,15:45,60168.39,60181.02,60150.0,60168.79,60153.93,60161.99,-31,SHORT,60161.99,60199.37,FALSE
06/27/2026,07/24/2026 17:26:23,16,16:00,60168.78,60169.99,60168.78,60184.95,60178.51,60199.37,+31,LONG,60199.37,60288.12,TRUE
06/27/2026,07/24/2026 17:26:23,16,16:15,60256.33,60260.07,60254.99,60299.85,60275.88,60299.85,+45,LONG,60288.12,60349.38,TRUE
06/27/2026,07/24/2026 17:26:23,16,16:30,60312.98,60339.99,60327.4,60347.29,60314.62,60361.28,+48,LONG,60349.38,60150.4,FALSE
06/27/2026,07/24/2026 17:26:23,16,16:45,60175.52,60192.54,60162.62,60191.07,60124.15,60179.54,-68,SHORT,60150.4,60102.49,TRUE
06/27/2026,07/24/2026 17:26:23,17,17:00,60095.35,60108.81,60095.34,60105.7,60098.02,60107.56,-13,SHORT,60102.49,60023.99,TRUE
06/27/2026,07/24/2026 17:26:23,17,17:15,60044.82,60052.47,60040.45,60052.47,60020.17,60049.43,-32,SHORT,60023.99,60036.54,FALSE
06/27/2026,07/24/2026 17:26:23,17,17:30,59980.38,60018.83,60009.66,60049.98,60031.08,60079.99,+100,LONG,60036.54,60080.0,TRUE
06/27/2026,07/24/2026 17:26:23,17,17:45,60069.95,60124.0,60073.65,60087.8,60072.94,60086.0,-51,SHORT,60080.0,60132.1,FALSE
06/27/2026,07/24/2026 17:26:23,18,18:00,60127.0,60147.54,60130.01,60144.27,60130.27,60139.3,-18,SHORT,60132.1,59948.25,TRUE
06/27/2026,07/24/2026 17:26:23,18,18:15,60147.36,60171.84,60001.0,60147.38,59930.11,60040.06,-242,SHORT,59948.25,59893.37,TRUE
06/27/2026,07/24/2026 17:26:23,18,18:30,59898.38,59923.97,59876.0,59923.98,59871.96,59893.38,-52,SHORT,59893.37,59959.18,FALSE
06/27/2026,07/24/2026 17:26:23,18,18:45,59984.0,59996.01,59966.82,59993.67,59954.74,59982.02,-41,SHORT,59959.18,59934.84,TRUE
06/27/2026,07/24/2026 17:26:23,19,19:00,59914.79,59937.98,59930.66,59941.63,59926.01,59939.28,+27,LONG,59934.84,60042.81,TRUE
06/27/2026,07/24/2026 17:26:23,19,19:15,60005.63,60043.99,60016.84,60031.61,60017.63,60042.82,+37,LONG,60042.81,60075.99,TRUE
06/27/2026,07/24/2026 17:26:23,19,19:30,60073.56,60098.39,60092.27,60103.52,60059.02,60098.41,-44,SHORT,60075.99,60086.32,FALSE
06/27/2026,07/24/2026 17:26:23,19,19:45,60048.08,60070.86,60040.47,60063.21,60041.98,60086.32,+46,LONG,60086.32,60059.13,FALSE
06/27/2026,07/24/2026 17:26:23,20,20:00,60070.1,60087.87,60084.02,60093.94,60042.96,60098.55,-51,SHORT,60059.13,59994.38,TRUE
06/27/2026,07/24/2026 17:26:23,20,20:15,59923.99,59945.24,59938.04,59980.12,59980.11,59996.18,+72,LONG,59994.38,60113.16,TRUE
06/27/2026,07/24/2026 17:26:23,20,20:30,60122.0,60147.36,60100.0,60120.39,60090.57,60115.0,-57,SHORT,60113.16,60170.84,FALSE
06/27/2026,07/24/2026 17:26:23,20,20:45,60160.16,60180.0,60147.45,60179.99,60150.42,60170.85,-33,SHORT,60170.84,60131.15,TRUE
06/27/2026,07/24/2026 17:26:23,21,21:00,60137.55,60140.0,60110.68,60137.73,60112.01,60135.8,-29,SHORT,60131.15,60193.26,FALSE
06/27/2026,07/24/2026 17:26:23,21,21:15,60181.96,60200.0,60184.41,60200.47,60188.03,60197.89,+19,LONG,60193.26,60028.91,FALSE
06/27/2026,07/24/2026 17:26:23,21,21:30,60002.44,60051.58,60022.0,60037.21,60024.53,60039.05,+37,LONG,60028.91,60051.49,TRUE
06/27/2026,07/24/2026 17:26:23,21,21:45,60007.03,60031.09,60021.83,60028.0,60021.83,60053.99,+47,LONG,60051.49,60051.24,FALSE
06/27/2026,07/24/2026 17:26:23,22,22:00,60089.45,60096.0,60080.04,60094.69,60051.24,60087.81,-45,SHORT,60051.24,60171.99,FALSE
06/27/2026,07/24/2026 17:26:23,22,22:15,60159.6,60179.99,60161.95,60179.99,60165.32,60174.67,+20,LONG,60171.99,60178.08,TRUE
06/27/2026,07/24/2026 17:26:23,22,22:30,60173.32,60183.25,60172.0,60178.09,60176.07,60178.09,-11,SHORT,60178.08,60111.54,TRUE
06/27/2026,07/24/2026 17:26:23,22,22:45,60107.08,60122.25,60083.83,60116.21,60102.83,60111.54,-38,SHORT,60111.54,60105.91,TRUE
06/27/2026,07/24/2026 17:26:23,23,23:00,60091.02,60110.64,60098.4,60138.18,60098.86,60124.09,+47,LONG,60105.91,60125.17,TRUE
06/27/2026,07/24/2026 17:26:23,23,23:15,60106.73,60119.81,60107.58,60114.0,60107.59,60126.99,+20,LONG,60125.17,60113.97,FALSE
06/27/2026,07/24/2026 17:26:23,23,23:30,60142.97,60148.76,60108.24,60142.98,60108.24,60113.98,-41,SHORT,60113.97,60085.77,TRUE
06/27/2026,07/24/2026 17:26:23,23,23:45,60052.51,60082.85,60082.84,60085.58,60084.05,60089.22,+37,LONG,60085.77,60046.14,FALSE
06/28/2026,07/24/2026 17:26:23,0,00:00,60034.14,60037.22,60035.82,60041.68,60035.81,60046.15,+12,LONG,60046.14,59927.98,FALSE
06/28/2026,07/24/2026 17:26:23,0,00:15,59917.88,59945.41,59917.88,59928.59,59911.74,59928.67,-34,SHORT,59927.98,59746.51,TRUE
06/28/2026,07/24/2026 17:26:23,0,00:30,59705.69,59764.86,59663.55,59775.05,59743.45,59778.17,+115,LONG,59746.51,59828.65,TRUE
06/28/2026,07/24/2026 17:26:23,0,00:45,59824.49,59828.0,59826.03,59847.48,59817.36,59841.99,-30,SHORT,59828.65,59892.01,FALSE
06/28/2026,07/24/2026 17:26:23,1,01:00,59886.27,59904.58,59881.14,59895.99,59881.15,59902.0,-23,SHORT,59892.01,59755.33,TRUE
06/28/2026,07/24/2026 17:26:23,1,01:15,59785.26,59859.71,59792.4,59828.21,59755.0,59828.21,-105,SHORT,59755.33,59838.28,FALSE
06/28/2026,07/24/2026 17:26:23,1,01:30,59824.71,59832.18,59824.73,59840.47,59832.0,59838.29,+16,LONG,59838.28,59875.02,TRUE
06/28/2026,07/24/2026 17:26:23,1,01:45,59890.9,59905.37,59890.89,59894.53,59875.02,59893.9,-30,SHORT,59875.02,59908.69,FALSE
06/28/2026,07/24/2026 17:26:23,2,02:00,59911.74,59926.67,59911.74,59919.2,59908.69,59923.25,-18,SHORT,59908.69,60052.49,FALSE
06/28/2026,07/24/2026 17:26:23,2,02:15,60043.33,60055.56,60043.32,60058.62,60044.0,60052.5,+15,LONG,60052.49,60016.01,FALSE
06/28/2026,07/24/2026 17:26:23,2,02:30,60015.78,60015.8,60015.78,60015.79,60015.79,60027.44,+12,LONG,60016.01,60128.72,TRUE
06/28/2026,07/24/2026 17:26:23,2,02:45,60126.09,60135.13,60110.65,60125.95,60104.02,60138.17,-31,SHORT,60128.72,60127.84,TRUE
06/28/2026,07/24/2026 17:26:23,3,03:00,60113.69,60113.71,60104.9,60115.86,60101.46,60132.01,+27,LONG,60127.84,60093.2,FALSE
06/28/2026,07/24/2026 17:26:23,3,03:15,60069.99,60077.57,60070.51,60085.11,60073.35,60095.0,+25,LONG,60093.2,60136.0,TRUE
06/28/2026,07/24/2026 17:26:23,3,03:30,60132.37,60150.42,60132.36,60139.92,60134.03,60139.87,-18,SHORT,60136.0,60358.51,FALSE
06/28/2026,07/24/2026 17:26:23,3,03:45,60312.61,60357.49,60331.69,60368.66,60354.0,60367.97,+56,LONG,60358.51,60277.54,FALSE
06/28/2026,07/24/2026 17:26:23,4,04:00,60288.96,60304.01,60278.52,60292.18,60277.54,60289.98,-26,SHORT,60277.54,60279.14,FALSE
06/28/2026,07/24/2026 17:26:23,4,04:15,60306.48,60330.96,60261.12,60303.86,60261.12,60288.11,-70,SHORT,60279.14,60232.92,TRUE
06/28/2026,07/24/2026 17:26:23,4,04:30,60223.86,60251.91,60223.87,60249.65,60228.02,60232.92,-28,SHORT,60232.92,60282.03,FALSE
06/28/2026,07/24/2026 17:26:23,4,04:45,60271.15,60305.0,60288.12,60308.54,60278.94,60318.71,+48,LONG,60282.03,60169.78,FALSE
06/28/2026,07/24/2026 17:26:23,5,05:00,60159.6,60174.89,60169.78,60189.93,60169.78,60189.92,+30,LONG,60169.78,60166.12,FALSE
06/28/2026,07/24/2026 17:26:23,5,05:15,60123.78,60199.37,60172.72,60191.47,60166.12,60187.04,+68,LONG,60166.12,60015.72,FALSE
06/28/2026,07/24/2026 17:26:23,5,05:30,60010.01,60021.9,60015.79,60036.35,60011.04,60037.19,+27,LONG,60015.72,60036.6,TRUE
06/28/2026,07/24/2026 17:26:23,5,05:45,60029.67,60043.32,60037.17,60043.33,60034.16,60039.7,+14,LONG,60036.6,60076.81,TRUE
06/28/2026,07/24/2026 17:26:23,6,06:00,60084.02,60088.15,60074.2,60084.02,60070.86,60079.14,-17,SHORT,60076.81,60034.14,TRUE
06/28/2026,07/24/2026 17:26:23,6,06:15,60037.2,60044.0,60034.14,60037.22,60034.14,60042.0,-10,SHORT,60034.14,60220.81,FALSE
06/28/2026,07/24/2026 17:26:23,6,06:30,60246.04,60269.09,60229.99,60254.46,60220.81,60230.0,-48,SHORT,60220.81,60212.99,TRUE
06/28/2026,07/24/2026 17:26:23,6,06:45,60202.43,60209.51,60196.33,60209.4,60184.2,60217.74,-25,SHORT,60212.99,60251.97,FALSE
06/28/2026,07/24/2026 17:26:23,7,07:00,60235.98,60245.28,60241.98,60253.97,60235.99,60251.97,+18,LONG,60251.97,60214.93,FALSE
06/28/2026,07/24/2026 17:26:23,7,07:15,60208.56,60240.71,60185.41,60222.4,60208.56,60222.4,-55,SHORT,60214.93,60251.13,FALSE
06/28/2026,07/24/2026 17:26:23,7,07:30,60144.31,60154.85,60145.11,60208.55,60193.27,60251.16,+107,LONG,60251.13,60153.49,FALSE
06/28/2026,07/24/2026 17:26:23,7,07:45,60110.01,60135.11,60132.06,60153.48,60148.24,60167.11,+57,LONG,60153.49,60205.82,TRUE
06/28/2026,07/24/2026 17:26:23,8,08:00,60199.38,60218.48,60199.38,60218.89,60202.44,60213.83,+20,LONG,60205.82,60037.7,FALSE
06/28/2026,07/24/2026 17:26:23,8,08:15,59967.99,59997.01,59991.63,60033.77,60016.76,60050.0,+82,LONG,60037.7,60034.81,FALSE
06/28/2026,07/24/2026 17:26:23,8,08:30,59998.04,60024.57,60015.9,60030.8,60028.99,60043.57,+46,LONG,60034.81,60034.15,FALSE
06/28/2026,07/24/2026 17:26:23,8,08:45,59950.88,60023.99,60028.47,60028.48,60028.47,60049.43,+99,LONG,60034.15,59983.25,FALSE
06/28/2026,07/24/2026 17:26:23,9,09:00,59966.82,59992.67,59978.64,60001.74,59976.0,59994.0,+35,LONG,59983.25,60085.04,TRUE
06/28/2026,07/24/2026 17:26:23,9,09:15,60058.63,60075.9,60052.5,60070.0,60067.99,60085.88,+33,LONG,60085.04,60065.97,FALSE
06/28/2026,07/24/2026 17:26:23,9,09:30,60029.15,60072.73,60034.14,60071.16,60055.58,60070.86,+42,LONG,60065.97,60021.89,FALSE
06/28/2026,07/24/2026 17:26:23,9,09:45,59988.25,60024.95,59989.99,60028.99,60006.14,60021.9,+41,LONG,60021.89,59939.29,FALSE
06/28/2026,07/24/2026 17:26:23,10,10:00,59953.33,59963.35,59954.8,59961.36,59939.29,59966.82,-24,SHORT,59939.29,59982.13,FALSE
06/28/2026,07/24/2026 17:26:23,10,10:15,59856.28,59879.22,59878.07,59946.0,59936.24,59991.3,+135,LONG,59982.13,59952.53,FALSE
06/28/2026,07/24/2026 17:26:23,10,10:30,59951.52,59969.5,59951.53,59960.66,59948.01,59952.54,-21,SHORT,59952.53,59882.56,TRUE
06/28/2026,07/24/2026 17:26:23,10,10:45,59832.18,59853.6,59858.04,59885.96,59882.56,59893.21,+61,LONG,59882.56,59806.75,FALSE
06/28/2026,07/24/2026 17:26:23,11,11:00,59770.0,59795.44,59780.16,59800.86,59789.81,59806.75,+37,LONG,59806.75,59743.45,FALSE
06/28/2026,07/24/2026 17:26:23,11,11:15,59777.1,59791.98,59755.69,59791.16,59740.39,59755.69,-52,SHORT,59743.45,59684.28,TRUE
06/28/2026,07/24/2026 17:26:23,11,11:30,59621.23,59682.23,59624.11,59662.9,59633.3,59685.29,+64,LONG,59684.28,59539.31,FALSE
06/28/2026,07/24/2026 17:26:23,11,11:45,59603.93,59668.52,59529.53,59617.98,59524.59,59566.1,-144,SHORT,59539.31,59600.01,FALSE
06/28/2026,07/24/2026 17:26:23,12,12:00,59589.99,59607.16,59587.38,59605.74,59600.0,59605.74,-20,SHORT,59600.01,59550.66,TRUE
06/28/2026,07/24/2026 17:26:23,12,12:15,59471.27,59562.72,59535.59,59565.95,59547.49,59565.95,+95,LONG,59550.66,59510.31,FALSE
06/28/2026,07/24/2026 17:26:23,12,12:30,59526.28,59546.07,59518.02,59531.23,59506.0,59522.73,-40,SHORT,59510.31,59442.91,TRUE
06/28/2026,07/24/2026 17:26:23,12,12:45,59406.85,59449.67,59425.24,59464.66,59436.0,59461.26,+58,LONG,59442.91,59493.11,TRUE
06/28/2026,07/24/2026 17:26:23,13,13:00,59504.76,59524.88,59486.0,59530.73,59489.46,59507.0,-41,SHORT,59493.11,59559.09,FALSE
06/28/2026,07/24/2026 17:26:23,13,13:15,59568.36,59595.81,59559.85,59575.46,59553.73,59564.02,-42,SHORT,59559.09,59522.45,TRUE
06/28/2026,07/24/2026 17:26:23,13,13:30,59509.0,59548.57,59535.36,59556.69,59516.56,59535.37,+48,LONG,59522.45,59510.88,FALSE
06/28/2026,07/24/2026 17:26:23,13,13:45,59513.94,59553.94,59510.88,59533.01,59509.51,59520.06,-44,SHORT,59510.88,59514.0,FALSE
06/28/2026,07/24/2026 17:26:23,14,14:00,59492.83,59537.02,59503.19,59531.02,59514.0,59529.24,+38,LONG,59514.0,59416.0,FALSE
06/28/2026,07/24/2026 17:26:23,14,14:15,59409.9,59431.02,59409.9,59430.0,59403.93,59417.99,-27,SHORT,59416.0,59458.85,FALSE
06/28/2026,07/24/2026 17:26:23,14,14:30,59424.0,59444.69,59428.26,59440.48,59425.1,59458.86,+35,LONG,59458.85,59349.76,FALSE
06/28/2026,07/24/2026 17:26:23,14,14:45,59317.23,59350.0,59339.98,59356.0,59343.87,59352.01,+39,LONG,59349.76,59389.27,TRUE
06/28/2026,07/24/2026 17:26:23,15,15:00,59348.7,59373.17,59355.99,59403.78,59389.26,59408.81,+60,LONG,59389.27,59565.96,TRUE
06/28/2026,07/24/2026 17:26:23,15,15:15,59468.05,59489.09,59488.06,59536.0,59533.88,59585.12,+117,LONG,59565.96,59620.64,TRUE
06/28/2026,07/24/2026 17:26:23,15,15:30,59590.45,59624.6,59619.8,59653.17,59589.65,59656.0,+66,LONG,59620.64,59574.69,FALSE
06/28/2026,07/24/2026 17:26:23,15,15:45,59575.14,59591.48,59569.27,59583.6,59566.65,59577.08,-25,SHORT,59574.69,59559.05,TRUE
06/28/2026,07/24/2026 17:26:23,16,16:00,59553.0,59565.94,59553.72,59570.2,59553.72,59559.43,+17,LONG,59559.05,59596.31,TRUE
06/28/2026,07/24/2026 17:26:23,16,16:15,59571.11,59580.0,59529.03,59589.89,59578.2,59599.69,+71,LONG,59596.31,59605.74,TRUE
06/28/2026,07/24/2026 17:26:23,16,16:30,59589.06,59627.15,59602.5,59651.85,59605.74,59624.11,+63,LONG,59605.74,59564.29,FALSE
06/28/2026,07/24/2026 17:26:23,16,16:45,59603.5,59617.9,59587.39,59617.8,59564.29,59587.38,-54,SHORT,59564.29,59347.67,TRUE
06/28/2026,07/24/2026 17:26:23,17,17:00,59269.14,59301.08,59294.97,59311.98,59301.04,59348.69,+80,LONG,59347.67,59532.31,TRUE
06/28/2026,07/24/2026 17:26:23,17,17:15,59494.24,59584.32,59498.59,59555.93,59523.99,59585.0,+91,LONG,59532.31,59284.01,FALSE
06/28/2026,07/24/2026 17:26:23,17,17:30,59158.99,59257.88,59229.27,59323.0,59253.84,59289.0,+164,LONG,59284.01,59014.0,FALSE
06/28/2026,07/24/2026 17:26:23,17,17:45,59057.0,59106.95,59000.0,59090.0,59000.0,59076.35,-107,SHORT,59014.0,58966.2,TRUE
06/28/2026,07/24/2026 17:26:23,18,18:00,58944.78,58999.0,58926.42,58978.44,58928.43,58997.34,-73,SHORT,58966.2,59167.27,FALSE
06/28/2026,07/24/2026 17:26:23,18,18:15,59233.06,59280.88,59214.17,59266.07,59161.43,59244.66,-119,SHORT,59167.27,59444.01,FALSE
06/28/2026,07/24/2026 17:26:23,18,18:30,59316.0,59381.65,59353.49,59415.59,59415.58,59489.44,+173,LONG,59444.01,59630.17,TRUE
06/28/2026,07/24/2026 17:26:23,18,18:45,59650.06,59714.0,59645.52,59667.58,59625.04,59652.57,-89,SHORT,59630.17,59474.01,TRUE
06/28/2026,07/24/2026 17:26:23,19,19:00,59547.6,59568.26,59477.76,59552.04,59462.43,59498.0,-106,SHORT,59474.01,59485.92,FALSE
06/28/2026,07/24/2026 17:26:23,19,19:15,59406.85,59556.77,59488.97,59600.0,59472.76,59526.17,+193,LONG,59485.92,59110.03,FALSE
06/28/2026,07/24/2026 17:26:23,19,19:30,59180.76,59211.88,59151.97,59221.58,59110.02,59183.04,-112,SHORT,59110.03,59250.02,FALSE
06/28/2026,07/24/2026 17:26:23,19,19:45,59205.83,59259.93,59186.52,59237.06,59177.35,59256.34,-83,SHORT,59250.02,59557.35,FALSE
06/28/2026,07/24/2026 17:26:23,20,20:00,59463.04,59498.63,59452.74,59559.84,59544.54,59595.22,+142,LONG,59557.35,59385.29,FALSE
06/28/2026,07/24/2026 17:26:23,20,20:15,59397.66,59432.74,59349.17,59401.05,59362.23,59391.05,-84,SHORT,59385.29,59202.49,TRUE
06/28/2026,07/24/2026 17:26:23,20,20:30,59201.82,59335.0,59204.67,59261.05,59192.21,59226.31,-143,SHORT,59202.49,59447.15,FALSE
06/28/2026,07/24/2026 17:26:23,20,20:45,59426.03,59477.01,59406.97,59444.0,59428.26,59458.61,-70,SHORT,59447.15,59333.4,TRUE
06/28/2026,07/24/2026 17:26:23,21,21:00,59339.52,59379.3,59348.98,59382.99,59328.55,59379.93,-54,SHORT,59333.4,58928.01,TRUE
06/28/2026,07/24/2026 17:26:23,21,21:15,59003.12,59121.99,58800.0,59019.84,58861.04,58960.08,-322,SHORT,58928.01,59437.81,FALSE
06/28/2026,07/24/2026 17:26:23,21,21:30,59263.02,59428.77,59400.72,59492.52,59433.39,59482.46,+230,LONG,59437.81,59672.2,TRUE
06/28/2026,07/24/2026 17:26:23,21,21:45,59584.01,59696.0,59627.16,59700.96,59614.92,59698.58,+117,LONG,59672.2,59654.36,FALSE
06/28/2026,07/24/2026 17:26:23,22,22:00,59617.98,59700.6,59617.98,59660.82,59633.28,59656.01,-83,SHORT,59654.36,59901.22,FALSE
06/28/2026,07/24/2026 17:26:23,22,22:15,59911.74,59988.31,59905.62,59945.4,59881.15,59933.16,-107,SHORT,59901.22,60072.21,FALSE
06/28/2026,07/24/2026 17:26:23,22,22:30,60056.71,60126.01,60028.02,60078.38,60052.5,60083.09,-98,SHORT,60072.21,59815.72,TRUE
06/28/2026,07/24/2026 17:26:23,22,22:45,59786.28,59822.72,59776.1,59816.0,59802.59,59833.85,+58,LONG,59815.72,59942.83,TRUE
06/28/2026,07/24/2026 17:26:23,23,23:00,59868.9,59908.0,59890.32,59920.01,59908.65,59957.63,+89,LONG,59942.83,59819.94,FALSE
06/28/2026,07/24/2026 17:26:23,23,23:15,59822.27,59841.36,59797.11,59842.3,59804.63,59832.15,-44,SHORT,59819.94,59855.06,FALSE
06/28/2026,07/24/2026 17:26:23,23,23:30,59847.48,59879.33,59835.28,59868.89,59844.55,59865.0,-44,SHORT,59855.06,59740.23,TRUE
06/28/2026,07/24/2026 17:26:23,23,23:45,59675.22,59710.31,59682.0,59701.23,59700.59,59749.56,+74,LONG,59740.23,59729.95,FALSE
06/29/2026,07/24/2026 17:26:23,0,00:00,59722.03,59739.99,59725.08,59746.5,59726.01,59737.49,+24,LONG,59729.95,59433.65,FALSE
06/29/2026,07/24/2026 17:26:23,0,00:15,59284.08,59425.91,59298.53,59403.77,59397.65,59443.56,+159,LONG,59433.65,59588.01,TRUE
06/29/2026,07/24/2026 17:26:23,0,00:30,59581.45,59620.94,59584.32,59615.1,59569.03,59590.53,-52,SHORT,59588.01,59810.76,FALSE
06/29/2026,07/24/2026 17:26:23,0,00:45,59642.46,59670.0,59664.57,59728.14,59725.07,59823.28,+181,LONG,59810.76,60006.02,TRUE
06/29/2026,07/24/2026 17:26:23,1,01:00,59935.77,59960.7,59930.1,59998.05,59963.76,60008.03,+78,LONG,60006.02,60070.0,TRUE
06/29/2026,07/24/2026 17:26:23,1,01:15,60022.99,60054.33,60028.02,60054.37,60021.9,60091.04,+68,LONG,60070.0,60067.16,FALSE
06/29/2026,07/24/2026 17:26:23,1,01:30,60095.35,60141.23,60068.94,60109.02,60058.62,60098.39,-83,SHORT,60067.16,59981.16,TRUE
06/29/2026,07/24/2026 17:26:23,1,01:45,60006.04,60028.91,59980.25,60006.49,59981.16,59985.11,-49,SHORT,59981.16,59983.3,FALSE
06/29/2026,07/24/2026 17:26:23,2,02:00,59978.41,59994.08,59980.35,60004.96,59972.79,59998.83,-32,SHORT,59983.3,59988.01,FALSE
06/29/2026,07/24/2026 17:26:23,2,02:15,59890.01,59921.92,59914.62,59929.03,59926.09,59988.01,+98,LONG,59988.01,60011.75,TRUE
06/29/2026,07/24/2026 17:26:23,2,02:30,59946.85,59961.91,59960.03,60046.51,60011.75,60050.06,+103,LONG,60011.75,59960.46,FALSE
06/29/2026,07/24/2026 17:26:23,2,02:45,59953.96,59982.43,59951.0,59982.44,59953.96,59967.96,-31,SHORT,59960.46,59932.61,TRUE
06/29/2026,07/24/2026 17:26:23,3,03:00,59946.85,59982.58,59948.9,59957.64,59932.6,59957.53,-50,SHORT,59932.61,59861.79,TRUE
06/29/2026,07/24/2026 17:26:23,3,03:15,59868.53,59900.11,59858.79,59892.0,59843.6,59875.63,-57,SHORT,59861.79,59730.47,TRUE
06/29/2026,07/24/2026 17:26:23,3,03:30,59715.44,59769.0,59711.89,59767.8,59730.47,59754.96,-57,SHORT,59730.47,59775.4,FALSE
06/29/2026,07/24/2026 17:26:23,3,03:45,59707.92,59773.73,59762.96,59782.72,59765.28,59780.38,+75,LONG,59775.4,59740.37,FALSE
06/29/2026,07/24/2026 17:26:23,4,04:00,59739.48,59765.28,59752.31,59765.28,59740.36,59761.69,+26,LONG,59740.37,59855.3,TRUE
06/29/2026,07/24/2026 17:26:23,4,04:15,59790.2,59815.12,59803.76,59822.52,59822.0,59860.07,+70,LONG,59855.3,59841.82,FALSE
06/29/2026,07/24/2026 17:26:23,4,04:30,59737.97,59885.52,59832.92,59872.07,59813.4,59857.85,+134,LONG,59841.82,59880.37,TRUE
06/29/2026,07/24/2026 17:26:23,4,04:45,59821.18,59909.93,59882.76,59914.79,59850.0,59906.57,+94,LONG,59880.37,59968.2,TRUE
06/29/2026,07/24/2026 17:26:23,5,05:00,59948.59,59989.56,59940.31,59975.33,59943.28,59968.21,-49,SHORT,59968.2,60142.8,FALSE
06/29/2026,07/24/2026 17:26:23,5,05:15,60098.78,60169.08,60133.98,60156.89,60104.36,60149.75,-65,SHORT,60142.8,60128.39,TRUE
06/29/2026,07/24/2026 17:26:23,5,05:30,60124.85,60141.99,60096.9,60131.94,60117.72,60131.94,-45,SHORT,60128.39,60043.17,TRUE
06/29/2026,07/24/2026 17:26:23,5,05:45,60018.04,60046.12,60035.83,60049.74,60040.0,60043.19,+32,LONG,60043.17,59996.69,FALSE
06/29/2026,07/24/2026 17:26:23,6,06:00,59987.95,60006.36,59982.44,60000.0,59986.0,60005.93,-24,SHORT,59996.69,59864.27,TRUE
06/29/2026,07/24/2026 17:26:23,6,06:15,59868.52,59880.34,59868.69,59892.06,59861.4,59882.76,-31,SHORT,59864.27,59905.43,FALSE
06/29/2026,07/24/2026 17:26:23,6,06:30,59889.88,59912.78,59871.61,59904.11,59872.01,59910.11,-41,SHORT,59905.43,59769.83,TRUE
06/29/2026,07/24/2026 17:26:23,6,06:45,59765.28,59811.84,59789.37,59811.58,59752.08,59797.33,-60,SHORT,59769.83,59864.53,FALSE
06/29/2026,07/24/2026 17:26:23,7,07:00,59800.0,59835.77,59815.12,59862.25,59829.36,59900.58,+101,LONG,59864.53,60583.61,TRUE
06/29/2026,07/24/2026 17:26:23,7,07:15,60410.76,60658.84,60605.86,60702.63,60547.11,60655.29,+292,LONG,60583.61,60356.23,FALSE
06/29/2026,07/24/2026 17:26:23,7,07:30,60352.68,60395.4,60364.5,60388.27,60348.01,60396.43,-47,SHORT,60356.23,59857.58,TRUE
06/29/2026,07/24/2026 17:26:23,7,07:45,59784.78,59882.62,59813.01,59871.53,59825.8,59869.99,+87,LONG,59857.58,59857.65,TRUE
06/29/2026,07/24/2026 17:26:23,8,08:00,59861.4,59904.65,59847.17,59898.74,59842.0,59858.99,-63,SHORT,59857.65,60119.96,FALSE
06/29/2026,07/24/2026 17:26:23,8,08:30,59857.84,59920.9,59866.54,59942.28,59872.08,59930.57,+84,LONG,59872.08,59344.97,FALSE
06/29/2026,07/24/2026 17:26:23,8,08:45,59422.85,59571.99,59341.65,59526.76,59339.99,59437.08,-232,SHORT,59344.97,59473.31,FALSE
06/29/2026,07/24/2026 17:26:23,9,09:00,59287.02,59366.55,59289.99,59430.64,59364.0,59474.59,+188,LONG,59473.31,58963.97,FALSE
06/29/2026,07/24/2026 17:26:23,9,09:15,58962.7,59063.92,58967.52,59014.99,58958.03,59010.67,-106,SHORT,58963.97,59393.96,FALSE
06/29/2026,07/24/2026 17:26:23,9,09:30,59255.62,59387.91,59349.88,59434.2,59379.44,59463.56,+208,LONG,59393.96,59213.48,FALSE
06/29/2026,07/24/2026 17:26:23,9,09:45,59350.0,59430.64,59239.37,59362.99,59203.98,59317.01,-227,SHORT,59213.48,59352.26,FALSE
06/29/2026,07/24/2026 17:26:23,10,10:00,59284.68,59392.5,59266.45,59338.08,59274.0,59359.99,-126,SHORT,59352.26,59139.57,TRUE
06/29/2026,07/24/2026 17:26:23,10,10:15,58959.78,59022.48,58999.89,59099.78,59070.8,59162.0,+202,LONG,59139.57,59382.0,TRUE
06/29/2026,07/24/2026 17:26:23,10,10:30,59158.31,59213.45,59179.74,59230.76,59220.61,59382.0,+224,LONG,59382.0,59709.26,TRUE
06/29/2026,07/24/2026 17:26:23,10,10:45,59569.41,59658.01,59579.77,59710.72,59674.0,59739.95,+171,LONG,59709.26,59704.77,FALSE
06/29/2026,07/24/2026 17:26:23,11,11:00,59708.72,59762.66,59707.09,59752.15,59683.48,59719.0,-79,SHORT,59704.77,59616.75,TRUE
06/29/2026,07/24/2026 17:26:23,11,11:15,59661.37,59726.11,59609.11,59703.82,59584.43,59633.28,-142,SHORT,59616.75,59491.17,TRUE
06/29/2026,07/24/2026 17:26:23,11,11:30,59470.01,59501.07,59469.04,59500.0,59473.36,59510.0,+41,LONG,59491.17,59762.03,TRUE
06/29/2026,07/24/2026 17:26:23,11,11:45,59722.56,59760.0,59736.8,59773.97,59747.48,59779.52,+57,LONG,59762.03,59776.04,TRUE
06/29/2026,07/24/2026 17:26:23,12,12:00,59768.84,59797.31,59769.28,59808.9,59776.03,59789.99,+40,LONG,59776.04,60365.89,TRUE
06/29/2026,07/24/2026 17:26:23,12,12:15,60165.01,60250.0,60203.17,60395.02,60309.96,60385.99,+230,LONG,60365.89,60446.0,TRUE
06/29/2026,07/24/2026 17:26:23,12,12:30,60293.01,60373.77,60360.01,60441.83,60405.0,60466.28,+173,LONG,60446.0,60523.41,TRUE
06/29/2026,07/24/2026 17:26:23,12,12:45,60435.08,60488.56,60418.61,60471.81,60430.0,60564.49,+146,LONG,60523.41,60318.46,FALSE
06/29/2026,07/24/2026 17:26:23,13,13:00,60372.29,60445.29,60323.23,60383.68,60300.07,60332.29,-145,SHORT,60318.46,60433.62,FALSE
06/29/2026,07/24/2026 17:26:23,13,13:15,60384.89,60413.93,60401.15,60429.92,60408.26,60433.63,+49,LONG,60433.62,60182.54,FALSE
06/29/2026,07/24/2026 17:26:23,13,13:30,60237.63,60326.04,60138.26,60272.18,60127.48,60188.6,-199,SHORT,60182.54,60183.87,FALSE
06/29/2026,07/24/2026 17:26:23,13,13:45,60140.7,60164.44,60116.37,60173.47,60133.09,60183.88,+68,LONG,60183.87,60198.05,TRUE
06/29/2026,07/24/2026 17:26:23,14,14:00,60140.28,60174.23,60156.24,60170.46,60167.45,60198.91,+59,LONG,60198.05,60100.13,FALSE
06/29/2026,07/24/2026 17:26:23,14,14:15,60095.02,60174.82,60100.05,60131.22,60084.71,60116.12,-90,SHORT,60100.13,60364.28,FALSE
06/29/2026,07/24/2026 17:26:23,14,14:30,60306.64,60332.15,60321.52,60387.92,60357.35,60387.1,+81,LONG,60364.28,60379.44,TRUE
06/29/2026,07/24/2026 17:26:23,14,14:45,60249.39,60303.56,60273.16,60301.98,60295.34,60379.58,+130,LONG,60379.44,60332.0,FALSE
06/29/2026,07/24/2026 17:26:23,15,15:00,60321.25,60372.42,60341.98,60372.43,60323.01,60366.0,+51,LONG,60332.0,60333.82,TRUE
06/29/2026,07/24/2026 17:26:23,15,15:15,60340.2,60391.64,60336.62,60390.25,60327.68,60348.66,-64,SHORT,60333.82,60311.52,TRUE
06/29/2026,07/24/2026 17:26:23,15,15:30,60299.0,60341.68,60313.54,60332.11,60300.0,60316.43,-42,SHORT,60311.52,60322.39,FALSE
06/29/2026,07/24/2026 17:26:23,15,15:45,60339.63,60352.04,60330.85,60358.59,60303.85,60330.86,-55,SHORT,60322.39,60197.71,TRUE
06/29/2026,07/24/2026 17:26:23,16,16:00,60188.15,60217.52,60196.84,60216.25,60197.68,60206.0,+28,LONG,60197.71,60317.75,TRUE
06/29/2026,07/24/2026 17:26:23,16,16:15,60255.05,60266.68,60259.71,60323.56,60304.53,60323.81,+69,LONG,60317.75,60257.43,FALSE
06/29/2026,07/24/2026 17:26:23,16,16:30,60211.61,60223.98,60213.28,60223.97,60220.95,60261.08,+49,LONG,60257.43,60376.77,TRUE
06/29/2026,07/24/2026 17:26:23,16,16:45,60318.77,60393.95,60349.78,60384.9,60355.22,60381.88,+66,LONG,60376.77,60390.92,TRUE
06/29/2026,07/24/2026 17:26:23,17,17:00,60383.84,60435.53,60369.8,60403.47,60371.61,60395.99,-66,SHORT,60390.92,60363.32,TRUE
06/29/2026,07/24/2026 17:26:23,17,17:15,60259.78,60318.0,60314.95,60355.23,60336.58,60363.34,+104,LONG,60363.32,60350.57,FALSE
06/29/2026,07/24/2026 17:26:23,17,17:30,60358.67,60369.95,60357.94,60369.93,60336.49,60361.82,-33,SHORT,60350.57,60299.42,TRUE
06/29/2026,07/24/2026 17:26:23,17,17:45,60267.4,60296.71,60287.2,60306.38,60290.0,60300.53,+39,LONG,60299.42,60261.96,FALSE
06/29/2026,07/24/2026 17:26:23,18,18:00,60252.02,60324.49,60250.72,60267.83,60252.0,60267.83,-74,SHORT,60261.96,60250.53,TRUE
06/29/2026,07/24/2026 17:26:23,18,18:15,60242.09,60263.73,60243.32,60275.0,60245.16,60261.07,+33,LONG,60250.53,60135.31,FALSE
06/29/2026,07/24/2026 17:26:23,18,18:30,60141.98,60165.16,60137.13,60161.66,60133.64,60145.52,-32,SHORT,60135.31,60158.23,FALSE
06/29/2026,07/24/2026 17:26:23,18,18:45,60167.47,60174.99,60167.47,60181.97,60158.23,60180.01,-24,SHORT,60158.23,60162.73,FALSE
06/29/2026,07/24/2026 17:26:23,19,19:00,60130.0,60154.2,60127.6,60143.29,60123.05,60180.0,+52,LONG,60162.73,60106.65,FALSE
06/29/2026,07/24/2026 17:26:23,19,19:15,60119.14,60143.98,60091.42,60124.77,60091.42,60107.98,-53,SHORT,60106.65,59843.27,TRUE
06/29/2026,07/24/2026 17:26:23,19,19:30,59954.41,60002.01,59865.23,59956.56,59794.71,59876.0,-207,SHORT,59843.27,59681.39,TRUE
06/29/2026,07/24/2026 17:26:23,19,19:45,59613.02,59650.0,59616.61,59660.0,59633.97,59696.0,+83,LONG,59681.39,59743.01,TRUE
06/29/2026,07/24/2026 17:26:23,20,20:00,59726.54,59770.87,59742.0,59765.92,59737.08,59762.78,+39,LONG,59743.01,59730.01,FALSE
06/29/2026,07/24/2026 17:26:23,20,20:15,59714.99,59762.78,59681.49,59737.48,59687.03,59735.6,-81,SHORT,59730.01,59950.01,FALSE
06/29/2026,07/24/2026 17:26:23,20,20:30,59924.0,59955.0,59907.75,59950.01,59936.11,59950.02,-47,SHORT,59950.01,59735.65,TRUE
06/29/2026,07/24/2026 17:26:23,20,20:45,59723.52,59753.0,59728.48,59752.97,59735.61,59747.57,+29,LONG,59735.65,59846.84,TRUE
06/29/2026,07/24/2026 17:26:23,21,21:00,59826.89,59848.01,59838.59,59848.8,59840.02,59846.85,+22,LONG,59846.84,59691.75,FALSE
06/29/2026,07/24/2026 17:26:23,21,21:15,59687.28,59746.24,59669.16,59699.99,59669.52,59697.57,-77,SHORT,59691.75,59869.76,FALSE
06/29/2026,07/24/2026 17:26:23,21,21:30,59850.37,59863.32,59859.42,59889.72,59859.68,59873.84,+39,LONG,59869.76,59905.67,TRUE
06/29/2026,07/24/2026 17:26:23,21,21:45,59911.27,59916.41,59901.7,59911.28,59901.7,59916.41,+15,LONG,59905.67,59842.57,FALSE
06/29/2026,07/24/2026 17:26:23,22,22:00,59880.56,59898.67,59841.93,59881.99,59835.26,59853.96,-63,SHORT,59842.57,59792.6,TRUE
06/29/2026,07/24/2026 17:26:23,22,22:15,59811.96,59819.99,59808.08,59831.99,59778.98,59838.28,-53,SHORT,59792.6,59750.7,TRUE
06/29/2026,07/24/2026 17:26:23,22,22:30,59744.66,59767.48,59756.3,59764.44,59750.7,59771.99,+27,LONG,59750.7,59630.47,FALSE
06/29/2026,07/24/2026 17:26:23,22,22:45,59618.01,59654.06,59620.69,59642.55,59630.22,59632.01,-33,SHORT,59630.47,59515.14,TRUE
06/29/2026,07/24/2026 17:26:23,23,23:00,59500.0,59523.17,59521.84,59539.3,59515.14,59536.35,+39,LONG,59515.14,59449.08,FALSE
06/29/2026,07/24/2026 17:26:23,23,23:15,59367.47,59469.83,59430.59,59472.85,59430.59,59454.73,+105,LONG,59449.08,59441.67,FALSE
06/29/2026,07/24/2026 17:26:23,23,23:30,59426.01,59436.0,59426.01,59458.79,59438.91,59470.53,+45,LONG,59441.67,59500.03,TRUE
06/29/2026,07/24/2026 17:26:23,23,23:45,59442.83,59472.85,59429.95,59460.77,59460.31,59509.1,+79,LONG,59500.03,59385.28,FALSE
06/30/2026,07/24/2026 17:26:23,0,00:00,59357.98,59406.0,59373.2,59395.95,59385.28,59401.15,+43,LONG,59385.28,59330.91,FALSE
06/30/2026,07/24/2026 17:26:23,0,00:15,59261.0,59315.81,59273.79,59305.99,59300.71,59330.92,+70,LONG,59330.91,59282.6,FALSE
06/30/2026,07/24/2026 17:26:23,0,00:30,59273.05,59312.8,59267.17,59278.73,59273.92,59296.35,-46,SHORT,59282.6,59457.76,FALSE
06/30/2026,07/24/2026 17:26:23,0,00:45,59434.0,59451.81,59444.76,59472.48,59445.69,59472.25,+38,LONG,59457.76,59549.99,TRUE
06/30/2026,07/24/2026 17:26:23,1,01:00,59518.16,59534.0,59529.45,59540.0,59527.52,59555.99,+38,LONG,59549.99,59469.96,FALSE
06/30/2026,07/24/2026 17:26:23,1,01:15,59439.64,59448.7,59448.69,59477.6,59463.73,59469.98,+38,LONG,59469.96,59597.1,TRUE
06/30/2026,07/24/2026 17:26:23,1,01:30,59439.64,59575.53,59536.28,59572.51,59558.9,59617.51,+178,LONG,59597.1,59460.78,FALSE
06/30/2026,07/24/2026 17:26:23,1,01:45,59457.77,59469.41,59457.77,59516.1,59460.78,59518.16,+60,LONG,59460.78,59493.99,TRUE
06/30/2026,07/24/2026 17:26:23,2,02:00,59467.13,59498.24,59475.88,59501.96,59475.88,59500.04,+35,LONG,59493.99,59396.42,FALSE
06/30/2026,07/24/2026 17:26:23,2,02:15,59346.25,59367.16,59356.45,59401.18,59389.55,59396.43,+55,LONG,59396.42,59375.99,FALSE
06/30/2026,07/24/2026 17:26:23,2,02:30,59331.16,59468.8,59351.98,59394.47,59363.45,59383.51,-117,SHORT,59375.99,59416.44,FALSE
06/30/2026,07/24/2026 17:26:23,2,02:45,59387.16,59436.46,59434.74,59466.0,59409.12,59443.01,+79,LONG,59416.44,59427.02,TRUE
06/30/2026,07/24/2026 17:26:23,3,03:00,59420.46,59435.07,59423.76,59438.4,59423.76,59440.84,+20,LONG,59427.02,59324.89,FALSE
06/30/2026,07/24/2026 17:26:23,3,03:15,59363.65,59412.21,59334.29,59369.94,59321.94,59369.49,-90,SHORT,59324.89,59299.4,TRUE
06/30/2026,07/24/2026 17:26:23,3,03:30,59264.51,59291.05,59276.63,59300.0,59282.19,59313.35,+49,LONG,59299.4,59169.11,FALSE
06/30/2026,07/24/2026 17:26:23,3,03:45,59135.69,59173.32,59131.99,59183.99,59154.52,59198.49,+66,LONG,59169.11,59206.9,TRUE
06/30/2026,07/24/2026 17:26:23,4,04:00,59171.9,59211.47,59186.49,59221.97,59204.69,59222.46,+51,LONG,59206.9,59242.47,TRUE
06/30/2026,07/24/2026 17:26:23,4,04:15,59200.5,59245.49,59233.44,59262.71,59233.44,59247.76,+62,LONG,59242.47,59197.09,FALSE
06/30/2026,07/24/2026 17:26:23,4,04:30,59196.9,59234.0,59197.33,59213.46,59196.99,59222.04,-37,SHORT,59197.09,59258.52,FALSE
06/30/2026,07/24/2026 17:26:23,4,04:45,59248.74,59288.33,59240.76,59290.6,59258.0,59261.99,-48,SHORT,59258.52,59276.01,FALSE
06/30/2026,07/24/2026 17:26:23,5,05:00,59271.88,59282.02,59271.88,59289.23,59267.74,59282.46,-21,SHORT,59276.01,59270.73,TRUE
06/30/2026,07/24/2026 17:26:23,5,05:15,59238.55,59255.4,59250.49,59269.62,59250.0,59280.85,+42,LONG,59270.73,59273.69,TRUE
06/30/2026,07/24/2026 17:26:23,5,05:30,59266.0,59275.16,59267.9,59274.0,59262.78,59279.85,+14,LONG,59273.69,59236.6,FALSE
06/30/2026,07/24/2026 17:26:23,5,05:45,59224.67,59240.89,59220.06,59246.0,59229.99,59247.86,+28,LONG,59236.6,59229.3,FALSE
06/30/2026,07/24/2026 17:26:23,6,06:00,59279.21,59300.63,59279.21,59308.0,59229.22,59279.25,-79,SHORT,59229.3,59288.27,FALSE
06/30/2026,07/24/2026 17:26:23,6,06:15,59287.02,59296.86,59287.02,59301.69,59281.08,59292.09,-21,SHORT,59288.27,59122.68,TRUE
06/30/2026,07/24/2026 17:26:23,6,06:30,59092.75,59141.75,59119.2,59160.0,59107.86,59125.98,+67,LONG,59122.68,59142.23,TRUE
06/30/2026,07/24/2026 17:26:23,6,06:45,59119.2,59160.32,59123.99,59165.0,59133.03,59164.91,+46,LONG,59142.23,59076.82,FALSE
06/30/2026,07/24/2026 17:26:23,7,07:00,59062.01,59076.23,59057.16,59079.89,59061.85,59096.52,+39,LONG,59076.82,58905.29,FALSE
06/30/2026,07/24/2026 17:26:23,7,07:15,58969.05,58998.15,58937.76,58998.15,58896.18,58942.92,-102,SHORT,58905.29,58751.65,TRUE
06/30/2026,07/24/2026 17:26:23,7,07:30,58676.94,58825.0,58729.86,58781.02,58737.42,58782.77,+106,LONG,58751.65,58730.17,FALSE
06/30/2026,07/24/2026 17:26:23,7,07:45,58701.02,58739.92,58703.19,58747.92,58711.91,58737.05,+47,LONG,58730.17,58299.06,FALSE
06/30/2026,07/24/2026 17:26:23,8,08:00,58404.51,58495.0,58311.37,58426.0,58276.39,58365.66,-219,SHORT,58299.06,58357.33,FALSE
06/30/2026,07/24/2026 17:26:23,8,08:15,58323.1,58504.53,58338.5,58384.0,58313.45,58379.3,-191,SHORT,58357.33,58397.97,FALSE
06/30/2026,07/24/2026 17:26:23,8,08:30,58382.21,58399.16,58349.0,58394.15,58368.72,58406.55,+58,LONG,58397.97,58460.0,TRUE
06/30/2026,07/24/2026 17:26:23,8,08:45,58349.0,58448.88,58405.97,58469.61,58390.16,58478.5,+130,LONG,58460.0,58629.98,TRUE
06/30/2026,07/24/2026 17:26:23,9,09:00,58504.4,58569.55,58541.4,58623.21,58571.0,58648.28,+144,LONG,58629.98,58892.9,TRUE
06/30/2026,07/24/2026 17:26:23,9,09:15,58777.61,58817.15,58810.01,58918.8,58874.41,58943.98,+166,LONG,58892.9,58929.8,TRUE
06/30/2026,07/24/2026 17:26:23,9,09:30,58903.55,58987.05,58901.99,58978.22,58904.0,58958.85,-85,SHORT,58929.8,58803.9,TRUE
06/30/2026,07/24/2026 17:26:23,9,09:45,58561.92,58600.0,58587.55,58648.69,58635.31,58818.0,+256,LONG,58803.9,58358.95,FALSE
06/30/2026,07/24/2026 17:26:23,10,10:00,58324.96,58362.79,58334.3,58424.0,58352.7,58485.9,+161,LONG,58358.95,58325.31,FALSE
06/30/2026,07/24/2026 17:26:23,10,10:15,58227.01,58295.0,58276.9,58368.78,58305.7,58359.99,+142,LONG,58325.31,58270.0,FALSE
06/30/2026,07/24/2026 17:26:23,10,10:30,58286.11,58330.49,58270.98,58318.75,58250.01,58309.57,-80,SHORT,58270.0,58326.8,FALSE
06/30/2026,07/24/2026 17:26:23,10,10:45,58263.91,58314.0,58292.9,58367.5,58326.8,58381.99,+118,LONG,58326.8,58267.51,FALSE
06/30/2026,07/24/2026 17:26:23,11,11:00,58359.2,58415.6,58276.47,58382.22,58225.22,58295.68,-190,SHORT,58267.51,58289.98,FALSE
06/30/2026,07/24/2026 17:26:23,11,11:15,58359.85,58433.72,58289.61,58382.01,58277.57,58337.54,-156,SHORT,58289.98,58205.83,TRUE
06/30/2026,07/24/2026 17:26:23,11,11:30,58181.22,58208.98,58172.99,58196.92,58174.07,58205.83,-36,SHORT,58205.83,58206.7,FALSE
06/30/2026,07/24/2026 17:26:23,11,11:45,58264.62,58295.15,58170.0,58288.89,58177.69,58221.15,-125,SHORT,58206.7,58391.34,FALSE
06/30/2026,07/24/2026 17:26:23,12,12:00,58400.0,58469.21,58350.0,58399.89,58330.71,58391.34,-138,SHORT,58391.34,58308.01,TRUE
06/30/2026,07/24/2026 17:26:23,12,12:15,58328.98,58412.65,58296.52,58345.07,58286.07,58309.49,-127,SHORT,58308.01,58295.0,TRUE
06/30/2026,07/24/2026 17:26:23,12,12:30,58250.0,58298.24,58268.05,58302.04,58285.92,58308.0,+58,LONG,58295.0,58279.76,FALSE
06/30/2026,07/24/2026 17:26:23,12,12:45,58287.28,58319.42,58271.83,58303.38,58271.82,58292.0,-48,SHORT,58279.76,58322.24,FALSE
06/30/2026,07/24/2026 17:26:23,13,13:00,58310.0,58335.0,58304.41,58328.03,58313.64,58329.68,-31,SHORT,58322.24,58370.57,FALSE
06/30/2026,07/24/2026 17:26:23,13,13:15,58330.01,58355.78,58355.78,58397.0,58356.77,58371.99,+67,LONG,58370.57,58428.54,TRUE
06/30/2026,07/24/2026 17:26:23,13,13:30,58386.31,58401.24,58393.72,58439.19,58409.0,58440.0,+54,LONG,58428.54,58351.73,FALSE
06/30/2026,07/24/2026 17:26:23,13,13:45,58307.87,58348.49,58338.28,58356.46,58336.73,58355.18,+49,LONG,58351.73,58580.06,TRUE
06/30/2026,07/24/2026 17:26:23,14,14:00,58516.94,58551.23,58549.18,58580.0,58563.13,58590.5,+74,LONG,58580.06,58557.99,FALSE
06/30/2026,07/24/2026 17:26:23,14,14:15,58494.52,58530.99,58503.02,58544.69,58516.13,58558.78,+64,LONG,58557.99,58572.51,TRUE
06/30/2026,07/24/2026 17:26:23,14,14:30,58499.27,58541.64,58513.84,58540.16,58533.48,58572.52,+73,LONG,58572.51,58660.45,TRUE
06/30/2026,07/24/2026 17:26:23,14,14:45,58618.52,58662.39,58620.03,58676.53,58635.52,58662.22,+58,LONG,58660.45,58716.53,TRUE
06/30/2026,07/24/2026 17:26:23,15,15:00,58677.01,58707.99,58674.61,58724.78,58670.93,58735.5,+61,LONG,58716.53,58780.33,TRUE
06/30/2026,07/24/2026 17:26:23,15,15:15,58737.65,58771.95,58745.54,58783.62,58767.78,58782.71,+46,LONG,58780.33,58647.14,FALSE
06/30/2026,07/24/2026 17:26:23,15,15:30,58632.56,58650.81,58650.04,58666.93,58628.07,58652.29,-39,SHORT,58647.14,58560.04,TRUE
06/30/2026,07/24/2026 17:26:23,15,15:45,58581.6,58610.12,58603.16,58615.4,58556.1,58609.95,-59,SHORT,58560.04,58630.88,FALSE
06/30/2026,07/24/2026 17:26:23,16,16:00,58650.78,58677.24,58646.71,58659.16,58627.81,58669.63,-49,SHORT,58630.88,58486.14,TRUE
06/30/2026,07/24/2026 17:26:23,16,16:15,58458.17,58489.19,58442.06,58491.38,58464.24,58511.91,+70,LONG,58486.14,58494.08,TRUE
06/30/2026,07/24/2026 17:26:23,16,16:30,58477.9,58488.68,58479.82,58498.41,58494.0,58538.63,+61,LONG,58494.08,58500.0,TRUE
06/30/2026,07/24/2026 17:26:23,16,16:45,58545.01,58559.41,58533.56,58559.41,58500.0,58534.45,-59,SHORT,58500.0,58553.87,FALSE
06/30/2026,07/24/2026 17:26:23,17,17:00,58530.88,58535.01,58533.47,58554.69,58539.69,58553.87,+24,LONG,58553.87,58634.1,TRUE
06/30/2026,07/24/2026 17:26:23,17,17:15,58567.48,58595.72,58563.12,58596.99,58596.99,58652.26,+89,LONG,58634.1,58559.45,FALSE
06/30/2026,07/24/2026 17:26:23,17,17:30,58558.35,58564.66,58553.88,58582.84,58551.55,58590.78,+37,LONG,58559.45,58508.97,FALSE
06/30/2026,07/24/2026 17:26:23,17,17:45,58481.03,58495.42,58484.15,58495.0,58481.53,58508.98,+28,LONG,58508.97,58509.56,TRUE
06/30/2026,07/24/2026 17:26:23,18,18:00,58495.54,58528.88,58501.57,58528.88,58509.54,58517.36,+33,LONG,58509.56,58511.57,TRUE
06/30/2026,07/24/2026 17:26:23,18,18:15,58501.64,58511.99,58490.25,58509.94,58490.25,58511.59,-22,SHORT,58511.57,58512.53,FALSE
06/30/2026,07/24/2026 17:26:23,18,18:30,58535.07,58550.01,58514.89,58535.08,58504.97,58516.0,-45,SHORT,58512.53,58504.6,TRUE
06/30/2026,07/24/2026 17:26:23,18,18:45,58468.0,58495.0,58483.04,58507.55,58487.99,58504.6,+40,LONG,58504.6,58523.93,TRUE
06/30/2026,07/24/2026 17:26:23,19,19:00,58541.38,58547.88,58541.56,58558.0,58513.85,58558.0,-44,SHORT,58523.93,58547.72,FALSE
06/30/2026,07/24/2026 17:26:23,19,19:15,58516.92,58580.45,58507.68,58569.27,58544.0,58570.0,-73,SHORT,58547.72,58298.24,TRUE
06/30/2026,07/24/2026 17:26:23,19,19:30,58215.47,58295.97,58276.68,58305.97,58289.05,58309.94,+94,LONG,58298.24,58387.56,TRUE
06/30/2026,07/24/2026 17:26:23,19,19:45,58318.08,58366.52,58343.2,58378.0,58372.72,58401.02,+83,LONG,58387.56,58486.84,TRUE
06/30/2026,07/24/2026 17:26:23,20,20:00,58463.3,58490.82,58464.56,58489.46,58458.4,58489.14,-32,SHORT,58486.84,58075.91,TRUE
06/30/2026,07/24/2026 17:26:23,20,20:15,57747.0,58068.0,57717.55,58027.19,57956.36,58128.53,+411,LONG,58075.91,58258.36,TRUE
06/30/2026,07/24/2026 17:26:23,20,20:30,58183.12,58248.99,58221.24,58314.93,58250.0,58313.63,+132,LONG,58258.36,58806.05,TRUE
06/30/2026,07/24/2026 17:26:23,20,20:45,58680.16,58729.99,58710.96,58843.43,58778.72,58861.87,+182,LONG,58806.05,58668.85,FALSE
06/30/2026,07/24/2026 17:26:23,21,21:00,58682.46,58735.59,58667.85,58692.47,58668.64,58701.72,-68,SHORT,58668.85,58703.98,FALSE
06/30/2026,07/24/2026 17:26:23,21,21:15,58643.34,58722.18,58705.04,58769.47,58680.27,58739.82,+126,LONG,58703.98,58851.85,TRUE
06/30/2026,07/24/2026 17:26:23,21,21:30,58843.4,58888.99,58855.72,58906.7,58843.4,58891.44,+63,LONG,58851.85,59040.51,TRUE
06/30/2026,07/24/2026 17:26:23,21,21:45,58974.0,59005.0,58983.05,59068.0,59022.04,59040.51,+94,LONG,59040.51,58991.99,FALSE
06/30/2026,07/24/2026 17:26:23,22,22:00,59003.64,59029.97,58982.65,59005.76,58982.03,58997.18,-48,SHORT,58991.99,58898.85,TRUE
06/30/2026,07/24/2026 17:26:23,22,22:15,58898.01,58940.58,58896.01,58932.72,58898.84,58912.0,-45,SHORT,58898.85,58821.84,TRUE
06/30/2026,07/24/2026 17:26:23,22,22:30,58803.36,58840.01,58820.47,58855.0,58802.03,58841.27,-53,SHORT,58821.84,58843.72,FALSE
06/30/2026,07/24/2026 17:26:23,22,22:45,58843.21,58892.0,58834.16,58852.0,58843.72,58864.44,-58,SHORT,58843.72,59101.49,FALSE
06/30/2026,07/24/2026 17:26:23,23,23:00,59086.72,59132.63,59071.32,59097.0,59079.01,59107.0,-61,SHORT,59101.49,59024.76,TRUE
06/30/2026,07/24/2026 17:26:23,23,23:15,59031.73,59053.99,59010.0,59048.18,59010.0,59031.27,-44,SHORT,59024.76,59184.86,FALSE
06/30/2026,07/24/2026 17:26:23,23,23:30,59158.8,59185.28,59166.8,59179.11,59175.2,59188.49,+30,LONG,59184.86,59266.01,TRUE
06/30/2026,07/24/2026 17:26:23,23,23:45,59209.92,59249.35,59219.16,59284.34,59225.34,59287.99,+78,LONG,59266.01,59245.38,FALSE
07/01/2026,07/24/2026 17:26:23,0,00:00,59231.48,59262.0,59225.0,59246.88,59229.99,59253.02,-37,SHORT,59245.38,59197.6,TRUE
07/01/2026,07/24/2026 17:26:23,0,00:15,59152.63,59182.2,59163.71,59182.2,59162.02,59204.53,+52,LONG,59197.6,59082.51,FALSE
07/01/2026,07/24/2026 17:26:23,0,00:30,59104.29,59123.5,59053.85,59128.77,59068.24,59097.99,-70,SHORT,59082.51,59102.0,FALSE
07/01/2026,07/24/2026 17:26:23,0,00:45,59070.33,59099.03,59077.16,59091.46,59086.48,59103.24,+33,LONG,59102.0,59060.91,FALSE
07/01/2026,07/24/2026 17:26:23,1,01:00,59040.01,59053.82,59053.81,59061.23,59058.46,59068.24,+28,LONG,59060.91,58859.22,FALSE
07/01/2026,07/24/2026 17:26:23,1,01:15,58817.06,58852.0,58825.89,58854.59,58833.09,58861.47,+44,LONG,58859.22,58700.98,FALSE
07/01/2026,07/24/2026 17:26:23,1,01:30,58661.68,58716.0,58663.63,58695.56,58687.99,58701.6,-52,SHORT,58700.98,58612.0,TRUE
07/01/2026,07/24/2026 17:26:23,1,01:45,58536.98,58596.4,58578.89,58611.19,58583.01,58612.0,+75,LONG,58612.0,58666.65,TRUE
07/01/2026,07/24/2026 17:26:23,2,02:00,58664.11,58677.36,58656.45,58669.93,58641.41,58666.66,-36,SHORT,58666.65,58588.85,TRUE
07/01/2026,07/24/2026 17:26:23,2,02:15,58556.86,58600.21,58540.41,58579.86,58553.04,58600.0,-60,SHORT,58588.85,58648.79,FALSE
07/01/2026,07/24/2026 17:26:23,2,02:30,58688.95,58699.84,58652.62,58705.96,58648.79,58666.0,-57,SHORT,58648.79,58606.66,TRUE
07/01/2026,07/24/2026 17:26:23,2,02:45,58625.81,58656.45,58621.98,58637.05,58600.01,58637.77,-56,SHORT,58606.66,58686.91,FALSE
07/01/2026,07/24/2026 17:26:23,3,03:00,58669.02,58694.74,58660.0,58694.75,58665.86,58687.99,-35,SHORT,58686.91,58614.32,TRUE
07/01/2026,07/24/2026 17:26:23,3,03:15,58606.66,58648.79,58641.14,58650.0,58614.32,58642.9,+43,LONG,58614.32,58534.11,FALSE
07/01/2026,07/24/2026 17:26:23,3,03:30,58559.99,58599.31,58520.69,58576.45,58529.44,58552.46,-79,SHORT,58534.11,58653.73,FALSE
07/01/2026,07/24/2026 17:26:23,3,03:45,58555.36,58629.89,58609.07,58648.07,58631.71,58659.3,+104,LONG,58653.73,58896.0,TRUE
07/01/2026,07/24/2026 17:26:23,4,04:00,58742.0,58858.8,58842.0,58890.08,58873.5,58906.0,+164,LONG,58896.0,58871.78,FALSE
07/01/2026,07/24/2026 17:26:23,4,04:15,58908.0,58931.87,58867.21,58933.23,58846.21,58888.01,-87,SHORT,58871.78,58819.07,TRUE
07/01/2026,07/24/2026 17:26:23,4,04:30,58803.38,58830.02,58802.54,58811.12,58794.4,58820.04,-36,SHORT,58819.07,58807.84,TRUE
07/01/2026,07/24/2026 17:26:23,4,04:45,58797.9,58809.74,58794.75,58816.0,58795.29,58809.86,-21,SHORT,58807.84,58865.86,FALSE
07/01/2026,07/24/2026 17:26:23,5,05:00,58858.71,58881.39,58857.75,58869.77,58861.64,58875.63,-24,SHORT,58865.86,58682.02,TRUE
07/01/2026,07/24/2026 17:26:23,5,05:15,58690.8,58706.55,58679.08,58712.85,58675.05,58714.0,-38,SHORT,58682.02,58664.44,TRUE
07/01/2026,07/24/2026 17:26:23,5,05:30,58604.26,58662.45,58653.0,58671.88,58649.0,58668.0,+68,LONG,58664.44,58539.97,FALSE
07/01/2026,07/24/2026 17:26:23,5,05:45,58593.16,58628.57,58542.61,58602.6,58536.45,58553.92,-92,SHORT,58539.97,58577.4,FALSE
07/01/2026,07/24/2026 17:26:23,6,06:00,58586.85,58608.0,58588.94,58606.0,58573.43,58596.3,-35,SHORT,58577.4,58627.46,FALSE
07/01/2026,07/24/2026 17:26:23,6,06:15,58613.29,58660.94,58615.2,58644.04,58626.01,58649.82,-46,SHORT,58627.46,58615.2,TRUE
07/01/2026,07/24/2026 17:26:23,6,06:30,58634.1,58643.55,58612.05,58634.11,58608.19,58638.18,-35,SHORT,58615.2,58602.03,TRUE
07/01/2026,07/24/2026 17:26:23,6,06:45,58544.76,58598.67,58556.43,58591.25,58582.79,58604.0,+59,LONG,58602.03,58536.74,FALSE
07/01/2026,07/24/2026 17:26:23,7,07:00,58488.32,58530.02,58524.01,58549.05,58536.73,58547.26,+61,LONG,58536.74,58371.63,FALSE
07/01/2026,07/24/2026 17:26:23,7,07:15,58310.0,58391.54,58344.3,58373.28,58338.0,58381.78,+72,LONG,58371.63,58473.45,TRUE
07/01/2026,07/24/2026 17:26:23,7,07:30,58462.16,58495.49,58486.88,58517.54,58473.45,58495.5,+55,LONG,58473.45,58323.74,FALSE
07/01/2026,07/24/2026 17:26:23,7,07:45,58297.05,58376.49,58292.5,58322.0,58309.65,58340.18,-84,SHORT,58323.74,58443.44,FALSE
07/01/2026,07/24/2026 17:26:23,8,08:00,58385.26,58437.99,58413.6,58437.99,58418.23,58457.7,+72,LONG,58443.44,58587.97,TRUE
07/01/2026,07/24/2026 17:26:23,8,08:15,58582.62,58627.8,58586.85,58621.49,58563.08,58608.83,-65,SHORT,58587.97,58728.6,FALSE
07/01/2026,07/24/2026 17:26:23,8,08:30,58694.53,58725.15,58692.02,58728.58,58679.42,58766.92,+75,LONG,58728.6,58936.5,TRUE
07/01/2026,07/24/2026 17:26:23,8,08:45,58867.11,58937.99,58840.65,58912.52,58847.1,58961.66,+121,LONG,58936.5,59422.92,TRUE
07/01/2026,07/24/2026 17:26:23,9,09:00,59223.15,59312.0,59279.34,59340.24,59292.45,59449.94,+227,LONG,59422.92,59906.01,TRUE
07/01/2026,07/24/2026 17:26:23,9,09:15,59660.04,59756.67,59724.0,59858.9,59815.36,59922.02,+262,LONG,59906.01,59719.27,FALSE
07/01/2026,07/24/2026 17:26:23,9,09:30,59731.11,59856.9,59717.7,59771.25,59714.55,59773.05,-142,SHORT,59719.27,59539.04,TRUE
07/01/2026,07/24/2026 17:26:23,9,09:45,59559.08,59634.0,59582.17,59628.58,59525.55,59629.14,-108,SHORT,59539.04,59466.95,TRUE
07/01/2026,07/24/2026 17:26:23,10,10:00,59470.59,59545.37,59440.6,59476.44,59440.0,59471.02,-105,SHORT,59466.95,59860.02,FALSE
07/01/2026,07/24/2026 17:26:23,10,10:15,59758.79,59864.57,59824.8,59885.17,59826.0,59913.04,+154,LONG,59860.02,60246.02,TRUE
07/01/2026,07/24/2026 17:26:23,10,10:30,60277.37,60379.2,60218.55,60300.0,60236.53,60272.0,-161,SHORT,60246.02,60165.0,TRUE
07/01/2026,07/24/2026 17:26:23,10,10:45,60149.42,60177.77,60172.86,60198.48,60157.34,60174.47,+49,LONG,60165.0,60087.7,FALSE
07/01/2026,07/24/2026 17:26:23,11,11:00,60064.55,60081.45,60073.37,60083.83,60070.03,60131.26,+67,LONG,60087.7,60079.44,FALSE
07/01/2026,07/24/2026 17:26:23,11,11:15,60063.4,60090.81,60070.89,60104.07,60072.01,60104.05,+41,LONG,60079.44,60080.35,TRUE
07/01/2026,07/24/2026 17:26:23,11,11:30,60006.93,60138.22,60100.22,60201.52,60080.35,60118.72,+195,LONG,60080.35,60021.01,FALSE
07/01/2026,07/24/2026 17:26:23,11,11:45,59965.41,59977.63,59969.44,59982.99,59972.16,60021.02,+56,LONG,60021.01,59856.97,FALSE
07/01/2026,07/24/2026 17:26:23,12,12:00,59793.43,59833.45,59822.19,59864.98,59831.52,59860.0,+72,LONG,59856.97,59835.56,FALSE
07/01/2026,07/24/2026 17:26:23,12,12:15,59782.79,59832.54,59796.17,59844.81,59810.34,59845.9,+63,LONG,59835.56,60082.32,TRUE
07/01/2026,07/24/2026 17:26:23,12,12:30,60084.81,60110.58,60076.86,60096.78,60061.11,60091.13,-49,SHORT,60082.32,60092.29,FALSE
07/01/2026,07/24/2026 17:26:23,12,12:45,60088.31,60108.3,60081.5,60130.62,60089.74,60144.58,+63,LONG,60092.29,60129.4,TRUE
07/01/2026,07/24/2026 17:26:23,13,13:00,60126.2,60156.63,60132.7,60159.48,60106.62,60132.71,-53,SHORT,60129.4,60018.44,TRUE
07/01/2026,07/24/2026 17:26:23,13,13:15,59955.39,59979.03,59974.07,59998.79,59993.59,60021.0,+66,LONG,60018.44,60082.74,TRUE
07/01/2026,07/24/2026 17:26:23,13,13:30,60069.56,60088.85,60070.98,60093.28,60062.64,60085.58,-31,SHORT,60082.74,60157.31,FALSE
07/01/2026,07/24/2026 17:26:23,13,13:45,60133.26,60172.14,60122.93,60143.56,60118.74,60157.31,-53,SHORT,60157.31,60104.77,TRUE
07/01/2026,07/24/2026 17:26:23,14,14:00,60055.0,60101.86,60076.65,60093.63,60090.18,60116.42,+61,LONG,60104.77,60218.29,TRUE
07/01/2026,07/24/2026 17:26:23,14,14:15,60175.07,60203.91,60199.99,60223.53,60213.67,60223.61,+49,LONG,60218.29,60095.13,FALSE
07/01/2026,07/24/2026 17:26:23,14,14:30,60084.59,60097.72,60087.33,60115.21,60090.54,60101.28,+31,LONG,60095.13,60149.34,TRUE
07/01/2026,07/24/2026 17:26:23,14,14:45,60093.3,60134.2,60087.33,60129.2,60128.84,60158.66,+71,LONG,60149.34,59971.68,FALSE
07/01/2026,07/24/2026 17:26:23,15,15:00,59950.51,59986.22,59933.78,59976.77,59928.07,59991.02,-58,SHORT,59971.68,59932.0,TRUE
07/01/2026,07/24/2026 17:26:23,15,15:15,59860.31,59878.7,59868.66,59957.2,59926.8,59961.7,+101,LONG,59932.0,59910.95,FALSE
07/01/2026,07/24/2026 17:26:23,15,15:30,59911.49,59942.16,59900.97,59940.56,59894.01,59930.1,-48,SHORT,59910.95,59980.01,FALSE
07/01/2026,07/24/2026 17:26:23,15,15:45,59948.59,59960.79,59950.69,59980.67,59961.44,59981.49,+33,LONG,59980.01,60069.75,TRUE
07/01/2026,07/24/2026 17:26:23,16,16:00,60056.25,60068.22,60056.42,60068.29,60060.24,60069.97,+14,LONG,60069.75,60368.81,TRUE
07/01/2026,07/24/2026 17:26:23,16,16:15,60328.14,60390.0,60291.69,60398.74,60290.13,60383.97,-109,SHORT,60368.81,60460.41,FALSE
07/01/2026,07/24/2026 17:26:23,16,16:30,60356.07,60442.66,60430.28,60539.47,60436.33,60518.2,+183,LONG,60460.41,60746.33,TRUE
07/01/2026,07/24/2026 17:26:23,16,16:45,60719.49,60753.78,60749.61,60752.77,60733.29,60795.44,+76,LONG,60746.33,60752.33,TRUE
07/01/2026,07/24/2026 17:26:23,17,17:00,60734.42,60755.24,60747.37,60757.23,60740.29,60757.0,+23,LONG,60752.33,60742.79,FALSE
07/01/2026,07/24/2026 17:26:23,17,17:15,60750.9,60752.5,60744.95,60754.0,60741.23,60762.52,+18,LONG,60742.79,60496.0,FALSE
07/01/2026,07/24/2026 17:26:23,17,17:30,60683.08,60798.28,60635.27,60698.07,60488.94,60665.14,-309,SHORT,60496.0,60421.35,TRUE
07/01/2026,07/24/2026 17:26:23,17,17:45,60459.45,60491.75,60426.33,60494.67,60404.01,60436.52,-91,SHORT,60421.35,60408.41,TRUE
07/01/2026,07/24/2026 17:26:23,18,18:00,60368.51,60395.0,60380.0,60439.8,60404.92,60426.97,+71,LONG,60408.41,60179.07,FALSE
07/01/2026,07/24/2026 17:26:23,18,18:15,60177.0,60228.15,60176.57,60208.53,60163.64,60187.24,-65,SHORT,60179.07,60142.91,TRUE
07/01/2026,07/24/2026 17:26:23,18,18:30,60132.0,60170.0,60132.03,60162.0,60136.48,60154.0,-38,SHORT,60142.91,60087.64,TRUE
07/01/2026,07/24/2026 17:26:23,18,18:45,60063.98,60140.53,60080.35,60134.53,60084.01,60121.6,+71,LONG,60087.64,59961.45,FALSE
07/01/2026,07/24/2026 17:26:23,19,19:00,59973.31,60001.26,59991.54,60005.09,59950.0,60010.55,-55,SHORT,59961.45,59879.94,TRUE
07/01/2026,07/24/2026 17:26:23,19,19:15,59860.48,59902.36,59895.39,59926.43,59879.94,59925.97,+66,LONG,59879.94,59714.31,FALSE
07/01/2026,07/24/2026 17:26:23,19,19:30,59714.01,59754.0,59706.11,59718.0,59711.25,59731.35,-48,SHORT,59714.31,59559.56,TRUE
07/01/2026,07/24/2026 17:26:23,19,19:45,59529.83,59577.82,59520.02,59549.86,59534.89,59559.99,-58,SHORT,59559.56,59689.46,FALSE
07/01/2026,07/24/2026 17:26:23,20,20:00,59625.16,59647.59,59630.14,59645.9,59644.85,59689.46,+64,LONG,59689.46,59856.01,TRUE
07/01/2026,07/24/2026 17:26:23,20,20:15,59707.47,59797.65,59794.51,59870.82,59834.82,59872.43,+165,LONG,59856.01,59949.97,TRUE
07/01/2026,07/24/2026 17:26:23,20,20:30,59894.01,59939.45,59876.04,59926.79,59925.34,59950.0,+74,LONG,59949.97,60130.6,TRUE
07/01/2026,07/24/2026 17:26:23,20,20:45,60111.76,60143.17,60103.42,60141.13,60123.06,60133.98,-40,SHORT,60130.6,60112.25,TRUE
07/01/2026,07/24/2026 17:26:23,21,21:00,60045.45,60057.42,60056.0,60104.31,60081.1,60113.99,+69,LONG,60112.25,60073.55,FALSE
07/01/2026,07/24/2026 17:26:23,21,21:15,59979.41,60027.81,60027.8,60076.86,60048.94,60073.55,+97,LONG,60073.55,60134.94,TRUE
07/01/2026,07/24/2026 17:26:23,21,21:30,60129.21,60152.32,60118.74,60129.73,60101.29,60136.0,-51,SHORT,60134.94,60335.11,FALSE
07/01/2026,07/24/2026 17:26:23,21,21:45,60316.16,60338.61,60307.19,60332.05,60307.19,60335.12,-31,SHORT,60335.11,60353.88,FALSE
07/01/2026,07/24/2026 17:26:23,22,22:00,60363.15,60406.5,60382.52,60400.06,60349.08,60386.82,-57,SHORT,60353.88,60412.11,FALSE
07/01/2026,07/24/2026 17:26:23,22,22:15,60367.18,60376.51,60367.34,60407.15,60400.48,60415.71,+49,LONG,60412.11,60481.14,TRUE
07/01/2026,07/24/2026 17:26:23,22,22:30,60303.71,60649.15,60502.64,60652.32,60471.43,60518.53,+349,LONG,60481.14,60735.0,TRUE
07/01/2026,07/24/2026 17:26:23,22,22:45,60677.13,60699.6,60694.35,60729.43,60698.0,60736.0,+59,LONG,60735.0,60985.77,TRUE
07/01/2026,07/24/2026 17:26:23,23,23:00,60953.38,61056.19,60928.42,60992.35,60952.23,60992.0,-128,SHORT,60985.77,60868.0,TRUE
07/01/2026,07/24/2026 17:26:23,23,23:15,60848.15,60858.62,60857.81,60900.0,60862.11,60900.0,+52,LONG,60868.0,60784.93,FALSE
07/01/2026,07/24/2026 17:26:23,23,23:30,60737.63,60777.13,60716.47,60762.0,60740.86,60793.98,+78,LONG,60784.93,60699.6,FALSE
07/01/2026,07/24/2026 17:26:23,23,23:45,60696.31,60706.41,60653.68,60705.07,60662.01,60699.6,-53,SHORT,60699.6,60707.99,FALSE
07/02/2026,07/24/2026 17:26:23,0,00:00,60715.53,60761.01,60715.53,60746.94,60706.02,60746.94,-55,SHORT,60707.99,60780.0,FALSE
07/02/2026,07/24/2026 17:26:23,0,00:15,60726.0,60760.33,60741.93,60758.99,60741.93,60785.43,+59,LONG,60780.0,60669.27,FALSE
07/02/2026,07/24/2026 17:26:23,0,00:30,60637.51,60687.55,60660.9,60673.66,60660.0,60673.66,+36,LONG,60669.27,60536.0,FALSE
07/02/2026,07/24/2026 17:26:23,0,00:45,60521.02,60567.94,60525.68,60590.93,60525.67,60599.53,+79,LONG,60536.0,60433.52,FALSE
07/02/2026,07/24/2026 17:26:23,1,01:00,60444.05,60464.01,60432.05,60457.99,60424.82,60437.67,-39,SHORT,60433.52,60324.66,TRUE
07/02/2026,07/24/2026 17:26:23,1,01:15,60346.99,60356.06,60330.0,60346.99,60324.66,60339.99,-31,SHORT,60324.66,60395.01,FALSE
07/02/2026,07/24/2026 17:26:23,1,01:30,60394.45,60423.5,60407.32,60416.51,60390.96,60407.32,-33,SHORT,60395.01,60457.99,FALSE
07/02/2026,07/24/2026 17:26:23,1,01:45,60462.74,60486.08,60459.16,60468.6,60457.27,60482.98,-29,SHORT,60457.99,60188.22,TRUE
07/02/2026,07/24/2026 17:26:23,2,02:00,60179.58,60226.92,60213.0,60235.52,60188.22,60217.69,+56,LONG,60188.22,60150.15,FALSE
07/02/2026,07/24/2026 17:26:23,2,02:15,60153.41,60185.94,60126.92,60153.41,60130.23,60160.61,-59,SHORT,60150.15,60080.35,TRUE
07/02/2026,07/24/2026 17:26:23,2,02:30,60080.36,60099.85,60081.16,60120.24,60080.35,60116.3,-40,SHORT,60080.35,60051.13,TRUE
07/02/2026,07/24/2026 17:26:23,2,02:45,60059.97,60095.32,60067.89,60087.31,60051.13,60090.81,-44,SHORT,60051.13,60058.91,FALSE
07/02/2026,07/24/2026 17:26:23,3,03:00,60014.94,60080.35,60026.5,60041.96,60044.48,60058.92,-54,SHORT,60058.91,60230.41,FALSE
07/02/2026,07/24/2026 17:26:23,3,03:15,60174.42,60213.72,60202.5,60219.01,60204.67,60233.89,+59,LONG,60230.41,60277.98,TRUE
07/02/2026,07/24/2026 17:26:23,3,03:30,60296.85,60318.28,60294.6,60322.3,60275.47,60315.02,-47,SHORT,60277.98,60364.08,FALSE
07/02/2026,07/24/2026 17:26:23,3,03:45,60354.61,60359.86,60341.16,60359.52,60329.94,60366.95,-30,SHORT,60364.08,60434.13,FALSE
07/02/2026,07/24/2026 17:26:23,4,04:00,60420.42,60430.33,60420.55,60433.63,60427.46,60438.35,+18,LONG,60434.13,60392.53,FALSE
07/02/2026,07/24/2026 17:26:23,4,04:15,60348.64,60388.0,60383.04,60430.46,60378.0,60419.7,+82,LONG,60392.53,60525.15,TRUE
07/02/2026,07/24/2026 17:26:23,4,04:30,60463.6,60534.65,60516.94,60553.55,60525.14,60538.31,+90,LONG,60525.15,60999.4,TRUE
07/02/2026,07/24/2026 17:26:23,4,04:45,60920.87,61120.0,60848.01,61023.5,60909.64,61081.99,-272,SHORT,60999.4,61092.9,FALSE
07/02/2026,07/24/2026 17:26:23,5,05:00,61166.26,61193.88,61119.08,61176.99,61072.59,61145.26,-121,SHORT,61092.9,61145.4,FALSE
07/02/2026,07/24/2026 17:26:23,5,05:15,61026.51,61065.0,61064.83,61148.91,61104.13,61150.76,+124,LONG,61145.4,61135.85,FALSE
07/02/2026,07/24/2026 17:26:23,5,05:30,61084.81,61136.33,61080.01,61110.15,61085.42,61146.02,+66,LONG,61135.85,61128.23,FALSE
07/02/2026,07/24/2026 17:26:23,5,05:45,61223.8,61276.15,61172.0,61248.01,61117.56,61196.0,-159,SHORT,61128.23,61185.64,FALSE
07/02/2026,07/24/2026 17:26:23,6,06:00,61182.66,61199.12,61178.92,61198.38,61178.92,61193.29,-20,SHORT,61185.64,61202.88,FALSE
07/02/2026,07/24/2026 17:26:23,6,06:15,61226.0,61287.38,61207.31,61238.76,61197.47,61216.33,-90,SHORT,61202.88,61218.79,FALSE
07/02/2026,07/24/2026 17:26:23,6,06:30,61207.89,61249.77,61210.23,61261.2,61203.57,61226.0,-58,SHORT,61218.79,61223.81,FALSE
07/02/2026,07/24/2026 17:26:23,6,06:45,61199.25,61227.53,61203.85,61257.46,61223.8,61251.33,+58,LONG,61223.81,61283.64,TRUE
07/02/2026,07/24/2026 17:26:23,7,07:00,61149.67,61227.37,61197.62,61241.22,61232.99,61311.11,+161,LONG,61283.64,61285.17,TRUE
07/02/2026,07/24/2026 17:26:23,7,07:15,61234.6,61251.51,61237.23,61249.24,61240.08,61294.49,+60,LONG,61285.17,61264.07,FALSE
07/02/2026,07/24/2026 17:26:23,7,07:30,61156.9,61182.67,61137.78,61188.25,61187.97,61290.83,+153,LONG,61264.07,61308.75,TRUE
07/02/2026,07/24/2026 17:26:23,7,07:45,61231.27,61282.01,61267.84,61339.0,61285.06,61325.22,+108,LONG,61308.75,61470.47,TRUE
07/02/2026,07/24/2026 17:26:23,8,08:00,61448.61,61490.21,61451.55,61518.33,61451.49,61484.42,+70,LONG,61470.47,61614.07,TRUE
07/02/2026,07/24/2026 17:26:23,8,08:15,61580.92,61633.97,61613.25,61672.93,61601.23,61624.17,+92,LONG,61614.07,61613.89,FALSE
07/02/2026,07/24/2026 17:26:23,8,08:30,61806.48,61862.01,61609.86,61807.29,61579.35,61643.59,-283,SHORT,61613.89,61899.24,FALSE
07/02/2026,07/24/2026 17:26:23,8,08:45,61786.14,61864.01,61813.27,61969.55,61874.29,61944.17,+183,LONG,61899.24,61877.29,FALSE
07/02/2026,07/24/2026 17:26:23,9,09:00,61745.35,61816.67,61790.63,61868.54,61836.41,61911.68,+166,LONG,61877.29,62023.6,TRUE
07/02/2026,07/24/2026 17:26:23,9,09:15,61854.11,62042.13,61998.0,62146.65,62020.05,62115.98,+293,LONG,62023.6,61604.46,FALSE
07/02/2026,07/24/2026 17:26:23,9,09:30,61501.95,61685.42,61512.94,61608.01,61589.52,61647.15,-172,SHORT,61604.46,61360.42,TRUE
07/02/2026,07/24/2026 17:26:23,9,09:45,61321.35,61416.17,61348.83,61415.01,61355.61,61397.82,+94,LONG,61360.42,61634.27,TRUE
07/02/2026,07/24/2026 17:26:23,10,10:00,61505.84,61558.07,61515.17,61552.23,61545.45,61640.07,+134,LONG,61634.27,61522.48,FALSE
07/02/2026,07/24/2026 17:26:23,10,10:15,61518.33,61565.55,61516.07,61550.27,61505.28,61548.01,-60,SHORT,61522.48,61648.57,FALSE
07/02/2026,07/24/2026 17:26:23,10,10:30,61698.02,61747.99,61694.61,61744.62,61626.28,61784.0,-122,SHORT,61648.57,61663.49,FALSE
07/02/2026,07/24/2026 17:26:23,10,10:45,61606.48,61647.08,61634.06,61689.75,61650.0,61684.96,+83,LONG,61663.49,61543.76,FALSE
07/02/2026,07/24/2026 17:26:23,11,11:00,61515.61,61552.0,61518.61,61560.86,61535.42,61568.87,+53,LONG,61543.76,61633.12,TRUE
07/02/2026,07/24/2026 17:26:23,11,11:15,61583.81,61658.59,61638.83,61681.17,61628.03,61687.3,+103,LONG,61633.12,61132.87,FALSE
07/02/2026,07/24/2026 17:26:23,11,11:30,61125.11,61398.82,61103.0,61158.99,61074.21,61158.66,-325,SHORT,61132.87,61373.57,FALSE
07/02/2026,07/24/2026 17:26:23,11,11:45,61322.04,61349.6,61325.13,61373.75,61336.77,61391.28,+69,LONG,61373.57,61621.98,TRUE
07/02/2026,07/24/2026 17:26:23,12,12:00,61569.98,61589.51,61551.75,61589.52,61588.43,61633.58,+82,LONG,61621.98,61728.56,TRUE
07/02/2026,07/24/2026 17:26:23,12,12:15,61640.0,61672.03,61630.51,61712.57,61712.56,61733.75,+103,LONG,61728.56,61811.94,TRUE
07/02/2026,07/24/2026 17:26:23,12,12:30,61769.31,61825.0,61814.38,61840.09,61796.77,61827.58,+71,LONG,61811.94,61721.4,FALSE
07/02/2026,07/24/2026 17:26:23,12,12:45,61728.52,61771.68,61714.95,61738.68,61711.56,61728.0,-60,SHORT,61721.4,61604.61,TRUE
07/02/2026,07/24/2026 17:26:23,13,13:00,61615.34,61627.81,61592.91,61623.44,61597.52,61604.62,-35,SHORT,61604.61,61767.11,FALSE
07/02/2026,07/24/2026 17:26:23,13,13:15,61734.0,61760.23,61747.68,61800.0,61764.0,61785.19,+66,LONG,61767.11,61799.59,TRUE
07/02/2026,07/24/2026 17:26:23,13,13:30,61725.84,61743.99,61743.54,61778.43,61761.06,61813.39,+88,LONG,61799.59,61707.64,FALSE
07/02/2026,07/24/2026 17:26:23,13,13:45,61710.08,61723.91,61722.0,61738.67,61707.62,61736.86,-31,SHORT,61707.64,61699.16,TRUE
07/02/2026,07/24/2026 17:26:23,14,14:00,61643.25,61668.0,61662.94,61683.54,61671.72,61702.0,+59,LONG,61699.16,61599.0,FALSE
07/02/2026,07/24/2026 17:26:23,14,14:15,61530.47,61572.57,61567.63,61607.7,61588.83,61604.26,+77,LONG,61599.0,61546.73,FALSE
07/02/2026,07/24/2026 17:26:23,14,14:30,61493.17,61508.16,61502.89,61548.09,61533.42,61558.71,+66,LONG,61546.73,61515.44,FALSE
07/02/2026,07/24/2026 17:26:23,14,14:45,61502.15,61519.38,61505.82,61516.92,61515.43,61526.54,+24,LONG,61515.44,61424.29,FALSE
07/02/2026,07/24/2026 17:26:23,15,15:00,61499.26,61529.04,61423.0,61525.8,61369.55,61437.27,-159,SHORT,61424.29,61368.03,TRUE
07/02/2026,07/24/2026 17:26:23,15,15:15,61375.95,61396.0,61364.25,61383.99,61366.47,61374.29,-32,SHORT,61368.03,61329.98,TRUE
07/02/2026,07/24/2026 17:26:23,15,15:30,61330.15,61341.95,61332.01,61337.99,61329.01,61334.0,-13,SHORT,61329.98,61295.44,TRUE
07/02/2026,07/24/2026 17:26:23,15,15:45,61317.46,61331.88,61291.21,61324.77,61286.57,61305.9,-45,SHORT,61295.44,61509.01,FALSE
07/02/2026,07/24/2026 17:26:23,16,16:00,61357.31,61520.87,61504.77,61524.0,61500.0,61525.71,+168,LONG,61509.01,61451.53,FALSE
07/02/2026,07/24/2026 17:26:23,16,16:15,61466.42,61479.66,61452.4,61481.03,61449.45,61457.16,-32,SHORT,61451.53,61464.77,FALSE
07/02/2026,07/24/2026 17:26:23,16,16:30,61464.14,61465.49,61463.65,61465.49,61463.78,61465.49,+2,LONG,61464.77,61450.73,FALSE
07/02/2026,07/24/2026 17:26:23,16,16:45,61448.04,61454.18,61442.23,61459.0,61447.97,61457.36,+15,LONG,61450.73,61517.07,TRUE
07/02/2026,07/24/2026 17:26:23,17,17:00,61476.04,61495.31,61491.21,61504.77,61500.03,61521.88,+46,LONG,61517.07,61457.3,FALSE
07/02/2026,07/24/2026 17:26:23,17,17:15,61450.98,61465.22,61444.96,61456.75,61445.78,61457.31,-20,SHORT,61457.3,61446.12,TRUE
07/02/2026,07/24/2026 17:26:23,17,17:30,61454.0,61457.99,61454.0,61456.94,61446.12,61455.85,-12,SHORT,61446.12,61451.2,FALSE
07/02/2026,07/24/2026 17:26:23,17,17:45,61445.09,61453.06,61447.99,61451.54,61448.99,61451.2,+6,LONG,61451.2,61397.76,FALSE
07/02/2026,07/24/2026 17:26:23,18,18:00,61450.54,61467.43,61430.01,61453.99,61397.76,61435.18,-70,SHORT,61397.76,61278.83,TRUE
07/02/2026,07/24/2026 17:26:23,18,18:15,61278.42,61291.5,61275.41,61279.99,61275.33,61280.35,-16,SHORT,61278.83,61425.68,FALSE
07/02/2026,07/24/2026 17:26:23,18,18:30,61432.04,61456.52,61431.4,61440.61,61425.67,61434.08,-31,SHORT,61425.68,61397.42,TRUE
07/02/2026,07/24/2026 17:26:23,18,18:45,61359.99,61383.95,61378.84,61406.46,61397.39,61413.24,+53,LONG,61397.42,61484.02,TRUE
07/02/2026,07/24/2026 17:26:23,19,19:00,61475.07,61505.98,61472.94,61485.95,61482.93,61487.83,-33,SHORT,61484.02,61341.6,TRUE
07/02/2026,07/24/2026 17:26:23,19,19:15,61324.73,61342.05,61333.64,61383.61,61311.54,61374.86,-72,SHORT,61341.6,61220.25,TRUE
07/02/2026,07/24/2026 17:26:23,19,19:30,61268.94,61285.72,61243.74,61269.15,61217.97,61250.69,-68,SHORT,61220.25,61257.08,FALSE
07/02/2026,07/24/2026 17:26:23,19,19:45,61230.18,61257.51,61225.26,61248.35,61237.43,61257.08,-32,SHORT,61257.08,61221.06,TRUE
07/02/2026,07/24/2026 17:26:23,20,20:00,61237.43,61262.27,61213.23,61238.0,61216.0,61236.96,-49,SHORT,61221.06,61548.85,FALSE
07/02/2026,07/24/2026 17:26:23,20,20:15,61423.41,61453.92,61453.91,61557.03,61526.22,61634.99,+212,LONG,61548.85,61481.04,FALSE
07/02/2026,07/24/2026 17:26:23,20,20:30,61474.26,61497.67,61475.99,61522.2,61481.04,61502.92,+48,LONG,61481.04,61583.92,TRUE
07/02/2026,07/24/2026 17:26:23,20,20:45,61619.26,61657.49,61599.69,61647.75,61580.3,61604.62,-77,SHORT,61583.92,61511.47,TRUE
07/02/2026,07/24/2026 17:26:23,21,21:00,61536.0,61557.97,61539.56,61550.68,61501.39,61543.45,-57,SHORT,61511.47,61445.24,TRUE
07/02/2026,07/24/2026 17:26:23,21,21:15,61432.69,61472.24,61442.0,61457.31,61440.36,61451.73,-32,SHORT,61445.24,61317.3,TRUE
07/02/2026,07/24/2026 17:26:23,21,21:30,61386.12,61397.84,61362.2,61397.85,61317.3,61374.2,-81,SHORT,61317.3,61284.24,TRUE
07/02/2026,07/24/2026 17:26:23,21,21:45,61255.39,61301.58,61236.95,61264.08,61245.64,61284.24,-65,SHORT,61284.24,61353.03,FALSE
07/02/2026,07/24/2026 17:26:23,22,22:00,61326.45,61344.02,61341.3,61383.37,61351.95,61362.31,+57,LONG,61353.03,61249.11,FALSE
07/02/2026,07/24/2026 17:26:23,22,22:15,61242.21,61265.62,61240.35,61277.64,61240.0,61273.61,-38,SHORT,61249.11,61460.0,FALSE
07/02/2026,07/24/2026 17:26:23,22,22:30,61454.93,61469.02,61459.11,61469.02,61455.41,61472.41,+17,LONG,61460.0,61312.04,FALSE
07/02/2026,07/24/2026 17:26:23,22,22:45,61303.23,61335.75,61315.13,61332.03,61312.03,61338.65,+35,LONG,61312.04,61350.93,TRUE
07/02/2026,07/24/2026 17:26:23,23,23:00,61297.95,61332.57,61332.54,61374.89,61349.89,61373.23,+77,LONG,61350.93,61349.99,FALSE
07/02/2026,07/24/2026 17:26:23,23,23:15,61326.36,61336.8,61334.95,61336.8,61334.95,61350.0,+24,LONG,61349.99,61360.19,TRUE
07/02/2026,07/24/2026 17:26:23,23,23:30,61325.31,61335.27,61332.91,61343.63,61343.62,61360.2,+35,LONG,61360.19,61426.03,TRUE
07/02/2026,07/24/2026 17:26:23,23,23:45,61431.97,61438.91,61416.63,61436.01,61393.29,61448.07,-46,SHORT,61426.03,61366.03,TRUE
07/03/2026,07/24/2026 17:26:23,0,00:00,61330.99,61380.57,61365.21,61430.0,61365.44,61404.8,+99,LONG,61366.03,61460.68,TRUE
07/03/2026,07/24/2026 17:26:23,0,00:15,61450.84,61459.06,61451.49,61460.69,61453.52,61463.23,+12,LONG,61460.68,61552.54,TRUE
07/03/2026,07/24/2026 17:26:23,0,00:30,61574.42,61603.07,61554.08,61579.88,61552.54,61587.36,-51,SHORT,61552.54,61621.15,FALSE
07/03/2026,07/24/2026 17:26:23,0,00:45,61565.8,61600.78,61579.36,61607.93,61603.99,61624.21,+58,LONG,61621.15,61623.29,TRUE
07/03/2026,07/24/2026 17:26:23,1,01:00,61626.35,61651.65,61621.72,61630.02,61621.72,61624.75,-30,SHORT,61623.29,61650.35,FALSE
07/03/2026,07/24/2026 17:26:23,1,01:15,61722.0,61738.31,61657.32,61733.05,61646.28,61667.42,-92,SHORT,61650.35,61641.62,TRUE
07/03/2026,07/24/2026 17:26:23,1,01:30,61638.16,61643.77,61640.0,61644.39,61636.98,61642.11,-7,SHORT,61641.62,61572.45,TRUE
07/03/2026,07/24/2026 17:26:23,1,01:45,61557.81,61617.85,61562.04,61588.42,61563.44,61575.26,-56,SHORT,61572.45,61631.13,FALSE
07/03/2026,07/24/2026 17:26:23,2,02:00,61653.93,61667.88,61653.93,61658.0,61631.13,61657.64,-37,SHORT,61631.13,61622.03,TRUE
07/03/2026,07/24/2026 17:26:23,2,02:15,61623.82,61638.53,61611.47,61624.61,61622.02,61632.02,-27,SHORT,61622.03,61685.15,FALSE
07/03/2026,07/24/2026 17:26:23,2,02:30,61648.02,61651.48,61648.02,61661.6,61652.36,61694.12,+46,LONG,61685.15,61743.21,TRUE
07/03/2026,07/24/2026 17:26:23,2,02:45,61722.92,61752.0,61726.28,61737.52,61729.9,61750.91,+28,LONG,61743.21,61679.99,FALSE
07/03/2026,07/24/2026 17:26:23,3,03:00,61686.12,61715.07,61683.16,61687.12,61676.23,61691.97,-39,SHORT,61679.99,61672.73,TRUE
07/03/2026,07/24/2026 17:26:23,3,03:15,61671.13,61689.32,61666.0,61689.32,61666.5,61678.0,-23,SHORT,61672.73,61704.78,FALSE
07/03/2026,07/24/2026 17:26:23,3,03:30,61701.0,61756.0,61701.0,61725.51,61700.36,61712.21,-56,SHORT,61704.78,61796.82,FALSE
07/03/2026,07/24/2026 17:26:23,3,03:45,61686.24,61723.2,61720.11,61838.61,61776.0,61816.0,+152,LONG,61796.82,61507.04,FALSE
07/03/2026,07/24/2026 17:26:23,4,04:00,61521.46,61526.41,61476.98,61532.24,61485.17,61516.84,-49,SHORT,61507.04,61626.28,FALSE
07/03/2026,07/24/2026 17:26:23,4,04:15,61559.96,61578.17,61559.96,61589.99,61589.98,61632.49,+73,LONG,61626.28,61612.36,FALSE
07/03/2026,07/24/2026 17:26:23,4,04:30,61575.36,61603.85,61572.29,61613.86,61608.99,61614.41,+42,LONG,61612.36,61587.51,FALSE
07/03/2026,07/24/2026 17:26:23,4,04:45,61544.65,61550.31,61546.6,61573.82,61569.95,61587.61,+43,LONG,61587.51,61640.05,TRUE
07/03/2026,07/24/2026 17:26:23,5,05:00,61656.48,61664.68,61642.39,61659.38,61640.05,61655.07,-25,SHORT,61640.05,61656.99,FALSE
07/03/2026,07/24/2026 17:26:23,5,05:15,61615.41,61700.0,61658.32,61687.47,61638.5,61671.95,+72,LONG,61656.99,61673.92,TRUE
07/03/2026,07/24/2026 17:26:23,5,05:30,61662.55,61677.0,61658.0,61676.48,61666.54,61686.84,+29,LONG,61673.92,61944.95,TRUE
07/03/2026,07/24/2026 17:26:23,5,05:45,61741.71,61756.87,61744.76,61880.0,61854.71,61970.59,+229,LONG,61944.95,61844.03,FALSE
07/03/2026,07/24/2026 17:26:23,6,06:00,61861.7,61888.38,61855.63,61864.09,61838.0,61871.03,-50,SHORT,61844.03,61945.74,FALSE
07/03/2026,07/24/2026 17:26:23,6,06:15,61848.02,61913.86,61904.92,61958.64,61928.11,61957.27,+111,LONG,61945.74,61909.54,FALSE
07/03/2026,07/24/2026 17:26:23,6,06:30,61860.13,61905.97,61905.59,61931.13,61881.56,61932.34,+72,LONG,61909.54,61816.3,FALSE
07/03/2026,07/24/2026 17:26:23,6,06:45,61812.82,61819.63,61802.93,61815.31,61805.67,61820.0,+17,LONG,61816.3,61943.92,TRUE
07/03/2026,07/24/2026 17:26:23,7,07:00,61936.5,61952.0,61929.52,61945.54,61939.67,61970.77,+41,LONG,61943.92,62077.39,TRUE
07/03/2026,07/24/2026 17:26:23,7,07:15,62038.89,62082.34,62012.73,62078.47,62015.96,62087.73,+75,LONG,62077.39,61886.33,FALSE
07/03/2026,07/24/2026 17:26:23,7,07:30,61856.7,61883.06,61835.36,61884.19,61838.91,61886.34,+51,LONG,61886.33,61853.73,FALSE
07/03/2026,07/24/2026 17:26:23,7,07:45,61860.06,61899.96,61838.51,61884.46,61839.58,61853.97,-61,SHORT,61853.73,61905.97,FALSE
07/03/2026,07/24/2026 17:26:23,8,08:00,61872.8,61899.91,61878.97,61903.26,61903.19,61910.92,+38,LONG,61905.97,61984.65,TRUE
07/03/2026,07/24/2026 17:26:23,8,08:15,61943.99,61987.07,61970.0,61997.34,61980.5,61997.53,+54,LONG,61984.65,62029.55,TRUE
07/03/2026,07/24/2026 17:26:23,8,08:30,61972.68,62020.05,62015.6,62058.69,62012.72,62050.0,+86,LONG,62029.55,62085.1,TRUE
07/03/2026,07/24/2026 17:26:23,8,08:45,62040.44,62089.71,62058.0,62117.75,62066.0,62098.96,+77,LONG,62085.1,62051.15,FALSE
07/03/2026,07/24/2026 17:26:23,9,09:00,62037.36,62063.36,62028.12,62076.35,62033.98,62064.14,-42,SHORT,62051.15,61700.0,TRUE
07/03/2026,07/24/2026 17:26:23,9,09:15,61826.0,61885.03,61635.78,61831.01,61620.03,61700.0,-265,SHORT,61700.0,61864.26,FALSE
07/03/2026,07/24/2026 17:26:23,9,09:30,61797.53,61821.76,61789.43,61844.69,61831.1,61864.27,+75,LONG,61864.26,61991.15,TRUE
07/03/2026,07/24/2026 17:26:23,9,09:45,61951.12,61987.69,61942.41,61968.01,61957.44,61991.15,+49,LONG,61991.15,62101.61,TRUE
07/03/2026,07/24/2026 17:26:23,10,10:00,62118.84,62144.24,62109.37,62149.36,62098.96,62120.52,-50,SHORT,62101.61,62129.33,FALSE
07/03/2026,07/24/2026 17:26:23,10,10:15,62193.77,62275.81,62143.9,62224.29,62115.35,62177.1,-160,SHORT,62129.33,61945.03,TRUE
07/03/2026,07/24/2026 17:26:23,10,10:30,61934.29,61954.21,61936.68,61956.0,61935.72,61951.16,+22,LONG,61945.03,61779.75,FALSE
07/03/2026,07/24/2026 17:26:23,10,10:45,61761.05,61819.2,61731.8,61818.68,61760.16,61827.56,+96,LONG,61779.75,61864.26,TRUE
07/03/2026,07/24/2026 17:26:23,11,11:00,61857.98,61869.33,61844.61,61866.25,61853.83,61871.03,+26,LONG,61864.26,61873.41,TRUE
07/03/2026,07/24/2026 17:26:23,11,11:15,61911.71,61931.17,61838.1,61912.0,61868.12,61888.41,-93,SHORT,61873.41,62014.68,FALSE
07/03/2026,07/24/2026 17:26:23,11,11:30,61975.77,62002.27,62000.0,62018.88,62011.98,62022.0,+46,LONG,62014.68,61990.0,FALSE
07/03/2026,07/24/2026 17:26:23,11,11:45,61999.6,62012.74,61996.71,62012.47,61990.0,62015.79,-23,SHORT,61990.0,62045.31,FALSE
07/03/2026,07/24/2026 17:26:23,12,12:00,62046.6,62065.99,62031.2,62056.53,62034.88,62053.99,-35,SHORT,62045.31,62135.3,FALSE
07/03/2026,07/24/2026 17:26:23,12,12:15,62134.01,62182.44,62158.03,62180.93,62135.29,62180.93,-47,SHORT,62135.3,62129.82,TRUE
07/03/2026,07/24/2026 17:26:23,12,12:30,62126.67,62139.64,62129.82,62133.05,62129.82,62139.0,+12,LONG,62129.82,62168.24,TRUE
07/03/2026,07/24/2026 17:26:23,12,12:45,62190.16,62220.0,62170.17,62190.55,62163.98,62184.01,-56,SHORT,62168.24,62139.9,TRUE
07/03/2026,07/24/2026 17:26:23,13,13:00,62145.16,62163.63,62121.54,62145.17,62111.43,62139.9,-52,SHORT,62139.9,62109.0,TRUE
07/03/2026,07/24/2026 17:26:23,13,13:15,62098.08,62117.99,62101.09,62108.11,62102.0,62109.01,-17,SHORT,62109.0,62125.46,FALSE
07/03/2026,07/24/2026 17:26:23,13,13:30,62089.71,62106.43,62100.59,62113.05,62110.54,62125.9,+36,LONG,62125.46,62169.01,TRUE
07/03/2026,07/24/2026 17:26:23,13,13:45,62137.61,62181.89,62154.4,62162.16,62162.15,62169.57,+32,LONG,62169.01,62149.99,FALSE
07/03/2026,07/24/2026 17:26:23,14,14:00,62171.42,62182.73,62151.81,62184.01,62142.08,62165.97,-42,SHORT,62149.99,62127.28,TRUE
07/03/2026,07/24/2026 17:26:23,14,14:15,62094.0,62120.53,62121.21,62162.54,62127.27,62153.28,+69,LONG,62127.28,62170.79,TRUE
07/03/2026,07/24/2026 17:26:23,14,14:30,62154.0,62178.69,62169.79,62178.69,62163.64,62170.79,+25,LONG,62170.79,62171.81,TRUE
07/03/2026,07/24/2026 17:26:23,14,14:45,62187.27,62214.87,62188.84,62209.84,62165.62,62189.42,-49,SHORT,62171.81,62153.87,TRUE
07/03/2026,07/24/2026 17:26:23,15,15:00,62158.0,62185.18,62135.92,62168.97,62144.01,62179.48,-49,SHORT,62153.87,62375.13,FALSE
07/03/2026,07/24/2026 17:26:23,15,15:15,62312.22,62334.05,62317.13,62335.64,62323.8,62387.94,+76,LONG,62375.13,62556.16,TRUE
07/03/2026,07/24/2026 17:26:23,15,15:30,62566.0,62611.99,62545.56,62577.91,62539.4,62569.47,-73,SHORT,62556.16,62645.94,FALSE
07/03/2026,07/24/2026 17:26:23,15,15:45,62578.02,62631.77,62628.72,62670.77,62641.01,62659.14,+93,LONG,62645.94,62715.23,TRUE
07/03/2026,07/24/2026 17:26:23,16,16:00,62630.05,62700.02,62649.4,62675.0,62670.12,62729.79,+100,LONG,62715.23,62690.32,FALSE
07/03/2026,07/24/2026 17:26:23,16,16:15,62762.98,62827.98,62761.73,62899.99,62674.6,62770.0,-225,SHORT,62690.32,62564.03,TRUE
07/03/2026,07/24/2026 17:26:23,16,16:30,62567.99,62589.52,62575.29,62587.23,62538.05,62575.29,-51,SHORT,62564.03,62543.47,TRUE
07/03/2026,07/24/2026 17:26:23,16,16:45,62475.8,62499.36,62499.32,62538.52,62513.92,62565.92,+90,LONG,62543.47,62669.4,TRUE
07/03/2026,07/24/2026 17:26:23,17,17:00,62677.38,62699.31,62671.84,62701.04,62668.38,62682.11,-33,SHORT,62669.4,62568.12,TRUE
07/03/2026,07/24/2026 17:26:23,17,17:15,62546.15,62559.84,62545.2,62557.59,62549.8,62569.62,+24,LONG,62568.12,62568.67,TRUE
07/03/2026,07/24/2026 17:26:23,17,17:30,62582.54,62593.99,62565.69,62586.18,62565.69,62569.23,-28,SHORT,62568.67,62556.37,TRUE
07/03/2026,07/24/2026 17:26:23,17,17:45,62496.46,62528.64,62517.85,62547.56,62542.13,62556.37,+60,LONG,62556.37,62512.79,FALSE
07/03/2026,07/24/2026 17:26:23,18,18:00,62524.0,62537.99,62524.0,62535.1,62508.61,62524.81,-29,SHORT,62512.79,62499.36,TRUE
07/03/2026,07/24/2026 17:26:23,18,18:15,62493.27,62505.91,62505.88,62508.2,62499.36,62512.32,+19,LONG,62499.36,62563.36,TRUE
07/03/2026,07/24/2026 17:26:23,18,18:30,62506.1,62529.99,62525.39,62549.98,62544.01,62563.37,+57,LONG,62563.36,62642.35,TRUE
07/03/2026,07/24/2026 17:26:23,18,18:45,62615.0,62627.93,62615.0,62626.9,62607.16,62642.35,+27,LONG,62642.35,62520.22,FALSE
07/03/2026,07/24/2026 17:26:23,19,19:00,62530.06,62540.53,62534.03,62550.0,62511.07,62556.0,-39,SHORT,62520.22,62760.0,FALSE
07/03/2026,07/24/2026 17:26:23,19,19:15,62768.71,62795.54,62748.84,62875.12,62756.0,62867.82,-119,SHORT,62760.0,62705.24,TRUE
07/03/2026,07/24/2026 17:26:23,19,19:30,62686.01,62699.47,62688.0,62703.83,62698.0,62705.72,+20,LONG,62705.24,62655.74,FALSE
07/03/2026,07/24/2026 17:26:23,19,19:45,62674.71,62686.78,62656.44,62680.17,62646.01,62656.44,-41,SHORT,62655.74,62693.36,FALSE
07/03/2026,07/24/2026 17:26:23,20,20:00,62695.8,62705.94,62691.47,62700.06,62690.0,62704.78,-16,SHORT,62693.36,62453.36,TRUE
07/03/2026,07/24/2026 17:26:23,20,20:15,62448.08,62474.73,62437.76,62462.4,62447.21,62457.81,-37,SHORT,62453.36,62429.98,TRUE
07/03/2026,07/24/2026 17:26:23,20,20:30,62370.0,62403.88,62360.0,62389.04,62379.99,62429.99,+70,LONG,62429.98,62391.55,FALSE
07/03/2026,07/24/2026 17:26:23,20,20:45,62399.22,62414.75,62374.17,62402.44,62378.0,62391.55,-41,SHORT,62391.55,62403.49,FALSE
07/03/2026,07/24/2026 17:26:23,21,21:00,62419.25,62431.6,62431.26,62439.77,62397.49,62449.85,-42,SHORT,62403.49,62458.59,FALSE
07/03/2026,07/24/2026 17:26:23,21,21:15,62493.62,62505.65,62484.07,62501.57,62452.71,62484.08,-53,SHORT,62458.59,62436.73,TRUE
07/03/2026,07/24/2026 17:26:23,21,21:30,62414.01,62424.71,62404.81,62424.68,62411.6,62444.75,+40,LONG,62436.73,62437.75,TRUE
07/03/2026,07/24/2026 17:26:23,21,21:45,62426.48,62431.01,62431.0,62437.73,62434.12,62437.76,+11,LONG,62437.75,62481.95,TRUE
07/03/2026,07/24/2026 17:26:23,22,22:00,62480.88,62493.72,62470.04,62483.89,62472.57,62483.89,-24,SHORT,62481.95,62499.89,FALSE
07/03/2026,07/24/2026 17:26:23,22,22:15,62465.99,62476.76,62475.11,62507.29,62496.86,62510.58,+45,LONG,62499.89,62512.08,TRUE
07/03/2026,07/24/2026 17:26:23,22,22:30,62505.33,62510.46,62494.43,62504.7,62487.16,62515.49,-23,SHORT,62512.08,62654.3,FALSE
07/03/2026,07/24/2026 17:26:23,22,22:45,62637.78,62672.0,62635.45,62662.02,62636.37,62659.48,-37,SHORT,62654.3,62560.56,TRUE
07/03/2026,07/24/2026 17:26:23,23,23:00,62569.99,62586.67,62580.15,62586.67,62560.45,62586.66,-26,SHORT,62560.56,62594.1,FALSE
07/03/2026,07/24/2026 17:26:23,23,23:15,62628.72,62642.92,62602.0,62634.0,62592.92,62605.46,-50,SHORT,62594.1,62604.08,FALSE
07/03/2026,07/24/2026 17:26:23,23,23:30,62619.53,62646.64,62617.19,62629.27,62604.08,62623.52,-43,SHORT,62604.08,62632.54,FALSE
07/03/2026,07/24/2026 17:26:23,23,23:45,62605.24,62628.63,62604.44,62619.48,62603.49,62647.66,+43,LONG,62632.54,62628.17,FALSE
07/04/2026,07/24/2026 17:26:23,0,00:00,62582.52,62598.25,62591.03,62600.58,62594.92,62644.11,+62,LONG,62628.17,62518.9,FALSE
07/04/2026,07/24/2026 17:26:23,0,00:15,62517.88,62525.67,62524.05,62526.0,62517.84,62524.13,-8,SHORT,62518.9,62454.44,TRUE
07/04/2026,07/24/2026 17:26:23,0,00:30,62441.55,62482.18,62433.01,62461.99,62441.19,62464.45,-49,SHORT,62454.44,62507.52,FALSE
07/04/2026,07/24/2026 17:26:23,0,00:45,62483.96,62511.49,62484.02,62495.81,62493.1,62507.99,-27,SHORT,62507.52,62412.4,TRUE
07/04/2026,07/24/2026 17:26:23,1,01:00,62385.98,62400.01,62386.39,62404.63,62395.48,62413.12,+27,LONG,62412.4,62376.71,FALSE
07/04/2026,07/24/2026 17:26:23,1,01:15,62413.97,62424.6,62400.0,62420.48,62370.0,62401.08,-55,SHORT,62376.71,62359.53,TRUE
07/04/2026,07/24/2026 17:26:23,1,01:30,62274.16,62314.56,62309.4,62336.11,62336.11,62382.32,+108,LONG,62359.53,62395.99,TRUE
07/04/2026,07/24/2026 17:26:23,1,01:45,62426.27,62433.27,62403.88,62430.27,62395.99,62396.0,-37,SHORT,62395.99,62434.82,FALSE
07/04/2026,07/24/2026 17:26:23,2,02:00,62440.7,62442.0,62440.04,62442.0,62434.82,62442.0,-7,SHORT,62434.82,62482.28,FALSE
07/04/2026,07/24/2026 17:26:23,2,02:15,62453.75,62480.89,62434.0,62466.36,62457.92,62485.99,+52,LONG,62482.28,62481.48,FALSE
07/04/2026,07/24/2026 17:26:23,2,02:30,62480.88,62496.27,62496.04,62496.27,62478.26,62496.04,-18,SHORT,62481.48,62443.0,TRUE
07/04/2026,07/24/2026 17:26:23,2,02:45,62444.5,62459.1,62444.5,62455.66,62434.51,62459.1,-25,SHORT,62443.0,62511.63,FALSE
07/04/2026,07/24/2026 17:26:23,3,03:00,62505.47,62532.0,62520.92,62532.52,62511.63,62521.78,+27,LONG,62511.63,62485.98,FALSE
07/04/2026,07/24/2026 17:26:23,3,03:15,62452.92,62461.94,62452.92,62471.22,62471.21,62485.99,+33,LONG,62485.98,62490.71,TRUE
07/04/2026,07/24/2026 17:26:23,3,03:30,62509.33,62513.67,62509.44,62514.68,62490.71,62511.02,-24,SHORT,62490.71,62536.31,FALSE
07/04/2026,07/24/2026 17:26:23,3,03:45,62514.0,62536.44,62521.44,62536.84,62527.08,62536.32,+23,LONG,62536.31,62495.09,FALSE
07/04/2026,07/24/2026 17:26:23,4,04:00,62513.79,62542.48,62502.45,62517.93,62489.89,62513.08,-53,SHORT,62495.09,62447.98,TRUE
07/04/2026,07/24/2026 17:26:23,4,04:15,62474.72,62493.12,62456.24,62474.73,62447.98,62460.32,-45,SHORT,62447.98,62413.11,TRUE
07/04/2026,07/24/2026 17:26:23,4,04:30,62398.28,62402.26,62399.39,62402.26,62399.24,62415.0,+17,LONG,62413.11,62385.4,FALSE
07/04/2026,07/24/2026 17:26:23,4,04:45,62377.37,62398.43,62382.96,62396.49,62385.4,62388.99,+19,LONG,62385.4,62429.05,TRUE
07/04/2026,07/24/2026 17:26:23,5,05:00,62442.38,62449.99,62434.01,62441.97,62429.04,62434.98,-21,SHORT,62429.05,62403.88,TRUE
07/04/2026,07/24/2026 17:26:23,5,05:15,62401.54,62423.99,62414.92,62421.84,62403.88,62418.01,+20,LONG,62403.88,62437.76,TRUE
07/04/2026,07/24/2026 17:26:23,5,05:30,62451.2,62459.28,62437.76,62455.72,62431.6,62440.0,-28,SHORT,62437.76,62430.59,TRUE
07/04/2026,07/24/2026 17:26:23,5,05:45,62421.89,62425.33,62407.95,62424.38,62424.37,62430.6,+23,LONG,62430.59,62450.08,TRUE
07/04/2026,07/24/2026 17:26:23,6,06:00,62476.02,62482.29,62479.89,62486.43,62450.08,62481.05,-36,SHORT,62450.08,62467.0,FALSE
07/04/2026,07/24/2026 17:26:23,6,06:15,62440.84,62447.0,62442.0,62445.7,62443.7,62468.56,+28,LONG,62467.0,62422.36,FALSE
07/04/2026,07/24/2026 17:26:23,6,06:30,62427.72,62431.06,62404.79,62427.74,62410.04,62429.72,-26,SHORT,62422.36,62435.1,FALSE
07/04/2026,07/24/2026 17:26:23,6,06:45,62428.52,62435.14,62430.35,62450.52,62434.68,62450.51,+22,LONG,62435.1,62428.52,FALSE
07/04/2026,07/24/2026 17:26:23,7,07:00,62447.01,62455.07,62436.0,62447.01,62428.52,62443.35,-27,SHORT,62428.52,62509.21,FALSE
07/04/2026,07/24/2026 17:26:23,7,07:15,62510.18,62514.0,62510.47,62512.99,62506.72,62514.53,-7,SHORT,62509.21,62534.99,FALSE
07/04/2026,07/24/2026 17:26:23,7,07:30,62511.91,62522.91,62521.43,62561.99,62530.16,62549.24,+50,LONG,62534.99,62567.1,TRUE
07/04/2026,07/24/2026 17:26:23,7,07:45,62552.0,62566.88,62552.3,62562.62,62558.38,62567.17,+15,LONG,62567.1,62604.66,TRUE
07/04/2026,07/24/2026 17:26:23,8,08:00,62563.95,62588.66,62584.97,62624.26,62604.66,62637.6,+74,LONG,62604.66,62568.34,FALSE
07/04/2026,07/24/2026 17:26:23,8,08:15,62533.26,62540.76,62536.23,62541.28,62538.0,62572.42,+39,LONG,62568.34,62600.23,TRUE
07/04/2026,07/24/2026 17:26:23,8,08:30,62588.04,62622.94,62587.42,62592.64,62587.42,62600.24,-36,SHORT,62600.23,62533.24,TRUE
07/04/2026,07/24/2026 17:26:23,8,08:45,62510.14,62528.87,62500.01,62558.26,62533.24,62551.11,+51,LONG,62533.24,62538.0,TRUE
07/04/2026,07/24/2026 17:26:23,9,09:00,62515.2,62534.08,62534.07,62539.49,62535.4,62539.02,+24,LONG,62538.0,62614.59,TRUE
07/04/2026,07/24/2026 17:26:23,9,09:15,62600.99,62637.6,62601.0,62628.72,62603.96,62626.0,-37,SHORT,62614.59,62621.45,FALSE
07/04/2026,07/24/2026 17:26:23,9,09:30,62608.34,62620.74,62599.08,62612.58,62599.08,62627.92,+29,LONG,62621.45,62628.15,TRUE
07/04/2026,07/24/2026 17:26:23,9,09:45,62607.16,62622.55,62607.94,62640.01,62628.14,62643.47,+36,LONG,62628.15,62644.81,TRUE
07/04/2026,07/24/2026 17:26:23,10,10:00,62602.41,62612.56,62607.24,62636.88,62635.03,62644.82,+42,LONG,62644.81,62772.59,TRUE
07/04/2026,07/24/2026 17:26:23,10,10:15,62727.28,62806.0,62725.31,62779.67,62722.17,62773.21,-84,SHORT,62772.59,62868.96,FALSE
07/04/2026,07/24/2026 17:26:23,10,10:30,62788.89,62820.62,62798.69,62843.61,62839.61,62868.96,+80,LONG,62868.96,62870.95,TRUE
07/04/2026,07/24/2026 17:26:23,10,10:45,62846.19,62866.35,62847.4,62863.3,62845.49,62870.96,+25,LONG,62870.95,62881.22,TRUE
07/04/2026,07/24/2026 17:26:23,11,11:00,62862.86,62893.04,62862.8,62880.21,62865.49,62882.97,-30,SHORT,62881.22,62731.19,TRUE
07/04/2026,07/24/2026 17:26:23,11,11:15,62754.2,62817.45,62750.0,62776.55,62731.19,62761.15,-86,SHORT,62731.19,62814.29,FALSE
07/04/2026,07/24/2026 17:26:23,11,11:30,62808.0,62824.77,62816.6,62826.0,62814.29,62828.02,+20,LONG,62814.29,62855.49,TRUE
07/04/2026,07/24/2026 17:26:23,11,11:45,62848.41,62878.0,62835.43,62863.9,62839.14,62878.57,+43,LONG,62855.49,62865.88,TRUE
07/04/2026,07/24/2026 17:26:23,12,12:00,62844.99,62870.98,62862.81,62875.11,62865.88,62877.12,+32,LONG,62865.88,62810.43,FALSE
07/04/2026,07/24/2026 17:26:23,12,12:15,62858.06,62870.48,62795.04,62858.06,62795.04,62810.43,-75,SHORT,62810.43,62930.83,FALSE
07/04/2026,07/24/2026 17:26:23,12,12:30,62920.24,62932.0,62906.01,62920.24,62908.93,62938.49,+32,LONG,62930.83,63121.51,TRUE
07/04/2026,07/24/2026 17:26:23,12,12:45,63054.0,63084.55,63069.16,63095.31,63084.01,63121.52,+68,LONG,63121.51,63221.15,TRUE
07/04/2026,07/24/2026 17:26:23,13,13:00,63276.99,63302.63,63262.07,63284.64,63221.14,63271.99,-81,SHORT,63221.15,63264.02,FALSE
07/04/2026,07/24/2026 17:26:23,13,13:15,63192.75,63226.26,63212.33,63247.79,63239.66,63287.29,+95,LONG,63264.02,63128.12,FALSE
07/04/2026,07/24/2026 17:26:23,13,13:30,63107.74,63126.75,63105.46,63125.14,63093.8,63141.68,+36,LONG,63128.12,63048.0,FALSE
07/04/2026,07/24/2026 17:26:23,13,13:45,63075.1,63095.81,63088.18,63091.57,63045.85,63091.07,-50,SHORT,63048.0,63113.34,FALSE
07/04/2026,07/24/2026 17:26:23,14,14:00,63105.5,63116.41,63100.0,63112.92,63100.0,63113.35,-16,SHORT,63113.34,63119.91,FALSE
07/04/2026,07/24/2026 17:26:23,14,14:15,63146.71,63173.88,63066.08,63146.72,63103.04,63121.67,-108,SHORT,63119.91,63317.28,FALSE
07/04/2026,07/24/2026 17:26:23,14,14:30,63241.64,63293.87,63293.87,63326.56,63297.23,63318.17,+85,LONG,63317.28,63307.47,FALSE
07/04/2026,07/24/2026 17:26:23,14,14:45,63285.59,63306.02,63300.16,63318.0,63304.16,63318.92,+33,LONG,63307.47,63233.98,FALSE
07/04/2026,07/24/2026 17:26:23,15,15:00,63241.89,63260.29,63253.96,63268.0,63233.88,63253.97,-34,SHORT,63233.98,63284.0,FALSE
07/04/2026,07/24/2026 17:26:23,15,15:15,63287.85,63298.79,63298.78,63311.85,63277.51,63313.05,-34,SHORT,63284.0,63114.15,TRUE
07/04/2026,07/24/2026 17:26:23,15,15:30,63119.35,63132.3,63103.93,63127.73,63108.6,63118.44,-28,SHORT,63114.15,63239.14,FALSE
07/04/2026,07/24/2026 17:26:23,15,15:45,63195.44,63208.33,63195.44,63220.92,63214.99,63239.15,+44,LONG,63239.14,63180.56,FALSE
07/04/2026,07/24/2026 17:26:23,16,16:00,63227.62,63243.59,63172.14,63234.9,63180.04,63189.29,-71,SHORT,63180.56,63297.08,FALSE
07/04/2026,07/24/2026 17:26:23,16,16:15,63216.32,63257.19,63251.41,63318.63,63287.84,63314.48,+102,LONG,63297.08,63386.51,TRUE
07/04/2026,07/24/2026 17:26:23,16,16:30,63342.0,63355.99,63355.28,63383.32,63371.01,63394.47,+52,LONG,63386.51,63241.15,FALSE
07/04/2026,07/24/2026 17:26:23,16,16:45,63284.76,63297.53,63261.56,63292.93,63236.04,63265.58,-61,SHORT,63241.15,63237.99,TRUE
07/04/2026,07/24/2026 17:26:23,17,17:00,63272.45,63282.0,63264.94,63278.0,63235.78,63264.95,-46,SHORT,63237.99,63195.43,TRUE
07/04/2026,07/24/2026 17:26:23,17,17:15,63160.0,63187.49,63181.16,63221.6,63179.89,63221.6,+62,LONG,63195.43,63173.11,FALSE
07/04/2026,07/24/2026 17:26:23,17,17:30,63146.16,63155.38,63148.03,63154.31,63136.92,63173.11,+27,LONG,63173.11,63140.03,FALSE
07/04/2026,07/24/2026 17:26:23,17,17:45,63149.24,63156.97,63154.26,63154.46,63140.03,63165.0,-17,SHORT,63140.03,63139.99,TRUE
07/04/2026,07/24/2026 17:26:23,18,18:00,63129.7,63140.0,63116.0,63130.21,63127.68,63139.99,-24,SHORT,63139.99,62939.02,TRUE
07/04/2026,07/24/2026 17:26:23,18,18:15,63031.99,63113.36,63019.95,63049.98,62934.08,63033.03,-179,SHORT,62939.02,63046.0,FALSE
07/04/2026,07/24/2026 17:26:23,18,18:30,63025.31,63042.51,63031.32,63043.95,63032.84,63046.01,+21,LONG,63046.0,63156.18,TRUE
07/04/2026,07/24/2026 17:26:23,18,18:45,63085.17,63100.71,63078.4,63152.31,63142.45,63170.79,+92,LONG,63156.18,63086.45,FALSE
07/04/2026,07/24/2026 17:26:23,19,19:00,63081.79,63112.85,63081.79,63095.85,63082.04,63093.83,-31,SHORT,63086.45,62999.35,TRUE
07/04/2026,07/24/2026 17:26:23,19,19:15,62964.48,63009.72,62987.95,63002.0,62999.35,63005.33,+41,LONG,62999.35,62997.91,FALSE
07/04/2026,07/24/2026 17:26:23,19,19:30,62954.06,62994.46,62958.28,62985.37,62964.39,63000.0,+46,LONG,62997.91,63035.95,TRUE
07/04/2026,07/24/2026 17:26:23,19,19:45,63044.53,63050.76,63047.09,63069.23,63026.73,63059.2,-42,SHORT,63035.95,62930.55,TRUE
07/04/2026,07/24/2026 17:26:23,20,20:00,62869.29,62890.51,62880.11,62915.98,62902.88,62930.56,+61,LONG,62930.55,62930.9,TRUE
07/04/2026,07/24/2026 17:26:23,20,20:15,62940.0,62955.2,62940.97,62956.65,62923.98,62956.65,-33,SHORT,62930.9,62882.4,TRUE
07/04/2026,07/24/2026 17:26:23,20,20:30,62846.0,62896.73,62890.04,62914.42,62878.2,62901.51,+68,LONG,62882.4,62811.49,FALSE
07/04/2026,07/24/2026 17:26:23,20,20:45,62803.14,62805.38,62803.97,62825.82,62802.01,62825.82,-24,SHORT,62811.49,62831.68,FALSE
07/04/2026,07/24/2026 17:26:23,21,21:00,62834.27,62843.05,62834.87,62843.43,62827.3,62845.08,-16,SHORT,62831.68,62680.0,TRUE
07/04/2026,07/24/2026 17:26:23,21,21:15,62697.01,62733.99,62678.63,62701.54,62677.28,62694.04,-57,SHORT,62680.0,62701.12,FALSE
07/04/2026,07/24/2026 17:26:23,21,21:30,62631.8,62662.6,62655.25,62679.33,62662.6,62701.13,+69,LONG,62701.12,62586.41,FALSE
07/04/2026,07/24/2026 17:26:23,21,21:45,62671.84,62724.98,62616.41,62681.08,62565.97,62650.28,-159,SHORT,62586.41,62639.98,FALSE
07/04/2026,07/24/2026 17:26:23,22,22:00,62604.33,62628.72,62615.06,62634.72,62633.35,62639.99,+36,LONG,62639.98,62707.19,TRUE
07/04/2026,07/24/2026 17:26:23,22,22:15,62706.32,62712.15,62712.14,62716.67,62707.19,62735.27,+29,LONG,62707.19,62612.46,FALSE
07/04/2026,07/24/2026 17:26:23,22,22:30,62624.04,62633.52,62625.11,62633.44,62585.0,62625.12,-49,SHORT,62612.46,62681.2,FALSE
07/04/2026,07/24/2026 17:26:23,22,22:45,62702.68,62710.0,62671.84,62715.95,62671.21,62682.49,-45,SHORT,62681.2,62711.21,FALSE
07/04/2026,07/24/2026 17:26:23,23,23:00,62710.19,62727.29,62713.38,62735.95,62710.19,62737.65,+27,LONG,62711.21,62731.99,TRUE
07/04/2026,07/24/2026 17:26:23,23,23:15,62742.52,62755.99,62742.92,62761.68,62731.5,62752.13,-30,SHORT,62731.99,62810.01,FALSE
07/04/2026,07/24/2026 17:26:23,23,23:30,62795.04,62807.34,62804.01,62807.3,62800.0,62815.87,+21,LONG,62810.01,62879.99,TRUE
07/04/2026,07/24/2026 17:26:23,23,23:45,62880.0,62890.49,62884.36,62894.07,62878.19,62884.37,-16,SHORT,62879.99,62757.61,TRUE
07/05/2026,07/24/2026 17:26:23,0,00:00,62771.32,62782.72,62773.48,62791.45,62757.11,62779.16,-34,SHORT,62757.61,62691.62,TRUE
07/05/2026,07/24/2026 17:26:23,0,00:15,62704.0,62711.87,62708.0,62714.4,62686.49,62710.01,-28,SHORT,62691.62,62693.98,FALSE
07/05/2026,07/24/2026 17:26:23,0,00:30,62710.5,62720.47,62710.5,62720.47,62679.59,62725.17,-41,SHORT,62693.98,62619.45,TRUE
07/05/2026,07/24/2026 17:26:23,0,00:45,62600.0,62649.36,62621.3,62632.77,62610.24,62630.01,-39,SHORT,62619.45,62679.99,FALSE
07/05/2026,07/24/2026 17:26:23,1,01:00,62695.88,62706.07,62700.34,62710.0,62676.42,62708.79,-34,SHORT,62679.99,62665.33,TRUE
07/05/2026,07/24/2026 17:26:23,1,01:15,62640.57,62662.6,62646.03,62654.66,62654.12,62665.33,+25,LONG,62665.33,62740.64,TRUE
07/05/2026,07/24/2026 17:26:23,1,01:30,62720.97,62720.98,62720.97,62729.88,62729.87,62740.65,+20,LONG,62740.64,62700.01,FALSE
07/05/2026,07/24/2026 17:26:23,1,01:45,62687.24,62700.55,62699.55,62705.72,62696.68,62705.12,+18,LONG,62700.01,62722.06,TRUE
07/05/2026,07/24/2026 17:26:23,2,02:00,62724.2,62731.49,62719.72,62728.55,62715.65,62730.61,-16,SHORT,62722.06,62702.5,TRUE
07/05/2026,07/24/2026 17:26:23,2,02:15,62706.7,62717.04,62706.24,62713.31,62700.76,62709.01,-16,SHORT,62702.5,62695.06,TRUE
07/05/2026,07/24/2026 17:26:23,2,02:30,62687.24,62702.65,62682.63,62696.48,62694.0,62696.48,-20,SHORT,62695.06,62863.47,FALSE
07/05/2026,07/24/2026 17:26:23,2,02:45,62841.23,62856.64,62844.02,62893.55,62863.47,62875.1,+52,LONG,62863.47,62958.44,TRUE
07/05/2026,07/24/2026 17:26:23,3,03:00,62952.01,62991.32,62970.3,63001.39,62958.44,63001.38,+49,LONG,62958.44,62955.76,FALSE
07/05/2026,07/24/2026 17:26:23,3,03:15,62903.68,62924.27,62924.26,62970.05,62952.12,62976.41,+73,LONG,62955.76,62881.27,FALSE
07/05/2026,07/24/2026 17:26:23,3,03:30,62855.8,62890.58,62856.08,62880.26,62875.11,62881.28,-34,SHORT,62881.27,62881.28,FALSE
07/05/2026,07/24/2026 17:26:23,3,03:45,62890.52,62904.0,62884.71,62896.84,62881.28,62891.3,-23,SHORT,62881.28,62858.34,TRUE
07/05/2026,07/24/2026 17:26:23,4,04:00,62879.06,62880.77,62880.76,62888.0,62855.32,62896.0,-33,SHORT,62858.34,62815.1,TRUE
07/05/2026,07/24/2026 17:26:23,4,04:15,62840.41,62847.38,62843.18,62847.39,62785.22,62843.19,-62,SHORT,62815.1,62679.14,TRUE
07/05/2026,07/24/2026 17:26:23,4,04:30,62675.0,62703.85,62675.0,62679.39,62675.88,62684.15,-29,SHORT,62679.14,62480.49,TRUE
07/05/2026,07/24/2026 17:26:23,4,04:45,62475.55,62548.63,62384.08,62493.19,62414.68,62484.12,-165,SHORT,62480.49,62565.89,FALSE
07/05/2026,07/24/2026 17:26:23,5,05:00,62562.0,62573.28,62564.37,62570.19,62564.02,62570.19,-9,SHORT,62565.89,62628.73,FALSE
07/05/2026,07/24/2026 17:26:23,5,05:15,62631.8,62647.98,62632.73,62645.76,62628.72,62647.28,-19,SHORT,62628.73,62638.08,FALSE
07/05/2026,07/24/2026 17:26:23,5,05:30,62628.72,62655.25,62632.98,62645.47,62637.32,62643.79,-22,SHORT,62638.08,62634.87,TRUE
07/05/2026,07/24/2026 17:26:23,5,05:45,62622.51,62633.86,62626.78,62629.73,62628.71,62634.87,+12,LONG,62634.87,62700.78,TRUE
07/05/2026,07/24/2026 17:26:23,6,06:00,62691.34,62698.28,62695.84,62699.56,62695.9,62701.83,+10,LONG,62700.78,62647.2,FALSE
07/05/2026,07/24/2026 17:26:23,6,06:15,62625.0,62659.52,62637.96,62659.52,62645.7,62656.44,+35,LONG,62647.2,62573.28,FALSE
07/05/2026,07/24/2026 17:26:23,6,06:30,62554.75,62576.03,62576.02,62582.56,62573.28,62595.15,+40,LONG,62573.28,62628.45,TRUE
07/05/2026,07/24/2026 17:26:23,6,06:45,62635.24,62649.27,62637.97,62644.87,62628.45,62659.09,+24,LONG,62628.45,62610.01,FALSE
07/05/2026,07/24/2026 17:26:23,7,07:00,62606.02,62611.06,62610.4,62614.08,62567.05,62620.1,-47,SHORT,62610.01,62567.37,TRUE
07/05/2026,07/24/2026 17:26:23,7,07:15,62560.41,62570.19,62564.04,62571.57,62560.37,62571.56,-11,SHORT,62567.37,62699.4,FALSE
07/05/2026,07/24/2026 17:26:23,7,07:30,62669.33,62691.18,62669.33,62673.86,62671.79,62699.41,+30,LONG,62699.4,62658.0,FALSE
07/05/2026,07/24/2026 17:26:23,7,07:45,62662.6,62667.93,62649.01,62667.92,62658.0,62658.1,-19,SHORT,62658.0,62692.42,FALSE
07/05/2026,07/24/2026 17:26:23,8,08:00,62670.6,62679.96,62676.67,62679.97,62677.55,62692.43,+22,LONG,62692.42,62678.01,FALSE
07/05/2026,07/24/2026 17:26:23,8,08:15,62707.0,62713.32,62688.71,62713.41,62678.0,62688.72,-35,SHORT,62678.01,62639.66,TRUE
07/05/2026,07/24/2026 17:26:23,8,08:30,62580.02,62677.99,62610.24,62644.12,62634.42,62644.11,-68,SHORT,62639.66,62694.03,FALSE
07/05/2026,07/24/2026 17:26:23,8,08:45,62672.45,62683.5,62681.98,62687.61,62683.83,62702.63,+30,LONG,62694.03,62738.8,TRUE
07/05/2026,07/24/2026 17:26:23,9,09:00,62725.37,62730.37,62718.77,62738.43,62730.36,62738.81,+20,LONG,62738.8,62678.01,FALSE
07/05/2026,07/24/2026 17:26:23,9,09:15,62656.0,62684.14,62659.82,62681.99,62678.01,62694.0,+38,LONG,62678.01,62654.97,FALSE
07/05/2026,07/24/2026 17:26:23,9,09:30,62652.06,62674.92,62654.11,62674.92,62654.71,62661.77,+23,LONG,62654.97,62688.42,TRUE
07/05/2026,07/24/2026 17:26:23,9,09:45,62677.73,62699.54,62690.94,62733.44,62682.94,62702.51,+56,LONG,62688.42,62758.87,TRUE
07/05/2026,07/24/2026 17:26:23,10,10:00,62724.73,62736.52,62732.36,62759.99,62744.91,62762.7,+38,LONG,62758.87,62755.9,FALSE
07/05/2026,07/24/2026 17:26:23,10,10:15,62769.31,62804.99,62785.97,62801.19,62755.9,62785.99,-49,SHORT,62755.9,62718.61,TRUE
07/05/2026,07/24/2026 17:26:23,10,10:30,62723.0,62742.0,62727.36,62739.6,62718.61,62729.99,-23,SHORT,62718.61,62645.76,TRUE
07/05/2026,07/24/2026 17:26:23,10,10:45,62628.51,62684.15,62641.04,62658.95,62644.0,62662.41,-43,SHORT,62645.76,62686.17,FALSE
07/05/2026,07/24/2026 17:26:23,11,11:00,62691.51,62704.6,62682.21,62693.63,62681.08,62686.18,-24,SHORT,62686.17,62641.04,TRUE
07/05/2026,07/24/2026 17:26:23,11,11:15,62669.41,62678.0,62662.78,62675.71,62635.33,62677.12,-43,SHORT,62641.04,62570.19,TRUE
07/05/2026,07/24/2026 17:26:23,11,11:30,62606.12,62625.64,62624.0,62625.64,62549.55,62624.01,-76,SHORT,62570.19,62575.5,FALSE
07/05/2026,07/24/2026 17:26:23,11,11:45,62566.08,62585.97,62560.02,62570.07,62563.89,62576.36,-26,SHORT,62575.5,62569.98,TRUE
07/05/2026,07/24/2026 17:26:23,12,12:00,62582.59,62599.9,62586.89,62597.89,62562.06,62603.44,-38,SHORT,62569.98,62670.59,FALSE
07/05/2026,07/24/2026 17:26:23,12,12:15,62641.04,62659.2,62640.0,62649.37,62643.9,62670.75,+31,LONG,62670.59,62632.22,FALSE
07/05/2026,07/24/2026 17:26:23,12,12:30,62660.09,62678.29,62628.72,62664.06,62632.22,62634.5,-50,SHORT,62632.22,62549.99,TRUE
07/05/2026,07/24/2026 17:26:23,12,12:45,62612.42,62626.52,62567.12,62616.53,62544.92,62568.0,-82,SHORT,62549.99,62571.4,FALSE
07/05/2026,07/24/2026 17:26:23,13,13:00,62558.4,62573.27,62572.2,62578.0,62568.01,62582.52,+24,LONG,62571.4,62606.54,TRUE
07/05/2026,07/24/2026 17:26:23,13,13:15,62603.4,62616.54,62602.83,62606.44,62590.01,62606.55,-27,SHORT,62606.54,62624.37,FALSE
07/05/2026,07/24/2026 17:26:23,13,13:30,62662.0,62671.97,62647.2,62664.96,62618.2,62647.21,-54,SHORT,62624.37,62718.29,FALSE
07/05/2026,07/24/2026 17:26:23,13,13:45,62692.01,62702.64,62694.44,62707.98,62694.77,62718.3,+26,LONG,62718.29,62764.59,TRUE
07/05/2026,07/24/2026 17:26:23,14,14:00,62756.47,62772.98,62761.16,62771.95,62755.0,62778.24,+22,LONG,62764.59,62788.6,TRUE
07/05/2026,07/24/2026 17:26:23,14,14:15,62766.56,62800.89,62792.39,62816.09,62778.8,62800.67,+50,LONG,62788.6,62737.13,FALSE
07/05/2026,07/24/2026 17:26:23,14,14:30,62698.0,62707.2,62703.74,62714.96,62702.65,62742.0,+44,LONG,62737.13,62757.57,TRUE
07/05/2026,07/24/2026 17:26:23,14,14:45,62714.99,62727.28,62712.91,62721.48,62715.76,62769.46,+57,LONG,62757.57,62710.99,FALSE
07/05/2026,07/24/2026 17:26:23,15,15:00,62713.15,62722.62,62712.28,62724.0,62710.01,62726.03,-14,SHORT,62710.99,62762.88,FALSE
07/05/2026,07/24/2026 17:26:23,15,15:15,62759.12,62764.84,62755.01,62763.96,62759.0,62764.0,-10,SHORT,62762.88,62671.17,TRUE
07/05/2026,07/24/2026 17:26:23,15,15:30,62667.29,62667.89,62644.12,62672.8,62656.14,62672.07,+28,LONG,62671.17,62692.0,TRUE
07/05/2026,07/24/2026 17:26:23,15,15:45,62681.81,62684.53,62684.42,62686.73,62686.02,62692.82,+11,LONG,62692.0,62673.93,FALSE
07/05/2026,07/24/2026 17:26:23,16,16:00,62681.65,62692.6,62681.65,62700.5,62670.01,62690.84,-30,SHORT,62673.93,62686.01,FALSE
07/05/2026,07/24/2026 17:26:23,16,16:15,62625.8,62668.75,62668.75,62694.01,62672.97,62705.71,+80,LONG,62686.01,62862.8,TRUE
07/05/2026,07/24/2026 17:26:23,16,16:30,62822.95,62831.31,62820.46,62862.8,62862.79,62881.27,+61,LONG,62862.8,62968.69,TRUE
07/05/2026,07/24/2026 17:26:23,16,16:45,62877.21,62905.91,62879.49,62945.11,62927.12,62975.29,+98,LONG,62968.69,63034.92,TRUE
07/05/2026,07/24/2026 17:26:23,17,17:00,63108.92,63141.61,63094.92,63138.49,63026.6,63094.92,-115,SHORT,63034.92,63163.62,FALSE
07/05/2026,07/24/2026 17:26:23,17,17:15,63065.88,63111.38,63100.47,63157.85,63132.1,63164.01,+98,LONG,63163.62,63649.89,TRUE
07/05/2026,07/24/2026 17:26:23,17,17:30,63474.39,63525.0,63509.6,63699.99,63605.09,63660.74,+226,LONG,63649.89,63505.01,FALSE
07/05/2026,07/24/2026 17:26:23,17,17:45,63480.2,63534.24,63486.24,63518.83,63478.8,63520.0,-55,SHORT,63505.01,63678.31,FALSE
07/05/2026,07/24/2026 17:26:23,18,18:00,63521.92,63626.64,63584.0,63662.03,63634.01,63688.24,+166,LONG,63678.31,63910.07,TRUE
07/05/2026,07/24/2026 17:26:23,18,18:15,63786.8,63857.64,63848.4,63891.52,63850.0,63930.2,+143,LONG,63910.07,63610.09,FALSE
07/05/2026,07/24/2026 17:26:23,18,18:30,63633.33,63675.0,63670.05,63708.18,63593.39,63681.0,-115,SHORT,63610.09,63638.13,FALSE
07/05/2026,07/24/2026 17:26:23,18,18:45,63627.17,63657.43,63614.86,63656.84,63634.73,63673.88,+59,LONG,63638.13,63580.44,FALSE
07/05/2026,07/24/2026 17:26:23,19,19:00,63512.68,63536.63,63525.93,63554.06,63546.56,63604.01,+91,LONG,63580.44,63534.24,FALSE
07/05/2026,07/24/2026 17:26:23,19,19:15,63466.48,63497.54,63470.27,63507.34,63478.02,63534.24,+68,LONG,63534.24,63352.18,FALSE
07/05/2026,07/24/2026 17:26:23,19,19:30,63399.25,63432.6,63373.99,63437.46,63342.84,63416.55,-95,SHORT,63352.18,63543.82,FALSE
07/05/2026,07/24/2026 17:26:23,19,19:45,63528.08,63591.5,63526.89,63560.04,63519.02,63549.53,-72,SHORT,63543.82,63697.48,FALSE
07/05/2026,07/24/2026 17:26:23,20,20:00,63614.38,63644.25,63632.34,63666.67,63666.67,63705.67,+91,LONG,63697.48,63746.23,TRUE
07/05/2026,07/24/2026 17:26:23,20,20:15,63703.64,63727.29,63710.33,63772.91,63710.9,63785.0,+81,LONG,63746.23,63672.01,FALSE
07/05/2026,07/24/2026 17:26:23,20,20:30,63540.0,63595.83,63586.01,63642.32,63622.34,63681.3,+141,LONG,63672.01,63660.53,FALSE
07/05/2026,07/24/2026 17:26:23,20,20:45,63661.39,63723.4,63682.48,63697.93,63660.52,63688.24,-63,SHORT,63660.53,63510.63,TRUE
07/05/2026,07/24/2026 17:26:23,21,21:00,63511.0,63563.58,63498.7,63537.85,63502.89,63521.22,-65,SHORT,63510.63,63393.44,TRUE
07/05/2026,07/24/2026 17:26:23,21,21:15,63350.0,63392.1,63369.23,63401.8,63374.09,63407.95,+58,LONG,63393.44,63458.94,TRUE
07/05/2026,07/24/2026 17:26:23,21,21:30,63497.83,63557.99,63509.13,63527.92,63454.7,63517.49,-103,SHORT,63458.94,63331.35,TRUE
07/05/2026,07/24/2026 17:26:23,21,21:45,63360.71,63392.56,63353.59,63398.54,63324.8,63382.89,-74,SHORT,63331.35,63388.32,FALSE
07/05/2026,07/24/2026 17:26:23,22,22:00,63332.0,63390.65,63376.14,63397.2,63388.32,63426.43,+94,LONG,63388.32,63346.36,FALSE
07/05/2026,07/24/2026 17:26:23,22,22:15,63362.0,63390.0,63340.75,63362.0,63330.97,63357.63,-59,SHORT,63346.36,63163.12,TRUE
07/05/2026,07/24/2026 17:26:23,22,22:30,63180.0,63224.83,63170.8,63194.38,63137.75,63185.76,-87,SHORT,63163.12,63136.03,TRUE
07/05/2026,07/24/2026 17:26:23,22,22:45,63162.47,63188.06,63130.76,63185.48,63127.28,63143.08,-61,SHORT,63136.03,63232.34,FALSE
07/05/2026,07/24/2026 17:26:23,23,23:00,63176.03,63189.94,63185.12,63226.24,63217.4,63232.34,+56,LONG,63232.34,63272.44,TRUE
07/05/2026,07/24/2026 17:26:23,23,23:15,63237.99,63247.74,63237.99,63311.0,63246.43,63292.49,+73,LONG,63272.44,63168.74,FALSE
07/05/2026,07/24/2026 17:26:23,23,23:30,63133.76,63167.71,63121.52,63149.23,63137.21,63173.41,+52,LONG,63168.74,63239.93,TRUE
07/05/2026,07/24/2026 17:26:23,23,23:45,63294.0,63310.77,63245.3,63300.71,63239.93,63272.43,-71,SHORT,63239.93,63206.75,TRUE
07/06/2026,07/24/2026 17:26:23,0,00:00,63254.51,63273.15,63196.46,63254.52,63169.63,63206.76,-104,SHORT,63206.75,63140.63,TRUE
07/06/2026,07/24/2026 17:26:23,0,00:15,63164.64,63183.2,63147.96,63164.65,63140.55,63153.97,-43,SHORT,63140.63,62945.92,TRUE
07/06/2026,07/24/2026 17:26:23,0,00:30,63100.0,63112.34,62960.0,63108.06,62933.64,62982.91,-179,SHORT,62945.92,63036.7,FALSE
07/06/2026,07/24/2026 17:26:23,0,00:45,63025.96,63077.02,63045.36,63086.87,63029.99,63094.0,+68,LONG,63036.7,63048.44,TRUE
07/06/2026,07/24/2026 17:26:23,1,01:00,63075.32,63090.0,63054.32,63075.33,63048.44,63058.82,-42,SHORT,63048.44,63055.22,FALSE
07/06/2026,07/24/2026 17:26:23,1,01:15,63012.26,63032.0,63027.91,63032.54,63027.91,63055.23,+43,LONG,63055.22,62970.01,FALSE
07/06/2026,07/24/2026 17:26:23,1,01:30,62933.64,62970.59,62945.0,62970.59,62967.51,62975.03,+41,LONG,62970.01,63005.02,TRUE
07/06/2026,07/24/2026 17:26:23,1,01:45,62955.2,62972.82,62969.13,62998.01,62989.08,63007.0,+52,LONG,63005.02,62917.97,FALSE
07/06/2026,07/24/2026 17:26:23,2,02:00,62926.99,62927.91,62925.25,62930.55,62913.57,62933.64,-17,SHORT,62917.97,62887.44,TRUE
07/06/2026,07/24/2026 17:26:23,2,02:15,62825.84,62872.04,62851.67,62863.87,62849.28,62907.19,+81,LONG,62887.44,62893.71,TRUE
07/06/2026,07/24/2026 17:26:23,2,02:30,62943.35,62958.57,62915.16,62943.36,62893.71,62915.17,-65,SHORT,62893.71,63037.22,FALSE
07/06/2026,07/24/2026 17:26:23,2,02:45,62952.39,62987.67,62972.01,63029.11,63016.79,63049.62,+97,LONG,63037.22,63024.27,FALSE
07/06/2026,07/24/2026 17:26:23,3,03:00,63022.05,63035.89,63034.3,63048.3,63024.27,63046.28,+26,LONG,63024.27,62986.98,FALSE
07/06/2026,07/24/2026 17:26:23,3,03:15,62978.18,63010.55,62936.64,62980.67,62954.17,62993.43,-74,SHORT,62986.98,63003.14,FALSE
07/06/2026,07/24/2026 17:26:23,3,03:30,62991.4,63011.81,62982.88,63004.7,62997.01,63004.69,-29,SHORT,63003.14,62837.49,TRUE
07/06/2026,07/24/2026 17:26:23,3,03:45,62832.65,62848.49,62832.65,62848.45,62835.43,62842.95,-16,SHORT,62837.49,62833.39,TRUE
07/06/2026,07/24/2026 17:26:23,4,04:00,62825.56,62840.12,62825.56,62838.54,62832.65,62850.0,+24,LONG,62833.39,62790.64,FALSE
07/06/2026,07/24/2026 17:26:23,4,04:15,62789.19,62804.0,62802.0,62818.12,62790.64,62812.89,+29,LONG,62790.64,62690.44,FALSE
07/06/2026,07/24/2026 17:26:23,4,04:30,62675.46,62694.39,62681.7,62706.24,62675.0,62690.44,-31,SHORT,62690.44,62624.24,TRUE
07/06/2026,07/24/2026 17:26:23,4,04:45,62635.14,62659.39,62628.69,62657.2,62620.8,62628.94,-39,SHORT,62624.24,62597.66,TRUE
07/06/2026,07/24/2026 17:26:23,5,05:00,62586.25,62599.99,62596.17,62616.97,62597.66,62605.48,+31,LONG,62597.66,62778.57,TRUE
07/06/2026,07/24/2026 17:26:23,5,05:15,62762.28,62776.13,62774.93,62784.06,62775.49,62789.14,+27,LONG,62778.57,62817.33,TRUE
07/06/2026,07/24/2026 17:26:23,5,05:30,62804.99,62812.7,62804.99,62816.62,62808.88,62818.0,+13,LONG,62817.33,62856.35,TRUE
07/06/2026,07/24/2026 17:26:23,5,05:45,62849.03,62876.09,62833.9,62850.72,62833.9,62866.25,-42,SHORT,62856.35,62756.28,TRUE
07/06/2026,07/24/2026 17:26:23,6,06:00,62744.94,62750.65,62749.49,62757.11,62755.25,62757.59,+13,LONG,62756.28,62737.85,FALSE
07/06/2026,07/24/2026 17:26:23,6,06:15,62731.27,62742.31,62733.9,62747.46,62737.85,62747.47,+16,LONG,62737.85,62816.82,TRUE
07/06/2026,07/24/2026 17:26:23,6,06:30,62807.58,62831.93,62807.58,62812.5,62811.47,62816.85,-24,SHORT,62816.82,62896.26,FALSE
07/06/2026,07/24/2026 17:26:23,6,06:45,62831.17,62836.17,62836.16,62863.97,62856.34,62903.74,+73,LONG,62896.26,62421.85,FALSE
07/06/2026,07/24/2026 17:26:23,7,07:00,62601.91,62869.3,62585.26,62662.8,62421.85,62626.16,-447,SHORT,62421.85,61925.02,TRUE
07/06/2026,07/24/2026 17:26:23,7,07:15,61895.97,62080.91,61982.24,62075.0,61916.25,61988.28,+179,LONG,61925.02,62018.88,TRUE
07/06/2026,07/24/2026 17:26:23,7,07:30,61951.8,62010.63,61976.89,62051.13,62003.15,62040.02,+99,LONG,62018.88,61741.08,FALSE
07/06/2026,07/24/2026 17:26:23,7,07:45,61860.97,61925.97,61729.93,61868.0,61683.28,61774.51,-243,SHORT,61741.08,61688.01,TRUE
07/06/2026,07/24/2026 17:26:23,8,08:00,61726.65,61774.95,61688.02,61730.85,61670.0,61718.75,-105,SHORT,61688.01,61572.6,TRUE
07/06/2026,07/24/2026 17:26:23,8,08:15,61661.0,61729.07,61629.55,61666.39,61572.6,61638.67,-156,SHORT,61572.6,61382.02,TRUE
07/06/2026,07/24/2026 17:26:23,8,08:30,61390.97,61449.94,61356.45,61422.45,61379.05,61430.0,-93,SHORT,61382.02,61590.88,FALSE
07/06/2026,07/24/2026 17:26:23,8,08:45,61438.3,61525.19,61440.39,61501.49,61491.61,61592.0,+154,LONG,61590.88,61708.02,TRUE
07/06/2026,07/24/2026 17:26:23,9,09:00,61797.06,61843.99,61745.03,61840.46,61691.25,61762.01,-153,SHORT,61708.02,61881.36,FALSE
07/06/2026,07/24/2026 17:26:23,9,09:15,61748.53,61836.07,61809.6,61937.87,61857.0,61939.48,+191,LONG,61881.36,62023.53,TRUE
07/06/2026,07/24/2026 17:26:23,9,09:30,62093.99,62234.62,62056.5,62143.09,62020.42,62101.64,-214,SHORT,62023.53,62034.75,FALSE
07/06/2026,07/24/2026 17:26:23,9,09:45,61975.5,62054.5,62004.9,62051.69,62034.75,62050.55,+76,LONG,62034.75,61995.25,FALSE
07/06/2026,07/24/2026 17:26:23,10,10:00,61941.52,62018.95,61929.11,62007.09,61941.08,61995.25,-90,SHORT,61995.25,62427.01,FALSE
07/06/2026,07/24/2026 17:26:23,10,10:15,62346.8,62425.79,62382.72,62460.14,62390.07,62466.1,+119,LONG,62427.01,62404.31,FALSE
07/06/2026,07/24/2026 17:26:23,10,10:30,62247.91,62332.0,62295.45,62376.98,62342.85,62421.85,+174,LONG,62404.31,62862.76,TRUE
07/06/2026,07/24/2026 17:26:23,10,10:45,62555.06,62645.99,62583.24,62755.76,62736.43,62900.3,+345,LONG,62862.76,63501.46,TRUE
07/06/2026,07/24/2026 17:26:23,11,11:00,63364.6,63465.89,63359.98,63441.76,63422.62,63516.0,+156,LONG,63501.46,63701.99,TRUE
07/06/2026,07/24/2026 17:26:23,11,11:15,63604.92,63732.66,63724.34,63824.01,63700.02,63807.54,+219,LONG,63701.99,63421.96,FALSE
07/06/2026,07/24/2026 17:26:23,11,11:30,63357.52,63452.8,63378.82,63423.6,63401.45,63463.64,+106,LONG,63421.96,63699.52,TRUE
07/06/2026,07/24/2026 17:26:23,11,11:45,63598.95,63673.99,63627.69,63654.25,63632.12,63705.59,+107,LONG,63699.52,63691.23,FALSE
07/06/2026,07/24/2026 17:26:23,12,12:00,63626.61,63661.54,63639.95,63655.0,63651.25,63708.57,+82,LONG,63691.23,63808.29,TRUE
07/06/2026,07/24/2026 17:26:23,12,12:15,63706.63,63790.0,63780.66,63825.0,63800.01,63820.52,+118,LONG,63808.29,63837.58,TRUE
07/06/2026,07/24/2026 17:26:23,12,12:30,63862.48,63889.86,63859.66,63887.99,63830.89,63892.99,-59,SHORT,63837.58,63655.55,TRUE
07/06/2026,07/24/2026 17:26:23,12,12:45,63610.79,63674.86,63627.87,63671.81,63648.97,63679.76,+69,LONG,63655.55,63536.22,FALSE
07/06/2026,07/24/2026 17:26:23,13,13:00,63513.73,63541.82,63523.91,63544.43,63532.91,63550.0,+36,LONG,63536.22,63650.07,TRUE
07/06/2026,07/24/2026 17:26:23,13,13:15,63674.0,63698.18,63634.32,63686.02,63631.71,63654.24,-66,SHORT,63650.07,63715.06,FALSE
07/06/2026,07/24/2026 17:26:23,13,13:30,63791.09,63842.46,63694.47,63807.18,63710.02,63717.45,-148,SHORT,63715.06,63752.15,FALSE
07/06/2026,07/24/2026 17:26:23,13,13:45,63744.37,63763.66,63753.0,63769.07,63733.76,63766.42,-35,SHORT,63752.15,63649.99,TRUE
07/06/2026,07/24/2026 17:26:23,14,14:00,63697.98,63719.06,63658.97,63709.46,63631.85,63666.79,-87,SHORT,63649.99,63701.53,FALSE
07/06/2026,07/24/2026 17:26:23,14,14:15,63630.0,63680.0,63636.38,63668.53,63654.85,63713.3,+83,LONG,63701.53,63798.59,TRUE
07/06/2026,07/24/2026 17:26:23,14,14:30,63791.81,63825.45,63778.82,63809.58,63794.54,63800.97,-47,SHORT,63798.59,63801.02,FALSE
07/06/2026,07/24/2026 17:26:23,14,14:45,63776.71,63811.49,63792.5,63808.12,63790.0,63810.78,+34,LONG,63801.02,63692.7,FALSE
07/06/2026,07/24/2026 17:26:23,15,15:00,63702.97,63750.19,63697.7,63742.97,63661.8,63705.6,-88,SHORT,63692.7,63568.24,TRUE
07/06/2026,07/24/2026 17:26:23,15,15:15,63540.9,63545.22,63545.2,63576.0,63548.38,63568.24,+35,LONG,63568.24,63710.61,TRUE
07/06/2026,07/24/2026 17:26:23,15,15:30,63651.97,63680.99,63680.98,63714.29,63700.0,63714.22,+62,LONG,63710.61,63784.88,TRUE
07/06/2026,07/24/2026 17:26:23,15,15:45,63793.49,63823.57,63769.69,63792.5,63783.07,63787.67,-54,SHORT,63784.88,63784.6,TRUE
07/06/2026,07/24/2026 17:26:23,16,16:00,63780.28,63788.55,63782.15,63806.09,63784.6,63812.85,+33,LONG,63784.6,64258.73,TRUE
07/06/2026,07/24/2026 17:26:23,16,16:15,64300.0,64406.99,64286.99,64365.24,64255.0,64306.99,-152,SHORT,64258.73,64175.65,TRUE
07/06/2026,07/24/2026 17:26:23,16,16:30,64187.95,64218.0,64170.01,64222.31,64175.65,64193.51,-48,SHORT,64175.65,64178.53,FALSE
07/06/2026,07/24/2026 17:26:23,16,16:45,64144.35,64161.68,64138.0,64161.86,64137.72,64178.53,+41,LONG,64178.53,64443.27,TRUE
07/06/2026,07/24/2026 17:26:23,17,17:00,64331.15,64376.62,64346.93,64379.43,64341.55,64443.27,+112,LONG,64443.27,64323.5,FALSE
07/06/2026,07/24/2026 17:26:23,17,17:15,64281.22,64328.93,64305.8,64341.54,64306.73,64331.35,+60,LONG,64323.5,64172.0,FALSE
07/06/2026,07/24/2026 17:26:23,17,17:30,64152.11,64226.1,64158.01,64195.4,64159.97,64179.61,-68,SHORT,64172.0,64163.78,TRUE
07/06/2026,07/24/2026 17:26:23,17,17:45,64141.56,64163.79,64129.99,64159.82,64128.25,64163.8,-36,SHORT,64163.78,64203.41,FALSE
07/06/2026,07/24/2026 17:26:23,18,18:00,64144.5,64177.65,64166.58,64183.54,64178.54,64203.42,+59,LONG,64203.41,64229.56,TRUE
07/06/2026,07/24/2026 17:26:23,18,18:15,64198.03,64228.32,64212.7,64230.76,64207.25,64229.56,+33,LONG,64229.56,64052.2,FALSE
07/06/2026,07/24/2026 17:26:23,18,18:30,64060.47,64074.06,64065.04,64072.04,64051.98,64084.79,+24,LONG,64052.2,64023.53,FALSE
07/06/2026,07/24/2026 17:26:23,18,18:45,64022.23,64045.29,64018.97,64030.33,64021.93,64025.78,-26,SHORT,64023.53,64001.84,TRUE
07/06/2026,07/24/2026 17:26:23,19,19:00,63986.05,63986.07,63979.8,63993.95,63980.75,64001.84,+22,LONG,64001.84,63986.04,FALSE
07/06/2026,07/24/2026 17:26:23,19,19:15,63976.12,63997.89,63994.7,64009.73,63975.28,64007.4,-34,SHORT,63986.04,64200.88,FALSE
07/06/2026,07/24/2026 17:26:23,19,19:30,64200.0,64233.94,64230.95,64258.59,64200.15,64236.01,+59,LONG,64200.88,64041.37,FALSE
07/06/2026,07/24/2026 17:26:23,19,19:45,64015.69,64028.6,64007.3,64036.11,64023.58,64041.38,+34,LONG,64041.37,64153.79,TRUE
07/06/2026,07/24/2026 17:26:23,20,20:00,64108.95,64190.02,64147.2,64163.8,64151.99,64171.69,+63,LONG,64153.79,63929.2,FALSE
07/06/2026,07/24/2026 17:26:23,20,20:15,63954.45,63981.99,63891.25,63978.14,63914.96,63942.6,-91,SHORT,63929.2,63903.09,TRUE
07/06/2026,07/24/2026 17:26:23,20,20:30,63920.75,63950.66,63914.95,63942.59,63877.05,63949.17,-74,SHORT,63903.09,63909.45,FALSE
07/06/2026,07/24/2026 17:26:23,20,20:45,63800.0,63840.58,63800.01,63877.99,63872.98,63909.45,+109,LONG,63909.45,63797.37,FALSE
07/06/2026,07/24/2026 17:26:23,21,21:00,63891.25,63901.72,63824.1,63901.01,63776.7,63825.49,-125,SHORT,63797.37,63774.9,TRUE
07/06/2026,07/24/2026 17:26:23,21,21:15,63774.54,63806.89,63776.49,63803.84,63771.35,63802.94,-36,SHORT,63774.9,63522.0,TRUE
07/06/2026,07/24/2026 17:26:23,21,21:30,63548.86,63563.39,63550.55,63575.27,63522.0,63569.98,-53,SHORT,63522.0,63552.8,FALSE
07/06/2026,07/24/2026 17:26:23,21,21:45,63484.4,63527.02,63520.0,63555.5,63542.27,63555.49,+71,LONG,63552.8,63280.27,FALSE
07/06/2026,07/24/2026 17:26:23,22,22:00,63251.35,63290.84,63272.02,63294.72,63256.88,63280.56,+43,LONG,63280.27,63279.88,FALSE
07/06/2026,07/24/2026 17:26:23,22,22:15,63338.25,63364.49,63328.07,63359.05,63279.87,63328.7,-85,SHORT,63279.88,63242.77,TRUE
07/06/2026,07/24/2026 17:26:23,22,22:30,63220.0,63261.07,63196.06,63241.94,63183.79,63247.56,-77,SHORT,63242.77,63168.03,TRUE
07/06/2026,07/24/2026 17:26:23,22,22:45,63165.0,63213.76,63131.25,63164.45,63136.13,63168.04,-83,SHORT,63168.03,63140.03,TRUE
07/06/2026,07/24/2026 17:26:23,23,23:00,63108.0,63120.99,63110.92,63116.02,63110.92,63140.04,+32,LONG,63140.03,63147.3,TRUE
07/06/2026,07/24/2026 17:26:23,23,23:15,63140.97,63213.0,63154.45,63212.99,63147.3,63171.4,+72,LONG,63147.3,63211.85,TRUE
07/06/2026,07/24/2026 17:26:23,23,23:30,63160.52,63190.99,63190.61,63230.17,63211.85,63230.0,+70,LONG,63211.85,63101.86,FALSE
07/06/2026,07/24/2026 17:26:23,23,23:45,63132.85,63152.61,63122.38,63147.16,63101.25,63124.68,-51,SHORT,63101.86,63048.38,TRUE
07/07/2026,07/24/2026 17:26:23,0,00:00,63010.0,63041.93,63041.93,63068.28,63042.0,63062.33,+58,LONG,63048.38,62773.39,FALSE
07/07/2026,07/24/2026 17:26:23,0,00:15,62904.89,62974.85,62816.85,62916.7,62740.47,62816.85,-234,SHORT,62773.39,62885.53,FALSE
07/07/2026,07/24/2026 17:26:23,0,00:30,62846.57,62887.96,62828.7,62863.96,62864.24,62885.53,-59,SHORT,62885.53,63116.75,FALSE
07/07/2026,07/24/2026 17:26:23,0,00:45,63094.67,63124.94,63094.67,63119.42,63112.67,63118.01,-30,SHORT,63116.75,63074.74,TRUE
07/07/2026,07/24/2026 17:26:23,1,01:00,63097.3,63173.07,63080.6,63093.36,63065.7,63089.14,-107,SHORT,63074.74,62982.74,TRUE
07/07/2026,07/24/2026 17:26:23,1,01:15,62963.0,62990.65,62931.86,62963.0,62956.47,62982.74,-59,SHORT,62982.74,63108.2,FALSE
07/07/2026,07/24/2026 17:26:23,1,01:30,63060.23,63080.17,63075.0,63100.31,63094.0,63122.87,+63,LONG,63108.2,63209.35,TRUE
07/07/2026,07/24/2026 17:26:23,1,01:45,63175.0,63201.83,63182.43,63205.99,63201.66,63209.35,+34,LONG,63209.35,63283.01,TRUE
07/07/2026,07/24/2026 17:26:23,2,02:00,63317.7,63336.8,63282.83,63317.71,63277.05,63295.97,-60,SHORT,63283.01,63335.28,FALSE
07/07/2026,07/24/2026 17:26:23,2,02:15,63291.15,63317.17,63306.42,63351.65,63335.27,63348.48,+60,LONG,63335.28,63194.32,FALSE
07/07/2026,07/24/2026 17:26:23,2,02:30,63180.96,63225.98,63216.88,63239.43,63191.16,63224.67,+58,LONG,63194.32,63097.16,FALSE
07/07/2026,07/24/2026 17:26:23,2,02:45,63067.99,63080.0,63074.33,63094.57,63094.05,63165.76,+98,LONG,63097.16,63035.46,FALSE
07/07/2026,07/24/2026 17:26:23,3,03:00,63049.27,63077.78,63035.58,63056.72,63017.6,63043.4,-60,SHORT,63035.46,63064.82,FALSE
07/07/2026,07/24/2026 17:26:23,3,03:15,63080.0,63133.74,63063.22,63134.22,63064.82,63081.47,-71,SHORT,63064.82,63031.4,TRUE
07/07/2026,07/24/2026 17:26:23,3,03:30,63045.99,63054.16,62998.8,63049.64,63015.99,63035.68,-55,SHORT,63031.4,63040.15,FALSE
07/07/2026,07/24/2026 17:26:23,3,03:45,63020.36,63043.93,63000.0,63023.83,63005.48,63040.15,-44,SHORT,63040.15,63045.74,FALSE
07/07/2026,07/24/2026 17:26:23,4,04:00,63032.0,63089.03,63067.09,63090.68,63043.92,63080.27,+59,LONG,63045.74,63188.22,TRUE
07/07/2026,07/24/2026 17:26:23,4,04:15,63145.9,63170.17,63154.01,63179.28,63172.88,63190.64,+45,LONG,63188.22,63107.51,FALSE
07/07/2026,07/24/2026 17:26:23,4,04:30,63138.98,63160.86,63122.88,63141.79,63107.51,63122.88,-53,SHORT,63107.51,63232.49,FALSE
07/07/2026,07/24/2026 17:26:23,4,04:45,63179.25,63232.0,63205.05,63223.52,63205.02,63237.78,+59,LONG,63232.49,63192.0,FALSE
07/07/2026,07/24/2026 17:26:23,5,05:00,63170.86,63183.77,63174.0,63201.84,63185.31,63209.11,+38,LONG,63192.0,63296.28,TRUE
07/07/2026,07/24/2026 17:26:23,5,05:15,63307.16,63318.0,63297.79,63332.97,63286.07,63324.3,-47,SHORT,63296.28,63247.57,TRUE
07/07/2026,07/24/2026 17:26:23,5,05:30,63301.83,63330.89,63296.83,63316.93,63244.93,63306.27,-86,SHORT,63247.57,63219.08,TRUE
07/07/2026,07/24/2026 17:26:23,5,05:45,63238.87,63253.96,63223.82,63248.49,63219.08,63246.1,-35,SHORT,63219.08,63228.0,FALSE
07/07/2026,07/24/2026 17:26:23,6,06:00,63182.28,63195.91,63191.02,63199.77,63198.75,63228.01,+46,LONG,63228.0,63097.81,FALSE
07/07/2026,07/24/2026 17:26:23,6,06:15,63092.04,63101.05,63088.55,63104.41,63088.0,63103.6,-16,SHORT,63097.81,63114.95,FALSE
07/07/2026,07/24/2026 17:26:23,6,06:30,63118.73,63140.65,63105.0,63127.94,63112.68,63124.07,-36,SHORT,63114.95,63203.63,FALSE
07/07/2026,07/24/2026 17:26:23,6,06:45,63095.56,63134.15,63134.15,63161.42,63156.03,63203.63,+108,LONG,63203.63,63345.26,TRUE
07/07/2026,07/24/2026 17:26:23,7,07:00,63323.3,63334.71,63327.17,63339.08,63325.65,63357.44,+34,LONG,63345.26,63759.46,TRUE
07/07/2026,07/24/2026 17:26:23,7,07:15,63706.85,63830.0,63717.03,63777.0,63726.23,63775.64,-113,SHORT,63759.46,63649.55,TRUE
07/07/2026,07/24/2026 17:26:23,7,07:30,63632.78,63661.57,63632.78,63661.5,63648.27,63662.98,+30,LONG,63649.55,63554.0,FALSE
07/07/2026,07/24/2026 17:26:23,7,07:45,63501.94,63527.2,63513.35,63551.04,63542.76,63558.76,+57,LONG,63554.0,63418.3,FALSE
07/07/2026,07/24/2026 17:26:23,8,08:00,63420.02,63440.0,63392.8,63439.09,63392.81,63418.36,-47,SHORT,63418.3,63269.9,TRUE
07/07/2026,07/24/2026 17:26:23,8,08:15,63246.1,63312.83,63272.0,63317.82,63269.26,63288.01,+72,LONG,63269.9,63045.37,FALSE
07/07/2026,07/24/2026 17:26:23,8,08:30,63034.25,63075.99,63014.5,63053.94,63008.31,63045.37,-68,SHORT,63045.37,63102.23,FALSE
07/07/2026,07/24/2026 17:26:23,8,08:45,63003.63,63083.97,63000.0,63075.0,63000.0,63108.83,+109,LONG,63102.23,62988.41,FALSE
07/07/2026,07/24/2026 17:26:23,9,09:00,62961.17,63033.79,62947.14,63026.08,62953.91,63022.0,-87,SHORT,62988.41,62908.52,TRUE
07/07/2026,07/24/2026 17:26:23,9,09:15,62941.87,63013.14,62960.18,63066.41,62894.94,63047.5,-171,SHORT,62908.52,63085.42,FALSE
07/07/2026,07/24/2026 17:26:23,9,09:30,62887.78,63036.95,62983.61,63057.99,63031.92,63091.49,+204,LONG,63085.42,62875.78,FALSE
07/07/2026,07/24/2026 17:26:23,9,09:45,62780.0,62870.75,62836.95,62933.44,62857.97,62914.03,+153,LONG,62875.78,63499.75,TRUE
07/07/2026,07/24/2026 17:26:23,10,10:00,63350.0,63436.46,63412.09,63574.19,63493.14,63546.96,+224,LONG,63499.75,63457.69,FALSE
07/07/2026,07/24/2026 17:26:23,10,10:15,63442.96,63531.73,63428.25,63502.9,63453.73,63524.13,-103,SHORT,63457.69,63690.98,FALSE
07/07/2026,07/24/2026 17:26:23,10,10:30,63617.81,63709.12,63662.0,63749.33,63650.07,63704.72,+132,LONG,63690.98,63794.59,TRUE
07/07/2026,07/24/2026 17:26:23,10,10:45,63694.39,63789.09,63713.81,63765.04,63758.01,63809.66,+115,LONG,63794.59,63887.99,TRUE
07/07/2026,07/24/2026 17:26:23,11,11:00,63857.0,63882.28,63856.0,63907.17,63845.04,63887.99,-62,SHORT,63887.99,63828.99,TRUE
07/07/2026,07/24/2026 17:26:23,11,11:15,63778.01,63845.18,63810.03,63833.53,63772.53,63829.2,-73,SHORT,63828.99,63947.24,FALSE
07/07/2026,07/24/2026 17:26:23,11,11:30,63952.5,64010.38,63934.0,63995.62,63944.0,63970.38,-76,SHORT,63947.24,64007.34,FALSE
07/07/2026,07/24/2026 17:26:23,11,11:45,63931.5,63973.63,63972.63,64002.65,63975.6,64012.91,+81,LONG,64007.34,63936.87,FALSE
07/07/2026,07/24/2026 17:26:23,12,12:00,63983.34,64049.84,63928.0,63990.4,63930.03,63964.85,-122,SHORT,63936.87,63964.06,FALSE
07/07/2026,07/24/2026 17:26:23,12,12:15,63990.63,64018.1,64001.62,64052.83,63950.02,64015.22,-103,SHORT,63964.06,64096.15,FALSE
07/07/2026,07/24/2026 17:26:23,12,12:30,64010.57,64070.5,64052.84,64102.85,64079.86,64113.04,+102,LONG,64096.15,64181.65,TRUE
07/07/2026,07/24/2026 17:26:23,12,12:45,64110.06,64147.21,64123.49,64147.04,64138.04,64193.46,+83,LONG,64181.65,64145.47,FALSE
07/07/2026,07/24/2026 17:26:23,13,13:00,64137.62,64141.62,64130.49,64157.06,64122.33,64145.48,-35,SHORT,64145.47,63971.17,TRUE
07/07/2026,07/24/2026 17:26:23,13,13:15,63980.97,64001.55,63976.63,64001.53,63968.0,63986.23,-34,SHORT,63971.17,63938.8,TRUE
07/07/2026,07/24/2026 17:26:23,13,13:30,63961.63,63986.01,63934.08,63980.93,63921.6,63953.23,-64,SHORT,63938.8,64045.11,FALSE
07/07/2026,07/24/2026 17:26:23,13,13:45,63959.28,64002.12,63967.9,63994.93,63991.07,64045.11,+86,LONG,64045.11,63633.98,FALSE
07/07/2026,07/24/2026 17:26:23,14,14:00,63660.93,63732.45,63643.68,63686.0,63628.24,63669.36,-104,SHORT,63633.98,63491.25,TRUE
07/07/2026,07/24/2026 17:26:23,14,14:15,63490.64,63527.88,63495.41,63570.82,63489.92,63538.01,-81,SHORT,63491.25,63552.66,FALSE
07/07/2026,07/24/2026 17:26:23,14,14:30,63508.89,63600.69,63584.24,63635.31,63546.71,63646.0,+137,LONG,63552.66,63761.97,TRUE
07/07/2026,07/24/2026 17:26:23,14,14:45,63738.12,63777.64,63740.0,63764.31,63748.42,63766.51,-38,SHORT,63761.97,63776.81,FALSE
07/07/2026,07/24/2026 17:26:23,15,15:00,63747.9,63781.52,63736.32,63778.77,63741.7,63784.57,+48,LONG,63776.81,63740.17,FALSE
07/07/2026,07/24/2026 17:26:23,15,15:15,63689.97,63717.3,63697.72,63724.73,63697.73,63740.18,+50,LONG,63740.17,63693.85,FALSE
07/07/2026,07/24/2026 17:26:23,15,15:30,63698.22,63719.03,63682.89,63711.46,63672.29,63693.86,-47,SHORT,63693.85,63637.94,TRUE
07/07/2026,07/24/2026 17:26:23,15,15:45,63635.28,63680.96,63640.11,63644.99,63620.0,63644.98,-61,SHORT,63637.94,63656.97,FALSE
07/07/2026,07/24/2026 17:26:23,16,16:00,63603.96,63631.48,63626.54,63639.82,63627.49,63660.78,+57,LONG,63656.97,63744.04,TRUE
07/07/2026,07/24/2026 17:26:23,16,16:15,63744.03,63773.61,63745.02,63770.19,63744.04,63770.07,-30,SHORT,63744.04,63478.64,TRUE
07/07/2026,07/24/2026 17:26:23,16,16:30,63387.52,63455.2,63440.19,63462.26,63457.64,63478.64,+91,LONG,63478.64,63361.89,FALSE
07/07/2026,07/24/2026 17:26:23,16,16:45,63321.09,63354.17,63315.58,63345.13,63338.73,63385.05,+69,LONG,63361.89,63388.7,TRUE
07/07/2026,07/24/2026 17:26:23,17,17:00,63351.86,63449.09,63338.74,63369.61,63369.61,63395.71,-110,SHORT,63388.7,63419.79,FALSE
07/07/2026,07/24/2026 17:26:23,17,17:15,63395.82,63431.37,63402.01,63420.15,63402.0,63419.79,-29,SHORT,63419.79,63423.33,FALSE
07/07/2026,07/24/2026 17:26:23,17,17:30,63343.51,63385.05,63385.05,63412.07,63403.5,63425.89,+82,LONG,63423.33,63565.25,TRUE
07/07/2026,07/24/2026 17:26:23,17,17:45,63551.07,63582.19,63566.48,63577.82,63564.8,63582.88,+32,LONG,63565.25,63505.07,FALSE
07/07/2026,07/24/2026 17:26:23,18,18:00,63482.27,63496.02,63488.35,63537.33,63505.07,63510.15,+55,LONG,63505.07,63601.21,TRUE
07/07/2026,07/24/2026 17:26:23,18,18:15,63574.2,63602.0,63574.23,63597.35,63582.67,63601.21,-28,SHORT,63601.21,63614.39,FALSE
07/07/2026,07/24/2026 17:26:23,18,18:30,63582.6,63603.76,63603.75,63622.01,63605.07,63622.04,+39,LONG,63614.39,63401.19,FALSE
07/07/2026,07/24/2026 17:26:23,18,18:45,63468.01,63495.97,63447.68,63475.37,63401.19,63451.24,-95,SHORT,63401.19,63323.27,TRUE
07/07/2026,07/24/2026 17:26:23,19,19:00,63288.47,63323.3,63280.39,63308.99,63273.13,63327.14,-50,SHORT,63323.27,63454.91,FALSE
07/07/2026,07/24/2026 17:26:23,19,19:15,63419.81,63437.36,63434.01,63476.01,63450.68,63476.51,+57,LONG,63454.91,63570.33,TRUE
07/07/2026,07/24/2026 17:26:23,19,19:30,63578.59,63643.34,63570.46,63597.39,63508.58,63582.47,-135,SHORT,63570.33,63666.6,FALSE
07/07/2026,07/24/2026 17:26:23,19,19:45,63589.66,63626.24,63623.02,63660.02,63654.0,63720.88,+131,LONG,63666.6,63571.75,FALSE
07/07/2026,07/24/2026 17:26:23,20,20:00,63550.0,63616.88,63561.82,63593.17,63563.64,63576.95,-55,SHORT,63571.75,63591.87,FALSE
07/07/2026,07/24/2026 17:26:23,20,20:15,63497.7,63527.87,63527.87,63605.73,63587.99,63598.87,+108,LONG,63591.87,63383.17,FALSE
07/07/2026,07/24/2026 17:26:23,20,20:30,63493.14,63538.0,63410.0,63493.14,63383.17,63434.0,-155,SHORT,63383.17,63103.98,TRUE
07/07/2026,07/24/2026 17:26:23,20,20:45,62991.33,63056.99,63039.91,63070.0,63046.31,63133.99,+143,LONG,63103.98,62988.19,FALSE
07/07/2026,07/24/2026 17:26:23,21,21:00,62921.86,63022.21,62999.06,63036.32,62976.0,63015.0,+114,LONG,62988.19,62837.66,FALSE
07/07/2026,07/24/2026 17:26:23,21,21:15,62802.21,62883.31,62836.94,62905.16,62837.66,62870.18,+103,LONG,62837.66,62834.39,FALSE
07/07/2026,07/24/2026 17:26:23,21,21:30,62867.82,62927.48,62892.93,62937.8,62822.5,62930.14,-115,SHORT,62834.39,62926.2,FALSE
07/07/2026,07/24/2026 17:26:23,21,21:45,62862.24,62906.41,62889.49,62926.0,62892.96,62931.66,+69,LONG,62926.2,62937.29,TRUE
07/07/2026,07/24/2026 17:26:23,22,22:00,62916.65,62944.56,62925.73,62940.03,62903.27,62937.69,-41,SHORT,62937.29,63020.27,FALSE
07/07/2026,07/24/2026 17:26:23,22,22:15,63018.02,63051.13,63018.36,63044.75,63016.27,63033.8,-35,SHORT,63020.27,63003.48,TRUE
07/07/2026,07/24/2026 17:26:23,22,22:30,62985.04,63013.9,62975.0,62995.12,62995.12,63009.79,-39,SHORT,63003.48,62900.51,TRUE
07/07/2026,07/24/2026 17:26:23,22,22:45,62897.52,62909.6,62897.52,62909.51,62896.0,62914.21,+17,LONG,62900.51,62718.59,FALSE
07/07/2026,07/24/2026 17:26:23,23,23:00,62655.52,62713.42,62701.84,62716.03,62696.0,62720.0,+64,LONG,62718.59,62748.72,TRUE
07/07/2026,07/24/2026 17:26:23,23,23:15,62782.9,62808.69,62747.02,62787.98,62741.62,62755.54,-67,SHORT,62748.72,62829.21,FALSE
07/07/2026,07/24/2026 17:26:23,23,23:30,62802.0,62821.49,62817.15,62825.36,62816.24,62829.22,+27,LONG,62829.21,62690.24,FALSE
07/07/2026,07/24/2026 17:26:23,23,23:45,62725.0,62747.49,62680.87,62725.01,62678.68,62696.01,-69,SHORT,62690.24,62745.99,FALSE
07/08/2026,07/24/2026 17:26:23,0,00:00,62692.05,62724.96,62697.14,62736.94,62735.96,62772.26,+80,LONG,62745.99,62746.0,TRUE
07/08/2026,07/24/2026 17:26:23,0,00:15,62752.02,62771.44,62752.0,62764.36,62740.44,62762.25,-31,SHORT,62746.0,62721.12,TRUE
07/08/2026,07/24/2026 17:26:23,0,00:30,62663.24,62712.42,62679.4,62711.63,62697.15,62721.13,+58,LONG,62721.12,62567.95,FALSE
07/08/2026,07/24/2026 17:26:23,0,00:45,62572.02,62595.0,62575.92,62619.41,62564.41,62589.89,-55,SHORT,62567.95,62588.76,FALSE
07/08/2026,07/24/2026 17:26:23,1,01:00,62593.76,62635.51,62582.91,62593.77,62575.49,62588.76,-60,SHORT,62588.76,62571.14,TRUE
07/08/2026,07/24/2026 17:26:23,1,01:15,62528.14,62536.0,62508.84,62533.67,62518.21,62573.0,+64,LONG,62571.14,62568.77,FALSE
07/08/2026,07/24/2026 17:26:23,1,01:30,62578.33,62652.87,62612.65,62646.92,62564.06,62612.64,-89,SHORT,62568.77,62489.54,TRUE
07/08/2026,07/24/2026 17:26:23,1,01:45,62479.69,62505.53,62484.28,62506.42,62483.29,62489.55,+27,LONG,62489.54,62605.9,TRUE
07/08/2026,07/24/2026 17:26:23,2,02:00,62584.03,62597.3,62589.0,62595.04,62584.04,62606.0,+22,LONG,62605.9,62686.5,TRUE
07/08/2026,07/24/2026 17:26:23,2,02:15,62622.5,62662.01,62617.73,62695.02,62673.7,62694.02,+76,LONG,62686.5,62760.0,TRUE
07/08/2026,07/24/2026 17:26:23,2,02:30,62732.7,62770.51,62730.33,62774.17,62760.0,62773.99,+44,LONG,62760.0,62778.0,TRUE
07/08/2026,07/24/2026 17:26:23,2,02:45,62730.36,62750.81,62725.0,62751.99,62724.02,62779.23,+54,LONG,62778.0,62834.44,TRUE
07/08/2026,07/24/2026 17:26:23,3,03:00,62820.71,62825.3,62822.3,62841.39,62827.0,62840.93,+21,LONG,62834.44,62781.04,FALSE
07/08/2026,07/24/2026 17:26:23,3,03:15,62733.5,62803.8,62733.5,62756.27,62747.16,62781.04,-70,SHORT,62781.04,62025.65,TRUE
07/08/2026,07/24/2026 17:26:23,3,03:30,62036.01,62138.41,62024.48,62111.88,62022.0,62077.37,-116,SHORT,62025.65,61987.05,TRUE
07/08/2026,07/24/2026 17:26:23,3,03:45,61795.1,61896.69,61868.4,61936.8,61908.4,62033.97,+239,LONG,61987.05,61959.96,FALSE
07/08/2026,07/24/2026 17:26:23,4,04:00,61982.4,62040.41,61942.33,61998.97,61934.31,61963.6,-106,SHORT,61959.96,61823.3,TRUE
07/08/2026,07/24/2026 17:26:23,4,04:15,61850.62,61880.04,61843.79,61872.65,61823.3,61891.75,-57,SHORT,61823.3,61877.63,FALSE
07/08/2026,07/24/2026 17:26:23,4,04:30,61808.51,61846.0,61823.47,61855.37,61841.81,61880.82,+72,LONG,61877.63,62080.47,TRUE
07/08/2026,07/24/2026 17:26:23,4,04:45,62033.76,62085.99,62024.2,62086.0,62036.0,62080.47,-62,SHORT,62080.47,62001.81,TRUE
07/08/2026,07/24/2026 17:26:23,5,05:00,62005.0,62030.64,62006.01,62028.74,61998.96,62009.1,-32,SHORT,62001.81,61938.1,TRUE
07/08/2026,07/24/2026 17:26:23,5,05:15,61845.51,61893.2,61880.8,61904.1,61883.7,61941.52,+96,LONG,61938.1,62053.09,TRUE
07/08/2026,07/24/2026 17:26:23,5,05:30,62014.55,62027.59,62025.18,62048.99,62036.41,62054.93,+40,LONG,62053.09,62086.02,TRUE
07/08/2026,07/24/2026 17:26:23,5,05:45,62067.5,62096.28,62075.5,62096.73,62071.8,62093.97,+29,LONG,62086.02,62127.99,TRUE
07/08/2026,07/24/2026 17:26:23,6,06:00,62093.4,62118.02,62082.3,62104.35,62071.2,62128.01,-47,SHORT,62127.99,62058.06,TRUE
07/08/2026,07/24/2026 17:26:23,6,06:15,62013.5,62072.98,62059.28,62078.78,62054.17,62058.07,+65,LONG,62058.06,62065.99,TRUE
07/08/2026,07/24/2026 17:26:23,6,06:30,62000.0,62023.1,62000.91,62032.64,62031.36,62066.63,+67,LONG,62065.99,62282.21,TRUE
07/08/2026,07/24/2026 17:26:23,6,06:45,62074.25,62084.3,62076.44,62339.5,62275.29,62341.3,+267,LONG,62282.21,62249.32,FALSE
07/08/2026,07/24/2026 17:26:23,7,07:00,62216.67,62232.67,62221.38,62251.28,62244.65,62250.63,+35,LONG,62249.32,62260.49,TRUE
07/08/2026,07/24/2026 17:26:23,7,07:15,62308.0,62335.85,62289.5,62327.62,62260.49,62289.5,-75,SHORT,62260.49,62228.64,TRUE
07/08/2026,07/24/2026 17:26:23,7,07:30,62173.12,62188.39,62183.52,62216.0,62204.41,62244.2,+71,LONG,62228.64,62044.96,FALSE
07/08/2026,07/24/2026 17:26:23,7,07:45,62050.8,62066.0,62034.27,62051.03,62033.02,62049.46,-33,SHORT,62044.96,61894.21,TRUE
07/08/2026,07/24/2026 17:26:23,8,08:00,61949.69,61993.49,61900.99,61962.01,61894.2,61916.84,-99,SHORT,61894.21,61858.66,TRUE
07/08/2026,07/24/2026 17:26:23,8,08:15,61854.02,61881.74,61835.02,61912.1,61843.01,61873.89,-69,SHORT,61858.66,61763.3,TRUE
07/08/2026,07/24/2026 17:26:23,8,08:30,61722.05,61778.89,61734.51,61797.4,61723.41,61769.28,+75,LONG,61763.3,61890.0,TRUE
07/08/2026,07/24/2026 17:26:23,8,08:45,61871.27,61960.2,61906.77,61944.79,61884.93,61930.89,-75,SHORT,61890.0,61878.01,TRUE
07/08/2026,07/24/2026 17:26:23,9,09:00,61688.49,61759.79,61707.75,61845.49,61844.14,61901.92,+213,LONG,61878.01,61974.91,TRUE
07/08/2026,07/24/2026 17:26:23,9,09:15,61954.03,62012.27,62000.0,62085.78,61963.0,62077.97,+132,LONG,61974.91,61938.01,FALSE
07/08/2026,07/24/2026 17:26:23,9,09:30,61916.98,62018.08,61902.01,61963.61,61935.84,61996.6,-116,SHORT,61938.01,61842.63,TRUE
07/08/2026,07/24/2026 17:26:23,9,09:45,61830.42,61875.1,61769.0,61833.6,61799.04,61895.09,+126,LONG,61842.63,61830.69,FALSE
07/08/2026,07/24/2026 17:26:23,10,10:00,61804.8,61844.02,61807.76,61844.5,61809.23,61843.98,+40,LONG,61830.69,61534.02,FALSE
07/08/2026,07/24/2026 17:26:23,10,10:15,61587.97,61690.61,61623.51,61702.61,61453.09,61634.0,-250,SHORT,61534.02,61553.76,FALSE
07/08/2026,07/24/2026 17:26:23,10,10:30,61494.0,61565.33,61543.96,61613.22,61545.8,61614.0,+120,LONG,61553.76,61543.99,FALSE
07/08/2026,07/24/2026 17:26:23,10,10:45,61522.63,61582.0,61525.96,61560.76,61515.0,61556.9,-67,SHORT,61543.99,61630.9,FALSE
07/08/2026,07/24/2026 17:26:23,11,11:00,61593.85,61612.4,61601.99,61628.07,61623.02,61660.55,+67,LONG,61630.9,61767.2,TRUE
07/08/2026,07/24/2026 17:26:23,11,11:15,61783.67,61807.08,61771.52,61801.1,61761.62,61801.92,-45,SHORT,61767.2,61852.92,FALSE
07/08/2026,07/24/2026 17:26:23,11,11:30,61860.3,61924.96,61863.51,61921.02,61852.91,61897.31,-72,SHORT,61852.92,61992.43,FALSE
07/08/2026,07/24/2026 17:26:23,11,11:45,61960.22,62025.44,61974.96,62025.0,61955.13,62018.8,-70,SHORT,61992.43,62045.79,FALSE
07/08/2026,07/24/2026 17:26:23,12,12:00,62052.71,62086.72,62036.25,62061.95,62037.72,62062.72,-50,SHORT,62045.79,61995.0,TRUE
07/08/2026,07/24/2026 17:26:23,12,12:15,62004.09,62033.94,62020.14,62041.6,61995.0,62031.38,-47,SHORT,61995.0,62254.6,FALSE
07/08/2026,07/24/2026 17:26:23,12,12:30,62185.91,62220.13,62196.69,62236.62,62226.6,62260.66,+75,LONG,62254.6,62205.8,FALSE
07/08/2026,07/24/2026 17:26:23,12,12:45,62184.47,62235.29,62193.31,62220.7,62199.36,62217.03,-42,SHORT,62205.8,62052.69,TRUE
07/08/2026,07/24/2026 17:26:23,13,13:00,62018.06,62041.56,62020.12,62056.4,62037.91,62058.71,+41,LONG,62052.69,62235.3,TRUE
07/08/2026,07/24/2026 17:26:23,13,13:15,62192.01,62233.62,62200.58,62248.21,62226.19,62244.0,+56,LONG,62235.3,62132.23,FALSE
07/08/2026,07/24/2026 17:26:23,13,13:30,62147.75,62174.8,62137.8,62185.89,62127.61,62146.48,-58,SHORT,62132.23,62038.7,TRUE
07/08/2026,07/24/2026 17:26:23,13,13:45,62001.47,62033.6,62013.21,62037.9,62022.86,62038.71,+37,LONG,62038.7,62126.23,TRUE
07/08/2026,07/24/2026 17:26:23,14,14:00,62104.51,62130.17,62108.2,62118.96,62110.59,62136.0,+31,LONG,62126.23,62035.38,FALSE
07/08/2026,07/24/2026 17:26:23,14,14:15,62034.2,62058.01,62049.6,62071.39,62030.64,62052.74,-41,SHORT,62035.38,62174.03,FALSE
07/08/2026,07/24/2026 17:26:23,14,14:30,62146.38,62167.04,62141.52,62177.88,62147.07,62182.2,+41,LONG,62174.03,62225.83,TRUE
07/08/2026,07/24/2026 17:26:23,14,14:45,62174.81,62205.0,62196.94,62215.99,62208.97,62232.17,+57,LONG,62225.83,62223.7,FALSE
07/08/2026,07/24/2026 17:26:23,15,15:00,62128.82,62157.9,62141.51,62190.0,62174.81,62237.69,+109,LONG,62223.7,62202.77,FALSE
07/08/2026,07/24/2026 17:26:23,15,15:15,62163.69,62177.56,62177.0,62195.99,62195.99,62208.0,+44,LONG,62202.77,62217.65,TRUE
07/08/2026,07/24/2026 17:26:23,15,15:30,62188.32,62194.61,62188.35,62205.5,62202.01,62219.19,+31,LONG,62217.65,62144.39,FALSE
07/08/2026,07/24/2026 17:26:23,15,15:45,62149.99,62163.66,62159.42,62178.5,62143.67,62177.76,-35,SHORT,62144.39,62059.56,TRUE
07/08/2026,07/24/2026 17:26:23,16,16:00,62045.3,62063.67,62053.38,62060.01,62045.3,62069.96,+25,LONG,62059.56,61949.1,FALSE
07/08/2026,07/24/2026 17:26:23,16,16:15,61926.9,62014.41,61906.7,61936.86,61905.45,61959.58,-109,SHORT,61949.1,62049.08,FALSE
07/08/2026,07/24/2026 17:26:23,16,16:30,62020.96,62038.79,62036.69,62040.0,62039.02,62050.65,+30,LONG,62049.08,62029.91,FALSE
07/08/2026,07/24/2026 17:26:23,16,16:45,62046.77,62073.31,62021.02,62069.67,61996.55,62050.39,-77,SHORT,62029.91,62132.1,FALSE
07/08/2026,07/24/2026 17:26:23,17,17:00,62155.97,62186.43,62123.01,62186.42,62126.71,62142.75,-63,SHORT,62132.1,62159.9,FALSE
07/08/2026,07/24/2026 17:26:23,17,17:15,62179.09,62207.91,62162.0,62185.91,62156.4,62168.49,-52,SHORT,62159.9,62253.99,FALSE
07/08/2026,07/24/2026 17:26:23,17,17:30,62215.5,62231.5,62221.6,62244.51,62232.0,62254.99,+39,LONG,62253.99,62270.87,TRUE
07/08/2026,07/24/2026 17:26:23,17,17:45,62253.71,62271.62,62262.67,62274.3,62268.57,62278.17,+24,LONG,62270.87,62283.35,TRUE
07/08/2026,07/24/2026 17:26:23,18,18:00,62228.05,62270.99,62256.37,62286.0,62269.96,62289.49,+61,LONG,62283.35,62279.13,FALSE
07/08/2026,07/24/2026 17:26:23,18,18:15,62279.0,62294.15,62271.39,62282.0,62266.54,62279.13,-28,SHORT,62279.13,62218.82,TRUE
07/08/2026,07/24/2026 17:26:23,18,18:30,62171.6,62185.89,62170.0,62185.89,62174.0,62218.83,+49,LONG,62218.82,62211.51,FALSE
07/08/2026,07/24/2026 17:26:23,18,18:45,62167.4,62184.68,62173.35,62187.79,62184.49,62222.37,+55,LONG,62211.51,62237.7,TRUE
07/08/2026,07/24/2026 17:26:23,19,19:00,62259.06,62272.0,62236.43,62269.03,62237.7,62244.22,-36,SHORT,62237.7,62193.31,TRUE
07/08/2026,07/24/2026 17:26:23,19,19:15,62166.48,62183.89,62178.5,62193.3,62186.08,62210.1,+44,LONG,62193.31,62144.03,FALSE
07/08/2026,07/24/2026 17:26:23,19,19:30,62078.6,62104.5,62101.85,62122.99,62119.86,62147.09,+68,LONG,62144.03,62154.74,TRUE
07/08/2026,07/24/2026 17:26:23,19,19:45,62106.35,62131.06,62118.34,62145.19,62131.28,62157.18,+51,LONG,62154.74,62084.54,FALSE
07/08/2026,07/24/2026 17:26:23,20,20:00,62035.2,62056.94,62052.69,62074.89,62061.7,62084.54,+49,LONG,62084.54,62354.32,TRUE
07/08/2026,07/24/2026 17:26:23,20,20:15,62329.34,62412.43,62321.99,62361.98,62330.2,62359.79,-90,SHORT,62354.32,62344.99,TRUE
07/08/2026,07/24/2026 17:26:23,20,20:30,62331.98,62385.69,62382.0,62411.6,62335.99,62396.34,+80,LONG,62344.99,62062.58,FALSE
07/08/2026,07/24/2026 17:26:23,20,20:45,62010.33,62059.11,62028.0,62059.5,62049.0,62062.74,+52,LONG,62062.58,61856.65,FALSE
07/08/2026,07/24/2026 17:26:23,21,21:00,61827.0,61855.99,61833.86,61893.48,61842.23,61868.57,+66,LONG,61856.65,62028.4,TRUE
07/08/2026,07/24/2026 17:26:23,21,21:15,61978.7,62004.6,61993.98,62026.2,62012.0,62037.89,+59,LONG,62028.4,61952.81,FALSE
07/08/2026,07/24/2026 17:26:23,21,21:30,61964.5,61995.76,61900.78,61970.6,61926.89,61960.18,-95,SHORT,61952.81,61753.01,TRUE
07/08/2026,07/24/2026 17:26:23,21,21:45,61789.22,61826.0,61794.81,61815.9,61753.01,61801.29,-73,SHORT,61753.01,61730.17,TRUE
07/08/2026,07/24/2026 17:26:23,22,22:00,61724.04,61751.7,61720.93,61745.6,61723.4,61745.54,-31,SHORT,61730.17,61796.35,FALSE
07/08/2026,07/24/2026 17:26:23,22,22:15,61738.21,61767.8,61764.7,61786.3,61775.2,61807.89,+70,LONG,61796.35,61863.08,TRUE
07/08/2026,07/24/2026 17:26:23,22,22:30,61849.2,61883.24,61774.44,61856.02,61812.2,61863.45,-109,SHORT,61863.08,61925.24,FALSE
07/08/2026,07/24/2026 17:26:23,22,22:45,61845.5,61882.5,61882.49,61895.99,61880.14,61932.04,+87,LONG,61925.24,61913.99,FALSE
07/08/2026,07/24/2026 17:26:23,23,23:00,61919.59,61938.0,61920.97,61938.0,61901.31,61930.27,-37,SHORT,61913.99,61971.7,FALSE
07/08/2026,07/24/2026 17:26:23,23,23:15,61963.9,61992.27,61992.27,62014.88,61971.7,62019.0,+55,LONG,61971.7,62039.75,TRUE
07/08/2026,07/24/2026 17:26:23,23,23:30,61994.07,62012.0,62011.99,62040.38,62030.5,62040.0,+46,LONG,62039.75,62252.49,TRUE
07/08/2026,07/24/2026 17:26:23,23,23:45,62230.3,62256.19,62230.95,62245.1,62234.0,62252.49,-25,SHORT,62252.49,62396.79,FALSE
07/09/2026,07/24/2026 17:26:23,0,00:00,62341.3,62400.5,62382.1,62396.12,62383.33,62404.19,+63,LONG,62396.79,62448.58,TRUE
07/09/2026,07/24/2026 17:26:23,0,00:15,62456.58,62520.01,62462.48,62521.92,62428.32,62478.19,-94,SHORT,62448.58,62251.91,TRUE
07/09/2026,07/24/2026 17:26:23,0,00:30,62206.0,62247.58,62229.38,62263.59,62248.8,62259.65,+58,LONG,62251.91,62326.49,TRUE
07/09/2026,07/24/2026 17:26:23,0,00:45,62300.0,62325.57,62294.01,62315.39,62315.39,62326.49,+32,LONG,62326.49,62537.39,TRUE
07/09/2026,07/24/2026 17:26:23,1,01:00,62488.0,62520.0,62488.0,62520.61,62516.29,62537.4,+49,LONG,62537.39,62478.19,FALSE
07/09/2026,07/24/2026 17:26:23,1,01:15,62430.68,62459.7,62459.69,62489.3,62468.27,62484.52,+59,LONG,62478.19,62762.86,TRUE
07/09/2026,07/24/2026 17:26:23,1,01:30,62614.01,62816.98,62729.8,62798.66,62718.7,62770.5,+185,LONG,62762.86,62798.52,TRUE
07/09/2026,07/24/2026 17:26:23,1,01:45,62720.82,62750.0,62738.33,62782.93,62759.4,62799.54,+79,LONG,62798.52,62903.46,TRUE
07/09/2026,07/24/2026 17:26:23,2,02:00,62818.6,62853.12,62815.0,62829.69,62826.01,62924.31,+109,LONG,62903.46,62885.27,FALSE
07/09/2026,07/24/2026 17:26:23,2,02:15,62771.67,62818.3,62812.01,62869.1,62846.28,62895.17,+124,LONG,62885.27,62862.58,FALSE
07/09/2026,07/24/2026 17:26:23,2,02:30,62798.01,62833.91,62820.32,62866.8,62862.58,62878.87,+81,LONG,62862.58,62986.45,TRUE
07/09/2026,07/24/2026 17:26:23,2,02:45,62777.82,62889.44,62843.02,62931.03,62911.99,62989.71,+212,LONG,62986.45,62947.26,FALSE
07/09/2026,07/24/2026 17:26:23,3,03:00,62927.78,62966.9,62916.66,62942.82,62924.52,62950.02,-50,SHORT,62947.26,62898.43,TRUE
07/09/2026,07/24/2026 17:26:23,3,03:15,62856.07,62907.5,62896.0,62904.95,62879.0,62900.03,+49,LONG,62898.43,62982.01,TRUE
07/09/2026,07/24/2026 17:26:23,3,03:30,62964.53,62983.06,62973.91,62989.71,62974.06,62996.95,+32,LONG,62982.01,62978.93,FALSE
07/09/2026,07/24/2026 17:26:23,3,03:45,62986.46,62991.02,62966.55,62988.95,62970.74,63001.2,+35,LONG,62978.93,62839.99,FALSE
07/09/2026,07/24/2026 17:26:23,4,04:00,62822.5,62859.03,62820.4,62836.02,62826.73,62852.8,-39,SHORT,62839.99,62805.04,TRUE
07/09/2026,07/24/2026 17:26:23,4,04:15,62820.19,62839.75,62817.41,62839.75,62802.6,62817.41,-37,SHORT,62805.04,62862.22,FALSE
07/09/2026,07/24/2026 17:26:23,4,04:30,62839.06,62857.8,62852.79,62878.87,62851.73,62866.74,+40,LONG,62862.22,62745.96,FALSE
07/09/2026,07/24/2026 17:26:23,4,04:45,62771.3,62832.02,62729.82,62771.1,62730.87,62757.15,-102,SHORT,62745.96,62896.06,FALSE
07/09/2026,07/24/2026 17:26:23,5,05:00,62890.0,62912.28,62884.26,62907.38,62884.27,62898.0,-28,SHORT,62896.06,62947.31,FALSE
07/09/2026,07/24/2026 17:26:23,5,05:15,62940.8,62959.99,62927.89,62958.88,62928.35,62950.6,-32,SHORT,62947.31,62823.75,TRUE
07/09/2026,07/24/2026 17:26:23,5,05:30,62816.94,62835.41,62820.2,62833.23,62813.68,62828.24,-22,SHORT,62823.75,62843.43,FALSE
07/09/2026,07/24/2026 17:26:23,5,05:45,62810.89,62852.29,62810.89,62829.98,62820.79,62849.54,-41,SHORT,62843.43,62722.52,TRUE
07/09/2026,07/24/2026 17:26:23,6,06:00,62692.29,62712.5,62705.69,62722.39,62716.9,62736.43,+44,LONG,62722.52,62745.01,TRUE
07/09/2026,07/24/2026 17:26:23,6,06:15,62722.39,62758.63,62748.48,62763.99,62738.94,62753.69,+42,LONG,62745.01,62641.98,FALSE
07/09/2026,07/24/2026 17:26:23,6,06:30,62614.95,62634.38,62616.71,62638.13,62617.23,62657.19,+42,LONG,62641.98,62598.52,FALSE
07/09/2026,07/24/2026 17:26:23,6,06:45,62578.96,62601.74,62578.96,62604.27,62598.52,62612.52,+34,LONG,62598.52,62718.96,TRUE
07/09/2026,07/24/2026 17:26:23,7,07:00,62722.82,62742.06,62712.64,62733.99,62718.9,62720.05,-29,SHORT,62718.96,62713.5,TRUE
07/09/2026,07/24/2026 17:26:23,7,07:15,62755.0,62780.31,62725.78,62772.84,62713.49,62754.0,-67,SHORT,62713.5,62748.48,FALSE
07/09/2026,07/24/2026 17:26:23,7,07:30,62573.26,62738.71,62605.04,62729.25,62670.0,62784.33,+211,LONG,62748.48,62550.89,FALSE
07/09/2026,07/24/2026 17:26:23,7,07:45,62610.76,62800.64,62572.44,62644.15,62508.96,62597.26,-292,SHORT,62550.89,62553.08,FALSE
07/09/2026,07/24/2026 17:26:23,8,08:00,62566.82,62604.91,62556.29,62608.17,62543.11,62561.0,-65,SHORT,62553.08,62810.71,FALSE
07/09/2026,07/24/2026 17:26:23,8,08:15,62790.16,62862.7,62813.8,62849.54,62810.54,62829.55,+59,LONG,62810.71,62657.96,FALSE
07/09/2026,07/24/2026 17:26:23,8,08:30,62673.51,62728.91,62613.89,62676.97,62615.5,62658.0,-115,SHORT,62657.96,62917.99,FALSE
07/09/2026,07/24/2026 17:26:23,8,08:45,62691.63,62754.88,62745.22,62800.0,62782.0,62917.99,+226,LONG,62917.99,62968.16,TRUE
07/09/2026,07/24/2026 17:26:23,9,09:00,62877.66,62947.33,62915.91,63012.03,62957.12,63006.68,+134,LONG,62968.16,62865.84,FALSE
07/09/2026,07/24/2026 17:26:23,9,09:15,62820.0,62897.62,62839.76,62888.13,62865.84,62901.69,+82,LONG,62865.84,62816.89,FALSE
07/09/2026,07/24/2026 17:26:23,9,09:30,62691.31,62786.06,62755.0,62820.2,62768.19,62816.9,+129,LONG,62816.89,62856.19,TRUE
07/09/2026,07/24/2026 17:26:23,9,09:45,62867.9,62936.92,62901.03,62947.42,62852.83,62913.97,-95,SHORT,62856.19,62955.42,FALSE
07/09/2026,07/24/2026 17:26:23,10,10:00,62882.14,62931.03,62930.51,62987.8,62934.36,62969.45,+106,LONG,62955.42,63038.68,TRUE
07/09/2026,07/24/2026 17:26:23,10,10:15,63043.1,63094.03,63026.14,63058.18,62993.97,63051.65,-100,SHORT,63038.68,62936.01,TRUE
07/09/2026,07/24/2026 17:26:23,10,10:30,63048.4,63096.56,62877.99,63088.54,62901.7,62950.59,-219,SHORT,62936.01,62923.39,TRUE
07/09/2026,07/24/2026 17:26:23,10,10:45,62918.03,62955.93,62920.87,62972.48,62905.29,62933.4,-67,SHORT,62923.39,62802.98,TRUE
07/09/2026,07/24/2026 17:26:23,11,11:00,62740.71,62840.19,62788.87,62839.22,62802.0,62827.3,+99,LONG,62802.98,62798.04,FALSE
07/09/2026,07/24/2026 17:26:23,11,11:15,62768.41,62811.99,62795.4,62826.0,62798.03,62828.98,+61,LONG,62798.04,62650.77,FALSE
07/09/2026,07/24/2026 17:26:23,11,11:30,62507.41,62605.65,62598.11,62633.79,62617.49,62655.18,+148,LONG,62650.77,62672.27,TRUE
07/09/2026,07/24/2026 17:26:23,11,11:45,62700.98,62732.7,62684.31,62715.41,62647.87,62689.41,-85,SHORT,62672.27,62635.76,TRUE
07/09/2026,07/24/2026 17:26:23,12,12:00,62623.74,62655.56,62632.51,62658.28,62629.18,62671.99,+48,LONG,62635.76,62643.81,TRUE
07/09/2026,07/24/2026 17:26:23,12,12:15,62670.0,62684.99,62609.17,62685.39,62624.42,62647.98,-76,SHORT,62643.81,62781.29,FALSE
07/09/2026,07/24/2026 17:26:23,12,12:30,62745.05,62764.98,62758.9,62776.72,62759.48,62781.97,+37,LONG,62781.29,62965.57,TRUE
07/09/2026,07/24/2026 17:26:23,12,12:45,62950.64,62972.88,62929.87,62971.12,62932.63,62974.0,+44,LONG,62965.57,63088.25,TRUE
07/09/2026,07/24/2026 17:26:23,13,13:00,63072.84,63111.54,62990.0,63086.02,63055.22,63088.25,-122,SHORT,63088.25,63342.5,FALSE
07/09/2026,07/24/2026 17:26:23,13,13:15,63330.12,63406.03,63299.47,63337.46,63309.84,63355.74,-107,SHORT,63342.5,63332.81,TRUE
07/09/2026,07/24/2026 17:26:23,13,13:30,63200.67,63262.71,63261.03,63320.75,63293.3,63332.82,+132,LONG,63332.81,63260.25,FALSE
07/09/2026,07/24/2026 17:26:23,13,13:45,63238.29,63264.48,63216.44,63284.67,63238.29,63266.7,+50,LONG,63260.25,63163.06,FALSE
07/09/2026,07/24/2026 17:26:23,14,14:00,63159.83,63181.45,63137.76,63180.01,63139.39,63167.24,-44,SHORT,63163.06,63159.1,TRUE
07/09/2026,07/24/2026 17:26:23,14,14:15,63194.57,63211.3,63147.71,63206.4,63143.81,63163.98,-67,SHORT,63159.1,63206.58,FALSE
07/09/2026,07/24/2026 17:26:23,14,14:30,63149.14,63219.58,63190.31,63216.42,63201.53,63229.52,+80,LONG,63206.58,63304.69,TRUE
07/09/2026,07/24/2026 17:26:23,14,14:45,63218.79,63227.34,63215.11,63232.36,63229.0,63325.39,+110,LONG,63304.69,63193.84,FALSE
07/09/2026,07/24/2026 17:26:23,15,15:00,63216.08,63229.53,63190.21,63221.97,63172.72,63198.94,-57,SHORT,63193.84,63150.88,TRUE
07/09/2026,07/24/2026 17:26:23,15,15:15,63156.84,63175.76,63122.01,63167.98,63148.25,63179.63,+58,LONG,63150.88,63226.79,TRUE
07/09/2026,07/24/2026 17:26:23,15,15:30,63221.63,63272.78,63226.77,63242.05,63226.79,63242.37,-46,SHORT,63226.79,63262.38,FALSE
07/09/2026,07/24/2026 17:26:23,15,15:45,63261.17,63272.0,63261.72,63267.93,63261.57,63266.14,-10,SHORT,63262.38,63257.5,TRUE
07/09/2026,07/24/2026 17:26:23,16,16:00,63208.19,63226.69,63223.96,63267.85,63227.72,63263.94,+60,LONG,63257.5,63269.47,TRUE
07/09/2026,07/24/2026 17:26:23,16,16:15,63268.87,63281.9,63233.9,63279.94,63267.92,63280.9,-48,SHORT,63269.47,63203.3,TRUE
07/09/2026,07/24/2026 17:26:23,16,16:30,63196.84,63208.69,63190.81,63212.0,63188.26,63203.3,-24,SHORT,63203.3,63177.57,TRUE
07/09/2026,07/24/2026 17:26:23,16,16:45,63182.33,63195.33,63171.16,63197.19,63152.37,63194.57,-45,SHORT,63177.57,63223.69,FALSE
07/09/2026,07/24/2026 17:26:23,17,17:00,63198.45,63222.89,63222.87,63239.65,63215.06,63239.23,+41,LONG,63223.69,63198.94,FALSE
07/09/2026,07/24/2026 17:26:23,17,17:15,63210.16,63227.96,63207.39,63227.96,63198.94,63211.99,-29,SHORT,63198.94,63293.51,FALSE
07/09/2026,07/24/2026 17:26:23,17,17:30,63292.56,63307.99,63287.1,63303.09,63287.1,63301.45,-21,SHORT,63293.51,63307.96,FALSE
07/09/2026,07/24/2026 17:26:23,17,17:45,63252.0,63329.96,63327.25,63371.21,63290.71,63343.16,+119,LONG,63307.96,63169.76,FALSE
07/09/2026,07/24/2026 17:26:23,18,18:00,63174.25,63197.73,63181.11,63182.74,63160.82,63182.0,-37,SHORT,63169.76,63120.81,TRUE
07/09/2026,07/24/2026 17:26:23,18,18:15,63148.82,63154.52,63142.13,63150.0,63120.81,63145.19,-34,SHORT,63120.81,63179.52,FALSE
07/09/2026,07/24/2026 17:26:23,18,18:30,63206.76,63281.62,63204.32,63233.88,63179.51,63209.56,-102,SHORT,63179.52,63241.67,FALSE
07/09/2026,07/24/2026 17:26:23,18,18:45,63218.02,63245.8,63225.16,63239.46,63227.72,63241.67,+24,LONG,63241.67,63175.25,FALSE
07/09/2026,07/24/2026 17:26:23,19,19:00,63208.9,63238.26,63190.2,63216.99,63171.05,63219.6,-67,SHORT,63175.25,63175.24,TRUE
07/09/2026,07/24/2026 17:26:23,19,19:15,63094.81,63135.32,63098.43,63135.32,63096.53,63175.25,+80,LONG,63175.24,63049.34,FALSE
07/09/2026,07/24/2026 17:26:23,19,19:30,63020.98,63065.95,63014.95,63020.99,63011.7,63053.17,-54,SHORT,63049.34,62993.55,TRUE
07/09/2026,07/24/2026 17:26:23,19,19:45,63054.74,63102.8,63009.36,63065.28,62993.55,63035.58,-109,SHORT,62993.55,63058.12,FALSE
07/09/2026,07/24/2026 17:26:23,20,20:00,63008.24,63049.22,63038.79,63057.96,63039.73,63066.05,+58,LONG,63058.12,63075.54,TRUE
07/09/2026,07/24/2026 17:26:23,20,20:15,62996.26,63025.4,63008.5,63027.0,63016.62,63075.55,+79,LONG,63075.54,63340.0,TRUE
07/09/2026,07/24/2026 17:26:23,20,20:30,63237.19,63314.78,63277.6,63322.04,63312.56,63349.93,+113,LONG,63340.0,63338.75,FALSE
07/09/2026,07/24/2026 17:26:23,20,20:45,63305.02,63333.39,63303.36,63321.25,63315.47,63358.06,+55,LONG,63338.75,63699.99,TRUE
07/09/2026,07/24/2026 17:26:23,21,21:00,63686.38,63718.97,63650.08,63724.17,63654.6,63700.0,-70,SHORT,63699.99,63822.35,FALSE
07/09/2026,07/24/2026 17:26:23,21,21:15,63793.26,63830.58,63816.99,63840.01,63782.96,63823.06,-57,SHORT,63822.35,63767.04,TRUE
07/09/2026,07/24/2026 17:26:23,21,21:30,63788.89,63819.48,63785.87,63813.93,63767.04,63801.23,-52,SHORT,63767.04,63818.32,FALSE
07/09/2026,07/24/2026 17:26:23,21,21:45,63797.63,63819.47,63802.0,63815.1,63808.99,63826.8,+29,LONG,63818.32,63911.25,TRUE
07/09/2026,07/24/2026 17:26:23,22,22:00,63934.0,63950.58,63919.99,63942.34,63911.25,63920.0,-39,SHORT,63911.25,63881.49,TRUE
07/09/2026,07/24/2026 17:26:23,22,22:15,63863.18,63882.15,63867.55,63882.03,63871.86,63885.02,+22,LONG,63881.49,63797.63,FALSE
07/09/2026,07/24/2026 17:26:23,22,22:30,63799.83,63828.01,63791.55,63822.0,63793.27,63819.48,-36,SHORT,63797.63,63888.23,FALSE
07/09/2026,07/24/2026 17:26:23,22,22:45,63831.46,63845.36,63838.13,63863.46,63845.24,63889.79,+58,LONG,63888.23,63899.99,TRUE
07/09/2026,07/24/2026 17:26:23,23,23:00,63855.62,63878.19,63871.3,63897.14,63878.21,63900.0,+44,LONG,63899.99,63925.09,TRUE
07/09/2026,07/24/2026 17:26:23,23,23:15,63906.91,63938.52,63924.17,63940.98,63922.79,63937.55,+34,LONG,63925.09,63843.62,FALSE
07/09/2026,07/24/2026 17:26:23,23,23:30,63867.55,63884.58,63863.18,63875.9,63842.61,63868.37,-42,SHORT,63843.62,64057.62,FALSE
07/09/2026,07/24/2026 17:26:23,23,23:45,64015.22,64033.6,64030.8,64047.31,64036.23,64057.63,+42,LONG,64057.62,64004.03,FALSE
07/10/2026,07/24/2026 17:26:23,0,00:00,64004.19,64020.51,63998.66,64015.0,63989.91,64004.04,-31,SHORT,64004.03,63940.01,TRUE
07/10/2026,07/24/2026 17:26:23,0,00:15,63928.73,63946.26,63935.06,63947.86,63937.38,63946.66,+19,LONG,63940.01,63929.77,FALSE
07/10/2026,07/24/2026 17:26:23,0,00:30,63900.0,63919.3,63918.59,63925.75,63919.3,63942.6,+43,LONG,63929.77,64132.4,TRUE
07/10/2026,07/24/2026 17:26:23,0,00:45,64028.88,64107.81,64090.42,64126.0,64107.88,64152.57,+124,LONG,64132.4,64076.23,FALSE
07/10/2026,07/24/2026 17:26:23,1,01:00,64041.22,64081.68,64055.46,64068.56,64059.4,64076.37,+35,LONG,64076.23,63991.38,FALSE
07/10/2026,07/24/2026 17:26:23,1,01:15,64005.0,64021.98,64005.97,64020.5,63986.72,64016.0,-35,SHORT,63991.38,63862.11,TRUE
07/10/2026,07/24/2026 17:26:23,1,01:30,63832.86,63852.77,63825.84,63852.78,63852.77,63872.81,+47,LONG,63862.11,63845.1,FALSE
07/10/2026,07/24/2026 17:26:23,1,01:45,63863.5,63873.03,63853.99,63873.03,63819.69,63869.77,-53,SHORT,63845.1,63817.55,TRUE
07/10/2026,07/24/2026 17:26:23,2,02:00,63804.12,63811.79,63804.12,63816.93,63812.02,63818.82,+15,LONG,63817.55,63877.52,TRUE
07/10/2026,07/24/2026 17:26:23,2,02:15,63830.3,63831.93,63831.92,63860.94,63850.89,63877.53,+47,LONG,63877.52,63931.19,TRUE
07/10/2026,07/24/2026 17:26:23,2,02:30,63938.16,63959.63,63917.1,63938.17,63928.44,63931.22,-43,SHORT,63931.19,63903.06,TRUE
07/10/2026,07/24/2026 17:26:23,2,02:45,63892.48,63892.49,63892.48,63915.18,63903.06,63904.35,+23,LONG,63903.06,63932.72,TRUE
07/10/2026,07/24/2026 17:26:23,3,03:00,63930.91,63941.99,63930.91,63951.0,63931.0,63958.99,+28,LONG,63932.72,63988.02,TRUE
07/10/2026,07/24/2026 17:26:23,3,03:15,63952.2,63957.82,63945.18,63956.62,63945.18,63988.9,+44,LONG,63988.02,64285.07,TRUE
07/10/2026,07/24/2026 17:26:23,3,03:30,64223.07,64247.04,64243.39,64290.13,64268.11,64290.33,+67,LONG,64285.07,64156.12,FALSE
07/10/2026,07/24/2026 17:26:23,3,03:45,64142.04,64155.46,64131.21,64148.11,64141.74,64156.13,+25,LONG,64156.12,64196.53,TRUE
07/10/2026,07/24/2026 17:26:23,4,04:00,64208.43,64242.52,64206.28,64238.0,64196.53,64214.28,-46,SHORT,64196.53,64162.81,TRUE
07/10/2026,07/24/2026 17:26:23,4,04:15,64120.66,64163.99,64113.66,64148.46,64141.74,64186.49,+73,LONG,64162.81,64375.6,TRUE
07/10/2026,07/24/2026 17:26:23,4,04:30,64285.64,64331.28,64318.7,64376.42,64331.28,64375.61,+91,LONG,64375.6,64422.24,TRUE
07/10/2026,07/24/2026 17:26:23,4,04:45,64363.45,64382.88,64352.92,64376.9,64376.9,64422.25,+69,LONG,64422.24,64341.83,FALSE
07/10/2026,07/24/2026 17:26:23,5,05:00,64338.3,64354.25,64341.03,64359.36,64341.82,64351.42,+21,LONG,64341.83,64257.56,FALSE
07/10/2026,07/24/2026 17:26:23,5,05:15,64250.0,64268.75,64231.48,64250.01,64243.52,64257.56,-37,SHORT,64257.56,64391.27,FALSE
07/10/2026,07/24/2026 17:26:23,5,05:30,64314.02,64340.12,64312.0,64340.15,64328.03,64394.45,+82,LONG,64391.27,64428.24,TRUE
07/10/2026,07/24/2026 17:26:23,5,05:45,64349.7,64369.88,64369.88,64397.97,64390.56,64429.55,+80,LONG,64428.24,64355.32,FALSE
07/10/2026,07/24/2026 17:26:23,6,06:00,64375.49,64387.44,64365.17,64387.43,64355.32,64365.18,-32,SHORT,64355.32,64410.82,FALSE
07/10/2026,07/24/2026 17:26:23,6,06:15,64394.46,64415.51,64404.6,64422.94,64408.5,64418.26,+28,LONG,64410.82,64380.42,FALSE
07/10/2026,07/24/2026 17:26:23,6,06:30,64329.07,64371.42,64369.44,64404.61,64373.69,64396.77,+76,LONG,64380.42,64352.35,FALSE
07/10/2026,07/24/2026 17:26:23,6,06:45,64310.5,64349.94,64344.01,64357.09,64347.72,64360.65,+50,LONG,64352.35,64378.15,TRUE
07/10/2026,07/24/2026 17:26:23,7,07:00,64349.71,64369.9,64359.71,64369.7,64358.03,64379.05,+29,LONG,64378.15,64498.91,TRUE
07/10/2026,07/24/2026 17:26:23,7,07:15,64425.28,64449.0,64428.25,64551.3,64432.93,64596.48,+171,LONG,64498.91,64452.71,FALSE
07/10/2026,07/24/2026 17:26:23,7,07:30,64441.74,64474.36,64448.45,64474.34,64441.52,64474.43,-33,SHORT,64452.71,64321.6,TRUE
07/10/2026,07/24/2026 17:26:23,7,07:45,64333.37,64375.48,64327.67,64350.45,64309.23,64339.05,-66,SHORT,64321.6,64239.01,TRUE
07/10/2026,07/24/2026 17:26:23,8,08:00,64222.2,64266.01,64233.98,64251.83,64238.0,64259.45,+37,LONG,64239.01,64191.59,FALSE
07/10/2026,07/24/2026 17:26:23,8,08:15,64192.11,64213.97,64187.0,64207.12,64190.24,64202.6,-27,SHORT,64191.59,64103.29,TRUE
07/10/2026,07/24/2026 17:26:23,8,08:30,64113.59,64134.48,64107.88,64128.5,64094.1,64126.79,-40,SHORT,64103.29,64338.0,FALSE
07/10/2026,07/24/2026 17:26:23,8,08:45,64269.48,64387.36,64303.15,64379.52,64303.28,64419.37,+150,LONG,64338.0,64436.6,TRUE
07/10/2026,07/24/2026 17:26:23,9,09:00,64397.84,64473.13,64397.84,64469.78,64416.79,64488.54,+91,LONG,64436.6,64164.11,FALSE
07/10/2026,07/24/2026 17:26:23,9,09:15,64181.53,64271.43,64196.35,64248.45,64145.31,64208.43,-126,SHORT,64164.11,64079.99,TRUE
07/10/2026,07/24/2026 17:26:23,9,09:30,63990.98,64044.69,63991.77,64119.42,64078.33,64117.23,+128,LONG,64079.99,64048.73,FALSE
07/10/2026,07/24/2026 17:26:23,9,09:45,63998.02,64075.71,64030.79,64115.38,64038.97,64074.1,+117,LONG,64048.73,63859.39,FALSE
07/10/2026,07/24/2026 17:26:23,10,10:00,63855.61,63895.07,63834.37,63910.84,63839.99,63878.81,-71,SHORT,63859.39,63926.79,FALSE
07/10/2026,07/24/2026 17:26:23,10,10:15,63940.4,63967.12,63917.68,63965.16,63919.43,63942.66,-49,SHORT,63926.79,64088.12,FALSE
07/10/2026,07/24/2026 17:26:23,10,10:30,64094.01,64130.01,64053.98,64102.63,64053.98,64089.01,-76,SHORT,64088.12,63897.58,TRUE
07/10/2026,07/24/2026 17:26:23,10,10:45,63886.35,63950.31,63892.01,63908.0,63895.88,63910.96,-58,SHORT,63897.58,63987.0,FALSE
07/10/2026,07/24/2026 17:26:23,11,11:00,63934.54,63971.52,63930.24,63957.49,63938.86,63994.99,+65,LONG,63987.0,64000.3,TRUE
07/10/2026,07/24/2026 17:26:23,11,11:15,63949.99,63985.42,63979.85,64007.81,63981.95,64016.35,+66,LONG,64000.3,63954.62,FALSE
07/10/2026,07/24/2026 17:26:23,11,11:30,63965.1,63977.65,63956.09,63986.26,63950.0,63962.65,-36,SHORT,63954.62,63880.93,TRUE
07/10/2026,07/24/2026 17:26:23,11,11:45,63876.69,63903.26,63878.32,63922.28,63873.08,63912.99,-49,SHORT,63880.93,64085.8,FALSE
07/10/2026,07/24/2026 17:26:23,12,12:00,64070.01,64132.97,64098.0,64174.08,64085.8,64128.48,+104,LONG,64085.8,63901.98,FALSE
07/10/2026,07/24/2026 17:26:23,12,12:15,63928.26,63945.09,63916.0,63953.78,63901.83,63940.0,-52,SHORT,63901.98,63922.04,FALSE
07/10/2026,07/24/2026 17:26:23,12,12:30,63944.95,63956.07,63944.95,63949.01,63922.04,63949.0,-34,SHORT,63922.04,63831.73,TRUE
07/10/2026,07/24/2026 17:26:23,12,12:45,63799.1,63827.42,63820.12,63843.47,63819.34,63841.59,+44,LONG,63831.73,63775.71,FALSE
07/10/2026,07/24/2026 17:26:23,13,13:00,63790.01,63865.95,63779.85,63820.72,63766.88,63785.32,-99,SHORT,63775.71,63839.74,FALSE
07/10/2026,07/24/2026 17:26:23,13,13:15,63849.22,63891.34,63823.65,63854.8,63839.74,63843.31,-68,SHORT,63839.74,63874.18,FALSE
07/10/2026,07/24/2026 17:26:23,13,13:30,63873.41,63892.65,63884.83,63899.03,63866.88,63884.88,-32,SHORT,63874.18,63833.6,TRUE
07/10/2026,07/24/2026 17:26:23,13,13:45,63811.54,63843.73,63828.27,63855.07,63817.53,63833.6,+44,LONG,63833.6,63758.91,FALSE
07/10/2026,07/24/2026 17:26:23,14,14:00,63734.39,63761.87,63734.39,63768.36,63741.1,63763.85,+34,LONG,63758.91,63839.35,TRUE
07/10/2026,07/24/2026 17:26:23,14,14:15,63831.04,63843.75,63814.91,63837.58,63825.66,63840.77,-29,SHORT,63839.35,63818.01,TRUE
07/10/2026,07/24/2026 17:26:23,14,14:30,63812.83,63836.0,63825.37,63835.44,63815.92,63843.95,+31,LONG,63818.01,63936.92,TRUE
07/10/2026,07/24/2026 17:26:23,14,14:45,63941.5,63966.16,63937.04,63966.16,63933.96,63949.98,-32,SHORT,63936.92,63878.41,TRUE
07/10/2026,07/24/2026 17:26:23,15,15:00,63867.44,63896.55,63873.21,63889.01,63860.17,63906.13,+39,LONG,63878.41,63778.23,FALSE
07/10/2026,07/24/2026 17:26:23,15,15:15,63781.69,63789.46,63779.71,63789.46,63775.32,63785.26,-14,SHORT,63778.23,63685.45,TRUE
07/10/2026,07/24/2026 17:26:23,15,15:30,63654.43,63685.44,63656.57,63685.43,63680.48,63703.67,+49,LONG,63685.45,63834.22,TRUE
07/10/2026,07/24/2026 17:26:23,15,15:45,63820.46,63838.99,63827.28,63835.84,63830.92,63838.33,+18,LONG,63834.22,63788.76,FALSE
07/10/2026,07/24/2026 17:26:23,16,16:00,63785.12,63805.56,63783.22,63791.01,63786.8,63788.76,-22,SHORT,63788.76,63899.16,FALSE
07/10/2026,07/24/2026 17:26:23,16,16:15,63889.47,63901.18,63894.84,63931.93,63875.8,63921.63,-56,SHORT,63899.16,63958.88,FALSE
07/10/2026,07/24/2026 17:26:23,16,16:30,63946.3,63954.32,63954.31,63966.31,63958.88,63974.82,+29,LONG,63958.88,63998.84,TRUE
07/10/2026,07/24/2026 17:26:23,16,16:45,63969.8,63987.57,63952.24,63991.66,63970.13,64003.35,+51,LONG,63998.84,63970.38,FALSE
07/10/2026,07/24/2026 17:26:23,17,17:00,63957.0,63960.71,63960.33,63970.95,63952.24,63977.36,+20,LONG,63970.38,64005.75,TRUE
07/10/2026,07/24/2026 17:26:23,17,17:15,63969.36,64009.97,63984.36,64009.39,63988.34,64015.02,+46,LONG,64005.75,64088.85,TRUE
07/10/2026,07/24/2026 17:26:23,17,17:30,64021.83,64051.0,64043.47,64100.12,64086.79,64095.14,+78,LONG,64088.85,64083.99,FALSE
07/10/2026,07/24/2026 17:26:23,17,17:45,64076.7,64094.99,64082.63,64095.0,64083.9,64086.75,+18,LONG,64083.99,64068.85,FALSE
07/10/2026,07/24/2026 17:26:23,18,18:00,64067.87,64080.65,64062.77,64072.22,64068.32,64072.73,-18,SHORT,64068.85,64078.55,FALSE
07/10/2026,07/24/2026 17:26:23,18,18:15,64027.59,64033.8,64030.67,64050.36,64027.6,64078.55,+51,LONG,64078.55,64155.27,TRUE
07/10/2026,07/24/2026 17:26:23,18,18:30,64147.54,64167.99,64133.29,64162.68,64150.12,64155.27,-35,SHORT,64155.27,64157.44,FALSE
07/10/2026,07/24/2026 17:26:23,18,18:45,64128.06,64141.43,64128.29,64132.47,64123.5,64164.09,+36,LONG,64157.44,64128.49,FALSE
07/10/2026,07/24/2026 17:26:23,19,19:00,64117.02,64129.31,64120.88,64129.55,64111.33,64134.51,-18,SHORT,64128.49,64037.3,TRUE
07/10/2026,07/24/2026 17:26:23,19,19:15,64058.38,64065.46,64041.1,64058.57,64014.57,64042.15,-51,SHORT,64037.3,64067.65,FALSE
07/10/2026,07/24/2026 17:26:23,19,19:30,64061.19,64062.0,64061.99,64087.99,64067.64,64085.89,+27,LONG,64067.65,64109.26,TRUE
07/10/2026,07/24/2026 17:26:23,19,19:45,64052.83,64071.29,64059.28,64082.05,64082.05,64109.27,+56,LONG,64109.26,64076.53,FALSE
07/10/2026,07/24/2026 17:26:23,20,20:00,64093.52,64096.8,64096.8,64103.81,64075.97,64106.44,-28,SHORT,64076.53,64100.22,FALSE
07/10/2026,07/24/2026 17:26:23,20,20:15,64095.59,64100.23,64100.21,64103.53,64100.21,64103.52,+8,LONG,64100.22,64184.12,TRUE
07/10/2026,07/24/2026 17:26:23,20,20:30,64153.29,64201.19,64181.47,64188.55,64181.79,64198.02,+45,LONG,64184.12,64014.43,FALSE
07/10/2026,07/24/2026 17:26:23,20,20:45,63987.56,64023.19,64012.6,64045.79,64014.43,64038.99,+58,LONG,64014.43,63973.73,FALSE
07/10/2026,07/24/2026 17:26:23,21,21:00,63999.36,64038.52,63985.8,64006.65,63969.36,63980.6,-69,SHORT,63973.73,63965.46,TRUE
07/10/2026,07/24/2026 17:26:23,21,21:15,63984.37,64024.57,63964.55,63984.38,63955.39,63967.28,-69,SHORT,63965.46,63995.76,FALSE
07/10/2026,07/24/2026 17:26:23,21,21:30,63986.7,63994.11,63987.31,64001.03,63994.29,63997.37,+14,LONG,63995.76,64098.54,TRUE
07/10/2026,07/24/2026 17:26:23,21,21:45,64071.21,64107.12,64097.1,64107.68,64098.53,64107.68,+36,LONG,64098.54,64116.98,TRUE
07/10/2026,07/24/2026 17:26:23,22,22:00,64117.46,64122.17,64118.6,64128.87,64115.39,64118.6,-13,SHORT,64116.98,64142.06,FALSE
07/10/2026,07/24/2026 17:26:23,22,22:15,64129.52,64142.29,64130.82,64140.44,64130.82,64146.82,+17,LONG,64142.06,64078.56,FALSE
07/10/2026,07/24/2026 17:26:23,22,22:30,64076.47,64093.13,64072.28,64087.83,64078.56,64078.57,-21,SHORT,64078.56,64121.24,FALSE
07/10/2026,07/24/2026 17:26:23,22,22:45,64122.24,64136.8,64115.89,64125.53,64114.77,64123.25,-22,SHORT,64121.24,64107.68,TRUE
07/10/2026,07/24/2026 17:26:23,23,23:00,64122.24,64134.3,64118.6,64136.79,64107.68,64118.63,-29,SHORT,64107.68,64083.23,TRUE
07/10/2026,07/24/2026 17:26:23,23,23:15,64059.19,64059.55,64059.55,64074.92,64074.91,64083.24,+24,LONG,64083.23,64098.8,TRUE
07/10/2026,07/24/2026 17:26:23,23,23:30,64093.12,64105.8,64091.48,64093.13,64092.12,64098.81,-14,SHORT,64098.8,64112.69,FALSE
07/10/2026,07/24/2026 17:26:23,23,23:45,64122.07,64152.74,64113.83,64122.1,64107.69,64114.31,-45,SHORT,64112.69,64111.34,TRUE
07/11/2026,07/24/2026 17:26:23,0,00:00,64083.25,64096.76,64090.98,64093.09,64087.0,64111.34,+28,LONG,64111.34,64121.46,TRUE
07/11/2026,07/24/2026 17:26:23,0,00:15,64146.74,64150.3,64136.95,64159.1,64103.99,64147.7,-55,SHORT,64121.46,64152.16,FALSE
07/11/2026,07/24/2026 17:26:23,0,00:30,64133.16,64152.45,64133.16,64144.07,64134.28,64155.01,+22,LONG,64152.16,64132.45,FALSE
07/11/2026,07/24/2026 17:26:23,0,00:45,64110.75,64125.87,64118.46,64132.11,64110.07,64141.18,+30,LONG,64132.45,64125.38,FALSE
07/11/2026,07/24/2026 17:26:23,1,01:00,64125.07,64137.51,64124.85,64140.43,64125.38,64129.06,+15,LONG,64125.38,64129.09,TRUE
07/11/2026,07/24/2026 17:26:23,1,01:15,64164.0,64165.99,64151.03,64164.38,64113.46,64156.66,-53,SHORT,64129.09,64180.48,FALSE
07/11/2026,07/24/2026 17:26:23,1,01:30,64165.22,64190.97,64173.81,64187.24,64178.0,64180.48,+22,LONG,64180.48,64167.77,FALSE
07/11/2026,07/24/2026 17:26:23,1,01:45,64166.87,64170.0,64166.87,64167.82,64167.75,64167.77,-3,SHORT,64167.77,64167.41,TRUE
07/11/2026,07/24/2026 17:26:23,2,02:00,64170.56,64177.44,64170.71,64177.45,64166.37,64170.72,-11,SHORT,64167.41,64168.03,FALSE
07/11/2026,07/24/2026 17:26:23,2,02:15,64163.87,64163.88,64159.26,64168.03,64168.02,64168.04,+9,LONG,64168.03,64172.53,TRUE
07/11/2026,07/24/2026 17:26:23,2,02:30,64178.01,64188.47,64178.01,64205.95,64165.92,64206.03,-40,SHORT,64172.53,64122.24,TRUE
07/11/2026,07/24/2026 17:26:23,2,02:45,64144.66,64192.57,64138.33,64141.34,64122.24,64140.44,-70,SHORT,64122.24,64111.6,TRUE
07/11/2026,07/24/2026 17:26:23,3,03:00,64111.31,64115.29,64115.29,64118.6,64111.58,64118.6,+7,LONG,64111.6,64181.57,TRUE
07/11/2026,07/24/2026 17:26:23,3,03:15,64188.12,64199.15,64194.03,64199.16,64181.57,64199.16,-18,SHORT,64181.57,64199.99,FALSE
07/11/2026,07/24/2026 17:26:23,3,03:30,64197.27,64202.68,64198.93,64205.96,64199.99,64204.97,+9,LONG,64199.99,64232.01,TRUE
07/11/2026,07/24/2026 17:26:23,3,03:45,64217.59,64239.95,64220.52,64241.06,64232.01,64241.05,+23,LONG,64232.01,64216.87,FALSE
07/11/2026,07/24/2026 17:26:23,4,04:00,64207.26,64211.63,64207.26,64211.63,64207.26,64216.87,+10,LONG,64216.87,64176.09,FALSE
07/11/2026,07/24/2026 17:26:23,4,04:15,64194.17,64196.91,64174.19,64194.17,64170.77,64176.09,-26,SHORT,64176.09,64224.99,FALSE
07/11/2026,07/24/2026 17:26:23,4,04:30,64207.37,64214.24,64208.49,64216.01,64211.98,64227.53,+20,LONG,64224.99,64137.23,FALSE
07/11/2026,07/24/2026 17:26:23,4,04:45,64170.53,64171.78,64171.1,64171.11,64137.23,64174.58,-35,SHORT,64137.23,64107.68,TRUE
07/11/2026,07/24/2026 17:26:23,5,05:00,64111.32,64120.61,64097.19,64115.99,64099.29,64117.46,-23,SHORT,64107.68,64142.73,FALSE
07/11/2026,07/24/2026 17:26:23,5,05:15,64110.66,64117.1,64117.09,64132.73,64132.72,64151.36,+41,LONG,64142.73,64128.25,FALSE
07/11/2026,07/24/2026 17:26:23,5,05:30,64104.05,64114.96,64101.02,64105.4,64105.39,64135.19,+34,LONG,64128.25,64083.08,FALSE
07/11/2026,07/24/2026 17:26:23,5,05:45,64095.55,64107.68,64107.67,64114.95,64083.07,64129.09,+34,LONG,64083.08,64138.08,TRUE
07/11/2026,07/24/2026 17:26:23,6,06:00,64122.95,64125.0,64122.95,64124.63,64124.62,64138.09,+15,LONG,64138.08,64158.0,TRUE
07/11/2026,07/24/2026 17:26:23,6,06:15,64143.71,64153.42,64130.0,64153.43,64130.0,64159.5,+30,LONG,64158.0,64124.5,FALSE
07/11/2026,07/24/2026 17:26:23,6,06:30,64121.79,64126.06,64121.79,64125.68,64124.5,64124.51,-4,SHORT,64124.5,64122.23,TRUE
07/11/2026,07/24/2026 17:26:23,6,06:45,64129.27,64136.79,64130.6,64133.07,64113.39,64135.04,-23,SHORT,64122.23,64145.27,FALSE
07/11/2026,07/24/2026 17:26:23,7,07:00,64136.45,64151.8,64149.21,64151.8,64145.27,64149.21,+15,LONG,64145.27,64168.69,TRUE
07/11/2026,07/24/2026 17:26:23,7,07:15,64167.66,64178.62,64163.18,64167.67,64166.81,64168.7,-15,SHORT,64168.69,64124.73,TRUE
07/11/2026,07/24/2026 17:26:23,7,07:30,64125.6,64133.16,64133.15,64138.86,64122.25,64139.74,-17,SHORT,64124.73,64090.05,TRUE
07/11/2026,07/24/2026 17:26:23,7,07:45,64086.0,64090.06,64087.89,64087.9,64087.89,64090.06,+4,LONG,64090.05,64141.47,TRUE
07/11/2026,07/24/2026 17:26:23,8,08:00,64138.8,64141.99,64138.79,64139.99,64132.4,64141.47,-10,SHORT,64141.47,64138.16,TRUE
07/11/2026,07/24/2026 17:26:23,8,08:15,64120.32,64123.98,64123.85,64132.43,64132.42,64143.22,+23,LONG,64138.16,64136.96,FALSE
07/11/2026,07/24/2026 17:26:23,8,08:30,64150.29,64155.0,64154.99,64157.76,64135.42,64158.62,-22,SHORT,64136.96,64197.09,FALSE
07/11/2026,07/24/2026 17:26:23,8,08:45,64162.28,64176.83,64176.82,64183.16,64183.15,64197.1,+35,LONG,64197.09,64195.03,FALSE
07/11/2026,07/24/2026 17:26:23,9,09:00,64205.63,64210.45,64189.58,64206.64,64184.18,64195.04,-26,SHORT,64195.03,64216.88,FALSE
07/11/2026,07/24/2026 17:26:23,9,09:15,64228.2,64230.14,64219.19,64230.14,64215.08,64219.2,-15,SHORT,64216.88,64328.93,FALSE
07/11/2026,07/24/2026 17:26:23,9,09:30,64351.56,64402.28,64337.77,64357.75,64325.98,64337.78,-76,SHORT,64328.93,64368.37,FALSE
07/11/2026,07/24/2026 17:26:23,9,09:45,64370.88,64393.65,64351.56,64387.99,64359.27,64372.61,-42,SHORT,64368.37,64297.68,TRUE
07/11/2026,07/24/2026 17:26:23,10,10:00,64310.92,64331.1,64311.72,64311.73,64297.67,64311.73,-33,SHORT,64297.68,64410.23,FALSE
07/11/2026,07/24/2026 17:26:23,10,10:15,64377.04,64406.17,64377.05,64428.08,64410.23,64424.35,+51,LONG,64410.23,64378.69,FALSE
07/11/2026,07/24/2026 17:26:23,10,10:30,64375.13,64378.02,64377.71,64383.14,64373.26,64386.02,+11,LONG,64378.69,64053.07,FALSE
07/11/2026,07/24/2026 17:26:23,10,10:45,64096.76,64142.96,64079.0,64114.95,64027.6,64106.04,-115,SHORT,64053.07,64120.18,FALSE
07/11/2026,07/24/2026 17:26:23,11,11:00,64096.75,64125.87,64111.32,64133.17,64112.01,64128.89,+36,LONG,64120.18,64134.09,TRUE
07/11/2026,07/24/2026 17:26:23,11,11:15,64078.56,64104.05,64075.36,64117.09,64115.47,64138.91,+64,LONG,64134.09,64163.4,TRUE
07/11/2026,07/24/2026 17:26:23,11,11:30,64158.04,64167.97,64165.66,64180.5,64161.99,64173.2,+22,LONG,64163.4,64095.91,FALSE
07/11/2026,07/24/2026 17:26:23,11,11:45,64068.24,64093.12,64089.48,64098.05,64095.4,64101.33,+33,LONG,64095.91,64132.72,TRUE
07/11/2026,07/24/2026 17:26:23,12,12:00,64119.21,64125.34,64125.33,64138.12,64132.0,64138.1,+19,LONG,64132.72,64163.95,TRUE
07/11/2026,07/24/2026 17:26:23,12,12:15,64174.11,64174.12,64166.0,64179.19,64163.95,64179.19,-15,SHORT,64163.95,64250.53,FALSE
07/11/2026,07/24/2026 17:26:23,12,12:30,64216.88,64228.64,64227.79,64250.0,64245.19,64257.16,+40,LONG,64250.53,64307.88,TRUE
07/11/2026,07/24/2026 17:26:23,12,12:45,64277.75,64293.32,64286.58,64305.07,64305.06,64321.6,+44,LONG,64307.88,64271.48,FALSE
07/11/2026,07/24/2026 17:26:23,13,13:00,64263.19,64275.32,64268.29,64280.92,64271.48,64282.32,+19,LONG,64271.48,64260.56,FALSE
07/11/2026,07/24/2026 17:26:23,13,13:15,64261.62,64265.49,64264.92,64273.99,64260.0,64294.35,+33,LONG,64260.56,64297.08,TRUE
07/11/2026,07/24/2026 17:26:23,13,13:30,64297.8,64303.02,64300.36,64304.66,64290.11,64303.04,-15,SHORT,64297.08,64310.08,FALSE
07/11/2026,07/24/2026 17:26:23,13,13:45,64277.91,64311.52,64296.96,64310.08,64308.85,64310.09,+32,LONG,64310.08,64281.99,FALSE
07/11/2026,07/24/2026 17:26:23,14,14:00,64273.03,64277.15,64277.14,64288.73,64281.98,64282.0,+16,LONG,64281.99,64279.99,FALSE
07/11/2026,07/24/2026 17:26:23,14,14:15,64261.27,64271.48,64261.18,64276.77,64249.99,64280.0,-27,SHORT,64279.99,64190.64,TRUE
07/11/2026,07/24/2026 17:26:23,14,14:30,64218.94,64250.08,64186.71,64226.45,64187.85,64202.32,-63,SHORT,64190.64,64225.27,FALSE
07/11/2026,07/24/2026 17:26:23,14,14:45,64216.96,64219.81,64219.8,64224.53,64220.99,64242.25,+25,LONG,64225.27,64245.99,TRUE
07/11/2026,07/24/2026 17:26:23,15,15:00,64245.99,64249.18,64245.99,64246.0,64245.99,64246.0,-3,SHORT,64245.99,64275.99,FALSE
07/11/2026,07/24/2026 17:26:23,15,15:15,64271.46,64271.48,64271.47,64296.95,64270.51,64310.08,+39,LONG,64275.99,64311.34,TRUE
07/11/2026,07/24/2026 17:26:23,15,15:30,64299.48,64300.31,64300.3,64307.74,64307.41,64311.35,+12,LONG,64311.34,64370.87,TRUE
07/11/2026,07/24/2026 17:26:23,15,15:45,64359.11,64417.0,64361.95,64385.39,64358.84,64370.87,-58,SHORT,64370.87,64337.11,TRUE
07/11/2026,07/24/2026 17:26:23,16,16:00,64335.25,64335.26,64335.25,64344.02,64337.11,64344.02,+9,LONG,64337.11,64308.68,FALSE
07/11/2026,07/24/2026 17:26:23,16,16:15,64351.56,64360.66,64308.29,64351.78,64308.68,64318.8,-52,SHORT,64308.68,64324.82,FALSE
07/11/2026,07/24/2026 17:26:23,16,16:30,64315.16,64332.6,64315.16,64324.82,64324.82,64324.83,-17,SHORT,64324.82,64304.29,TRUE
07/11/2026,07/24/2026 17:26:23,16,16:45,64315.15,64322.44,64293.32,64318.34,64300.6,64308.53,-29,SHORT,64304.29,64310.39,FALSE
07/11/2026,07/24/2026 17:26:23,17,17:00,64298.97,64300.6,64293.06,64306.89,64304.31,64310.5,+17,LONG,64310.39,64307.99,FALSE
07/11/2026,07/24/2026 17:26:23,17,17:15,64348.35,64362.61,64341.1,64360.81,64306.74,64355.19,-56,SHORT,64307.99,64204.12,TRUE
07/11/2026,07/24/2026 17:26:23,17,17:30,64242.36,64273.64,64235.08,64256.49,64204.0,64256.49,-70,SHORT,64204.12,64161.92,TRUE
07/11/2026,07/24/2026 17:26:23,17,17:45,64139.99,64167.98,64162.16,64173.2,64160.73,64190.28,+50,LONG,64161.92,64158.08,FALSE
07/11/2026,07/24/2026 17:26:23,18,18:00,64138.71,64151.06,64151.05,64169.18,64152.0,64169.18,+30,LONG,64158.08,64093.47,FALSE
07/11/2026,07/24/2026 17:26:23,18,18:15,64067.54,64096.76,64068.08,64105.99,64093.47,64104.05,+38,LONG,64093.47,63887.36,FALSE
07/11/2026,07/24/2026 17:26:23,18,18:30,63769.84,63834.04,63821.52,63892.6,63871.08,63916.94,+147,LONG,63887.36,63912.92,TRUE
07/11/2026,07/24/2026 17:26:23,18,18:45,63862.01,63891.99,63891.72,63922.5,63904.01,63918.0,+60,LONG,63912.92,63773.04,FALSE
07/11/2026,07/24/2026 17:26:23,19,19:00,63783.14,63852.53,63778.63,63812.83,63773.04,63792.02,-79,SHORT,63773.04,63747.32,TRUE
07/11/2026,07/24/2026 17:26:23,19,19:15,63809.2,63821.98,63812.84,63835.27,63747.32,63822.39,-88,SHORT,63747.32,63784.17,FALSE
07/11/2026,07/24/2026 17:26:23,19,19:30,63805.56,63826.53,63811.68,63841.99,63784.17,63833.99,-58,SHORT,63784.17,63756.0,TRUE
07/11/2026,07/24/2026 17:26:23,19,19:45,63682.26,63736.06,63723.69,63760.94,63740.49,63761.68,+79,LONG,63756.0,63787.37,TRUE
07/11/2026,07/24/2026 17:26:23,20,20:00,63791.91,63823.04,63791.45,63812.86,63783.72,63794.13,-39,SHORT,63787.37,63878.36,FALSE
07/11/2026,07/24/2026 17:26:23,20,20:15,63901.44,63913.62,63893.99,63903.94,63878.36,63894.0,-35,SHORT,63878.36,63907.33,FALSE
07/11/2026,07/24/2026 17:26:23,20,20:30,63896.91,63914.74,63899.03,63925.67,63889.28,63907.34,-36,SHORT,63907.33,64118.19,FALSE
07/11/2026,07/24/2026 17:26:23,20,20:45,64095.57,64125.87,64107.69,64128.28,64111.97,64133.03,+37,LONG,64118.19,64085.26,FALSE
07/11/2026,07/24/2026 17:26:23,21,21:00,64078.56,64089.47,64081.02,64091.82,64083.91,64091.03,+13,LONG,64085.26,64013.03,FALSE
07/11/2026,07/24/2026 17:26:23,21,21:15,63993.16,64001.12,63988.01,63997.2,63997.19,64015.34,+27,LONG,64013.03,64073.11,TRUE
07/11/2026,07/24/2026 17:26:23,21,21:30,64062.35,64068.99,64066.11,64069.99,64062.25,64074.73,+12,LONG,64073.11,64047.25,FALSE
07/11/2026,07/24/2026 17:26:23,21,21:45,64024.83,64045.81,64030.36,64037.99,64028.07,64047.25,+22,LONG,64047.25,64031.24,FALSE
07/11/2026,07/24/2026 17:26:23,22,22:00,64047.12,64082.2,64064.18,64078.97,64027.61,64066.95,-55,SHORT,64031.24,64056.72,FALSE
07/11/2026,07/24/2026 17:26:23,22,22:15,64012.79,64022.01,64022.0,64081.11,64056.72,64081.11,+68,LONG,64056.72,64088.64,TRUE
07/11/2026,07/24/2026 17:26:23,22,22:30,64060.36,64065.66,64065.63,64076.09,64076.08,64088.65,+28,LONG,64088.64,64130.75,TRUE
07/11/2026,07/24/2026 17:26:23,22,22:45,64121.94,64146.94,64123.11,64153.2,64123.12,64133.96,+31,LONG,64130.75,64179.36,TRUE
07/11/2026,07/24/2026 17:26:23,23,23:00,64128.52,64141.6,64128.15,64133.57,64128.15,64182.0,+54,LONG,64179.36,64135.09,FALSE
07/11/2026,07/24/2026 17:26:23,23,23:15,64136.02,64136.03,64129.99,64136.02,64135.09,64135.1,-6,SHORT,64135.09,64031.01,TRUE
07/11/2026,07/24/2026 17:26:23,23,23:30,64090.04,64096.75,64021.55,64096.75,64031.01,64043.11,-75,SHORT,64031.01,63992.01,TRUE
07/11/2026,07/24/2026 17:26:23,23,23:45,63983.91,64002.12,63984.36,64004.87,63992.0,63992.88,+21,LONG,63992.01,63962.07,FALSE
07/12/2026,07/24/2026 17:26:23,0,00:00,63922.0,63936.59,63935.06,63954.79,63941.06,63962.07,+40,LONG,63962.07,63951.59,FALSE
07/12/2026,07/24/2026 17:26:23,0,00:15,63960.49,63963.85,63954.0,63963.84,63951.16,63954.8,-13,SHORT,63951.59,63873.04,TRUE
07/12/2026,07/24/2026 17:26:23,0,00:30,63894.71,63899.77,63874.72,63894.72,63863.69,63878.34,-36,SHORT,63873.04,63932.96,FALSE
07/12/2026,07/24/2026 17:26:23,0,00:45,63939.57,63943.88,63932.96,63939.57,63932.96,63932.97,-11,SHORT,63932.96,63925.68,TRUE
07/12/2026,07/24/2026 17:26:23,1,01:00,63938.85,63947.51,63946.03,63965.29,63925.68,63960.51,-40,SHORT,63925.68,63701.69,TRUE
07/12/2026,07/24/2026 17:26:23,1,01:15,63695.27,63722.02,63714.55,63732.76,63701.69,63732.75,+37,LONG,63701.69,63623.56,FALSE
07/12/2026,07/24/2026 17:26:23,1,01:30,63670.88,63686.0,63607.52,63680.64,63588.2,63633.72,-98,SHORT,63623.56,63730.81,FALSE
07/12/2026,07/24/2026 17:26:23,1,01:45,63714.56,63723.99,63720.79,63732.0,63729.11,63735.5,+21,LONG,63730.81,63714.75,FALSE
07/12/2026,07/24/2026 17:26:23,2,02:00,63718.2,63726.03,63714.56,63726.03,63714.56,63719.99,-11,SHORT,63714.75,63778.37,FALSE
07/12/2026,07/24/2026 17:26:23,2,02:15,63757.55,63765.52,63759.6,63765.52,63762.73,63783.72,+26,LONG,63778.37,63819.55,TRUE
07/12/2026,07/24/2026 17:26:23,2,02:30,63819.59,63821.99,63809.2,63819.6,63809.2,63819.55,-13,SHORT,63819.55,63820.91,FALSE
07/12/2026,07/24/2026 17:26:23,2,02:45,63813.29,63824.83,63815.95,63815.96,63815.95,63820.92,-9,SHORT,63820.91,63843.7,FALSE
07/12/2026,07/24/2026 17:26:23,3,03:00,63841.96,63851.11,63843.31,63857.99,63834.68,63857.98,-23,SHORT,63843.7,64005.94,FALSE
07/12/2026,07/24/2026 17:26:23,3,03:15,63936.6,63969.35,63950.01,63987.14,63987.14,64032.79,+96,LONG,64005.94,63952.02,FALSE
07/12/2026,07/24/2026 17:26:23,3,03:30,63963.04,63963.07,63951.16,63963.12,63947.52,63952.02,-16,SHORT,63952.02,63965.71,FALSE
07/12/2026,07/24/2026 17:26:23,3,03:45,63949.27,63949.57,63949.27,63953.98,63953.98,63965.72,+16,LONG,63965.71,63940.08,FALSE
07/12/2026,07/24/2026 17:26:23,4,04:00,63941.8,63943.88,63942.21,63948.65,63937.64,63942.22,-11,SHORT,63940.08,63840.21,TRUE
07/12/2026,07/24/2026 17:26:23,4,04:15,63860.61,63889.28,63849.24,63865.31,63840.21,63856.16,-49,SHORT,63840.21,63789.51,TRUE
07/12/2026,07/24/2026 17:26:23,4,04:30,63762.84,63772.8,63772.79,63809.2,63782.58,63794.65,+46,LONG,63789.51,63962.01,TRUE
07/12/2026,07/24/2026 17:26:23,4,04:45,63962.08,63979.99,63958.44,63972.99,63947.52,63968.0,-32,SHORT,63962.01,63915.23,TRUE
07/12/2026,07/24/2026 17:26:23,5,05:00,63932.96,63941.61,63918.4,63932.96,63915.2,63921.8,-26,SHORT,63915.23,63885.63,TRUE
07/12/2026,07/24/2026 17:26:23,5,05:15,63875.0,63875.01,63875.0,63875.01,63875.0,63885.64,+11,LONG,63885.63,63834.68,FALSE
07/12/2026,07/24/2026 17:26:23,5,05:30,63844.62,63844.63,63841.12,63844.62,63834.68,63841.13,-10,SHORT,63834.68,63826.01,TRUE
07/12/2026,07/24/2026 17:26:23,5,05:45,63809.2,63813.34,63803.19,63809.2,63803.19,63836.58,+33,LONG,63826.01,63807.56,FALSE
07/12/2026,07/24/2026 17:26:23,6,06:00,63831.04,63847.85,63832.03,63842.63,63786.4,63840.95,-61,SHORT,63807.56,63797.99,TRUE
07/12/2026,07/24/2026 17:26:23,6,06:15,63777.12,63801.39,63801.38,63810.32,63797.99,63807.77,+33,LONG,63797.99,63863.79,TRUE
07/12/2026,07/24/2026 17:26:23,6,06:30,63839.7,63848.33,63848.32,63854.71,63853.15,63883.47,+44,LONG,63863.79,63953.76,TRUE
07/12/2026,07/24/2026 17:26:23,6,06:45,63940.63,63943.0,63940.97,63956.0,63943.88,63953.97,+15,LONG,63953.76,63966.54,TRUE
07/12/2026,07/24/2026 17:26:23,7,07:00,63959.76,63963.93,63961.44,63973.97,63966.53,63979.8,+20,LONG,63966.54,64056.71,TRUE
07/12/2026,07/24/2026 17:26:23,7,07:15,64002.57,64089.48,64064.52,64086.99,64046.25,64065.02,+84,LONG,64056.71,64011.6,FALSE
07/12/2026,07/24/2026 17:26:23,7,07:30,64013.04,64021.09,64004.99,64016.22,64010.64,64017.63,-16,SHORT,64011.6,63989.99,TRUE
07/12/2026,07/24/2026 17:26:23,7,07:45,63958.88,63972.43,63971.59,63983.79,63983.76,63990.0,+31,LONG,63989.99,63982.16,FALSE
07/12/2026,07/24/2026 17:26:23,8,08:00,63982.33,63988.14,63987.64,63992.41,63982.16,63992.07,-10,SHORT,63982.16,64002.11,FALSE
07/12/2026,07/24/2026 17:26:23,8,08:15,63994.84,64006.94,63994.84,63998.31,63992.66,64002.11,-14,SHORT,64002.11,64001.11,TRUE
07/12/2026,07/24/2026 17:26:23,8,08:30,63973.0,64009.4,64001.1,64003.1,64001.1,64001.12,+30,LONG,64001.11,63999.15,FALSE
07/12/2026,07/24/2026 17:26:23,8,08:45,63995.28,64003.81,64001.07,64001.08,63995.31,64001.08,-8,SHORT,63999.15,63980.52,TRUE
07/12/2026,07/24/2026 17:26:23,9,09:00,63978.45,63981.23,63980.0,63988.5,63980.4,63989.98,+12,LONG,63980.52,63934.88,FALSE
07/12/2026,07/24/2026 17:26:23,9,09:15,63932.0,63969.99,63943.88,63973.58,63932.96,63963.96,+42,LONG,63934.88,63956.39,TRUE
07/12/2026,07/24/2026 17:26:23,9,09:30,63957.98,63957.99,63950.03,63957.99,63956.37,63957.98,-8,SHORT,63956.39,64026.8,FALSE
07/12/2026,07/24/2026 17:26:23,9,09:45,64005.76,64018.61,64018.6,64042.16,64026.8,64043.74,+38,LONG,64026.8,64158.64,TRUE
07/12/2026,07/24/2026 17:26:23,10,10:00,64155.0,64168.86,64159.06,64171.34,64158.64,64175.19,+20,LONG,64158.64,64147.72,FALSE
07/12/2026,07/24/2026 17:26:23,10,10:15,64144.08,64158.14,64136.01,64149.95,64144.52,64164.23,+28,LONG,64147.72,64178.99,TRUE
07/12/2026,07/24/2026 17:26:23,10,10:30,64153.41,64157.94,64156.32,64174.38,64159.0,64184.0,+31,LONG,64178.99,64104.68,FALSE
07/12/2026,07/24/2026 17:26:23,10,10:45,64095.26,64095.62,64095.26,64120.56,64104.68,64124.25,+29,LONG,64104.68,64136.52,TRUE
07/12/2026,07/24/2026 17:26:23,11,11:00,64111.35,64124.63,64119.37,64131.22,64130.1,64137.63,+26,LONG,64136.52,64030.04,FALSE
07/12/2026,07/24/2026 17:26:23,11,11:15,64038.52,64153.51,64000.01,64078.56,64006.01,64031.08,-154,SHORT,64030.04,64137.73,FALSE
07/12/2026,07/24/2026 17:26:23,11,11:30,64125.56,64136.8,64135.47,64140.44,64133.07,64147.49,+22,LONG,64137.73,64079.5,FALSE
07/12/2026,07/24/2026 17:26:23,11,11:45,64082.8,64089.48,64071.28,64086.01,64071.28,64079.51,-18,SHORT,64079.5,64131.78,FALSE
07/12/2026,07/24/2026 17:26:23,12,12:00,64094.98,64117.14,64117.13,64138.66,64131.74,64138.66,+44,LONG,64131.78,64104.15,FALSE
07/12/2026,07/24/2026 17:26:23,12,12:15,64118.57,64123.08,64097.03,64118.58,64093.84,64104.16,-29,SHORT,64104.15,64087.55,TRUE
07/12/2026,07/24/2026 17:26:23,12,12:30,64106.99,64108.58,64086.39,64108.58,64086.39,64091.09,-22,SHORT,64087.55,64115.83,FALSE
07/12/2026,07/24/2026 17:26:23,12,12:45,64118.39,64136.0,64125.88,64125.9,64115.82,64125.9,-20,SHORT,64115.83,64034.91,TRUE
07/12/2026,07/24/2026 17:26:23,13,13:00,64039.16,64044.84,64036.0,64041.83,64032.17,64039.97,-13,SHORT,64034.91,63996.79,TRUE
07/12/2026,07/24/2026 17:26:23,13,13:15,63985.0,63998.78,63985.57,63996.86,63985.57,64003.96,+19,LONG,63996.79,64023.96,TRUE
07/12/2026,07/24/2026 17:26:23,13,13:30,63994.9,64002.12,64002.11,64026.08,64022.38,64049.6,+55,LONG,64023.96,64087.62,TRUE
07/12/2026,07/24/2026 17:26:23,13,13:45,64081.92,64088.0,64064.87,64086.0,64066.39,64095.77,+31,LONG,64087.62,64109.19,TRUE
07/12/2026,07/24/2026 17:26:23,14,14:00,64100.67,64108.7,64108.7,64115.21,64108.66,64112.44,+15,LONG,64109.19,64130.02,TRUE
07/12/2026,07/24/2026 17:26:23,14,14:15,64162.44,64182.21,64140.14,64162.46,64130.01,64147.06,-52,SHORT,64130.02,64164.99,FALSE
07/12/2026,07/24/2026 17:26:23,14,14:30,64158.82,64167.38,64162.41,64169.99,64162.41,64164.99,+11,LONG,64164.99,64115.48,FALSE
07/12/2026,07/24/2026 17:26:23,14,14:45,64116.24,64119.96,64116.22,64119.96,64115.48,64118.7,-4,SHORT,64115.48,64193.87,FALSE
07/12/2026,07/24/2026 17:26:23,15,15:00,64202.2,64213.24,64191.4,64219.99,64184.12,64202.2,-36,SHORT,64193.87,64151.19,TRUE
07/12/2026,07/24/2026 17:26:23,15,15:15,64137.68,64161.72,64153.64,64155.26,64150.03,64154.14,+18,LONG,64151.19,64163.71,TRUE
07/12/2026,07/24/2026 17:26:23,15,15:30,64158.01,64169.33,64158.01,64165.25,64163.71,64165.92,-11,SHORT,64163.71,64180.58,FALSE
07/12/2026,07/24/2026 17:26:23,15,15:45,64150.72,64162.28,64162.27,64184.12,64178.01,64180.59,+33,LONG,64180.58,64161.74,FALSE
07/12/2026,07/24/2026 17:26:23,16,16:00,64162.35,64165.92,64163.3,64169.56,64156.0,64169.55,-14,SHORT,64161.74,64167.05,FALSE
07/12/2026,07/24/2026 17:26:23,16,16:15,64180.04,64187.33,64165.99,64183.12,64166.02,64167.06,-21,SHORT,64167.05,64062.0,TRUE
07/12/2026,07/24/2026 17:26:23,16,16:30,64040.6,64061.37,64043.99,64077.14,64060.18,64077.14,+37,LONG,64062.0,64013.04,FALSE
07/12/2026,07/24/2026 17:26:23,16,16:45,64013.26,64026.72,63993.55,64013.26,63979.82,64023.45,-47,SHORT,64013.04,63883.78,TRUE
07/12/2026,07/24/2026 17:26:23,17,17:00,63880.0,63907.69,63895.47,63901.48,63876.0,63907.61,-32,SHORT,63883.78,63750.96,TRUE
07/12/2026,07/24/2026 17:26:23,17,17:15,63750.96,63789.98,63750.96,63783.71,63750.96,63783.71,-39,SHORT,63750.96,63790.99,FALSE
07/12/2026,07/24/2026 17:26:23,17,17:30,63757.72,63770.57,63757.63,63770.0,63762.05,63791.0,+33,LONG,63790.99,63737.03,FALSE
07/12/2026,07/24/2026 17:26:23,17,17:45,63744.27,63752.25,63751.23,63756.02,63737.01,63756.26,-19,SHORT,63737.03,63845.6,FALSE
07/12/2026,07/24/2026 17:26:23,18,18:00,63813.81,63879.09,63848.09,63890.43,63845.6,63853.99,+77,LONG,63845.6,63780.09,FALSE
07/12/2026,07/24/2026 17:26:23,18,18:15,63691.41,63734.99,63731.78,63778.96,63778.21,63794.26,+103,LONG,63780.09,63787.03,TRUE
07/12/2026,07/24/2026 17:26:23,18,18:30,63760.83,63775.36,63761.88,63794.0,63787.03,63795.95,+35,LONG,63787.03,63775.11,FALSE
07/12/2026,07/24/2026 17:26:23,18,18:45,63753.17,63770.08,63758.31,63775.97,63755.44,63775.11,+23,LONG,63775.11,63740.32,FALSE
07/12/2026,07/24/2026 17:26:23,19,19:00,63747.32,63789.73,63754.0,63766.21,63736.85,63754.21,-53,SHORT,63740.32,64251.0,FALSE
07/12/2026,07/24/2026 17:26:23,19,19:15,64158.64,64238.33,64162.28,64233.93,64210.03,64251.0,+92,LONG,64251.0,64139.87,FALSE
07/12/2026,07/24/2026 17:26:23,19,19:30,64145.29,64176.64,64144.08,64167.8,64122.4,64158.12,-54,SHORT,64139.87,63743.64,TRUE
07/12/2026,07/24/2026 17:26:23,19,19:45,63609.46,63674.52,63649.04,63770.6,63721.84,63752.26,+161,LONG,63743.64,64024.78,TRUE
07/12/2026,07/24/2026 17:26:23,20,20:00,63961.57,63996.01,63977.88,64027.6,64009.83,64042.0,+80,LONG,64024.78,63809.21,FALSE
07/12/2026,07/24/2026 17:26:23,20,20:15,63736.82,63824.99,63794.64,63832.81,63791.0,63854.0,+117,LONG,63809.21,63674.95,FALSE
07/12/2026,07/24/2026 17:26:23,20,20:30,63643.32,63714.74,63636.93,63683.99,63667.24,63689.76,-78,SHORT,63674.95,63650.54,TRUE
07/12/2026,07/24/2026 17:26:23,20,20:45,63645.87,63726.24,63653.97,63683.98,63631.79,63664.24,-94,SHORT,63650.54,63368.77,TRUE
07/12/2026,07/24/2026 17:26:23,21,21:00,63401.53,63485.24,63416.08,63441.56,63354.98,63426.06,-130,SHORT,63368.77,63365.13,TRUE
07/12/2026,07/24/2026 17:26:23,21,21:15,63260.0,63336.99,63299.6,63380.13,63362.0,63401.52,+142,LONG,63365.13,63419.73,TRUE
07/12/2026,07/24/2026 17:26:23,21,21:30,63365.13,63441.09,63401.53,63459.76,63419.73,63448.43,+95,LONG,63419.73,63420.03,TRUE
07/12/2026,07/24/2026 17:26:23,21,21:45,63401.88,63465.4,63412.91,63452.48,63399.66,63427.31,-66,SHORT,63420.03,63326.94,TRUE
07/12/2026,07/24/2026 17:26:23,22,22:00,63288.18,63354.2,63304.07,63328.72,63310.52,63333.33,-50,SHORT,63326.94,62969.51,TRUE
07/12/2026,07/24/2026 17:26:23,22,22:15,62821.57,62911.34,62840.0,62973.14,62950.01,62993.48,+172,LONG,62969.51,63019.33,TRUE
07/12/2026,07/24/2026 17:26:23,22,22:30,63008.4,63025.41,63008.4,63027.39,63016.85,63031.04,+23,LONG,63019.33,62775.43,FALSE
07/12/2026,07/24/2026 17:26:23,22,22:45,62794.3,62845.76,62767.1,62804.55,62753.6,62795.49,-92,SHORT,62775.43,62758.58,TRUE
07/12/2026,07/24/2026 17:26:23,23,23:00,62749.94,62787.5,62747.93,62779.8,62746.43,62779.8,-41,SHORT,62758.58,62767.56,FALSE
07/12/2026,07/24/2026 17:26:23,23,23:15,62753.6,62800.23,62779.08,62818.46,62741.94,62783.46,-77,SHORT,62767.56,62826.78,FALSE
07/12/2026,07/24/2026 17:26:23,23,23:30,62800.0,62819.12,62812.0,62824.4,62812.0,62827.14,+27,LONG,62826.78,62674.71,FALSE
07/12/2026,07/24/2026 17:26:23,23,23:45,62641.59,62684.04,62669.6,62687.08,62663.11,62683.38,+45,LONG,62674.71,62624.46,FALSE
07/13/2026,07/24/2026 17:26:23,0,00:00,62658.97,62695.37,62653.0,62682.34,62607.26,62669.88,-88,SHORT,62624.46,62763.39,FALSE
07/13/2026,07/24/2026 17:26:23,0,00:15,62808.0,62867.23,62794.64,62865.84,62753.6,62797.28,-114,SHORT,62763.39,62593.05,TRUE
07/13/2026,07/24/2026 17:26:23,0,00:30,62622.56,62686.78,62564.84,62629.84,62561.2,62598.01,-126,SHORT,62593.05,62761.52,FALSE
07/13/2026,07/24/2026 17:26:23,0,00:45,62741.12,62751.53,62720.85,62741.39,62737.88,62766.93,+46,LONG,62761.52,62754.53,FALSE
07/13/2026,07/24/2026 17:26:23,1,01:00,62724.5,62746.93,62722.7,62735.4,62720.84,62756.21,+34,LONG,62754.53,62699.0,FALSE
07/13/2026,07/24/2026 17:26:23,1,01:15,62681.74,62739.05,62684.45,62710.43,62685.74,62699.0,-55,SHORT,62699.0,62791.99,FALSE
07/13/2026,07/24/2026 17:26:23,1,01:30,62746.32,62774.99,62746.32,62770.0,62769.99,62791.99,+46,LONG,62791.99,62789.44,FALSE
07/13/2026,07/24/2026 17:26:23,1,01:45,62735.96,62757.63,62758.05,62779.9,62776.57,62789.45,+53,LONG,62789.44,62747.03,FALSE
07/13/2026,07/24/2026 17:26:23,2,02:00,62734.6,62742.92,62734.61,62744.49,62736.0,62748.0,+13,LONG,62747.03,62758.5,TRUE
07/13/2026,07/24/2026 17:26:23,2,02:15,62801.83,62811.65,62801.88,62827.98,62754.91,62817.99,-73,SHORT,62758.5,62908.99,FALSE
07/13/2026,07/24/2026 17:26:23,2,02:30,62897.63,62909.35,62908.99,62953.79,62907.79,62941.87,+56,LONG,62908.99,62920.02,TRUE
07/13/2026,07/24/2026 17:26:23,2,02:45,62956.68,62958.75,62956.69,62972.38,62912.5,62970.73,-60,SHORT,62920.02,62935.57,FALSE
07/13/2026,07/24/2026 17:26:23,3,03:00,62972.0,63009.49,62962.0,62986.61,62933.85,62963.09,-76,SHORT,62935.57,62977.62,FALSE
07/13/2026,07/24/2026 17:26:23,3,03:15,62910.89,62972.0,62948.14,62975.5,62950.17,62977.62,+67,LONG,62977.62,63027.93,TRUE
07/13/2026,07/24/2026 17:26:23,3,03:30,62993.01,63023.9,62989.51,63019.49,62996.51,63030.49,+41,LONG,63027.93,63052.5,TRUE
07/13/2026,07/24/2026 17:26:23,3,03:45,62992.13,63003.49,62992.92,63032.83,63027.02,63062.9,+71,LONG,63052.5,63142.5,TRUE
07/13/2026,07/24/2026 17:26:23,4,04:00,63116.74,63137.23,63124.22,63136.16,63134.49,63142.51,+26,LONG,63142.5,63095.96,FALSE
07/13/2026,07/24/2026 17:26:23,4,04:15,63103.14,63106.39,63089.52,63103.14,63081.5,63095.97,-25,SHORT,63095.96,63056.0,TRUE
07/13/2026,07/24/2026 17:26:23,4,04:30,63050.72,63050.73,63035.01,63050.72,63032.3,63056.0,+21,LONG,63056.0,63047.13,FALSE
07/13/2026,07/24/2026 17:26:23,4,04:45,63038.5,63047.14,63038.5,63038.51,63038.5,63047.15,+9,LONG,63047.13,63039.0,FALSE
07/13/2026,07/24/2026 17:26:23,5,05:00,63032.99,63044.46,63036.87,63041.55,63037.97,63041.55,+9,LONG,63039.0,63013.04,FALSE
07/13/2026,07/24/2026 17:26:23,5,05:15,63013.44,63017.5,63015.01,63015.02,63013.04,63016.59,-4,SHORT,63013.04,63027.66,FALSE
07/13/2026,07/24/2026 17:26:23,5,05:30,63014.17,63015.69,63006.98,63015.68,63010.0,63028.09,+21,LONG,63027.66,62870.5,FALSE
07/13/2026,07/24/2026 17:26:23,5,05:45,62843.25,62889.91,62855.82,62887.01,62850.03,62884.06,+44,LONG,62870.5,62801.79,FALSE
07/13/2026,07/24/2026 17:26:23,6,06:00,62804.02,62860.0,62797.26,62819.55,62790.0,62814.13,-70,SHORT,62801.79,63004.25,FALSE
07/13/2026,07/24/2026 17:26:23,6,06:15,63007.42,63033.62,63032.0,63045.5,63001.98,63038.36,-44,SHORT,63004.25,62954.99,TRUE
07/13/2026,07/24/2026 17:26:23,6,06:30,62968.5,62990.59,62962.4,62973.92,62954.5,62971.62,-36,SHORT,62954.99,62889.76,TRUE
07/13/2026,07/24/2026 17:26:23,6,06:45,62886.74,62899.39,62886.73,62902.0,62887.85,62912.03,+25,LONG,62889.76,62842.97,FALSE
07/13/2026,07/24/2026 17:26:23,7,07:00,62832.0,62848.02,62833.45,62850.0,62836.24,62844.26,+18,LONG,62842.97,62780.68,FALSE
07/13/2026,07/24/2026 17:26:23,7,07:15,62759.53,62800.01,62794.23,62835.33,62776.01,62814.5,+76,LONG,62780.68,62682.37,FALSE
07/13/2026,07/24/2026 17:26:23,7,07:30,62759.92,62793.49,62750.83,62778.66,62652.34,62750.83,-141,SHORT,62682.37,62541.51,TRUE
07/13/2026,07/24/2026 17:26:23,7,07:45,62512.37,62525.99,62516.85,62562.5,62541.51,62555.49,+50,LONG,62541.51,62561.5,TRUE
07/13/2026,07/24/2026 17:26:23,8,08:00,62517.45,62534.35,62523.59,62562.0,62551.78,62568.5,+51,LONG,62561.5,62454.66,FALSE
07/13/2026,07/24/2026 17:26:23,8,08:15,62447.99,62468.56,62450.95,62479.91,62441.03,62463.75,-39,SHORT,62454.66,62455.07,FALSE
07/13/2026,07/24/2026 17:26:23,8,08:30,62472.39,62500.0,62486.79,62522.47,62455.07,62501.11,-67,SHORT,62455.07,62262.47,TRUE
07/13/2026,07/24/2026 17:26:23,8,08:45,62208.01,62291.91,62182.21,62243.01,62206.27,62290.0,-110,SHORT,62262.47,62247.45,TRUE
07/13/2026,07/24/2026 17:26:23,9,09:00,62187.37,62271.09,62214.94,62277.0,62224.37,62279.77,+92,LONG,62247.45,62346.73,TRUE
07/13/2026,07/24/2026 17:26:23,9,09:15,62271.65,62317.99,62291.24,62331.91,62329.36,62359.3,+88,LONG,62346.73,62480.81,TRUE
07/13/2026,07/24/2026 17:26:23,9,09:30,62468.64,62531.98,62488.38,62540.44,62473.86,62513.74,+72,LONG,62480.81,62543.14,TRUE
07/13/2026,07/24/2026 17:26:23,9,09:45,62492.49,62525.84,62464.89,62523.02,62494.97,62547.6,+83,LONG,62543.14,62716.19,TRUE
07/13/2026,07/24/2026 17:26:23,10,10:00,62641.61,62694.23,62656.96,62679.2,62679.15,62728.08,+86,LONG,62716.19,62717.23,TRUE
07/13/2026,07/24/2026 17:26:23,10,10:15,62694.0,62729.9,62689.01,62747.83,62709.86,62748.07,+59,LONG,62717.23,62745.39,TRUE
07/13/2026,07/24/2026 17:26:23,10,10:30,62721.93,62747.97,62726.81,62756.66,62737.13,62768.6,+47,LONG,62745.39,62580.15,FALSE
07/13/2026,07/24/2026 17:26:23,10,10:45,62493.34,62533.49,62506.44,62572.13,62552.93,62590.0,+97,LONG,62580.15,62540.62,FALSE
07/13/2026,07/24/2026 17:26:23,11,11:00,62502.46,62547.0,62518.2,62546.96,62524.42,62562.0,+60,LONG,62540.62,62465.98,FALSE
07/13/2026,07/24/2026 17:26:23,11,11:15,62472.4,62508.18,62449.89,62502.0,62447.94,62472.0,-60,SHORT,62465.98,62278.09,TRUE
07/13/2026,07/24/2026 17:26:23,11,11:30,62215.56,62255.0,62246.8,62264.21,62242.58,62280.0,+64,LONG,62278.09,62297.61,TRUE
07/13/2026,07/24/2026 17:26:23,11,11:45,62273.12,62300.0,62296.35,62318.24,62288.17,62318.99,+46,LONG,62297.61,62204.34,FALSE
07/13/2026,07/24/2026 17:26:23,12,12:00,62180.66,62213.96,62189.99,62209.2,62170.01,62208.82,-44,SHORT,62204.34,62240.17,FALSE
07/13/2026,07/24/2026 17:26:23,12,12:15,62241.89,62251.61,62235.93,62248.91,62225.14,62248.57,-26,SHORT,62240.17,62112.93,TRUE
07/13/2026,07/24/2026 17:26:23,12,12:30,62107.11,62137.71,62105.42,62130.23,62091.78,62130.03,-46,SHORT,62112.93,62029.71,TRUE
07/13/2026,07/24/2026 17:26:23,12,12:45,61955.72,61999.6,61971.3,62017.24,62015.5,62040.0,+84,LONG,62029.71,61830.0,FALSE
07/13/2026,07/24/2026 17:26:23,13,13:00,61907.59,61961.04,61884.32,61929.18,61820.83,61909.93,-140,SHORT,61830.0,61855.28,FALSE
07/13/2026,07/24/2026 17:26:23,13,13:15,61800.0,61875.72,61814.57,61869.99,61840.73,61890.0,+90,LONG,61855.28,61872.63,TRUE
07/13/2026,07/24/2026 17:26:23,13,13:30,61889.6,61911.52,61821.93,61910.19,61845.1,61876.67,-90,SHORT,61872.63,61931.68,FALSE
07/13/2026,07/24/2026 17:26:23,13,13:45,61883.41,61900.75,61891.1,61927.73,61912.15,61931.74,+48,LONG,61931.68,61950.68,TRUE
07/13/2026,07/24/2026 17:26:23,14,14:00,61963.57,61982.32,61931.52,61983.6,61931.85,61955.74,-52,SHORT,61950.68,61998.21,FALSE
07/13/2026,07/24/2026 17:26:23,14,14:15,61967.84,62015.35,61974.13,62011.99,61996.7,62017.3,+49,LONG,61998.21,61940.01,FALSE
07/13/2026,07/24/2026 17:26:23,14,14:30,61943.6,61955.99,61944.03,61975.98,61921.44,61965.49,-55,SHORT,61940.01,62096.24,FALSE
07/13/2026,07/24/2026 17:26:23,14,14:45,62061.29,62088.47,62031.15,62095.42,62078.77,62099.52,+68,LONG,62096.24,62210.67,TRUE
07/13/2026,07/24/2026 17:26:23,15,15:00,62180.01,62204.99,62185.9,62203.98,62186.64,62225.07,+45,LONG,62210.67,62146.91,FALSE
07/13/2026,07/24/2026 17:26:23,15,15:15,62141.52,62160.3,62145.28,62160.31,62144.17,62153.0,+19,LONG,62146.91,62145.0,FALSE
07/13/2026,07/24/2026 17:26:23,15,15:30,62119.27,62145.28,62138.56,62147.11,62144.8,62151.37,+32,LONG,62145.0,62119.19,FALSE
07/13/2026,07/24/2026 17:26:23,15,15:45,62186.64,62197.92,62171.6,62193.62,62118.96,62174.13,-79,SHORT,62119.19,62141.0,FALSE
07/13/2026,07/24/2026 17:26:23,16,16:00,62096.64,62109.56,62105.16,62137.29,62132.41,62151.13,+54,LONG,62141.0,62042.14,FALSE
07/13/2026,07/24/2026 17:26:23,16,16:15,62001.25,62033.0,61978.73,62032.99,61985.53,62042.15,+63,LONG,62042.14,61967.78,FALSE
07/13/2026,07/24/2026 17:26:23,16,16:30,61949.77,61977.88,61950.16,61967.73,61958.81,61967.81,-28,SHORT,61967.78,61914.26,TRUE
07/13/2026,07/24/2026 17:26:23,16,16:45,61857.01,61874.07,61867.04,61893.3,61861.81,61914.27,+57,LONG,61914.26,61997.89,TRUE
07/13/2026,07/24/2026 17:26:23,17,17:00,61998.64,62037.25,62013.63,62057.86,61994.0,62060.78,-64,SHORT,61997.89,62114.34,FALSE
07/13/2026,07/24/2026 17:26:23,17,17:15,62106.0,62125.42,62111.44,62128.92,62103.92,62118.77,-25,SHORT,62114.34,62097.1,TRUE
07/13/2026,07/24/2026 17:26:23,17,17:30,62105.97,62115.19,62109.1,62123.93,62087.1,62109.11,-37,SHORT,62097.1,61995.96,TRUE
07/13/2026,07/24/2026 17:26:23,17,17:45,61957.74,61988.0,61959.86,62001.99,61987.36,62002.0,+44,LONG,61995.96,61840.89,FALSE
07/13/2026,07/24/2026 17:26:23,18,18:00,61827.41,61863.98,61819.58,61867.04,61840.3,61869.61,+50,LONG,61840.89,61976.74,TRUE
07/13/2026,07/24/2026 17:26:23,18,18:15,61961.2,61981.49,61972.32,61998.63,61976.19,61988.45,+37,LONG,61976.74,62088.6,TRUE
07/13/2026,07/24/2026 17:26:23,18,18:30,62127.99,62168.0,62130.24,62151.34,62072.25,62131.69,-96,SHORT,62088.6,62046.93,TRUE
07/13/2026,07/24/2026 17:26:23,18,18:45,62037.55,62057.92,62036.64,62053.02,62021.0,62048.0,-37,SHORT,62046.93,62264.94,FALSE
07/13/2026,07/24/2026 17:26:23,19,19:00,62220.68,62238.37,62225.99,62246.81,62245.4,62264.99,+44,LONG,62264.94,62366.99,TRUE
07/13/2026,07/24/2026 17:26:23,19,19:15,62326.41,62381.98,62352.08,62395.0,62359.6,62415.0,+89,LONG,62366.99,62303.19,FALSE
07/13/2026,07/24/2026 17:26:23,19,19:30,62245.99,62269.35,62239.28,62264.83,62264.22,62310.71,+71,LONG,62303.19,62238.44,FALSE
07/13/2026,07/24/2026 17:26:23,19,19:45,62243.04,62262.62,62227.76,62268.08,62214.22,62239.99,-54,SHORT,62238.44,62481.0,FALSE
07/13/2026,07/24/2026 17:26:23,20,20:00,62472.74,62504.97,62473.18,62483.68,62458.67,62494.94,-46,SHORT,62481.0,62423.51,TRUE
07/13/2026,07/24/2026 17:26:23,20,20:15,62406.0,62419.82,62419.75,62442.32,62412.24,62434.8,+36,LONG,62423.51,62452.09,TRUE
07/13/2026,07/24/2026 17:26:23,20,20:30,62484.96,62540.06,62427.28,62489.93,62425.78,62460.35,-114,SHORT,62452.09,62419.99,TRUE
07/13/2026,07/24/2026 17:26:23,20,20:45,62389.35,62428.22,62411.06,62429.95,62419.97,62438.56,+49,LONG,62419.99,62459.45,TRUE
07/13/2026,07/24/2026 17:26:23,21,21:00,62441.53,62476.15,62462.12,62482.64,62457.36,62467.7,+41,LONG,62459.45,62428.1,FALSE
07/13/2026,07/24/2026 17:26:23,21,21:15,62431.91,62483.69,62419.77,62439.09,62423.46,62434.8,-64,SHORT,62428.1,62300.98,TRUE
07/13/2026,07/24/2026 17:26:23,21,21:30,62242.73,62276.69,62252.3,62288.16,62284.4,62313.22,+70,LONG,62300.98,62516.0,TRUE
07/13/2026,07/24/2026 17:26:23,21,21:45,62489.64,62511.86,62503.72,62511.2,62502.48,62531.29,+42,LONG,62516.0,62476.16,FALSE
07/13/2026,07/24/2026 17:26:23,22,22:00,62475.26,62483.66,62482.09,62489.94,62470.97,62489.93,-19,SHORT,62476.16,62322.19,TRUE
07/13/2026,07/24/2026 17:26:23,22,22:15,62292.39,62370.69,62304.71,62322.57,62293.8,62322.19,-77,SHORT,62322.19,62397.19,FALSE
07/13/2026,07/24/2026 17:26:23,22,22:30,62348.29,62378.12,62375.95,62385.92,62379.53,62397.19,+49,LONG,62397.19,62389.95,FALSE
07/13/2026,07/24/2026 17:26:23,22,22:45,62371.57,62416.59,62363.88,62385.91,62385.91,62419.76,+56,LONG,62389.95,62500.0,TRUE
07/13/2026,07/24/2026 17:26:23,23,23:00,62479.85,62496.65,62490.56,62506.24,62496.0,62506.24,+26,LONG,62500.0,62491.2,FALSE
07/13/2026,07/24/2026 17:26:23,23,23:15,62484.58,62497.92,62469.94,62500.56,62491.2,62510.65,+41,LONG,62491.2,62573.85,TRUE
07/13/2026,07/24/2026 17:26:23,23,23:30,62571.59,62585.2,62566.65,62585.2,62570.35,62576.69,-19,SHORT,62573.85,62635.65,FALSE
07/13/2026,07/24/2026 17:26:23,23,23:45,62635.58,62652.87,62639.97,62656.25,62635.65,62647.99,+21,LONG,62635.65,62673.76,TRUE
07/14/2026,07/24/2026 17:26:23,0,00:00,62634.0,62645.36,62645.35,62697.23,62667.92,62686.72,+63,LONG,62673.76,62756.13,TRUE
07/14/2026,07/24/2026 17:26:23,0,00:15,62743.12,62769.43,62739.64,62756.89,62756.12,62763.97,-30,SHORT,62756.13,62773.18,FALSE
07/14/2026,07/24/2026 17:26:23,0,00:30,62788.24,62803.88,62778.87,62803.88,62739.34,62778.88,-65,SHORT,62773.18,62680.38,TRUE
07/14/2026,07/24/2026 17:26:23,0,00:45,62622.48,62662.53,62649.11,62663.26,62663.25,62686.06,+64,LONG,62680.38,62654.02,FALSE
07/14/2026,07/24/2026 17:26:23,1,01:00,62637.85,62647.47,62633.15,62650.19,62626.82,62665.68,+33,LONG,62654.02,62586.04,FALSE
07/14/2026,07/24/2026 17:26:23,1,01:15,62598.14,62615.28,62615.27,62649.11,62570.01,62640.03,-79,SHORT,62586.04,62613.71,FALSE
07/14/2026,07/24/2026 17:26:23,1,01:30,62605.95,62619.05,62592.72,62605.96,62601.05,62621.97,+29,LONG,62613.71,62617.78,TRUE
07/14/2026,07/24/2026 17:26:23,1,01:45,62596.48,62615.28,62596.48,62607.75,62600.62,62618.0,+22,LONG,62617.78,62546.34,FALSE
07/14/2026,07/24/2026 17:26:23,2,02:00,62478.75,62521.27,62509.99,62531.27,62521.28,62553.08,+74,LONG,62546.34,62509.99,FALSE
07/14/2026,07/24/2026 17:26:23,2,02:15,62479.93,62490.56,62464.88,62484.86,62472.04,62509.99,+45,LONG,62509.99,62553.87,TRUE
07/14/2026,07/24/2026 17:26:23,2,02:30,62553.23,62575.1,62541.18,62553.87,62551.19,62553.87,-34,SHORT,62553.87,62490.52,TRUE
07/14/2026,07/24/2026 17:26:23,2,02:45,62514.02,62514.03,62506.31,62515.57,62469.0,62515.58,-47,SHORT,62490.52,62467.62,TRUE
07/14/2026,07/24/2026 17:26:23,3,03:00,62466.99,62495.69,62466.99,62475.36,62467.53,62475.36,-29,SHORT,62467.62,62464.31,TRUE
07/14/2026,07/24/2026 17:26:23,3,03:15,62450.16,62471.68,62438.56,62471.67,62449.0,62464.31,-33,SHORT,62464.31,62570.36,FALSE
07/14/2026,07/24/2026 17:26:23,3,03:30,62556.73,62583.08,62560.0,62589.44,62568.09,62592.57,+36,LONG,62570.36,62694.78,TRUE
07/14/2026,07/24/2026 17:26:23,3,03:45,62694.3,62721.92,62692.57,62714.0,62685.13,62705.0,-37,SHORT,62694.78,62631.31,TRUE
07/14/2026,07/24/2026 17:26:23,4,04:00,62626.87,62633.14,62615.0,62626.87,62622.65,62637.57,+23,LONG,62631.31,62625.77,FALSE
07/14/2026,07/24/2026 17:26:23,4,04:15,62606.38,62618.33,62606.38,62611.98,62606.38,62625.77,+19,LONG,62625.77,62593.12,FALSE
07/14/2026,07/24/2026 17:26:23,4,04:30,62602.11,62616.59,62602.11,62611.48,62593.12,62605.22,-23,SHORT,62593.12,62484.71,TRUE
07/14/2026,07/24/2026 17:26:23,4,04:45,62501.12,62523.16,62506.18,62523.2,62484.71,62506.19,-38,SHORT,62484.71,62554.05,FALSE
07/14/2026,07/24/2026 17:26:23,5,05:00,62551.02,62558.98,62552.15,62558.85,62552.15,62554.06,+8,LONG,62554.05,62648.98,TRUE
07/14/2026,07/24/2026 17:26:23,5,05:15,62604.06,62652.96,62640.96,62656.38,62640.96,62648.98,+52,LONG,62648.98,62594.08,FALSE
07/14/2026,07/24/2026 17:26:23,5,05:30,62601.87,62612.39,62593.12,62606.21,62589.44,62594.39,-23,SHORT,62594.08,62733.6,FALSE
07/14/2026,07/24/2026 17:26:23,5,05:45,62696.16,62711.91,62688.8,62698.52,62693.31,62736.63,+48,LONG,62733.6,62725.61,FALSE
07/14/2026,07/24/2026 17:26:23,6,06:00,62716.79,62768.62,62716.71,62798.58,62725.6,62756.2,+82,LONG,62725.61,62719.25,FALSE
07/14/2026,07/24/2026 17:26:23,6,06:15,62655.07,62676.34,62676.33,62687.63,62683.54,62721.92,+67,LONG,62719.25,62785.73,TRUE
07/14/2026,07/24/2026 17:26:23,6,06:30,62733.5,62786.55,62786.54,62802.67,62784.48,62789.35,+69,LONG,62785.73,62784.44,FALSE
07/14/2026,07/24/2026 17:26:23,6,06:45,62785.98,62795.52,62788.48,62795.52,62781.95,62805.88,+20,LONG,62784.44,62769.76,FALSE
07/14/2026,07/24/2026 17:26:23,7,07:00,62762.4,62780.8,62778.41,62785.38,62769.76,62778.41,+23,LONG,62769.76,62777.52,TRUE
07/14/2026,07/24/2026 17:26:23,7,07:15,62710.88,62740.1,62740.09,62763.55,62751.98,62782.49,+72,LONG,62777.52,62894.87,TRUE
07/14/2026,07/24/2026 17:26:23,7,07:30,62933.7,63012.49,62843.36,62966.41,62817.15,62894.88,-195,SHORT,62894.87,63502.06,FALSE
07/14/2026,07/24/2026 17:26:23,7,07:45,63361.62,63483.67,63473.66,63527.65,63461.0,63538.1,+176,LONG,63502.06,63897.15,TRUE
07/14/2026,07/24/2026 17:26:23,8,08:00,63785.46,63888.0,63848.0,63910.0,63842.77,63919.0,+134,LONG,63897.15,63733.99,FALSE
07/14/2026,07/24/2026 17:26:23,8,08:15,63718.02,63775.98,63698.63,63740.43,63689.73,63736.53,-86,SHORT,63733.99,63898.93,FALSE
07/14/2026,07/24/2026 17:26:23,8,08:30,63906.88,63943.67,63868.63,63922.54,63864.34,63903.2,-79,SHORT,63898.93,63727.46,TRUE
07/14/2026,07/24/2026 17:26:23,8,08:45,63746.44,63876.58,63660.41,63744.97,63656.64,63727.46,-220,SHORT,63727.46,63780.0,FALSE
07/14/2026,07/24/2026 17:26:23,9,09:00,63743.98,63778.08,63724.98,63785.43,63764.16,63807.98,+83,LONG,63780.0,63811.69,TRUE
07/14/2026,07/24/2026 17:26:23,9,09:15,63690.0,63755.7,63709.51,63774.39,63742.69,63817.43,+127,LONG,63811.69,63844.6,TRUE
07/14/2026,07/24/2026 17:26:23,9,09:30,63772.0,63814.88,63727.05,63799.04,63777.19,63848.0,+121,LONG,63844.6,63965.75,TRUE
07/14/2026,07/24/2026 17:26:23,9,09:45,63956.0,64001.67,63928.96,63965.77,63922.91,63965.75,-79,SHORT,63965.75,64238.0,FALSE
07/14/2026,07/24/2026 17:26:23,10,10:00,63948.61,64016.02,64001.9,64068.1,64058.43,64300.0,+351,LONG,64238.0,64160.15,FALSE
07/14/2026,07/24/2026 17:26:23,10,10:15,64190.24,64212.33,64160.81,64222.89,64143.83,64160.8,-79,SHORT,64160.15,64443.01,FALSE
07/14/2026,07/24/2026 17:26:23,10,10:30,64185.0,64289.34,64285.91,64367.99,64361.28,64506.36,+321,LONG,64443.01,64733.74,TRUE
07/14/2026,07/24/2026 17:26:23,10,10:45,64598.72,64665.61,64660.81,64756.1,64712.8,64813.99,+215,LONG,64733.74,64703.12,FALSE
07/14/2026,07/24/2026 17:26:23,11,11:00,64553.33,64620.15,64612.11,64720.7,64668.64,64726.04,+173,LONG,64703.12,64690.72,FALSE
07/14/2026,07/24/2026 17:26:23,11,11:15,64793.76,64855.17,64709.12,64793.77,64690.72,64722.51,-164,SHORT,64690.72,64784.11,FALSE
07/14/2026,07/24/2026 17:26:23,11,11:30,64815.01,64842.53,64790.79,64826.88,64777.47,64814.0,-65,SHORT,64784.11,64741.18,TRUE
07/14/2026,07/24/2026 17:26:23,11,11:45,64780.01,64817.09,64775.72,64785.49,64738.94,64798.64,-78,SHORT,64741.18,64693.5,TRUE
07/14/2026,07/24/2026 17:26:23,12,12:00,64734.88,64756.71,64680.83,64734.89,64682.0,64707.62,-76,SHORT,64693.5,64564.3,TRUE
07/14/2026,07/24/2026 17:26:23,12,12:15,64396.74,64492.0,64482.65,64564.91,64537.24,64576.93,+180,LONG,64564.3,64485.98,FALSE
07/14/2026,07/24/2026 17:26:23,12,12:30,64484.66,64510.38,64492.85,64522.97,64485.98,64530.0,+45,LONG,64485.98,64481.33,FALSE
07/14/2026,07/24/2026 17:26:23,12,12:45,64429.44,64468.96,64438.05,64466.23,64464.0,64493.0,+64,LONG,64481.33,64586.36,TRUE
07/14/2026,07/24/2026 17:26:23,13,13:00,64612.68,64635.65,64607.09,64624.33,64569.99,64613.45,-66,SHORT,64586.36,64449.4,TRUE
07/14/2026,07/24/2026 17:26:23,13,13:15,64481.68,64490.52,64455.22,64485.0,64447.83,64484.99,-43,SHORT,64449.4,64474.96,FALSE
07/14/2026,07/24/2026 17:26:23,13,13:30,64480.05,64512.01,64481.21,64515.97,64474.08,64513.13,-42,SHORT,64474.96,64548.49,FALSE
07/14/2026,07/24/2026 17:26:23,13,13:45,64506.79,64556.49,64522.83,64560.64,64513.81,64548.5,+54,LONG,64548.49,64533.4,FALSE
07/14/2026,07/24/2026 17:26:23,14,14:00,64514.53,64550.66,64507.17,64540.07,64514.22,64546.12,-43,SHORT,64533.4,64580.32,FALSE
07/14/2026,07/24/2026 17:26:23,14,14:15,64530.96,64568.28,64568.27,64607.76,64580.32,64606.38,+77,LONG,64580.32,64523.15,FALSE
07/14/2026,07/24/2026 17:26:23,14,14:30,64575.92,64584.0,64568.6,64584.0,64523.15,64578.28,-61,SHORT,64523.15,64510.39,TRUE
07/14/2026,07/24/2026 17:26:23,14,14:45,64462.56,64513.63,64488.32,64506.7,64493.29,64510.39,+48,LONG,64510.39,64542.41,TRUE
07/14/2026,07/24/2026 17:26:23,15,15:00,64589.01,64615.07,64561.99,64591.1,64504.3,64580.31,-111,SHORT,64542.41,64417.47,TRUE
07/14/2026,07/24/2026 17:26:23,15,15:15,64430.03,64464.13,64440.77,64461.68,64417.0,64443.77,-47,SHORT,64417.47,64401.9,TRUE
07/14/2026,07/24/2026 17:26:23,15,15:30,64405.49,64426.0,64403.79,64428.97,64397.06,64405.74,-32,SHORT,64401.9,64438.0,FALSE
07/14/2026,07/24/2026 17:26:23,15,15:45,64375.85,64396.47,64374.24,64383.35,64385.28,64447.93,+74,LONG,64438.0,64521.45,TRUE
07/14/2026,07/24/2026 17:26:23,16,16:00,64498.86,64506.87,64499.36,64554.53,64521.45,64548.6,+56,LONG,64521.45,64579.99,TRUE
07/14/2026,07/24/2026 17:26:23,16,16:15,64564.01,64576.94,64567.51,64576.94,64564.01,64580.0,+16,LONG,64579.99,64620.81,TRUE
07/14/2026,07/24/2026 17:26:23,16,16:30,64596.3,64633.94,64626.7,64632.43,64613.44,64630.99,+36,LONG,64620.81,64687.04,TRUE
07/14/2026,07/24/2026 17:26:23,16,16:45,64724.31,64845.27,64694.85,64732.53,64671.08,64718.26,-174,SHORT,64687.04,64634.83,TRUE
07/14/2026,07/24/2026 17:26:23,17,17:00,64622.68,64645.99,64613.44,64636.0,64626.62,64634.84,-33,SHORT,64634.83,64506.26,TRUE
07/14/2026,07/24/2026 17:26:23,17,17:15,64488.33,64514.07,64473.6,64506.0,64478.78,64508.77,-40,SHORT,64506.26,64888.03,FALSE
07/14/2026,07/24/2026 17:26:23,17,17:30,64885.76,64938.82,64908.01,64933.53,64882.52,64930.62,-56,SHORT,64888.03,64871.48,TRUE
07/14/2026,07/24/2026 17:26:23,17,17:45,64886.32,64916.61,64893.12,64915.56,64871.04,64893.12,-46,SHORT,64871.48,64815.84,TRUE
07/14/2026,07/24/2026 17:26:23,18,18:00,64842.27,64876.99,64811.0,64848.0,64814.0,64830.56,-66,SHORT,64815.84,64963.78,FALSE
07/14/2026,07/24/2026 17:26:23,18,18:15,64959.36,65001.2,64955.68,65001.49,64963.29,64974.08,-46,SHORT,64963.78,64870.01,TRUE
07/14/2026,07/24/2026 17:26:23,18,18:30,64839.97,64851.14,64843.17,64863.65,64842.0,64870.01,+30,LONG,64870.01,64959.35,TRUE
07/14/2026,07/24/2026 17:26:23,18,18:45,64934.77,64975.54,64938.75,64963.47,64951.46,64965.35,-37,SHORT,64959.35,64988.64,FALSE
07/14/2026,07/24/2026 17:26:23,19,19:00,64935.01,64970.51,64943.2,64970.95,64953.69,64997.79,+63,LONG,64988.64,64869.99,FALSE
07/14/2026,07/24/2026 17:26:23,19,19:15,64915.2,64966.29,64880.25,64917.59,64862.97,64881.45,-103,SHORT,64869.99,64837.92,TRUE
07/14/2026,07/24/2026 17:26:23,19,19:30,64794.75,64810.87,64797.44,64815.82,64804.8,64848.97,+54,LONG,64837.92,64737.15,FALSE
07/14/2026,07/24/2026 17:26:23,19,19:45,64720.49,64738.09,64714.47,64736.96,64720.16,64738.55,+24,LONG,64737.15,64775.98,TRUE
07/14/2026,07/24/2026 17:26:23,20,20:00,64777.69,64795.58,64795.57,64803.98,64774.47,64800.82,-30,SHORT,64775.98,64693.97,TRUE
07/14/2026,07/24/2026 17:26:23,20,20:15,64685.64,64695.96,64676.0,64705.45,64689.41,64702.98,+27,LONG,64693.97,64786.4,TRUE
07/14/2026,07/24/2026 17:26:23,20,20:30,64779.04,64804.35,64789.2,64807.28,64775.68,64804.5,-32,SHORT,64786.4,64670.62,TRUE
07/14/2026,07/24/2026 17:26:23,20,20:45,64617.12,64651.37,64624.51,64650.23,64599.47,64677.83,+61,LONG,64670.62,64625.94,FALSE
07/14/2026,07/24/2026 17:26:23,21,21:00,64602.01,64620.8,64605.62,64617.88,64611.12,64638.69,+37,LONG,64625.94,64660.79,TRUE
07/14/2026,07/24/2026 17:26:23,21,21:15,64669.71,64692.6,64654.37,64685.17,64647.01,64661.65,-46,SHORT,64660.79,64472.0,TRUE
07/14/2026,07/24/2026 17:26:23,21,21:30,64491.0,64517.76,64495.69,64506.71,64466.8,64495.7,-51,SHORT,64472.0,64508.93,FALSE
07/14/2026,07/24/2026 17:26:23,21,21:45,64495.68,64506.72,64493.3,64495.69,64494.91,64508.94,+16,LONG,64508.93,64440.87,FALSE
07/14/2026,07/24/2026 17:26:23,22,22:00,64447.99,64461.98,64450.37,64459.09,64440.71,64458.69,-21,SHORT,64440.87,64581.05,FALSE
07/14/2026,07/24/2026 17:26:23,22,22:15,64594.0,64600.46,64592.0,64621.42,64562.62,64603.53,-59,SHORT,64581.05,64561.91,TRUE
07/14/2026,07/24/2026 17:26:23,22,22:30,64526.0,64536.68,64529.97,64536.68,64531.29,64561.92,+36,LONG,64561.91,64646.98,TRUE
07/14/2026,07/24/2026 17:26:23,22,22:45,64646.67,64668.89,64653.94,64677.8,64642.88,64668.64,-35,SHORT,64646.98,64736.67,FALSE
07/14/2026,07/24/2026 17:26:23,23,23:00,64760.32,64770.0,64751.13,64760.63,64736.67,64760.63,-33,SHORT,64736.67,64766.0,FALSE
07/14/2026,07/24/2026 17:26:23,23,23:15,64756.01,64805.48,64786.36,64833.6,64766.0,64806.06,+78,LONG,64766.0,64711.68,FALSE
07/14/2026,07/24/2026 17:26:23,23,23:30,64743.93,64756.14,64735.19,64748.55,64709.12,64738.01,-47,SHORT,64711.68,64753.98,FALSE
07/14/2026,07/24/2026 17:26:23,23,23:45,64749.41,64764.32,64748.3,64756.88,64751.44,64755.01,-16,SHORT,64753.98,64698.07,TRUE
07/15/2026,07/24/2026 17:26:23,0,00:00,64676.92,64721.15,64682.05,64698.08,64688.37,64698.08,-39,SHORT,64698.07,64571.67,TRUE
07/15/2026,07/24/2026 17:26:23,0,00:15,64551.63,64572.84,64558.24,64594.63,64558.24,64571.68,+43,LONG,64571.67,64595.04,TRUE
07/15/2026,07/24/2026 17:26:23,0,00:30,64612.51,64624.48,64624.47,64630.0,64595.04,64633.62,-35,SHORT,64595.04,64653.92,FALSE
07/15/2026,07/24/2026 17:26:23,0,00:45,64666.7,64683.99,64657.6,64676.83,64649.76,64659.71,-34,SHORT,64653.92,64896.0,FALSE
07/15/2026,07/24/2026 17:26:23,1,01:00,64770.32,64781.01,64781.0,64918.0,64874.72,64915.19,+148,LONG,64896.0,64988.84,TRUE
07/15/2026,07/24/2026 17:26:23,1,01:15,64897.74,64944.64,64940.09,64981.44,64944.64,65027.97,+130,LONG,64988.84,64934.2,FALSE
07/15/2026,07/24/2026 17:26:23,1,01:30,64929.92,64947.34,64919.04,64937.25,64909.5,64936.74,-38,SHORT,64934.2,64999.82,FALSE
07/15/2026,07/24/2026 17:26:23,1,01:45,65010.88,65028.12,64991.3,65018.01,64963.2,65002.3,-65,SHORT,64999.82,64768.0,TRUE
07/15/2026,07/24/2026 17:26:23,2,02:00,64782.72,64856.45,64786.4,64808.48,64767.84,64796.0,-89,SHORT,64768.0,64822.32,FALSE
07/15/2026,07/24/2026 17:26:23,2,02:15,64781.06,64827.47,64813.54,64835.59,64822.32,64830.33,+55,LONG,64822.32,64486.94,FALSE
07/15/2026,07/24/2026 17:26:23,2,02:30,64479.69,64557.97,64435.2,64529.69,64437.97,64486.95,-123,SHORT,64486.94,64551.0,FALSE
07/15/2026,07/24/2026 17:26:23,2,02:45,64566.03,64592.22,64552.29,64578.17,64518.04,64569.12,-74,SHORT,64551.0,64501.79,TRUE
07/15/2026,07/24/2026 17:26:23,3,03:00,64504.33,64534.14,64504.33,64514.89,64500.88,64511.48,-33,SHORT,64501.79,64534.14,FALSE
07/15/2026,07/24/2026 17:26:23,3,03:15,64526.9,64545.03,64516.37,64536.2,64524.27,64546.55,+30,LONG,64534.14,64592.83,TRUE
07/15/2026,07/24/2026 17:26:23,3,03:30,64552.29,64576.12,64545.1,64598.25,64589.67,64599.08,+54,LONG,64592.83,64692.26,TRUE
07/15/2026,07/24/2026 17:26:23,3,03:45,64635.78,64665.11,64635.78,64668.45,64668.44,64692.27,+56,LONG,64692.26,64719.93,TRUE
07/15/2026,07/24/2026 17:26:23,4,04:00,64703.07,64738.73,64719.27,64730.32,64712.01,64725.76,+27,LONG,64719.93,64791.42,TRUE
07/15/2026,07/24/2026 17:26:23,4,04:15,64779.29,64795.14,64792.1,64804.06,64785.71,64792.11,+25,LONG,64791.42,64782.02,FALSE
07/15/2026,07/24/2026 17:26:23,4,04:30,64791.87,64807.58,64781.0,64798.35,64779.75,64794.71,-28,SHORT,64782.02,64662.18,TRUE
07/15/2026,07/24/2026 17:26:23,4,04:45,64644.0,64674.75,64654.06,64662.2,64653.93,64672.08,+28,LONG,64662.18,64615.58,FALSE
07/15/2026,07/24/2026 17:26:23,5,05:00,64603.12,64617.62,64600.0,64603.13,64600.0,64615.58,-18,SHORT,64615.58,64748.72,FALSE
07/15/2026,07/24/2026 17:26:23,5,05:15,64773.72,64783.76,64762.83,64781.68,64737.86,64773.72,-46,SHORT,64748.72,64586.26,TRUE
07/15/2026,07/24/2026 17:26:23,5,05:30,64601.73,64618.0,64574.07,64610.86,64575.0,64592.21,-44,SHORT,64586.26,64606.75,FALSE
07/15/2026,07/24/2026 17:26:23,5,05:45,64608.44,64615.04,64613.29,64631.03,64606.75,64629.79,-24,SHORT,64606.75,64605.99,TRUE
07/15/2026,07/24/2026 17:26:23,6,06:00,64584.97,64609.47,64577.7,64612.44,64603.38,64612.44,+35,LONG,64605.99,64670.09,TRUE
07/15/2026,07/24/2026 17:26:23,6,06:15,64666.04,64690.99,64674.9,64680.74,64670.06,64680.08,-21,SHORT,64670.09,64581.91,TRUE
07/15/2026,07/24/2026 17:26:23,6,06:30,64571.45,64584.97,64567.99,64585.2,64575.15,64584.87,-17,SHORT,64581.91,64639.18,FALSE
07/15/2026,07/24/2026 17:26:23,6,06:45,64624.0,64639.19,64629.18,64639.19,64629.31,64639.19,+15,LONG,64639.18,64679.32,TRUE
07/15/2026,07/24/2026 17:26:23,7,07:00,64679.59,64685.35,64682.84,64694.66,64670.11,64696.41,-25,SHORT,64679.32,64662.1,TRUE
07/15/2026,07/24/2026 17:26:23,7,07:15,64592.21,64675.92,64631.78,64664.72,64625.04,64677.24,+85,LONG,64662.1,64628.25,FALSE
07/15/2026,07/24/2026 17:26:23,7,07:30,64586.2,64604.28,64589.54,64616.0,64606.54,64638.0,+52,LONG,64628.25,64741.98,TRUE
07/15/2026,07/24/2026 17:26:23,7,07:45,64703.57,64831.79,64784.61,64834.91,64732.56,64786.26,+131,LONG,64741.98,65106.41,TRUE
07/15/2026,07/24/2026 17:26:23,8,08:00,65067.5,65120.28,65085.91,65132.81,65101.04,65134.34,+67,LONG,65106.41,65322.32,TRUE
07/15/2026,07/24/2026 17:26:23,8,08:15,65241.16,65292.63,65231.1,65284.0,65282.26,65349.55,+118,LONG,65322.32,65257.82,FALSE
07/15/2026,07/24/2026 17:26:23,8,08:30,65252.9,65307.87,65245.62,65308.96,65244.0,65278.02,-65,SHORT,65257.82,65214.13,TRUE
07/15/2026,07/24/2026 17:26:23,8,08:45,65181.91,65257.02,65213.47,65307.8,65214.0,65314.01,+132,LONG,65214.13,65057.05,FALSE
07/15/2026,07/24/2026 17:26:23,9,09:00,64938.58,65024.2,64969.74,65062.38,65042.34,65067.75,+129,LONG,65057.05,65231.13,TRUE
07/15/2026,07/24/2026 17:26:23,9,09:15,65273.05,65347.25,65253.96,65326.47,65231.1,65298.02,-116,SHORT,65231.13,65276.98,FALSE
07/15/2026,07/24/2026 17:26:23,9,09:30,65158.59,65256.0,65249.86,65315.16,65260.15,65325.4,+167,LONG,65276.98,65320.0,TRUE
07/15/2026,07/24/2026 17:26:23,9,09:45,65305.01,65382.86,65306.06,65357.9,65303.53,65356.88,-79,SHORT,65320.0,65339.5,FALSE
07/15/2026,07/24/2026 17:26:23,10,10:00,65331.53,65376.16,65321.85,65354.04,65334.73,65361.78,-54,SHORT,65339.5,65347.34,FALSE
07/15/2026,07/24/2026 17:26:23,10,10:15,65336.45,65387.93,65325.59,65372.55,65330.99,65365.39,-62,SHORT,65347.34,65348.34,FALSE
07/15/2026,07/24/2026 17:26:23,10,10:30,65300.17,65338.68,65306.22,65357.59,65348.14,65394.69,+95,LONG,65348.34,65432.46,TRUE
07/15/2026,07/24/2026 17:26:23,10,10:45,65424.2,65445.27,65408.97,65437.95,65408.97,65439.9,-36,SHORT,65432.46,65369.98,TRUE
07/15/2026,07/24/2026 17:26:23,11,11:00,65303.81,65358.88,65358.55,65378.4,65369.04,65385.0,+81,LONG,65369.98,65042.71,FALSE
07/15/2026,07/24/2026 17:26:23,11,11:15,65069.63,65111.32,65058.54,65116.9,65025.04,65083.41,-92,SHORT,65042.71,65112.16,FALSE
07/15/2026,07/24/2026 17:26:23,11,11:30,65068.17,65101.37,65056.0,65109.36,65101.01,65113.95,+58,LONG,65112.16,64879.26,FALSE
07/15/2026,07/24/2026 17:26:23,11,11:45,64826.25,64843.96,64820.91,64847.75,64834.0,64879.26,+58,LONG,64879.26,65062.83,TRUE
07/15/2026,07/24/2026 17:26:23,12,12:00,64950.03,64998.87,64989.92,65022.51,65022.5,65080.06,+130,LONG,65062.83,64976.79,FALSE
07/15/2026,07/24/2026 17:26:23,12,12:15,65035.08,65053.22,65030.2,65060.49,64957.47,65030.2,-103,SHORT,64976.79,64985.31,FALSE
07/15/2026,07/24/2026 17:26:23,12,12:30,64937.39,64954.45,64943.5,64956.87,64956.86,64989.99,+53,LONG,64985.31,64989.6,TRUE
07/15/2026,07/24/2026 17:26:23,12,12:45,64935.56,65042.35,64943.78,64982.0,64977.7,65028.01,-99,SHORT,64989.6,65005.03,FALSE
07/15/2026,07/24/2026 17:26:23,13,13:00,64984.44,65024.04,65011.28,65038.0,65005.03,65018.29,+54,LONG,65005.03,65075.01,TRUE
07/15/2026,07/24/2026 17:26:23,13,13:15,65030.0,65078.15,65048.0,65076.82,65053.98,65107.11,+77,LONG,65075.01,65016.68,FALSE
07/15/2026,07/24/2026 17:26:23,13,13:30,64988.49,65027.52,65017.36,65030.25,64997.15,65022.0,+42,LONG,65016.68,64933.49,FALSE
07/15/2026,07/24/2026 17:26:23,13,13:45,64952.35,64971.5,64942.38,64964.05,64919.77,64960.27,-52,SHORT,64933.49,64816.57,TRUE
07/15/2026,07/24/2026 17:26:23,14,14:00,64826.91,64838.5,64798.64,64853.58,64800.12,64816.57,-53,SHORT,64816.57,64888.73,FALSE
07/15/2026,07/24/2026 17:26:23,14,14:15,64873.75,64908.03,64864.47,64894.11,64870.29,64901.53,-44,SHORT,64888.73,64813.59,TRUE
07/15/2026,07/24/2026 17:26:23,14,14:30,64787.46,64808.3,64788.7,64810.02,64806.52,64832.9,+45,LONG,64813.59,64953.64,TRUE
07/15/2026,07/24/2026 17:26:23,14,14:45,64911.66,64933.44,64933.43,64957.77,64938.26,64955.21,+46,LONG,64953.64,64941.86,FALSE
07/15/2026,07/24/2026 17:26:23,15,15:00,64945.58,64964.4,64931.41,64958.31,64911.51,64955.07,-53,SHORT,64941.86,64904.4,TRUE
07/15/2026,07/24/2026 17:26:23,15,15:15,64918.46,64940.8,64904.4,64933.68,64904.4,64909.61,-36,SHORT,64904.4,64967.83,FALSE
07/15/2026,07/24/2026 17:26:23,15,15:30,64940.53,64960.69,64943.68,64960.69,64960.69,64972.2,+32,LONG,64967.83,64961.02,FALSE
07/15/2026,07/24/2026 17:26:23,15,15:45,64983.36,64993.57,64951.63,64991.51,64952.59,64961.03,-42,SHORT,64961.02,64927.95,TRUE
07/15/2026,07/24/2026 17:26:23,16,16:00,64944.32,64955.21,64941.1,64953.91,64927.01,64941.21,-28,SHORT,64927.95,64868.59,TRUE
07/15/2026,07/24/2026 17:26:23,16,16:15,64826.52,64842.41,64840.4,64865.7,64862.97,64868.6,+42,LONG,64868.59,64833.12,FALSE
07/15/2026,07/24/2026 17:26:23,16,16:30,64858.19,64866.99,64813.45,64870.7,64817.82,64858.2,-54,SHORT,64833.12,64762.87,TRUE
07/15/2026,07/24/2026 17:26:23,16,16:45,64768.48,64782.2,64754.1,64788.25,64750.0,64794.35,+40,LONG,64762.87,64796.0,TRUE
07/15/2026,07/24/2026 17:26:23,17,17:00,64770.0,64788.85,64750.0,64770.0,64759.2,64801.3,+51,LONG,64796.0,64764.85,FALSE
07/15/2026,07/24/2026 17:26:23,17,17:15,64784.61,64812.19,64773.72,64789.43,64764.85,64781.93,-47,SHORT,64764.85,64858.39,FALSE
07/15/2026,07/24/2026 17:26:23,17,17:30,64822.2,64842.69,64827.86,64860.0,64850.67,64859.35,+38,LONG,64858.39,64844.03,FALSE
07/15/2026,07/24/2026 17:26:23,17,17:45,64813.65,64850.52,64828.01,64840.2,64829.03,64844.54,+31,LONG,64844.03,64821.03,FALSE
07/15/2026,07/24/2026 17:26:23,18,18:00,64819.53,64836.01,64821.98,64832.4,64816.9,64832.39,-19,SHORT,64821.03,64871.9,FALSE
07/15/2026,07/24/2026 17:26:23,18,18:15,64879.15,64897.6,64889.33,64900.0,64866.0,64893.69,-34,SHORT,64871.9,64804.27,TRUE
07/15/2026,07/24/2026 17:26:23,18,18:30,64814.19,64820.68,64797.51,64816.83,64796.44,64810.01,-24,SHORT,64804.27,64696.67,TRUE
07/15/2026,07/24/2026 17:26:23,18,18:45,64668.45,64711.14,64673.54,64707.19,64676.02,64701.11,+39,LONG,64696.67,64716.63,TRUE
07/15/2026,07/24/2026 17:26:23,19,19:00,64714.42,64740.45,64709.0,64722.2,64703.6,64717.28,-37,SHORT,64716.63,64787.77,FALSE
07/15/2026,07/24/2026 17:26:23,19,19:15,64773.72,64790.45,64775.6,64798.51,64758.27,64803.37,-40,SHORT,64787.77,64521.7,TRUE
07/15/2026,07/24/2026 17:26:23,19,19:30,64525.33,64543.99,64534.14,64545.03,64521.69,64544.02,-23,SHORT,64521.7,64482.02,TRUE
07/15/2026,07/24/2026 17:26:23,19,19:45,64454.67,64488.07,64451.64,64474.33,64461.54,64483.63,-36,SHORT,64482.02,64537.4,FALSE
07/15/2026,07/24/2026 17:26:23,20,20:00,64535.35,64566.49,64534.14,64560.0,64534.23,64548.79,-32,SHORT,64537.4,64559.55,FALSE
07/15/2026,07/24/2026 17:26:23,20,20:15,64541.4,64581.0,64543.02,64572.18,64559.55,64581.73,+40,LONG,64559.55,64517.91,FALSE
07/15/2026,07/24/2026 17:26:23,20,20:30,64526.87,64556.14,64534.31,64555.91,64508.73,64542.0,-47,SHORT,64517.91,64566.82,FALSE
07/15/2026,07/24/2026 17:26:23,20,20:45,64600.0,64657.56,64574.07,64600.46,64559.55,64574.08,-98,SHORT,64566.82,64689.08,FALSE
07/15/2026,07/24/2026 17:26:23,21,21:00,64676.0,64704.14,64680.0,64698.08,64680.0,64690.0,-24,SHORT,64689.08,64611.83,TRUE
07/15/2026,07/24/2026 17:26:23,21,21:15,64606.88,64626.89,64595.85,64610.05,64592.23,64621.61,-35,SHORT,64611.83,64631.57,FALSE
07/15/2026,07/24/2026 17:26:23,21,21:30,64606.74,64632.14,64607.31,64620.4,64613.52,64631.58,+25,LONG,64631.57,64544.9,FALSE
07/15/2026,07/24/2026 17:26:23,21,21:45,64533.41,64545.91,64538.48,64548.66,64540.99,64552.96,+20,LONG,64544.9,64595.85,TRUE
07/15/2026,07/24/2026 17:26:23,22,22:00,64583.21,64585.11,64585.11,64603.23,64595.85,64620.63,+37,LONG,64595.85,64654.28,TRUE
07/15/2026,07/24/2026 17:26:23,22,22:15,64635.79,64672.07,64651.41,64670.01,64646.67,64667.33,+34,LONG,64654.28,64633.99,FALSE
07/15/2026,07/24/2026 17:26:23,22,22:30,64592.22,64617.63,64603.13,64650.86,64622.61,64653.92,+62,LONG,64633.99,64614.01,FALSE
07/15/2026,07/24/2026 17:26:23,22,22:45,64629.69,64637.75,64620.67,64631.99,64602.9,64621.7,-35,SHORT,64614.01,64562.14,TRUE
07/15/2026,07/24/2026 17:26:23,23,23:00,64553.75,64561.31,64546.0,64553.77,64547.35,64562.15,+16,LONG,64562.14,64597.26,TRUE
07/15/2026,07/24/2026 17:26:23,23,23:15,64595.85,64614.78,64595.85,64599.63,64593.5,64606.32,-21,SHORT,64597.26,64597.11,TRUE
07/15/2026,07/24/2026 17:26:23,23,23:30,64582.56,64602.0,64577.71,64586.68,64577.7,64603.0,+25,LONG,64597.11,64557.64,FALSE
07/15/2026,07/24/2026 17:26:23,23,23:45,64548.65,64559.55,64556.01,64557.94,64556.01,64566.01,+17,LONG,64557.64,64590.88,TRUE
07/16/2026,07/24/2026 17:26:23,0,00:00,64541.4,64548.67,64541.46,64555.12,64555.11,64603.11,+62,LONG,64590.88,64724.57,TRUE
07/16/2026,07/24/2026 17:26:23,0,00:15,64628.52,64653.88,64644.98,64691.12,64685.72,64725.35,+97,LONG,64724.57,64877.09,TRUE
07/16/2026,07/24/2026 17:26:23,0,00:30,64872.6,64900.0,64872.54,64902.82,64866.21,64891.4,-37,SHORT,64877.09,64859.06,TRUE
07/16/2026,07/24/2026 17:26:23,0,00:45,64868.09,64897.71,64836.6,64868.1,64856.33,64859.6,-61,SHORT,64859.06,64865.14,FALSE
07/16/2026,07/24/2026 17:26:23,1,01:00,64849.95,64876.91,64864.47,64890.0,64860.0,64869.03,+40,LONG,64865.14,64810.53,FALSE
07/16/2026,07/24/2026 17:26:23,1,01:15,64806.39,64830.58,64792.53,64806.4,64793.46,64810.53,-38,SHORT,64810.53,64770.08,TRUE
07/16/2026,07/24/2026 17:26:23,1,01:30,64766.6,64788.15,64751.0,64766.61,64754.45,64770.09,-37,SHORT,64770.08,64673.99,TRUE
07/16/2026,07/24/2026 17:26:23,1,01:45,64641.23,64670.0,64670.0,64678.0,64673.99,64681.99,+41,LONG,64673.99,64719.02,TRUE
07/16/2026,07/24/2026 17:26:23,2,02:00,64708.45,64719.28,64710.31,64733.77,64710.31,64719.02,+25,LONG,64719.02,64598.97,FALSE
07/16/2026,07/24/2026 17:26:23,2,02:15,64640.91,64651.44,64606.74,64648.26,64592.05,64606.74,-59,SHORT,64598.97,64445.0,TRUE
07/16/2026,07/24/2026 17:26:23,2,02:30,64467.57,64482.3,64454.66,64480.0,64441.91,64460.59,-40,SHORT,64445.0,64174.96,TRUE
07/16/2026,07/24/2026 17:26:23,2,02:45,64152.54,64186.56,64143.69,64198.01,64158.0,64204.49,+61,LONG,64174.96,64172.64,FALSE
07/16/2026,07/24/2026 17:26:23,3,03:00,64122.22,64142.62,64139.56,64199.41,64172.64,64191.05,+77,LONG,64172.64,63888.65,FALSE
07/16/2026,07/24/2026 17:26:23,3,03:15,63989.99,64052.75,63942.78,64011.71,63888.0,63961.52,-165,SHORT,63888.65,64099.3,FALSE
07/16/2026,07/24/2026 17:26:23,3,03:30,64028.76,64070.53,64054.0,64113.11,64059.54,64113.03,+84,LONG,64099.3,64084.74,FALSE
07/16/2026,07/24/2026 17:26:23,3,03:45,64209.66,64255.52,64172.13,64218.0,64078.22,64176.88,-177,SHORT,64084.74,64067.87,TRUE
07/16/2026,07/24/2026 17:26:23,4,04:00,64013.37,64053.05,64013.37,64062.96,64055.65,64074.15,+61,LONG,64067.87,64058.8,FALSE
07/16/2026,07/24/2026 17:26:23,4,04:15,64097.98,64115.5,64085.0,64113.6,64055.39,64092.58,-60,SHORT,64058.8,63979.9,TRUE
07/16/2026,07/24/2026 17:26:23,4,04:30,64007.76,64049.06,63999.9,64007.77,63963.68,64006.94,-85,SHORT,63979.9,64047.24,FALSE
07/16/2026,07/24/2026 17:26:23,4,04:45,64036.38,64043.11,64043.11,64065.87,64047.03,64062.52,+29,LONG,64047.24,64038.01,FALSE
07/16/2026,07/24/2026 17:26:23,5,05:00,64030.35,64041.57,64024.89,64044.33,64024.89,64038.69,-19,SHORT,64038.01,64087.32,FALSE
07/16/2026,07/24/2026 17:26:23,5,05:15,64080.39,64097.4,64080.39,64087.33,64087.32,64091.17,-17,SHORT,64087.32,64171.52,FALSE
07/16/2026,07/24/2026 17:26:23,5,05:30,64126.26,64143.41,64126.26,64153.52,64155.44,64173.47,+47,LONG,64171.52,64132.02,FALSE
07/16/2026,07/24/2026 17:26:23,5,05:45,64126.27,64135.99,64126.35,64155.93,64129.26,64147.11,+30,LONG,64132.02,64165.73,TRUE
07/16/2026,07/24/2026 17:26:23,6,06:00,64135.98,64150.0,64140.0,64165.83,64159.62,64171.32,+35,LONG,64165.73,64120.47,FALSE
07/16/2026,07/24/2026 17:26:23,6,06:15,64102.75,64131.96,64111.19,64135.99,64110.96,64122.09,+33,LONG,64120.47,64123.99,TRUE
07/16/2026,07/24/2026 17:26:23,6,06:30,64147.11,64180.29,64146.0,64180.25,64109.58,64145.02,-71,SHORT,64123.99,64207.71,FALSE
07/16/2026,07/24/2026 17:26:23,6,06:45,64170.98,64192.98,64186.85,64216.48,64199.93,64213.59,+46,LONG,64207.71,64200.0,FALSE
07/16/2026,07/24/2026 17:26:23,7,07:00,64165.56,64170.25,64170.24,64212.39,64200.0,64205.49,+47,LONG,64200.0,64106.18,FALSE
07/16/2026,07/24/2026 17:26:23,7,07:15,64098.32,64134.69,64085.9,64100.9,64092.71,64116.67,-49,SHORT,64106.18,64141.99,FALSE
07/16/2026,07/24/2026 17:26:23,7,07:30,64086.12,64098.37,64090.85,64115.71,64113.45,64141.99,+56,LONG,64141.99,63839.99,FALSE
07/16/2026,07/24/2026 17:26:23,7,07:45,63848.31,63885.65,63857.8,63883.72,63815.0,63866.67,-71,SHORT,63839.99,63914.11,FALSE
07/16/2026,07/24/2026 17:26:23,8,08:00,63905.55,63945.64,63909.94,63937.7,63911.36,63927.85,-36,SHORT,63914.11,64033.28,FALSE
07/16/2026,07/24/2026 17:26:23,8,08:15,64013.67,64047.39,64024.29,64058.26,64028.83,64061.54,+48,LONG,64033.28,64191.35,TRUE
07/16/2026,07/24/2026 17:26:23,8,08:30,64129.61,64150.2,64135.97,64158.85,64145.68,64199.71,+70,LONG,64191.35,64101.25,FALSE
07/16/2026,07/24/2026 17:26:23,8,08:45,64126.75,64201.33,64113.44,64174.87,64101.24,64180.14,-100,SHORT,64101.25,64325.54,FALSE
07/16/2026,07/24/2026 17:26:23,9,09:00,64222.17,64297.23,64243.01,64326.1,64305.54,64333.7,+112,LONG,64325.54,64577.64,TRUE
07/16/2026,07/24/2026 17:26:23,9,09:15,64530.75,64647.19,64526.58,64584.87,64520.13,64590.0,-127,SHORT,64577.64,64708.03,FALSE
07/16/2026,07/24/2026 17:26:23,9,09:30,64618.59,64812.48,64710.04,64782.87,64708.03,64750.0,+164,LONG,64708.03,64691.13,FALSE
07/16/2026,07/24/2026 17:26:23,9,09:45,64630.82,64671.06,64635.0,64668.17,64615.34,64691.13,+60,LONG,64691.13,64493.21,FALSE
07/16/2026,07/24/2026 17:26:23,10,10:00,64388.99,64461.81,64444.01,64520.0,64455.09,64511.64,+131,LONG,64493.21,64309.73,FALSE
07/16/2026,07/24/2026 17:26:23,10,10:15,64343.92,64426.5,64305.57,64370.62,64260.69,64309.74,-166,SHORT,64309.73,64774.47,FALSE
07/16/2026,07/24/2026 17:26:23,10,10:30,64751.77,64847.44,64732.32,64771.95,64740.55,64783.63,-115,SHORT,64774.47,64682.62,TRUE
07/16/2026,07/24/2026 17:26:23,10,10:45,64716.28,64739.14,64625.94,64729.14,64647.87,64695.44,-113,SHORT,64682.62,64660.54,TRUE
07/16/2026,07/24/2026 17:26:23,11,11:00,64647.51,64680.86,64653.43,64684.48,64632.0,64680.87,-52,SHORT,64660.54,64459.86,TRUE
07/16/2026,07/24/2026 17:26:23,11,11:15,64441.91,64477.83,64424.87,64471.16,64448.19,64476.53,-53,SHORT,64459.86,64492.81,FALSE
07/16/2026,07/24/2026 17:26:23,11,11:30,64480.71,64525.03,64505.72,64533.19,64476.54,64521.1,-57,SHORT,64492.81,64330.59,TRUE
07/16/2026,07/24/2026 17:26:23,11,11:45,64363.27,64403.03,64343.74,64399.73,64321.03,64355.61,-82,SHORT,64330.59,64432.08,FALSE
07/16/2026,07/24/2026 17:26:23,12,12:00,64461.71,64488.7,64430.67,64493.21,64430.67,64459.85,-63,SHORT,64432.08,64123.63,TRUE
07/16/2026,07/24/2026 17:26:23,12,12:15,64197.17,64224.38,64205.49,64243.02,64120.91,64214.85,-122,SHORT,64123.63,64169.62,FALSE
07/16/2026,07/24/2026 17:26:23,12,12:30,64109.59,64149.99,64117.93,64177.36,64164.55,64188.01,+78,LONG,64169.62,64102.24,FALSE
07/16/2026,07/24/2026 17:26:23,12,12:45,64132.83,64189.13,64114.09,64140.19,64071.32,64120.62,-118,SHORT,64102.24,64030.02,TRUE
07/16/2026,07/24/2026 17:26:23,13,13:00,63959.46,64000.0,63964.8,64003.45,63985.56,64032.97,+74,LONG,64030.02,64149.92,TRUE
07/16/2026,07/24/2026 17:26:23,13,13:15,64131.24,64175.99,64122.09,64165.18,64149.92,64165.18,-54,SHORT,64149.92,64174.67,FALSE
07/16/2026,07/24/2026 17:26:23,13,13:30,64229.86,64250.7,64218.0,64236.92,64171.49,64222.18,-79,SHORT,64174.67,64104.98,TRUE
07/16/2026,07/24/2026 17:26:23,13,13:45,64059.54,64100.0,64084.56,64114.67,64084.56,64104.99,+55,LONG,64104.98,64191.56,TRUE
07/16/2026,07/24/2026 17:26:23,14,14:00,64217.1,64227.93,64209.66,64238.23,64191.56,64222.07,-47,SHORT,64191.56,64180.46,TRUE
07/16/2026,07/24/2026 17:26:23,14,14:15,64209.81,64242.8,64199.62,64218.47,64167.97,64205.85,-75,SHORT,64180.46,64212.56,FALSE
07/16/2026,07/24/2026 17:26:23,14,14:30,64115.09,64152.66,64151.03,64218.44,64212.05,64236.81,+122,LONG,64212.56,64148.58,FALSE
07/16/2026,07/24/2026 17:26:23,14,14:45,64182.87,64200.3,64145.72,64186.33,64142.04,64158.82,-58,SHORT,64148.58,64217.54,FALSE
07/16/2026,07/24/2026 17:26:23,15,15:00,64210.13,64225.85,64202.71,64219.83,64193.56,64232.07,-32,SHORT,64217.54,64136.51,TRUE
07/16/2026,07/24/2026 17:26:23,15,15:15,64129.99,64163.73,64131.81,64149.85,64132.62,64146.48,-32,SHORT,64136.51,64133.71,TRUE
07/16/2026,07/24/2026 17:26:23,15,15:30,64150.0,64158.77,64144.57,64150.01,64131.65,64144.58,-27,SHORT,64133.71,64103.54,TRUE
07/16/2026,07/24/2026 17:26:23,15,15:45,64082.99,64090.5,64082.99,64093.73,64086.53,64103.55,+21,LONG,64103.54,64056.98,FALSE
07/16/2026,07/24/2026 17:26:23,16,16:00,64083.1,64108.78,64072.05,64092.15,64056.97,64097.07,-52,SHORT,64056.98,64133.72,FALSE
07/16/2026,07/24/2026 17:26:23,16,16:15,64105.41,64135.87,64124.01,64155.43,64128.78,64133.72,+50,LONG,64133.72,64112.54,FALSE
07/16/2026,07/24/2026 17:26:23,16,16:30,64119.47,64125.25,64119.47,64140.42,64106.61,64140.42,-34,SHORT,64112.54,64161.72,FALSE
07/16/2026,07/24/2026 17:26:23,16,16:45,64145.24,64155.23,64135.01,64152.96,64131.76,64168.26,+33,LONG,64161.72,64113.03,FALSE
07/16/2026,07/24/2026 17:26:23,17,17:00,64084.55,64104.79,64089.3,64105.09,64091.52,64113.75,+29,LONG,64113.03,64155.21,TRUE
07/16/2026,07/24/2026 17:26:23,17,17:15,64122.09,64151.23,64106.0,64148.66,64101.94,64162.94,+57,LONG,64155.21,63973.38,FALSE
07/16/2026,07/24/2026 17:26:23,17,17:30,63992.82,64030.33,63976.31,63994.02,63961.11,63976.87,-69,SHORT,63973.38,64029.88,FALSE
07/16/2026,07/24/2026 17:26:23,17,17:45,64004.1,64059.53,64018.84,64041.21,64018.98,64037.98,-41,SHORT,64029.88,63916.84,TRUE
07/16/2026,07/24/2026 17:26:23,18,18:00,63908.38,63912.0,63900.0,63933.93,63905.55,63918.83,-28,SHORT,63916.84,63881.27,TRUE
07/16/2026,07/24/2026 17:26:23,18,18:15,63856.94,63882.97,63862.88,63882.44,63852.59,63892.5,+36,LONG,63881.27,63767.43,FALSE
07/16/2026,07/24/2026 17:26:23,18,18:30,63749.64,63771.8,63760.28,63800.02,63743.93,63769.76,-56,SHORT,63767.43,63784.33,FALSE
07/16/2026,07/24/2026 17:26:23,18,18:45,63700.92,63736.19,63722.63,63771.81,63764.81,63796.48,+96,LONG,63784.33,63770.6,FALSE
07/16/2026,07/24/2026 17:26:23,19,19:00,63772.59,63792.65,63785.05,63787.89,63769.87,63791.98,-23,SHORT,63770.6,63736.98,TRUE
07/16/2026,07/24/2026 17:26:23,19,19:15,63756.05,63776.35,63722.18,63764.89,63723.25,63736.99,-54,SHORT,63736.98,63747.35,FALSE
07/16/2026,07/24/2026 17:26:23,19,19:30,63708.65,63733.93,63713.57,63739.33,63733.52,63749.12,+40,LONG,63747.35,63732.0,FALSE
07/16/2026,07/24/2026 17:26:23,19,19:45,63620.3,63705.69,63676.36,63708.4,63684.24,63738.11,+118,LONG,63732.0,63836.44,TRUE
07/16/2026,07/24/2026 17:26:23,20,20:00,63732.82,63769.98,63769.38,63832.81,63815.11,63836.45,+104,LONG,63836.44,63933.79,TRUE
07/16/2026,07/24/2026 17:26:23,20,20:15,63921.93,63950.45,63921.93,63955.28,63930.63,63947.67,+33,LONG,63933.79,63919.97,FALSE
07/16/2026,07/24/2026 17:26:23,20,20:30,63843.98,63883.0,63879.71,63916.56,63880.23,63919.98,+76,LONG,63919.97,63669.43,FALSE
07/16/2026,07/24/2026 17:26:23,20,20:45,63728.38,63770.0,63711.26,63770.0,63669.43,63712.93,-101,SHORT,63669.43,63489.0,TRUE
07/16/2026,07/24/2026 17:26:23,21,21:00,63472.0,63510.58,63488.25,63529.95,63468.07,63499.52,-62,SHORT,63489.0,63559.43,FALSE
07/16/2026,07/24/2026 17:26:23,21,21:15,63470.75,63518.0,63510.68,63547.99,63546.61,63570.0,+99,LONG,63559.43,63479.13,FALSE
07/16/2026,07/24/2026 17:26:23,21,21:30,63467.41,63525.78,63496.58,63551.4,63479.13,63552.48,+85,LONG,63479.13,63400.76,FALSE
07/16/2026,07/24/2026 17:26:23,21,21:45,63372.78,63432.0,63354.84,63414.05,63391.3,63409.95,-77,SHORT,63400.76,63430.08,FALSE
07/16/2026,07/24/2026 17:26:23,22,22:00,63398.73,63436.0,63427.29,63439.99,63417.69,63443.99,+45,LONG,63430.08,63564.03,TRUE
07/16/2026,07/24/2026 17:26:23,22,22:15,63545.0,63555.74,63545.0,63576.06,63556.0,63574.38,+31,LONG,63564.03,63626.21,TRUE
07/16/2026,07/24/2026 17:26:23,22,22:30,63630.03,63646.98,63605.02,63663.38,63612.4,63636.0,-51,SHORT,63626.21,63566.92,TRUE
07/16/2026,07/24/2026 17:26:23,22,22:45,63546.44,63578.29,63559.15,63578.29,63546.3,63579.31,+33,LONG,63566.92,63508.14,FALSE
07/16/2026,07/24/2026 17:26:23,23,23:00,63513.27,63530.38,63513.27,63524.71,63508.14,63516.57,-22,SHORT,63508.14,63442.97,TRUE
07/16/2026,07/24/2026 17:26:23,23,23:15,63463.98,63474.71,63438.21,63489.43,63434.2,63446.97,-55,SHORT,63442.97,63326.75,TRUE
07/16/2026,07/24/2026 17:26:23,23,23:30,63292.26,63332.0,63296.43,63333.59,63308.95,63326.75,+41,LONG,63326.75,63413.21,TRUE
07/16/2026,07/24/2026 17:26:23,23,23:45,63352.47,63380.0,63371.49,63432.0,63413.2,63431.99,+80,LONG,63413.21,63423.17,TRUE
07/17/2026,07/24/2026 17:26:23,0,00:00,63421.53,63441.97,63409.02,63429.87,63423.17,63429.87,-33,SHORT,63423.17,63370.91,TRUE
07/17/2026,07/24/2026 17:26:23,0,00:15,63338.14,63357.97,63338.14,63358.0,63357.99,63387.38,+49,LONG,63370.91,63149.27,FALSE
07/17/2026,07/24/2026 17:26:23,0,00:30,63241.67,63258.9,63230.85,63268.76,63135.01,63237.43,-134,SHORT,63149.27,62917.06,TRUE
07/17/2026,07/24/2026 17:26:23,0,00:45,62927.37,62971.27,62921.35,62943.78,62905.01,62958.55,-66,SHORT,62917.06,62782.59,TRUE
07/17/2026,07/24/2026 17:26:23,1,01:00,62759.59,62784.57,62744.16,62816.87,62767.77,62782.6,+57,LONG,62782.59,62766.84,FALSE
07/17/2026,07/24/2026 17:26:23,1,01:15,62733.91,62779.35,62707.95,62748.99,62737.65,62766.84,-71,SHORT,62766.84,62872.95,FALSE
07/17/2026,07/24/2026 17:26:23,1,01:30,62811.89,62846.07,62833.56,62862.75,62860.81,62888.69,+77,LONG,62872.95,62825.1,FALSE
07/17/2026,07/24/2026 17:26:23,1,01:45,62829.39,62857.76,62808.62,62835.77,62814.56,62830.63,-49,SHORT,62825.1,62890.91,FALSE
07/17/2026,07/24/2026 17:26:23,2,02:00,62845.38,62858.58,62858.29,62887.37,62875.48,62896.1,+51,LONG,62890.91,62842.97,FALSE
07/17/2026,07/24/2026 17:26:23,2,02:15,62817.59,62847.13,62839.68,62849.84,62839.68,62849.82,+32,LONG,62842.97,62875.62,TRUE
07/17/2026,07/24/2026 17:26:23,2,02:30,62847.04,62875.3,62861.83,62870.65,62861.83,62883.26,+36,LONG,62875.62,62873.95,FALSE
07/17/2026,07/24/2026 17:26:23,2,02:45,62850.72,62873.11,62869.11,62924.84,62872.81,62920.64,+74,LONG,62873.95,62770.8,FALSE
07/17/2026,07/24/2026 17:26:23,3,03:00,62836.34,62876.47,62780.15,62836.34,62760.99,62788.0,-115,SHORT,62770.8,62828.63,FALSE
07/17/2026,07/24/2026 17:26:23,3,03:15,62795.52,62812.05,62790.96,62828.04,62810.88,62829.89,+39,LONG,62828.63,62732.97,FALSE
07/17/2026,07/24/2026 17:26:23,3,03:30,62747.67,62791.83,62755.51,62771.25,62732.97,62760.96,-59,SHORT,62732.97,62728.3,TRUE
07/17/2026,07/24/2026 17:26:23,3,03:45,62649.72,62669.34,62663.03,62708.55,62703.84,62728.31,+79,LONG,62728.3,62826.02,TRUE
07/17/2026,07/24/2026 17:26:23,4,04:00,62839.67,62862.27,62843.36,62876.48,62825.8,62843.37,-51,SHORT,62826.02,62898.0,FALSE
07/17/2026,07/24/2026 17:26:23,4,04:15,62824.02,62839.57,62836.0,62870.55,62871.26,62909.97,+86,LONG,62898.0,62886.23,FALSE
07/17/2026,07/24/2026 17:26:23,4,04:30,62896.14,62900.49,62883.93,62902.08,62883.92,62891.87,-18,SHORT,62886.23,63000.0,FALSE
07/17/2026,07/24/2026 17:26:23,4,04:45,62956.51,62995.4,62981.47,62995.4,62989.23,63000.0,+43,LONG,63000.0,62927.94,FALSE
07/17/2026,07/24/2026 17:26:23,5,05:00,62927.99,62935.36,62924.32,62946.5,62916.96,62927.95,-30,SHORT,62927.94,63034.8,FALSE
07/17/2026,07/24/2026 17:26:23,5,05:15,62950.08,62984.55,62978.89,63016.31,63016.31,63037.79,+88,LONG,63034.8,63033.73,FALSE
07/17/2026,07/24/2026 17:26:23,5,05:30,63027.36,63045.75,63035.78,63065.75,63029.78,63049.23,+38,LONG,63033.73,63120.4,TRUE
07/17/2026,07/24/2026 17:26:23,5,05:45,63090.98,63108.32,63102.65,63111.26,63111.25,63130.4,+39,LONG,63120.4,63119.72,FALSE
07/17/2026,07/24/2026 17:26:23,6,06:00,63115.68,63130.4,63113.34,63115.69,63108.72,63120.0,-22,SHORT,63119.72,63025.88,TRUE
07/17/2026,07/24/2026 17:26:23,6,06:15,63041.02,63053.72,63025.88,63052.99,63025.88,63043.15,-28,SHORT,63025.88,63071.5,FALSE
07/17/2026,07/24/2026 17:26:23,6,06:30,63056.8,63071.52,63059.31,63062.53,63060.9,63071.51,+15,LONG,63071.5,63239.06,TRUE
07/17/2026,07/24/2026 17:26:23,6,06:45,63204.51,63224.4,63204.0,63230.0,63219.97,63239.07,+35,LONG,63239.06,63237.74,FALSE
07/17/2026,07/24/2026 17:26:23,7,07:00,63268.0,63281.29,63264.0,63273.93,63229.77,63273.93,-52,SHORT,63237.74,63192.95,TRUE
07/17/2026,07/24/2026 17:26:23,7,07:15,63200.43,63213.72,63171.34,63204.01,63171.34,63192.96,-42,SHORT,63192.95,63137.75,TRUE
07/17/2026,07/24/2026 17:26:23,7,07:30,63108.33,63132.01,63115.96,63127.81,63127.8,63137.76,+29,LONG,63137.75,63053.12,FALSE
07/17/2026,07/24/2026 17:26:23,7,07:45,63017.38,63071.52,63017.37,63051.53,63042.07,63089.34,+72,LONG,63053.12,63037.98,FALSE
07/17/2026,07/24/2026 17:26:23,8,08:00,63071.52,63088.27,63045.76,63074.65,63018.73,63056.8,-70,SHORT,63037.98,62754.01,TRUE
07/17/2026,07/24/2026 17:26:23,8,08:15,62707.26,62740.71,62728.93,62775.32,62746.51,62774.78,+68,LONG,62754.01,62790.96,TRUE
07/17/2026,07/24/2026 17:26:23,8,08:30,62743.0,62817.6,62769.6,62807.47,62771.6,62800.54,+64,LONG,62790.96,62492.52,FALSE
07/17/2026,07/24/2026 17:26:23,8,08:45,62524.59,62640.0,62452.52,62554.99,62457.98,62525.0,-187,SHORT,62492.52,63092.11,FALSE
07/17/2026,07/24/2026 17:26:23,9,09:00,62799.93,63000.0,62977.65,63082.6,63037.36,63120.06,+320,LONG,63092.11,63335.18,TRUE
07/17/2026,07/24/2026 17:26:23,9,09:15,63337.88,63391.67,63336.48,63376.34,63293.85,63351.21,-98,SHORT,63335.18,63192.47,TRUE
07/17/2026,07/24/2026 17:26:23,9,09:30,63201.99,63273.91,63183.68,63267.21,63133.02,63201.86,-141,SHORT,63192.47,63216.63,FALSE
07/17/2026,07/24/2026 17:26:23,9,09:45,63203.99,63244.0,63201.99,63236.25,63200.32,63238.18,-44,SHORT,63216.63,63112.0,TRUE
07/17/2026,07/24/2026 17:26:23,10,10:00,63142.48,63186.17,63130.11,63188.39,63112.0,63166.0,-76,SHORT,63112.0,62862.82,TRUE
07/17/2026,07/24/2026 17:26:23,10,10:15,62880.16,62942.71,62788.45,62907.99,62801.68,62866.46,-154,SHORT,62862.82,63207.98,FALSE
07/17/2026,07/24/2026 17:26:23,10,10:30,63105.8,63171.07,63142.0,63178.68,63155.76,63216.23,+110,LONG,63207.98,63154.82,FALSE
07/17/2026,07/24/2026 17:26:23,10,10:45,63090.76,63146.4,63127.28,63148.98,63121.99,63159.7,+69,LONG,63154.82,63403.18,TRUE
07/17/2026,07/24/2026 17:26:23,11,11:00,63319.42,63349.73,63307.05,63346.38,63321.07,63406.13,+99,LONG,63403.18,63413.99,TRUE
07/17/2026,07/24/2026 17:26:23,11,11:15,63421.12,63455.35,63426.13,63457.92,63413.99,63458.0,-44,SHORT,63413.99,63423.16,FALSE
07/17/2026,07/24/2026 17:26:23,11,11:30,63355.07,63435.74,63418.0,63437.34,63419.81,63426.96,+82,LONG,63423.16,63487.35,TRUE
07/17/2026,07/24/2026 17:26:23,11,11:45,63402.52,63435.47,63430.09,63498.4,63428.75,63487.36,+96,LONG,63487.35,63550.1,TRUE
07/17/2026,07/24/2026 17:26:23,12,12:00,63533.14,63577.99,63537.65,63553.61,63546.08,63561.68,-40,SHORT,63550.1,63919.63,FALSE
07/17/2026,07/24/2026 17:26:23,12,12:15,63956.64,64094.55,63944.53,64000.53,63908.05,63995.19,-186,SHORT,63919.63,63982.52,FALSE
07/17/2026,07/24/2026 17:26:23,12,12:30,63966.16,64096.37,63998.88,64042.01,63977.49,64043.03,-119,SHORT,63982.52,63993.85,FALSE
07/17/2026,07/24/2026 17:26:23,12,12:45,64000.0,64039.35,63977.18,64013.75,63980.48,64008.84,-62,SHORT,63993.85,64010.87,FALSE
07/17/2026,07/24/2026 17:26:23,13,13:00,63981.63,64027.48,64002.57,64054.17,64004.95,64053.22,+73,LONG,64010.87,64057.92,TRUE
07/17/2026,07/24/2026 17:26:23,13,13:15,63991.53,64018.21,64001.59,64047.18,64044.07,64097.99,+106,LONG,64057.92,63925.65,FALSE
07/17/2026,07/24/2026 17:26:23,13,13:30,63850.0,63912.21,63851.19,63898.02,63895.4,63938.45,+88,LONG,63925.65,64108.88,TRUE
07/17/2026,07/24/2026 17:26:23,13,13:45,64015.58,64096.17,64017.71,64070.28,64059.27,64118.56,+103,LONG,64108.88,64225.35,TRUE
07/17/2026,07/24/2026 17:26:23,14,14:00,64170.42,64216.83,64195.0,64225.82,64219.68,64234.39,+64,LONG,64225.35,64042.89,FALSE
07/17/2026,07/24/2026 17:26:23,14,14:15,64016.23,64029.22,64017.99,64052.38,64031.03,64071.06,+55,LONG,64042.89,64057.38,TRUE
07/17/2026,07/24/2026 17:26:23,14,14:30,63995.37,64020.97,64012.98,64033.72,64030.84,64060.18,+65,LONG,64057.38,64147.78,TRUE
07/17/2026,07/24/2026 17:26:23,14,14:45,64121.49,64142.26,64128.43,64141.55,64131.51,64157.15,+36,LONG,64147.78,64113.2,FALSE
07/17/2026,07/24/2026 17:26:23,15,15:00,64108.03,64146.8,64107.59,64126.58,64095.8,64142.58,-51,SHORT,64113.2,63963.27,TRUE
07/17/2026,07/24/2026 17:26:23,15,15:15,63981.82,63989.18,63981.82,63983.42,63963.0,63981.83,-26,SHORT,63963.27,63993.94,FALSE
07/17/2026,07/24/2026 17:26:23,15,15:30,64006.24,64019.98,64015.01,64022.16,63993.32,64034.23,-29,SHORT,63993.94,64070.0,FALSE
07/17/2026,07/24/2026 17:26:23,15,15:45,63925.12,63980.47,63975.85,64002.55,64002.56,64070.0,+145,LONG,64070.0,64077.45,TRUE
07/17/2026,07/24/2026 17:26:23,16,16:00,64092.57,64150.83,64087.2,64117.4,64076.16,64092.85,-75,SHORT,64077.45,64124.0,FALSE
07/17/2026,07/24/2026 17:26:23,16,16:15,64118.01,64119.6,64118.76,64152.02,64124.0,64141.44,+34,LONG,64124.0,64103.12,FALSE
07/17/2026,07/24/2026 17:26:23,16,16:30,64146.01,64164.24,64164.21,64186.05,64100.44,64164.46,-86,SHORT,64103.12,64059.99,TRUE
07/17/2026,07/24/2026 17:26:23,16,16:45,64043.24,64060.0,64034.51,64055.78,64035.68,64060.0,+25,LONG,64059.99,64067.59,TRUE
07/17/2026,07/24/2026 17:26:23,17,17:00,64064.56,64068.48,64032.01,64065.75,64036.0,64071.5,+39,LONG,64067.59,64035.99,FALSE
07/17/2026,07/24/2026 17:26:23,17,17:15,64022.33,64047.98,64038.27,64046.32,64035.98,64046.3,+24,LONG,64035.99,63925.3,FALSE
07/17/2026,07/24/2026 17:26:23,17,17:30,63933.33,63944.03,63922.0,63940.88,63922.95,63930.56,-22,SHORT,63925.3,63905.99,TRUE
07/17/2026,07/24/2026 17:26:23,17,17:45,63906.88,63916.0,63901.94,63915.59,63904.86,63906.0,-14,SHORT,63905.99,63937.99,FALSE
07/17/2026,07/24/2026 17:26:23,18,18:00,63941.62,63942.0,63923.63,63942.0,63923.64,63938.0,-18,SHORT,63937.99,63857.91,TRUE
07/17/2026,07/24/2026 17:26:23,18,18:15,63840.64,63855.35,63844.32,63859.03,63856.82,63866.79,+26,LONG,63857.91,63921.18,TRUE
07/17/2026,07/24/2026 17:26:23,18,18:30,63903.32,63906.0,63902.65,63915.99,63904.92,63922.15,+20,LONG,63921.18,63924.46,TRUE
07/17/2026,07/24/2026 17:26:23,18,18:45,63919.0,63925.29,63920.36,63928.96,63923.0,63947.35,+28,LONG,63924.46,63894.0,FALSE
07/17/2026,07/24/2026 17:26:23,19,19:00,63888.48,63911.59,63883.05,63895.82,63885.94,63894.0,-29,SHORT,63894.0,63917.29,FALSE
07/17/2026,07/24/2026 17:26:23,19,19:15,63864.5,63867.0,63862.6,63875.99,63875.98,63937.41,+75,LONG,63917.29,63950.74,TRUE
07/17/2026,07/24/2026 17:26:23,19,19:30,63955.34,63962.08,63948.0,63955.35,63950.74,63951.88,-14,SHORT,63950.74,63889.72,TRUE
07/17/2026,07/24/2026 17:26:23,19,19:45,63877.44,63888.48,63878.81,63880.1,63864.77,63892.6,-24,SHORT,63889.72,63867.91,TRUE
07/17/2026,07/24/2026 17:26:23,20,20:00,63854.0,63860.25,63854.32,63860.26,63855.39,63870.34,+16,LONG,63867.91,63876.37,TRUE
07/17/2026,07/24/2026 17:26:23,20,20:15,63860.31,63873.11,63871.82,63875.66,63875.65,63876.38,+16,LONG,63876.37,63952.52,TRUE
07/17/2026,07/24/2026 17:26:23,20,20:30,63938.4,63950.07,63950.06,63959.74,63950.37,63959.74,+21,LONG,63952.52,63912.33,FALSE
07/17/2026,07/24/2026 17:26:23,20,20:45,63895.84,63898.45,63898.45,63903.88,63900.0,63912.41,+17,LONG,63912.33,63916.0,TRUE
07/17/2026,07/24/2026 17:26:23,21,21:00,63927.45,63927.46,63927.45,63933.0,63908.68,63932.94,-24,SHORT,63916.0,63923.62,FALSE
07/17/2026,07/24/2026 17:26:23,21,21:15,63915.52,63928.95,63910.85,63917.91,63910.85,63923.63,-18,SHORT,63923.62,63952.39,FALSE
07/17/2026,07/24/2026 17:26:23,21,21:30,63949.99,63952.0,63951.83,63951.84,63951.83,63953.44,+3,LONG,63952.39,63920.34,FALSE
07/17/2026,07/24/2026 17:26:23,21,21:45,63915.76,63915.99,63915.76,63928.78,63918.08,63926.0,+13,LONG,63920.34,63912.28,FALSE
07/17/2026,07/24/2026 17:26:23,22,22:00,63910.45,63910.46,63908.27,63910.46,63906.89,63915.15,+7,LONG,63912.28,63956.66,TRUE
07/17/2026,07/24/2026 17:26:23,22,22:15,63901.5,63906.89,63902.55,63913.28,63913.27,63956.66,+55,LONG,63956.66,63911.75,FALSE
07/17/2026,07/24/2026 17:26:23,22,22:30,63904.0,63914.24,63903.2,63908.15,63908.14,63911.77,-11,SHORT,63911.75,63912.48,FALSE
07/17/2026,07/24/2026 17:26:23,22,22:45,63913.82,63920.07,63895.99,63914.0,63894.4,63923.18,+27,LONG,63912.48,63970.77,TRUE
07/17/2026,07/24/2026 17:26:23,23,23:00,63952.0,63964.79,63962.08,63972.79,63970.01,63977.57,+26,LONG,63970.77,63950.3,FALSE
07/17/2026,07/24/2026 17:26:23,23,23:15,63950.03,63953.75,63950.3,63952.01,63943.68,63950.31,-10,SHORT,63950.3,63940.27,TRUE
07/17/2026,07/24/2026 17:26:23,23,23:30,63915.62,63919.08,63919.05,63937.38,63935.17,63940.28,+25,LONG,63940.27,63902.37,FALSE
07/17/2026,07/24/2026 17:26:23,23,23:45,63908.41,63916.96,63903.2,63914.0,63895.99,63903.21,-21,SHORT,63902.37,63925.87,FALSE
07/18/2026,07/24/2026 17:26:23,0,00:00,63912.89,63919.71,63912.42,63917.05,63915.01,63932.83,+20,LONG,63925.87,63883.71,FALSE
07/18/2026,07/24/2026 17:26:23,0,00:15,63888.0,63889.07,63883.71,63889.07,63883.71,63883.72,-5,SHORT,63883.71,63924.77,FALSE
07/18/2026,07/24/2026 17:26:23,0,00:30,63919.91,63931.83,63919.91,63919.92,63919.91,63924.78,-12,SHORT,63924.77,63928.0,FALSE
07/18/2026,07/24/2026 17:26:23,0,00:45,63911.59,63911.6,63911.59,63913.2,63913.19,63932.8,+21,LONG,63928.0,63924.0,FALSE
07/18/2026,07/24/2026 17:26:23,1,01:00,63902.03,63910.55,63908.0,63908.01,63908.0,63928.05,+26,LONG,63924.0,63916.29,FALSE
07/18/2026,07/24/2026 17:26:23,1,01:15,63918.05,63924.21,63912.8,63926.0,63911.77,63921.97,-14,SHORT,63916.29,63941.0,FALSE
07/18/2026,07/24/2026 17:26:23,1,01:30,63938.23,63940.01,63938.23,63943.45,63940.03,63942.84,+5,LONG,63941.0,63930.0,FALSE
07/18/2026,07/24/2026 17:26:23,1,01:45,63923.97,63932.0,63925.3,63927.94,63927.92,63932.71,+9,LONG,63930.0,63935.43,TRUE
07/18/2026,07/24/2026 17:26:23,2,02:00,63938.64,63940.9,63935.04,63939.86,63935.43,63935.44,-6,SHORT,63935.43,63951.34,FALSE
07/18/2026,07/24/2026 17:26:23,2,02:15,63959.94,63968.85,63955.6,63968.85,63947.36,63955.61,-21,SHORT,63951.34,63985.64,FALSE
07/18/2026,07/24/2026 17:26:23,2,02:30,63965.76,63967.27,63965.76,63967.27,63967.26,63985.64,+20,LONG,63985.64,63982.1,FALSE
07/18/2026,07/24/2026 17:26:23,2,02:45,63960.05,63962.09,63958.78,63971.1,63964.57,63987.48,+29,LONG,63982.1,63950.92,FALSE
07/18/2026,07/24/2026 17:26:23,3,03:00,63965.76,63970.57,63970.57,63970.62,63950.39,63970.62,-20,SHORT,63950.92,63939.29,TRUE
07/18/2026,07/24/2026 17:26:23,3,03:15,63924.96,63924.97,63924.96,63924.97,63919.25,63942.74,+18,LONG,63939.29,63967.09,TRUE
07/18/2026,07/24/2026 17:26:23,3,03:30,63940.0,63946.03,63941.3,63962.16,63957.01,63975.53,+36,LONG,63967.09,63938.4,FALSE
07/18/2026,07/24/2026 17:26:23,3,03:45,63938.4,63940.0,63938.37,63938.41,63938.4,63938.41,-2,SHORT,63938.4,63960.01,FALSE
07/18/2026,07/24/2026 17:26:23,4,04:00,63951.01,63951.02,63943.89,63951.02,63943.89,63971.61,+28,LONG,63960.01,63930.11,FALSE
07/18/2026,07/24/2026 17:26:23,4,04:15,63926.73,63932.81,63926.73,63926.74,63926.05,63930.12,-7,SHORT,63930.11,63899.75,TRUE
07/18/2026,07/24/2026 17:26:23,4,04:30,63906.01,63917.93,63906.02,63914.23,63895.64,63920.79,-22,SHORT,63899.75,63928.91,FALSE
07/18/2026,07/24/2026 17:26:23,4,04:45,63926.56,63928.92,63926.56,63926.56,63926.56,63928.91,-2,SHORT,63928.91,63940.9,FALSE
07/18/2026,07/24/2026 17:26:23,5,05:00,63943.7,63943.71,63943.7,63943.71,63940.9,63943.71,-3,SHORT,63940.9,63951.03,FALSE
07/18/2026,07/24/2026 17:26:23,5,05:15,63940.21,63945.57,63940.21,63940.22,63940.21,63951.04,+11,LONG,63951.03,63960.65,TRUE
07/18/2026,07/24/2026 17:26:23,5,05:30,63954.71,63954.72,63954.71,63954.72,63954.71,63972.3,+18,LONG,63960.65,63954.26,FALSE
07/18/2026,07/24/2026 17:26:23,5,05:45,63950.42,63950.43,63950.42,63950.43,63950.42,63954.27,+4,LONG,63954.26,63961.48,TRUE
07/18/2026,07/24/2026 17:26:23,6,06:00,63961.48,63961.49,63961.48,63961.49,63961.48,63961.49,+0,LONG,63961.48,63967.99,TRUE
07/18/2026,07/24/2026 17:26:23,6,06:15,63967.01,63967.02,63967.01,63968.0,63967.99,63968.0,+1,LONG,63967.99,63974.11,TRUE
07/18/2026,07/24/2026 17:26:23,6,06:30,63978.72,63978.73,63978.0,63978.73,63971.2,63978.01,-8,SHORT,63974.11,63976.82,FALSE
07/18/2026,07/24/2026 17:26:23,6,06:45,63976.82,63976.83,63976.82,63977.48,63976.82,63976.83,+1,LONG,63976.82,64016.19,TRUE
07/18/2026,07/24/2026 17:26:23,7,07:00,63977.65,63977.66,63977.65,64044.96,64014.18,64017.63,+67,LONG,64016.19,64088.04,TRUE
07/18/2026,07/24/2026 17:26:23,7,07:15,64081.89,64096.36,64090.74,64096.36,64088.03,64090.76,+14,LONG,64088.04,64046.72,FALSE
07/18/2026,07/24/2026 17:26:23,7,07:30,64049.98,64056.13,64056.12,64068.79,64046.72,64068.8,-22,SHORT,64046.72,64138.3,FALSE
07/18/2026,07/24/2026 17:26:23,7,07:45,64131.5,64142.4,64131.49,64140.31,64138.3,64140.85,-11,SHORT,64138.3,64164.48,FALSE
07/18/2026,07/24/2026 17:26:23,8,08:00,64157.61,64187.53,64178.0,64184.01,64164.48,64180.49,+26,LONG,64164.48,63966.78,FALSE
07/18/2026,07/24/2026 17:26:23,8,08:15,63980.48,64036.14,63952.17,63991.51,63966.72,63994.01,-84,SHORT,63966.78,64010.09,FALSE
07/18/2026,07/24/2026 17:26:23,8,08:30,63975.39,63977.87,63977.86,64013.55,64006.23,64010.1,+38,LONG,64010.09,64011.57,TRUE
07/18/2026,07/24/2026 17:26:23,8,08:45,64028.31,64031.75,63995.2,64031.74,64001.24,64011.58,-37,SHORT,64011.57,64065.07,FALSE
07/18/2026,07/24/2026 17:26:23,9,09:00,64048.51,64057.44,64050.39,64057.45,64057.44,64065.12,+17,LONG,64065.07,64117.33,TRUE
07/18/2026,07/24/2026 17:26:23,9,09:15,64117.2,64124.0,64117.2,64121.5,64117.32,64126.0,+9,LONG,64117.33,64130.23,TRUE
07/18/2026,07/24/2026 17:26:23,9,09:30,64105.6,64117.67,64105.6,64129.2,64128.02,64131.35,+26,LONG,64130.23,64140.61,TRUE
07/18/2026,07/24/2026 17:26:23,9,09:45,64116.64,64134.46,64114.0,64124.33,64117.98,64140.61,+27,LONG,64140.61,64085.47,FALSE
07/18/2026,07/24/2026 17:26:23,10,10:00,64073.25,64083.92,64068.8,64085.48,64085.47,64085.48,+17,LONG,64085.47,64053.42,FALSE
07/18/2026,07/24/2026 17:26:23,10,10:15,64043.04,64053.43,64053.42,64053.43,64053.42,64053.43,+10,LONG,64053.42,64029.08,FALSE
07/18/2026,07/24/2026 17:26:23,10,10:30,64032.38,64043.04,64040.28,64043.04,64029.08,64040.29,-14,SHORT,64029.08,63997.13,TRUE
07/18/2026,07/24/2026 17:26:23,10,10:45,64024.58,64024.59,64016.58,64024.59,63995.71,64020.02,-29,SHORT,63997.13,64076.88,FALSE
07/18/2026,07/24/2026 17:26:23,11,11:00,64081.59,64083.19,64070.95,64083.19,64068.8,64076.89,-14,SHORT,64076.88,64100.01,FALSE
07/18/2026,07/24/2026 17:26:23,11,11:15,64076.99,64100.0,64099.25,64108.87,64099.25,64100.02,+32,LONG,64100.01,64106.55,TRUE
07/18/2026,07/24/2026 17:26:23,11,11:30,64086.34,64090.88,64083.97,64094.56,64084.99,64109.6,+26,LONG,64106.55,64097.63,FALSE
07/18/2026,07/24/2026 17:26:23,11,11:45,64088.89,64101.27,64094.19,64101.27,64094.19,64097.63,+12,LONG,64097.63,64259.02,TRUE
07/18/2026,07/24/2026 17:26:23,12,12:00,64227.04,64241.77,64229.57,64239.56,64235.78,64261.37,+34,LONG,64259.02,64277.31,TRUE
07/18/2026,07/24/2026 17:26:23,12,12:15,64252.8,64263.83,64253.75,64257.27,64257.26,64278.12,+25,LONG,64277.31,64257.74,FALSE
07/18/2026,07/24/2026 17:26:23,12,12:30,64244.0,64245.2,64245.18,64248.07,64236.78,64261.0,+17,LONG,64257.74,64397.26,TRUE
07/18/2026,07/24/2026 17:26:23,12,12:45,64369.65,64386.01,64369.66,64381.67,64381.64,64408.69,+39,LONG,64397.26,64443.32,TRUE
07/18/2026,07/24/2026 17:26:23,13,13:00,64422.07,64444.16,64441.6,64450.0,64438.76,64448.71,+28,LONG,64443.32,64439.99,FALSE
07/18/2026,07/24/2026 17:26:23,13,13:15,64436.79,64445.99,64436.79,64445.12,64436.79,64440.0,-9,SHORT,64439.99,64528.8,FALSE
07/18/2026,07/24/2026 17:26:23,13,13:30,64495.31,64535.96,64492.0,64516.15,64511.8,64539.83,+48,LONG,64528.8,64445.56,FALSE
07/18/2026,07/24/2026 17:26:23,13,13:45,64445.56,64451.67,64440.48,64448.9,64439.12,64445.57,-13,SHORT,64445.56,64468.24,FALSE
07/18/2026,07/24/2026 17:26:23,14,14:00,64444.8,64466.08,64464.3,64492.0,64467.91,64484.01,+47,LONG,64468.24,64504.64,TRUE
07/18/2026,07/24/2026 17:26:23,14,14:15,64481.8,64481.81,64479.78,64495.5,64482.26,64504.84,+25,LONG,64504.64,64445.58,FALSE
07/18/2026,07/24/2026 17:26:23,14,14:30,64438.74,64485.24,64443.2,64448.22,64442.85,64446.92,-42,SHORT,64445.58,64477.29,FALSE
07/18/2026,07/24/2026 17:26:23,14,14:45,64482.24,64493.06,64493.06,64495.68,64477.29,64498.24,-18,SHORT,64477.29,64512.19,FALSE
07/18/2026,07/24/2026 17:26:23,15,15:00,64519.49,64521.44,64521.43,64532.48,64504.16,64532.44,-28,SHORT,64512.19,64576.01,FALSE
07/18/2026,07/24/2026 17:26:23,15,15:15,64579.39,64600.0,64580.32,64598.17,64572.96,64587.26,-27,SHORT,64576.01,64602.41,FALSE
07/18/2026,07/24/2026 17:26:23,15,15:30,64598.7,64608.95,64598.7,64611.21,64602.4,64620.79,+22,LONG,64602.41,64574.31,FALSE
07/18/2026,07/24/2026 17:26:23,15,15:45,64572.95,64576.63,64565.6,64576.64,64565.6,64574.31,-11,SHORT,64574.31,64654.58,FALSE
07/18/2026,07/24/2026 17:26:23,16,16:00,64654.66,64679.32,64650.24,64675.99,64652.64,64658.01,-29,SHORT,64654.58,64716.47,FALSE
07/18/2026,07/24/2026 17:26:23,16,16:15,64640.44,64646.55,64637.37,64690.7,64686.58,64716.47,+79,LONG,64716.47,64679.97,FALSE
07/18/2026,07/24/2026 17:26:23,16,16:30,64698.07,64701.76,64687.04,64701.75,64675.74,64688.75,-26,SHORT,64679.97,64609.75,TRUE
07/18/2026,07/24/2026 17:26:23,16,16:45,64645.32,64676.0,64641.71,64654.49,64595.05,64647.02,-81,SHORT,64609.75,64692.01,FALSE
07/18/2026,07/24/2026 17:26:23,17,17:00,64712.8,64734.87,64711.81,64722.13,64692.01,64712.32,-43,SHORT,64692.01,64758.99,FALSE
07/18/2026,07/24/2026 17:26:23,17,17:15,64801.12,64819.51,64768.0,64815.09,64758.98,64768.01,-61,SHORT,64758.99,64691.01,TRUE
07/18/2026,07/24/2026 17:26:23,17,17:30,64695.62,64700.34,64691.01,64704.12,64691.01,64691.02,-13,SHORT,64691.01,64731.2,FALSE
07/18/2026,07/24/2026 17:26:23,17,17:45,64733.16,64741.9,64716.48,64736.08,64722.0,64740.16,-25,SHORT,64731.2,64764.33,FALSE
07/18/2026,07/24/2026 17:26:23,18,18:00,64778.11,64790.0,64771.68,64787.32,64764.32,64771.69,-26,SHORT,64764.33,64698.07,TRUE
07/18/2026,07/24/2026 17:26:23,18,18:15,64676.0,64689.6,64676.0,64693.57,64688.39,64698.07,+22,LONG,64698.07,64787.86,TRUE
07/18/2026,07/24/2026 17:26:23,18,18:30,64771.03,64790.33,64775.37,64800.0,64787.86,64800.0,+29,LONG,64787.86,64782.02,FALSE
07/18/2026,07/24/2026 17:26:23,18,18:45,64768.0,64782.0,64774.18,64791.86,64782.01,64797.43,+29,LONG,64782.02,64796.36,TRUE
07/18/2026,07/24/2026 17:26:23,19,19:00,64787.78,64807.22,64797.44,64800.37,64787.78,64799.1,-19,SHORT,64796.36,64804.81,FALSE
07/18/2026,07/24/2026 17:26:23,19,19:15,64808.19,64813.9,64812.66,64819.2,64804.8,64813.32,-14,SHORT,64804.81,64749.61,TRUE
07/18/2026,07/24/2026 17:26:23,19,19:30,64775.36,64837.25,64746.8,64775.37,64749.6,64764.32,-90,SHORT,64749.61,64734.71,TRUE
07/18/2026,07/24/2026 17:26:23,19,19:45,64734.0,64738.53,64734.0,64736.93,64734.0,64734.71,-5,SHORT,64734.71,64745.87,FALSE
07/18/2026,07/24/2026 17:26:23,20,20:00,64734.17,64737.98,64732.06,64736.1,64732.81,64745.87,+14,LONG,64745.87,64735.98,FALSE
07/18/2026,07/24/2026 17:26:23,20,20:15,64730.03,64734.71,64732.02,64734.71,64727.23,64736.27,-7,SHORT,64735.98,64730.01,TRUE
07/18/2026,07/24/2026 17:26:23,20,20:30,64732.88,64734.22,64732.88,64734.33,64730.0,64737.86,+5,LONG,64730.01,64727.74,FALSE
07/18/2026,07/24/2026 17:26:23,20,20:45,64724.51,64726.18,64726.17,64727.75,64727.74,64727.75,+3,LONG,64727.74,64725.0,FALSE
07/18/2026,07/24/2026 17:26:23,21,21:00,64730.47,64731.77,64731.76,64733.22,64725.0,64736.08,-8,SHORT,64725.0,64848.96,FALSE
07/18/2026,07/24/2026 17:26:23,21,21:15,64826.88,64845.28,64845.27,64874.35,64848.96,64872.03,+47,LONG,64848.96,64779.51,FALSE
07/18/2026,07/24/2026 17:26:23,21,21:30,64779.51,64789.11,64784.04,64789.11,64779.51,64786.81,+10,LONG,64779.51,64798.81,TRUE
07/18/2026,07/24/2026 17:26:23,21,21:45,64790.0,64806.84,64792.58,64804.0,64796.01,64804.0,-14,SHORT,64798.81,64784.09,TRUE
07/18/2026,07/24/2026 17:26:23,22,22:00,64784.0,64793.77,64784.0,64785.41,64784.09,64785.37,-10,SHORT,64784.09,64690.15,TRUE
07/18/2026,07/24/2026 17:26:23,22,22:15,64687.04,64691.64,64687.04,64695.01,64690.15,64695.01,+8,LONG,64690.15,64624.12,FALSE
07/18/2026,07/24/2026 17:26:23,22,22:30,64620.8,64631.84,64620.8,64631.08,64624.0,64627.2,-11,SHORT,64624.12,64624.2,FALSE
07/18/2026,07/24/2026 17:26:23,22,22:45,64641.31,64641.32,64613.44,64647.09,64606.98,64624.74,-40,SHORT,64624.2,64670.12,FALSE
07/18/2026,07/24/2026 17:26:23,23,23:00,64654.42,64656.33,64654.99,64655.55,64655.54,64670.13,+16,LONG,64670.12,64601.69,FALSE
07/18/2026,07/24/2026 17:26:23,23,23:15,64569.29,64588.01,64571.97,64588.8,64588.78,64617.11,+48,LONG,64601.69,64671.51,TRUE
07/18/2026,07/24/2026 17:26:23,23,23:30,64646.98,64663.88,64659.02,64677.05,64670.0,64681.79,+35,LONG,64671.51,64721.2,TRUE
07/18/2026,07/24/2026 17:26:23,23,23:45,64721.57,64721.58,64721.57,64721.58,64721.2,64721.59,-0,SHORT,64721.2,64681.47,TRUE
07/19/2026,07/24/2026 17:26:23,0,00:00,64668.02,64681.48,64681.47,64681.48,64681.47,64681.48,+13,LONG,64681.47,64750.69,TRUE
07/19/2026,07/24/2026 17:26:23,0,00:15,64723.48,64723.49,64723.48,64730.76,64730.75,64756.0,+33,LONG,64750.69,64673.66,FALSE
07/19/2026,07/24/2026 17:26:23,0,00:30,64701.79,64715.09,64695.57,64705.36,64667.86,64699.49,-47,SHORT,64673.66,64653.63,TRUE
07/19/2026,07/24/2026 17:26:23,0,00:45,64661.27,64661.28,64661.27,64661.28,64653.62,64661.27,-8,SHORT,64653.63,64682.21,FALSE
07/19/2026,07/24/2026 17:26:23,1,01:00,64684.3,64696.97,64688.07,64696.98,64679.68,64688.07,-17,SHORT,64682.21,64683.35,FALSE
07/19/2026,07/24/2026 17:26:23,1,01:15,64668.63,64668.64,64668.63,64683.36,64683.35,64685.76,+17,LONG,64683.35,64687.8,TRUE
07/19/2026,07/24/2026 17:26:23,1,01:30,64679.68,64707.34,64678.01,64699.58,64680.26,64687.8,-29,SHORT,64687.8,64688.79,FALSE
07/19/2026,07/24/2026 17:26:23,1,01:45,64688.79,64688.92,64688.79,64693.98,64672.32,64688.8,-22,SHORT,64688.79,64668.09,TRUE
07/19/2026,07/24/2026 17:26:23,2,02:00,64670.07,64670.08,64670.07,64676.54,64668.0,64670.07,-9,SHORT,64668.09,64653.71,TRUE
07/19/2026,07/24/2026 17:26:23,2,02:15,64653.91,64654.99,64645.01,64653.92,64649.83,64653.72,-10,SHORT,64653.71,64679.67,FALSE
07/19/2026,07/24/2026 17:26:23,2,02:30,64675.48,64676.0,64675.99,64679.68,64679.67,64679.68,+4,LONG,64679.67,64724.97,TRUE
07/19/2026,07/24/2026 17:26:23,2,02:45,64720.4,64732.25,64722.15,64724.98,64724.97,64724.98,-10,SHORT,64724.97,64678.0,TRUE
07/19/2026,07/24/2026 17:26:23,3,03:00,64649.98,64657.98,64629.07,64653.14,64633.45,64678.47,+49,LONG,64678.0,64667.39,FALSE
07/19/2026,07/24/2026 17:26:23,3,03:15,64642.49,64663.5,64663.49,64681.72,64646.57,64684.29,+42,LONG,64667.39,64617.57,FALSE
07/19/2026,07/24/2026 17:26:23,3,03:30,64630.15,64638.76,64625.3,64630.16,64617.57,64630.16,-21,SHORT,64617.57,64609.76,TRUE
07/19/2026,07/24/2026 17:26:23,3,03:45,64617.84,64619.99,64619.99,64620.0,64609.76,64620.0,-10,SHORT,64609.76,64668.63,FALSE
07/19/2026,07/24/2026 17:26:23,4,04:00,64645.39,64649.47,64649.85,64668.64,64665.1,64668.63,+23,LONG,64668.63,64608.08,FALSE
07/19/2026,07/24/2026 17:26:23,4,04:15,64617.62,64617.95,64606.09,64617.63,64608.08,64608.09,-12,SHORT,64608.08,64539.67,TRUE
07/19/2026,07/24/2026 17:26:23,4,04:30,64535.8,64535.81,64535.8,64535.81,64535.8,64539.68,+4,LONG,64539.67,64475.02,FALSE
07/19/2026,07/24/2026 17:26:23,4,04:45,64477.28,64484.56,64476.79,64480.02,64475.02,64476.8,-10,SHORT,64475.02,64470.32,TRUE
07/19/2026,07/24/2026 17:26:23,5,05:00,64469.91,64473.59,64473.59,64480.14,64470.32,64485.8,+16,LONG,64470.32,64526.31,TRUE
07/19/2026,07/24/2026 17:26:23,5,05:15,64521.43,64538.73,64530.97,64549.4,64525.0,64538.05,+28,LONG,64526.31,64580.19,TRUE
07/19/2026,07/24/2026 17:26:23,5,05:30,64554.01,64569.27,64569.26,64572.96,64572.95,64582.49,+28,LONG,64580.19,64624.0,TRUE
07/19/2026,07/24/2026 17:26:23,5,05:45,64595.04,64617.11,64617.01,64625.83,64620.79,64631.92,+37,LONG,64624.0,64553.67,FALSE
07/19/2026,07/24/2026 17:26:23,6,06:00,64539.84,64546.91,64532.48,64539.84,64528.0,64559.55,+27,LONG,64553.67,64547.19,FALSE
07/19/2026,07/24/2026 17:26:23,6,06:15,64548.0,64569.28,64537.61,64548.01,64532.48,64547.19,-37,SHORT,64547.19,64504.0,TRUE
07/19/2026,07/24/2026 17:26:23,6,06:30,64496.99,64506.71,64489.97,64497.0,64488.71,64510.4,+20,LONG,64504.0,64491.99,FALSE
07/19/2026,07/24/2026 17:26:23,6,06:45,64473.59,64481.54,64474.64,64474.89,64473.61,64492.0,+18,LONG,64491.99,64426.7,FALSE
07/19/2026,07/24/2026 17:26:23,7,07:00,64399.77,64431.31,64419.04,64430.79,64423.55,64428.38,+31,LONG,64426.7,64302.17,FALSE
07/19/2026,07/24/2026 17:26:23,7,07:15,64313.6,64328.01,64308.0,64317.4,64302.17,64317.4,-26,SHORT,64302.17,64267.51,TRUE
07/19/2026,07/24/2026 17:26:23,7,07:30,64289.99,64298.0,64250.43,64299.44,64238.08,64267.52,-61,SHORT,64267.51,64369.08,FALSE
07/19/2026,07/24/2026 17:26:23,7,07:45,64322.72,64344.81,64324.0,64363.2,64350.06,64377.44,+55,LONG,64369.08,64399.29,TRUE
07/19/2026,07/24/2026 17:26:23,8,08:00,64403.22,64410.59,64389.6,64403.22,64389.63,64399.3,-21,SHORT,64399.29,64312.48,TRUE
07/19/2026,07/24/2026 17:26:23,8,08:15,64297.88,64311.68,64311.67,64311.68,64311.67,64312.49,+15,LONG,64312.48,64363.2,TRUE
07/19/2026,07/24/2026 17:26:23,8,08:30,64339.53,64368.74,64360.77,64368.17,64363.2,64376.06,+37,LONG,64363.2,64373.31,TRUE
07/19/2026,07/24/2026 17:26:23,8,08:45,64363.2,64366.49,64366.48,64390.51,64370.56,64373.32,+27,LONG,64373.31,64432.3,TRUE
07/19/2026,07/24/2026 17:26:23,9,09:00,64436.94,64449.64,64436.94,64443.6,64429.44,64445.25,-20,SHORT,64432.3,64492.0,FALSE
07/19/2026,07/24/2026 17:26:23,9,09:15,64469.9,64484.64,64479.31,64491.73,64491.72,64503.71,+34,LONG,64492.0,64412.72,FALSE
07/19/2026,07/24/2026 17:26:23,9,09:30,64379.99,64393.43,64393.42,64433.11,64412.72,64432.98,+53,LONG,64412.72,64481.71,TRUE
07/19/2026,07/24/2026 17:26:23,9,09:45,64437.24,64439.82,64438.53,64462.94,64461.62,64482.53,+45,LONG,64481.71,64547.2,TRUE
07/19/2026,07/24/2026 17:26:23,10,10:00,64526.88,64548.53,64521.81,64546.55,64542.03,64560.77,+39,LONG,64547.2,64531.69,FALSE
07/19/2026,07/24/2026 17:26:23,10,10:15,64516.49,64516.5,64516.49,64532.48,64531.69,64535.38,+19,LONG,64531.69,64466.07,FALSE
07/19/2026,07/24/2026 17:26:23,10,10:30,64475.43,64498.03,64458.88,64478.71,64465.17,64470.05,-39,SHORT,64466.07,64518.65,FALSE
07/19/2026,07/24/2026 17:26:23,10,10:45,64520.94,64537.27,64521.06,64531.48,64518.55,64534.41,-19,SHORT,64518.65,64544.15,FALSE
07/19/2026,07/24/2026 17:26:23,11,11:00,64509.38,64522.34,64510.4,64526.32,64526.31,64545.0,+36,LONG,64544.15,64500.09,FALSE
07/19/2026,07/24/2026 17:26:23,11,11:15,64490.98,64501.51,64496.24,64510.4,64500.09,64510.4,+19,LONG,64500.09,64565.6,TRUE
07/19/2026,07/24/2026 17:26:23,11,11:30,64547.2,64547.21,64540.95,64547.21,64542.25,64569.49,+29,LONG,64565.6,64558.86,FALSE
07/19/2026,07/24/2026 17:26:23,11,11:45,64523.69,64536.16,64528.5,64565.3,64540.5,64561.04,+42,LONG,64558.86,64495.08,FALSE
07/19/2026,07/24/2026 17:26:23,12,12:00,64477.28,64493.85,64488.69,64493.84,64491.0,64500.0,+23,LONG,64495.08,64649.0,TRUE
07/19/2026,07/24/2026 17:26:23,12,12:15,64609.76,64639.73,64612.47,64629.99,64614.34,64649.0,+39,LONG,64649.0,64606.22,FALSE
07/19/2026,07/24/2026 17:26:23,12,12:30,64602.4,64616.21,64602.4,64611.0,64602.4,64607.25,-14,SHORT,64606.22,64573.69,TRUE
07/19/2026,07/24/2026 17:26:23,12,12:45,64560.53,64587.99,64571.8,64587.99,64572.39,64581.98,+27,LONG,64573.69,64502.4,FALSE
07/19/2026,07/24/2026 17:26:23,13,13:00,64507.18,64516.86,64494.41,64507.18,64502.4,64505.87,-22,SHORT,64502.4,64425.17,TRUE
07/19/2026,07/24/2026 17:26:23,13,13:15,64409.69,64434.87,64414.72,64460.0,64425.17,64457.0,+50,LONG,64425.17,64350.45,FALSE
07/19/2026,07/24/2026 17:26:23,13,13:30,64354.69,64414.73,64358.01,64396.0,64350.0,64395.99,-65,SHORT,64350.45,64380.97,FALSE
07/19/2026,07/24/2026 17:26:23,13,13:45,64398.12,64403.29,64377.92,64403.29,64377.92,64380.98,-25,SHORT,64380.97,64374.23,TRUE
07/19/2026,07/24/2026 17:26:23,14,14:00,64321.43,64338.86,64338.85,64359.6,64359.59,64374.24,+53,LONG,64374.23,64403.67,TRUE
07/19/2026,07/24/2026 17:26:23,14,14:15,64378.67,64414.99,64390.34,64393.24,64393.23,64403.67,+25,LONG,64403.67,64390.03,FALSE
07/19/2026,07/24/2026 17:26:23,14,14:30,64380.03,64386.49,64387.95,64398.94,64390.03,64395.08,+19,LONG,64390.03,64366.89,FALSE
07/19/2026,07/24/2026 17:26:23,14,14:45,64381.97,64381.98,64381.97,64381.98,64366.03,64381.98,-16,SHORT,64366.89,64410.0,FALSE
07/19/2026,07/24/2026 17:26:23,15,15:00,64366.88,64399.5,64379.05,64400.14,64395.09,64419.54,+53,LONG,64410.0,64458.87,TRUE
07/19/2026,07/24/2026 17:26:23,15,15:15,64463.99,64468.28,64466.01,64473.37,64447.05,64468.36,-26,SHORT,64458.87,64442.04,TRUE
07/19/2026,07/24/2026 17:26:23,15,15:30,64440.99,64453.08,64440.06,64441.35,64440.06,64442.05,-13,SHORT,64442.04,64455.15,FALSE
07/19/2026,07/24/2026 17:26:23,15,15:45,64438.63,64450.63,64450.62,64452.69,64452.32,64455.16,+17,LONG,64455.15,64488.31,TRUE
07/19/2026,07/24/2026 17:26:23,16,16:00,64430.34,64464.67,64453.53,64469.92,64468.07,64488.32,+58,LONG,64488.31,64492.0,TRUE
07/19/2026,07/24/2026 17:26:23,16,16:15,64451.52,64455.17,64454.72,64501.88,64492.0,64519.79,+68,LONG,64492.0,64427.99,FALSE
07/19/2026,07/24/2026 17:26:23,16,16:30,64409.58,64423.73,64420.51,64425.91,64425.9,64428.0,+18,LONG,64427.99,64307.67,FALSE
07/19/2026,07/24/2026 17:26:23,16,16:45,64311.36,64336.49,64300.0,64333.76,64300.0,64332.51,-36,SHORT,64307.67,64372.61,FALSE
07/19/2026,07/24/2026 17:26:23,17,17:00,64313.98,64350.87,64330.08,64350.86,64334.93,64372.98,+59,LONG,64372.61,64619.99,TRUE
07/19/2026,07/24/2026 17:26:23,17,17:15,64474.95,64572.96,64549.52,64603.88,64573.97,64640.99,+166,LONG,64619.99,64712.81,TRUE
07/19/2026,07/24/2026 17:26:23,17,17:30,64715.64,64764.06,64716.0,64756.96,64712.0,64751.41,-52,SHORT,64712.81,64764.32,FALSE
07/19/2026,07/24/2026 17:26:23,17,17:45,64684.13,64731.2,64681.31,64735.76,64735.75,64777.64,+96,LONG,64764.32,64629.21,FALSE
07/19/2026,07/24/2026 17:26:23,18,18:00,64641.85,64664.95,64636.0,64652.0,64617.85,64636.01,-47,SHORT,64629.21,64658.67,FALSE
07/19/2026,07/24/2026 17:26:23,18,18:15,64650.24,64674.29,64647.45,64673.98,64630.51,64658.67,-44,SHORT,64658.67,64632.8,TRUE
07/19/2026,07/24/2026 17:26:23,18,18:30,64602.4,64632.99,64613.88,64628.16,64613.88,64633.01,+31,LONG,64632.8,64706.08,TRUE
07/19/2026,07/24/2026 17:26:23,18,18:45,64613.44,64656.6,64657.59,64688.0,64674.21,64708.48,+95,LONG,64706.08,64681.78,FALSE
07/19/2026,07/24/2026 17:26:23,19,19:00,64655.16,64687.23,64679.68,64701.75,64679.68,64690.25,+47,LONG,64681.78,64961.17,TRUE
07/19/2026,07/24/2026 17:26:23,19,19:15,64856.32,64945.47,64883.32,64990.79,64961.17,64990.79,+134,LONG,64961.17,64825.78,FALSE
07/19/2026,07/24/2026 17:26:23,19,19:30,64800.0,64845.91,64845.9,64877.74,64825.77,64856.32,+78,LONG,64825.78,64759.47,FALSE
07/19/2026,07/24/2026 17:26:23,19,19:45,64826.88,64876.0,64782.72,64834.24,64759.46,64801.89,-117,SHORT,64759.47,64503.04,TRUE
07/19/2026,07/24/2026 17:26:23,20,20:00,64514.54,64537.34,64492.0,64534.57,64501.88,64523.83,-45,SHORT,64503.04,64757.06,FALSE
07/19/2026,07/24/2026 17:26:23,20,20:15,64782.72,64815.87,64754.1,64797.44,64754.0,64787.01,-62,SHORT,64757.06,64802.22,FALSE
07/19/2026,07/24/2026 17:26:23,20,20:30,64861.83,64902.36,64824.08,64872.99,64796.33,64834.23,-106,SHORT,64802.22,64724.05,TRUE
07/19/2026,07/24/2026 17:26:23,20,20:45,64738.56,64821.52,64657.6,64738.56,64657.6,64727.51,-164,SHORT,64724.05,64576.64,TRUE
07/19/2026,07/24/2026 17:26:23,21,21:00,64487.51,64537.51,64538.57,64569.01,64559.93,64601.22,+114,LONG,64576.64,64775.37,TRUE
07/19/2026,07/24/2026 17:26:23,21,21:15,64812.17,64858.32,64816.51,64841.61,64775.36,64817.25,-83,SHORT,64775.37,64618.24,TRUE
07/19/2026,07/24/2026 17:26:23,21,21:30,64595.04,64625.66,64626.89,64657.59,64618.23,64664.0,+69,LONG,64618.24,64782.25,TRUE
07/19/2026,07/24/2026 17:26:23,21,21:45,64758.41,64834.0,64804.83,64845.1,64782.25,64834.0,+87,LONG,64782.25,64775.79,FALSE
07/19/2026,07/24/2026 17:26:23,22,22:00,64782.25,64831.86,64775.79,64785.48,64775.79,64782.0,-56,SHORT,64775.79,64790.09,FALSE
07/19/2026,07/24/2026 17:26:23,22,22:15,64731.2,64759.85,64759.85,64804.0,64780.0,64806.75,+76,LONG,64790.09,64630.01,FALSE
07/19/2026,07/24/2026 17:26:23,22,22:30,64592.0,64624.49,64613.43,64642.99,64626.01,64653.92,+62,LONG,64630.01,64853.98,TRUE
07/19/2026,07/24/2026 17:26:23,22,22:45,64773.0,64832.56,64810.97,64856.31,64839.11,64854.51,+83,LONG,64853.98,64814.39,FALSE
07/19/2026,07/24/2026 17:26:23,23,23:00,64731.2,64754.0,64731.2,64766.0,64763.98,64821.14,+90,LONG,64814.39,64656.68,FALSE
07/19/2026,07/24/2026 17:26:23,23,23:15,64687.04,64733.63,64659.2,64687.04,64653.92,64679.67,-80,SHORT,64656.68,64715.87,FALSE
07/19/2026,07/24/2026 17:26:23,23,23:30,64690.18,64727.96,64702.06,64733.36,64702.15,64715.88,+43,LONG,64715.87,64683.36,FALSE
07/19/2026,07/24/2026 17:26:23,23,23:45,64670.67,64712.81,64668.64,64717.29,64673.51,64698.07,+47,LONG,64683.36,64494.19,FALSE
07/20/2026,07/24/2026 17:26:23,0,00:00,64517.41,64535.98,64512.0,64519.99,64485.87,64514.32,-50,SHORT,64494.19,64197.33,TRUE
07/20/2026,07/24/2026 17:26:23,0,00:15,64089.0,64281.31,64025.31,64193.91,64161.24,64202.91,-256,SHORT,64197.33,64135.03,TRUE
07/20/2026,07/24/2026 17:26:23,0,00:30,64149.76,64176.0,64129.68,64157.45,64120.0,64145.63,-56,SHORT,64135.03,64153.45,FALSE
07/20/2026,07/24/2026 17:26:23,0,00:45,64122.02,64171.21,64150.0,64202.79,64153.45,64182.89,+81,LONG,64153.45,64076.18,FALSE
07/20/2026,07/24/2026 17:26:23,1,01:00,64074.0,64116.0,64094.56,64119.63,64061.45,64098.01,-58,SHORT,64076.18,64137.09,FALSE
07/20/2026,07/24/2026 17:26:23,1,01:15,64082.64,64124.26,64120.68,64137.09,64127.49,64137.09,+54,LONG,64137.09,64072.48,FALSE
07/20/2026,07/24/2026 17:26:23,1,01:30,64068.81,64087.17,64073.51,64088.72,64072.48,64094.56,+26,LONG,64072.48,63765.94,FALSE
07/20/2026,07/24/2026 17:26:23,1,01:45,63769.6,63851.5,63733.92,63785.45,63702.01,63795.14,-149,SHORT,63765.94,63860.34,FALSE
07/20/2026,07/24/2026 17:26:23,2,02:00,63836.97,63875.55,63821.31,63845.19,63822.64,63860.36,-54,SHORT,63860.34,63906.89,FALSE
07/20/2026,07/24/2026 17:26:23,2,02:15,63885.0,63900.99,63900.98,63921.77,63906.89,63925.28,+40,LONG,63906.89,64070.43,TRUE
07/20/2026,07/24/2026 17:26:23,2,02:30,64027.4,64084.5,64054.08,64069.83,64061.43,64077.62,+50,LONG,64070.43,64153.43,TRUE
07/20/2026,07/24/2026 17:26:23,2,02:45,64064.55,64094.1,64079.84,64122.92,64114.08,64153.55,+89,LONG,64153.43,64214.24,TRUE
07/20/2026,07/24/2026 17:26:23,3,03:00,64180.01,64201.28,64186.01,64208.64,64182.89,64234.5,+54,LONG,64214.24,64238.38,TRUE
07/20/2026,07/24/2026 17:26:23,3,03:15,64175.52,64207.57,64196.47,64241.57,64234.53,64238.39,+66,LONG,64238.38,64179.66,FALSE
07/20/2026,07/24/2026 17:26:23,3,03:30,64169.05,64185.48,64176.15,64178.62,64171.84,64195.0,+26,LONG,64179.66,63861.92,FALSE
07/20/2026,07/24/2026 17:26:23,3,03:45,63910.56,63944.38,63903.2,63929.12,63859.04,63910.97,-85,SHORT,63861.92,63997.35,FALSE
07/20/2026,07/24/2026 17:26:23,4,04:00,63945.43,63984.16,63954.71,63969.44,63968.7,63997.36,+52,LONG,63997.35,64042.65,TRUE
07/20/2026,07/24/2026 17:26:23,4,04:15,64007.73,64037.65,64031.44,64050.39,64028.32,64042.65,+43,LONG,64042.65,64137.41,TRUE
07/20/2026,07/24/2026 17:26:23,4,04:30,64127.69,64137.42,64127.68,64133.52,64133.51,64137.42,+10,LONG,64137.41,64182.24,TRUE
07/20/2026,07/24/2026 17:26:23,4,04:45,64173.01,64193.21,64175.52,64188.85,64175.54,64182.31,-18,SHORT,64182.24,64138.72,TRUE
07/20/2026,07/24/2026 17:26:23,5,05:00,64146.08,64162.55,64146.08,64164.48,64135.04,64157.98,-29,SHORT,64138.72,64219.67,FALSE
07/20/2026,07/24/2026 17:26:23,5,05:15,64190.23,64210.29,64189.49,64220.99,64210.95,64224.84,+35,LONG,64219.67,64291.51,TRUE
07/20/2026,07/24/2026 17:26:23,5,05:30,64272.01,64305.3,64274.89,64296.96,64291.51,64300.0,-30,SHORT,64291.51,64266.13,TRUE
07/20/2026,07/24/2026 17:26:23,5,05:45,64226.88,64242.76,64211.66,64273.51,64224.8,64285.15,+73,LONG,64266.13,64239.45,FALSE
07/20/2026,07/24/2026 17:26:23,6,06:00,64254.02,64267.63,64229.08,64258.87,64229.08,64242.36,-39,SHORT,64239.45,64325.99,FALSE
07/20/2026,07/24/2026 17:26:23,6,06:15,64352.27,64364.95,64340.0,64372.85,64315.49,64340.01,-57,SHORT,64325.99,64288.49,TRUE
07/20/2026,07/24/2026 17:26:23,6,06:30,64279.14,64294.2,64294.19,64301.55,64288.49,64300.04,+22,LONG,64288.49,64773.94,TRUE
07/20/2026,07/24/2026 17:26:23,6,06:45,64793.36,64848.58,64793.12,64873.59,64770.36,64813.51,-103,SHORT,64773.94,64944.01,FALSE
07/20/2026,07/24/2026 17:26:23,7,07:00,64895.42,65000.0,64971.36,65015.8,64944.01,64992.39,+120,LONG,64944.01,64694.95,FALSE
07/20/2026,07/24/2026 17:26:23,7,07:15,64688.12,64732.1,64666.8,64705.58,64670.23,64694.96,-65,SHORT,64694.95,64641.27,TRUE
07/20/2026,07/24/2026 17:26:23,7,07:30,64617.12,64662.66,64662.64,64690.65,64637.82,64664.19,+74,LONG,64641.27,64550.98,FALSE
07/20/2026,07/24/2026 17:26:23,7,07:45,64601.9,64644.64,64598.74,64604.22,64541.82,64602.5,-103,SHORT,64550.98,64585.99,FALSE
07/20/2026,07/24/2026 17:26:23,8,08:00,64575.01,64583.99,64571.58,64610.98,64567.24,64585.99,-44,SHORT,64585.99,64625.4,FALSE
07/20/2026,07/24/2026 17:26:23,8,08:15,64654.38,64692.51,64641.28,64667.84,64625.4,64644.41,-67,SHORT,64625.4,64495.21,TRUE
07/20/2026,07/24/2026 17:26:23,8,08:30,64470.01,64516.15,64463.94,64508.88,64473.01,64499.99,-52,SHORT,64495.21,64588.99,FALSE
07/20/2026,07/24/2026 17:26:23,8,08:45,64579.86,64628.59,64584.0,64616.16,64580.01,64629.0,+49,LONG,64588.99,64278.4,FALSE
07/20/2026,07/24/2026 17:26:23,9,09:00,64128.6,64256.95,64167.33,64256.93,64194.85,64281.78,+153,LONG,64278.4,64257.19,FALSE
07/20/2026,07/24/2026 17:26:23,9,09:15,64272.04,64336.45,64227.52,64316.55,64231.23,64325.33,-109,SHORT,64257.19,64409.73,FALSE
07/20/2026,07/24/2026 17:26:23,9,09:30,64301.72,64359.93,64316.56,64361.37,64346.26,64413.0,+111,LONG,64409.73,64357.37,FALSE
07/20/2026,07/24/2026 17:26:23,9,09:45,64353.67,64400.0,64326.58,64393.68,64338.82,64388.0,-73,SHORT,64357.37,64354.45,TRUE
07/20/2026,07/24/2026 17:26:23,10,10:00,64274.64,64312.84,64286.59,64331.4,64280.03,64362.0,+87,LONG,64354.45,64916.15,TRUE
07/20/2026,07/24/2026 17:26:23,10,10:15,64781.76,64895.39,64849.51,64939.5,64854.51,64919.39,+158,LONG,64916.15,64900.2,FALSE
07/20/2026,07/24/2026 17:26:23,10,10:30,64859.48,64912.37,64836.22,64863.99,64828.8,64906.77,-84,SHORT,64900.2,65199.98,FALSE
07/20/2026,07/24/2026 17:26:23,10,10:45,64922.1,64993.91,64990.51,65255.0,65140.19,65204.56,+333,LONG,65199.98,65550.0,TRUE
07/20/2026,07/24/2026 17:26:23,11,11:00,65499.1,65564.39,65475.0,65580.1,65490.26,65570.53,+96,LONG,65550.0,65507.44,FALSE
07/20/2026,07/24/2026 17:26:23,11,11:15,65496.02,65564.4,65499.02,65565.15,65487.72,65526.02,-77,SHORT,65507.44,65391.29,TRUE
07/20/2026,07/24/2026 17:26:23,11,11:30,65344.0,65365.71,65321.97,65355.36,65355.35,65404.51,+83,LONG,65391.29,65327.93,FALSE
07/20/2026,07/24/2026 17:26:23,11,11:45,65330.26,65377.62,65351.65,65383.43,65306.01,65383.42,-77,SHORT,65327.93,65454.01,FALSE
07/20/2026,07/24/2026 17:26:23,12,12:00,65311.0,65396.7,65380.01,65429.97,65427.8,65454.02,+143,LONG,65454.01,65444.4,FALSE
07/20/2026,07/24/2026 17:26:23,12,12:15,65430.1,65452.0,65436.86,65500.0,65444.4,65489.59,+70,LONG,65444.4,65452.03,TRUE
07/20/2026,07/24/2026 17:26:23,12,12:30,65414.99,65464.48,65422.15,65449.42,65429.99,65453.35,-42,SHORT,65452.03,65309.6,TRUE
07/20/2026,07/24/2026 17:26:23,12,12:45,65330.0,65358.64,65321.52,65352.95,65282.93,65332.37,-76,SHORT,65309.6,65533.52,FALSE
07/20/2026,07/24/2026 17:26:23,13,13:00,65501.29,65597.08,65533.51,65569.49,65520.49,65540.91,-77,SHORT,65533.52,65697.48,FALSE
07/20/2026,07/24/2026 17:26:23,13,13:15,65548.37,65733.74,65695.5,65756.09,65693.95,65747.07,+208,LONG,65697.48,65544.57,FALSE
07/20/2026,07/24/2026 17:26:23,13,13:30,65535.94,65566.84,65529.73,65546.27,65538.58,65565.27,-37,SHORT,65544.57,65304.78,TRUE
07/20/2026,07/24/2026 17:26:23,13,13:45,65362.78,65405.48,65319.38,65390.64,65293.47,65336.81,-112,SHORT,65304.78,65192.32,TRUE
07/20/2026,07/24/2026 17:26:23,14,14:00,65160.84,65191.98,65146.39,65165.99,65155.02,65215.49,+69,LONG,65192.32,65048.47,FALSE
07/20/2026,07/24/2026 17:26:23,14,14:15,65106.79,65150.78,65084.81,65106.8,65042.27,65116.5,-109,SHORT,65048.47,65103.08,FALSE
07/20/2026,07/24/2026 17:26:23,14,14:30,65018.98,65049.21,65018.98,65046.11,65038.98,65132.76,+114,LONG,65103.08,65063.34,FALSE
07/20/2026,07/24/2026 17:26:23,14,14:45,65044.89,65113.48,65043.56,65068.06,65058.56,65071.68,-70,SHORT,65063.34,65099.39,FALSE
07/20/2026,07/24/2026 17:26:23,15,15:00,65110.0,65124.0,65088.83,65110.01,65067.61,65110.0,-56,SHORT,65099.39,65177.27,FALSE
07/20/2026,07/24/2026 17:26:23,15,15:15,65110.49,65179.9,65169.05,65181.99,65169.06,65181.97,+72,LONG,65177.27,65238.46,TRUE
07/20/2026,07/24/2026 17:26:23,15,15:30,65206.96,65234.28,65223.33,65252.93,65230.0,65247.77,+46,LONG,65238.46,65269.78,TRUE
07/20/2026,07/24/2026 17:26:23,15,15:45,65262.69,65280.91,65236.64,65264.0,65253.87,65269.79,-44,SHORT,65269.78,65327.99,FALSE
07/20/2026,07/24/2026 17:26:23,16,16:00,65310.84,65334.0,65299.2,65318.0,65315.99,65328.0,-35,SHORT,65327.99,65277.45,TRUE
07/20/2026,07/24/2026 17:26:23,16,16:15,65290.14,65300.0,65277.45,65293.49,65277.45,65295.78,-23,SHORT,65277.45,65265.0,TRUE
07/20/2026,07/24/2026 17:26:23,16,16:30,65282.57,65284.86,65258.9,65284.86,65258.12,65266.3,-27,SHORT,65265.0,65308.96,FALSE
07/20/2026,07/24/2026 17:26:23,16,16:45,65323.02,65354.0,65304.53,65330.91,65305.52,65329.39,-49,SHORT,65308.96,65241.69,TRUE
07/20/2026,07/24/2026 17:26:23,17,17:00,65225.51,65253.6,65239.11,65258.21,65240.35,65269.97,+44,LONG,65241.69,65159.4,FALSE
07/20/2026,07/24/2026 17:26:23,17,17:15,65155.02,65173.56,65155.02,65160.6,65153.29,65161.49,-20,SHORT,65159.4,65172.89,FALSE
07/20/2026,07/24/2026 17:26:23,17,17:30,65188.41,65210.67,65177.28,65188.41,65166.15,65177.92,-45,SHORT,65172.89,65091.94,TRUE
07/20/2026,07/24/2026 17:26:23,17,17:45,65056.2,65080.96,65078.97,65080.96,65080.95,65091.94,+36,LONG,65091.94,65106.78,TRUE
07/20/2026,07/24/2026 17:26:23,18,18:00,65088.24,65109.0,65098.01,65103.07,65102.55,65106.78,+19,LONG,65106.78,65116.47,TRUE
07/20/2026,07/24/2026 17:26:23,18,18:15,65111.46,65136.01,65100.28,65124.57,65108.0,65120.81,-36,SHORT,65116.47,65202.44,FALSE
07/20/2026,07/24/2026 17:26:23,18,18:30,65166.15,65180.0,65179.99,65189.59,65186.82,65209.24,+43,LONG,65202.44,65182.48,FALSE
07/20/2026,07/24/2026 17:26:23,18,18:45,65168.3,65197.42,65168.07,65182.48,65182.48,65182.49,-29,SHORT,65182.48,65213.05,FALSE
07/20/2026,07/24/2026 17:26:23,19,19:00,65172.69,65195.83,65190.21,65230.93,65198.83,65221.8,+58,LONG,65213.05,65143.9,FALSE
07/20/2026,07/24/2026 17:26:23,19,19:15,65115.12,65188.4,65176.51,65203.2,65143.89,65194.24,+88,LONG,65143.9,65307.99,TRUE
07/20/2026,07/24/2026 17:26:23,19,19:30,65321.98,65372.38,65326.76,65372.38,65307.99,65327.99,-64,SHORT,65307.99,65446.73,FALSE
07/20/2026,07/24/2026 17:26:23,19,19:45,65446.0,65507.95,65431.46,65500.05,65439.29,65472.49,-76,SHORT,65446.73,65520.95,FALSE
07/20/2026,07/24/2026 17:26:23,20,20:00,65506.51,65539.29,65511.18,65544.57,65520.95,65532.98,+38,LONG,65520.95,65505.09,FALSE
07/20/2026,07/24/2026 17:26:23,20,20:15,65506.15,65532.08,65514.89,65532.07,65503.76,65524.22,-28,SHORT,65505.09,65396.8,TRUE
07/20/2026,07/24/2026 17:26:23,20,20:30,65425.84,65439.6,65428.1,65446.48,65396.02,65436.97,-50,SHORT,65396.8,65296.01,TRUE
07/20/2026,07/24/2026 17:26:23,20,20:45,65303.43,65320.16,65282.18,65311.27,65287.05,65306.98,-38,SHORT,65296.01,65193.52,TRUE
07/20/2026,07/24/2026 17:26:23,21,21:00,65188.41,65201.29,65193.84,65196.47,65189.0,65202.87,+14,LONG,65193.52,65245.02,TRUE
07/20/2026,07/24/2026 17:26:23,21,21:15,65221.04,65251.49,65221.0,65271.59,65210.67,65277.44,-61,SHORT,65245.02,65217.0,TRUE
07/20/2026,07/24/2026 17:26:23,21,21:30,65199.54,65225.51,65202.98,65220.0,65215.43,65223.72,+24,LONG,65217.0,65305.36,TRUE
07/20/2026,07/24/2026 17:26:23,21,21:45,65250.96,65280.53,65266.32,65316.38,65294.0,65311.14,+65,LONG,65305.36,65366.95,TRUE
07/20/2026,07/24/2026 17:26:23,22,22:00,65388.75,65433.28,65363.53,65388.76,65363.53,65380.66,-70,SHORT,65366.95,65442.48,FALSE
07/20/2026,07/24/2026 17:26:23,22,22:15,65399.87,65445.79,65427.06,65458.64,65424.0,65458.64,+59,LONG,65442.48,65440.68,FALSE
07/20/2026,07/24/2026 17:26:23,22,22:30,65407.31,65440.69,65422.07,65433.99,65428.01,65440.69,+33,LONG,65440.68,65481.02,TRUE
07/20/2026,07/24/2026 17:26:23,22,22:45,65475.19,65488.79,65445.72,65485.2,65438.26,65509.08,+63,LONG,65481.02,65522.31,TRUE
07/20/2026,07/24/2026 17:26:23,23,23:00,65475.0,65490.29,65482.01,65551.98,65522.31,65538.61,+77,LONG,65522.31,65559.12,TRUE
07/20/2026,07/24/2026 17:26:23,23,23:15,65550.68,65573.04,65547.96,65573.99,65540.9,65564.0,-33,SHORT,65559.12,65468.0,TRUE
07/20/2026,07/24/2026 17:26:23,23,23:30,65480.97,65501.61,65480.0,65486.1,65462.95,65490.65,-39,SHORT,65468.0,65492.15,FALSE
07/20/2026,07/24/2026 17:26:23,23,23:45,65466.66,65506.04,65492.45,65498.99,65490.08,65501.06,+34,LONG,65492.15,65472.49,FALSE
07/21/2026,07/24/2026 17:26:23,0,00:00,65464.5,65488.91,65475.65,65484.99,65470.49,65485.0,+20,LONG,65472.49,65499.14,TRUE
07/21/2026,07/24/2026 17:26:23,0,00:15,65466.53,65480.01,65471.66,65477.79,65465.45,65505.14,+39,LONG,65499.14,65553.01,TRUE
07/21/2026,07/24/2026 17:26:23,0,00:30,65570.68,65606.0,65575.0,65596.51,65553.01,65582.98,-53,SHORT,65553.01,65600.21,FALSE
07/21/2026,07/24/2026 17:26:23,0,00:45,65589.09,65633.61,65586.69,65637.31,65586.69,65600.22,-51,SHORT,65600.21,65704.1,FALSE
07/21/2026,07/24/2026 17:26:23,1,01:00,65668.42,65684.46,65667.0,65692.13,65692.12,65722.64,+56,LONG,65704.1,65682.1,FALSE
07/21/2026,07/24/2026 17:26:23,1,01:15,65652.15,65696.68,65674.51,65696.68,65670.71,65685.06,+45,LONG,65682.1,65778.28,TRUE
07/21/2026,07/24/2026 17:26:23,1,01:30,65748.62,65772.02,65752.33,65781.65,65772.0,65807.14,+59,LONG,65778.28,65920.01,TRUE
07/21/2026,07/24/2026 17:26:23,1,01:45,65893.3,65918.59,65890.24,65905.52,65890.24,65932.67,+42,LONG,65920.01,65874.68,FALSE
07/21/2026,07/24/2026 17:26:23,2,02:00,65858.52,65889.91,65877.18,65885.86,65871.05,65898.82,+40,LONG,65874.68,65883.39,TRUE
07/21/2026,07/24/2026 17:26:23,2,02:15,65837.65,65871.04,65867.34,65878.46,65863.63,65883.4,+46,LONG,65883.39,65917.99,TRUE
07/21/2026,07/24/2026 17:26:23,2,02:30,65863.63,65885.55,65875.94,65911.26,65911.25,65919.28,+56,LONG,65917.99,65992.38,TRUE
07/21/2026,07/24/2026 17:26:23,2,02:45,66000.9,66035.0,65980.0,66101.03,65980.0,65997.18,-121,SHORT,65992.38,66140.36,FALSE
07/21/2026,07/24/2026 17:26:23,3,03:00,66140.36,66199.67,66156.72,66180.54,66140.36,66158.06,-59,SHORT,66140.36,66236.93,FALSE
07/21/2026,07/24/2026 17:26:23,3,03:15,66091.42,66125.17,66115.91,66192.61,66192.62,66246.73,+155,LONG,66236.93,66179.58,FALSE
07/21/2026,07/24/2026 17:26:23,3,03:30,66191.53,66272.97,66185.59,66228.54,66158.34,66198.18,-115,SHORT,66179.58,66265.56,FALSE
07/21/2026,07/24/2026 17:26:23,3,03:45,66233.02,66257.02,66202.49,66268.01,66251.99,66265.57,+63,LONG,66265.56,66186.39,FALSE
07/21/2026,07/24/2026 17:26:23,4,04:00,66171.56,66191.94,66167.85,66182.68,66175.71,66186.4,-24,SHORT,66186.39,66170.75,TRUE
07/21/2026,07/24/2026 17:26:23,4,04:15,66112.2,66145.59,66134.44,66153.98,66153.98,66171.5,+59,LONG,66170.75,66189.99,TRUE
07/21/2026,07/24/2026 17:26:23,4,04:30,66178.99,66201.23,66190.11,66204.94,66189.98,66205.8,+27,LONG,66189.99,66258.09,TRUE
07/21/2026,07/24/2026 17:26:23,4,04:45,66247.05,66271.73,66253.97,66273.78,66256.89,66273.79,+27,LONG,66258.09,66250.78,FALSE
07/21/2026,07/24/2026 17:26:23,5,05:00,66242.98,66294.0,66220.8,66242.98,66223.58,66253.17,-73,SHORT,66250.78,66328.58,FALSE
07/21/2026,07/24/2026 17:26:23,5,05:15,66292.05,66319.97,66290.63,66338.51,66306.97,66342.21,+52,LONG,66328.58,66355.7,TRUE
07/21/2026,07/24/2026 17:26:23,5,05:30,66321.29,66343.6,66339.0,66357.2,66339.0,66358.69,+37,LONG,66355.7,66312.68,FALSE
07/21/2026,07/24/2026 17:26:23,5,05:45,66285.21,66307.08,66292.83,66361.74,66309.1,66381.33,+96,LONG,66312.68,66148.21,FALSE
07/21/2026,07/24/2026 17:26:23,6,06:00,66156.34,66161.27,66152.4,66161.28,66148.21,66173.24,+21,LONG,66148.21,66196.5,TRUE
07/21/2026,07/24/2026 17:26:23,6,06:15,66157.42,66217.77,66173.19,66210.58,66190.46,66234.87,+77,LONG,66196.5,66202.49,TRUE
07/21/2026,07/24/2026 17:26:23,6,06:30,66157.0,66179.74,66171.51,66195.21,66195.21,66202.49,+45,LONG,66202.49,66298.04,TRUE
07/21/2026,07/24/2026 17:26:23,6,06:45,66279.84,66313.25,66280.04,66302.01,66280.04,66298.04,-33,SHORT,66298.04,66309.46,FALSE
07/21/2026,07/24/2026 17:26:23,7,07:00,66278.81,66293.49,66288.0,66297.48,66280.02,66309.47,+31,LONG,66309.46,66361.75,TRUE
07/21/2026,07/24/2026 17:26:23,7,07:15,66361.74,66408.0,66348.12,66380.7,66357.22,66372.94,-60,SHORT,66361.75,66416.01,FALSE
07/21/2026,07/24/2026 17:26:23,7,07:30,66380.0,66400.0,66381.72,66396.66,66393.45,66418.29,+38,LONG,66416.01,66476.0,TRUE
07/21/2026,07/24/2026 17:26:23,7,07:45,66543.75,66555.3,66450.0,66543.76,66457.3,66487.82,-105,SHORT,66476.0,66508.85,FALSE
07/21/2026,07/24/2026 17:26:23,8,08:00,66481.99,66539.25,66505.57,66524.17,66505.57,66536.3,+54,LONG,66508.85,66578.87,TRUE
07/21/2026,07/24/2026 17:26:23,8,08:15,66509.74,66547.01,66525.55,66588.75,66566.5,66580.23,+79,LONG,66578.87,66391.96,FALSE
07/21/2026,07/24/2026 17:26:23,8,08:30,66375.4,66391.89,66364.15,66387.98,66375.13,66411.79,+48,LONG,66391.96,66321.08,FALSE
07/21/2026,07/24/2026 17:26:23,8,08:45,66275.3,66317.0,66297.25,66349.99,66281.99,66329.89,+75,LONG,66321.08,66737.99,TRUE
07/21/2026,07/24/2026 17:26:23,9,09:00,66689.35,66756.03,66694.17,66737.12,66702.74,66756.88,+68,LONG,66737.99,66910.06,TRUE
07/21/2026,07/24/2026 17:26:23,9,09:15,66839.99,66915.9,66817.18,66871.35,66866.0,66916.38,+99,LONG,66910.06,66706.31,FALSE
07/21/2026,07/24/2026 17:26:23,9,09:30,66614.43,66637.32,66621.1,66680.24,66627.94,66720.0,+106,LONG,66706.31,66820.0,TRUE
07/21/2026,07/24/2026 17:26:23,9,09:45,66634.76,66693.07,66693.07,66795.11,66786.11,66827.6,+193,LONG,66820.0,66809.72,FALSE
07/21/2026,07/24/2026 17:26:23,10,10:00,66803.07,66873.92,66844.06,66877.92,66804.19,66850.74,+75,LONG,66809.72,66655.11,FALSE
07/21/2026,07/24/2026 17:26:23,10,10:15,66684.8,66724.0,66718.01,66750.85,66649.21,66722.02,-102,SHORT,66655.11,66593.65,TRUE
07/21/2026,07/24/2026 17:26:23,10,10:30,66616.56,66643.84,66630.2,66657.5,66591.77,66651.74,-66,SHORT,66593.65,66592.8,TRUE
07/21/2026,07/24/2026 17:26:23,10,10:45,66610.32,66639.29,66605.06,66654.53,66580.15,66611.72,-74,SHORT,66592.8,66648.4,FALSE
07/21/2026,07/24/2026 17:26:23,11,11:00,66672.21,66693.61,66666.92,66691.93,66648.4,66678.12,-45,SHORT,66648.4,66586.28,TRUE
07/21/2026,07/24/2026 17:26:23,11,11:15,66592.03,66625.06,66597.54,66619.38,66585.91,66614.51,-39,SHORT,66586.28,66506.73,TRUE
07/21/2026,07/24/2026 17:26:23,11,11:30,66508.52,66564.59,66508.52,66550.18,66482.38,66526.02,-82,SHORT,66506.73,66528.27,FALSE
07/21/2026,07/24/2026 17:26:23,11,11:45,66559.86,66603.32,66556.71,66574.13,66520.01,66565.12,-83,SHORT,66528.27,66510.09,TRUE
07/21/2026,07/24/2026 17:26:23,12,12:00,66516.75,66569.58,66534.81,66548.0,66510.09,66541.39,-59,SHORT,66510.09,66424.99,TRUE
07/21/2026,07/24/2026 17:26:23,12,12:15,66441.33,66456.15,66422.8,66456.81,66403.77,66425.0,-53,SHORT,66424.99,66416.78,TRUE
07/21/2026,07/24/2026 17:26:23,12,12:30,66436.85,66463.46,66431.25,66452.06,66413.53,66437.97,-50,SHORT,66416.78,66466.78,FALSE
07/21/2026,07/24/2026 17:26:23,12,12:45,66426.83,66436.82,66436.82,66472.88,66450.94,66466.8,+46,LONG,66466.78,66164.0,FALSE
07/21/2026,07/24/2026 17:26:23,13,13:00,66102.9,66174.61,66102.0,66148.0,66138.34,66173.75,-73,SHORT,66164.0,66248.74,FALSE
07/21/2026,07/24/2026 17:26:23,13,13:15,66251.39,66277.09,66259.1,66270.33,66248.74,66266.8,-28,SHORT,66248.74,66199.37,TRUE
07/21/2026,07/24/2026 17:26:23,13,13:30,66137.05,66183.75,66161.12,66199.92,66195.96,66207.06,+70,LONG,66199.37,66241.0,TRUE
07/21/2026,07/24/2026 17:26:23,13,13:45,66218.41,66246.41,66238.19,66269.89,66234.97,66271.86,+53,LONG,66241.0,66280.0,TRUE
07/21/2026,07/24/2026 17:26:23,14,14:00,66243.68,66269.65,66243.69,66265.24,66259.58,66284.0,+40,LONG,66280.0,66270.13,FALSE
07/21/2026,07/24/2026 17:26:23,14,14:15,66293.64,66326.0,66231.95,66299.83,66228.78,66273.66,-97,SHORT,66270.13,66366.62,FALSE
07/21/2026,07/24/2026 17:26:23,14,14:30,66368.06,66399.0,66360.44,66383.0,66363.03,66380.83,-39,SHORT,66366.62,66432.28,FALSE
07/21/2026,07/24/2026 17:26:23,14,14:45,66433.82,66453.48,66430.17,66452.17,66405.0,66445.43,-48,SHORT,66432.28,66424.0,TRUE
07/21/2026,07/24/2026 17:26:23,15,15:00,66409.27,66429.93,66385.0,66411.51,66383.5,66433.65,+49,LONG,66424.0,66391.67,FALSE
07/21/2026,07/24/2026 17:26:23,15,15:15,66403.36,66407.26,66393.16,66405.32,66391.67,66393.8,-16,SHORT,66391.67,66359.33,TRUE
07/21/2026,07/24/2026 17:26:23,15,15:30,66346.91,66358.91,66336.94,66363.24,66340.6,66359.33,-23,SHORT,66359.33,66425.44,FALSE
07/21/2026,07/24/2026 17:26:23,15,15:45,66416.85,66421.92,66401.6,66419.8,66402.04,66428.75,+27,LONG,66425.44,66370.02,FALSE
07/21/2026,07/24/2026 17:26:23,16,16:00,66372.24,66395.04,66378.76,66393.71,66369.01,66379.05,-26,SHORT,66370.02,66366.0,TRUE
07/21/2026,07/24/2026 17:26:23,16,16:15,66322.2,66324.31,66322.22,66378.54,66360.24,66378.2,+56,LONG,66366.0,66286.14,FALSE
07/21/2026,07/24/2026 17:26:23,16,16:30,66285.47,66296.57,66290.26,66298.6,66280.45,66298.4,-18,SHORT,66286.14,66310.49,FALSE
07/21/2026,07/24/2026 17:26:23,16,16:45,66288.36,66293.03,66285.03,66323.04,66290.31,66326.26,+41,LONG,66310.49,66346.91,TRUE
07/21/2026,07/24/2026 17:26:23,17,17:00,66315.56,66341.16,66318.88,66330.25,66325.99,66346.92,+31,LONG,66346.91,66274.46,FALSE
07/21/2026,07/24/2026 17:26:23,17,17:15,66273.66,66314.17,66265.0,66286.98,66274.45,66306.95,-49,SHORT,66274.46,66240.37,TRUE
07/21/2026,07/24/2026 17:26:23,17,17:30,66238.5,66247.01,66239.6,66257.0,66240.01,66245.76,+18,LONG,66240.37,66276.02,TRUE
07/21/2026,07/24/2026 17:26:23,17,17:45,66278.66,66297.96,66282.0,66295.01,66270.0,66285.56,-28,SHORT,66276.02,66266.01,TRUE
07/21/2026,07/24/2026 17:26:23,18,18:00,66250.0,66256.09,66256.09,66264.93,66258.01,66280.32,+30,LONG,66266.01,66239.62,FALSE
07/21/2026,07/24/2026 17:26:23,18,18:15,66247.01,66255.96,66236.01,66247.03,66227.08,66242.93,-29,SHORT,66239.62,66363.29,FALSE
07/21/2026,07/24/2026 17:26:23,18,18:30,66309.08,66324.06,66324.05,66339.8,66336.02,66371.41,+62,LONG,66363.29,66390.2,TRUE
07/21/2026,07/24/2026 17:26:23,18,18:45,66366.6,66395.99,66380.22,66389.11,66380.22,66390.2,+24,LONG,66390.2,66516.18,TRUE
07/21/2026,07/24/2026 17:26:23,19,19:00,66496.77,66527.76,66488.17,66514.62,66500.97,66536.44,+48,LONG,66516.18,66641.78,TRUE
07/21/2026,07/24/2026 17:26:23,19,19:15,66600.0,66626.63,66596.7,66621.55,66619.62,66645.38,+49,LONG,66641.78,66616.14,FALSE
07/21/2026,07/24/2026 17:26:23,19,19:30,66590.06,66610.39,66580.02,66598.54,66577.83,66618.31,+38,LONG,66616.14,66669.93,TRUE
07/21/2026,07/24/2026 17:26:23,19,19:45,66654.13,66672.37,66669.93,66683.1,66669.67,66696.56,+42,LONG,66669.93,66583.35,FALSE
07/21/2026,07/24/2026 17:26:23,20,20:00,66603.34,66626.99,66613.31,66621.65,66583.35,66632.6,-44,SHORT,66583.35,66443.5,TRUE
07/21/2026,07/24/2026 17:26:23,20,20:15,66476.79,66492.64,66471.61,66486.19,66443.49,66472.15,-49,SHORT,66443.5,66312.0,TRUE
07/21/2026,07/24/2026 17:26:23,20,20:30,66377.68,66409.98,66361.32,66392.09,66310.01,66367.43,-100,SHORT,66312.0,66333.21,FALSE
07/21/2026,07/24/2026 17:26:23,20,20:45,66243.69,66323.61,66255.0,66326.37,66313.61,66333.22,+90,LONG,66333.21,66389.6,TRUE
07/21/2026,07/24/2026 17:26:23,21,21:00,66363.57,66388.21,66344.93,66368.35,66344.93,66389.6,+45,LONG,66389.6,66427.22,TRUE
07/21/2026,07/24/2026 17:26:23,21,21:15,66363.0,66396.08,66396.07,66428.6,66406.86,66428.6,+66,LONG,66427.22,66362.67,FALSE
07/21/2026,07/24/2026 17:26:23,21,21:30,66372.93,66393.42,66388.0,66398.39,66362.67,66388.01,-36,SHORT,66362.67,66325.09,TRUE
07/21/2026,07/24/2026 17:26:23,21,21:45,66324.0,66354.99,66324.0,66325.34,66309.91,66333.98,-45,SHORT,66325.09,66268.01,TRUE
07/21/2026,07/24/2026 17:26:23,22,22:00,66257.01,66280.65,66253.68,66261.38,66253.69,66283.19,+30,LONG,66268.01,66143.78,FALSE
07/21/2026,07/24/2026 17:26:23,22,22:15,66167.1,66192.25,66167.1,66197.02,66133.8,66183.91,-63,SHORT,66143.78,66233.7,FALSE
07/21/2026,07/24/2026 17:26:23,22,22:30,66243.68,66265.58,66259.74,66266.99,66233.7,66274.64,-33,SHORT,66233.7,66233.22,TRUE
07/21/2026,07/24/2026 17:26:23,22,22:45,66193.74,66220.39,66197.04,66214.17,66214.16,66237.73,+44,LONG,66233.22,66160.44,FALSE
07/21/2026,07/24/2026 17:26:23,23,23:00,66178.48,66217.45,66133.8,66210.39,66133.8,66171.28,-84,SHORT,66160.44,66294.73,FALSE
07/21/2026,07/24/2026 17:26:23,23,23:15,66280.32,66292.98,66273.66,66290.27,66290.26,66298.18,+25,LONG,66294.73,66323.11,TRUE
07/21/2026,07/24/2026 17:26:23,23,23:30,66313.64,66320.06,66313.64,66340.26,66320.0,66356.42,+43,LONG,66323.11,66376.88,TRUE
07/21/2026,07/24/2026 17:26:23,23,23:45,66360.24,66380.85,66363.57,66379.96,66366.28,66376.97,+20,LONG,66376.88,66336.01,FALSE
07/22/2026,07/24/2026 17:26:23,0,00:00,66310.34,66334.11,66323.61,66334.11,66330.11,66338.98,+29,LONG,66336.01,66234.1,FALSE
07/22/2026,07/24/2026 17:26:23,0,00:15,66203.73,66247.56,66217.05,66237.07,66218.44,66235.86,+33,LONG,66234.1,66026.99,FALSE
07/22/2026,07/24/2026 17:26:23,0,00:30,66056.0,66083.3,66006.51,66067.21,66015.83,66033.9,-77,SHORT,66026.99,65937.34,TRUE
07/22/2026,07/24/2026 17:26:23,0,00:45,65936.15,65960.0,65928.1,65944.51,65928.11,65960.17,+32,LONG,65937.34,65937.32,FALSE
07/22/2026,07/24/2026 17:26:23,1,01:00,65919.0,65947.32,65937.33,65949.0,65920.68,65940.67,+30,LONG,65937.32,65941.29,TRUE
07/22/2026,07/24/2026 17:26:23,1,01:15,65894.04,65950.49,65914.02,65937.33,65910.0,65947.32,+53,LONG,65941.29,65810.8,FALSE
07/22/2026,07/24/2026 17:26:23,1,01:30,65791.76,65804.13,65793.99,65836.48,65804.13,65820.78,+45,LONG,65810.8,65904.21,TRUE
07/22/2026,07/24/2026 17:26:23,1,01:45,65902.6,65914.02,65900.0,65918.96,65904.21,65961.88,+62,LONG,65904.21,65891.27,FALSE
07/22/2026,07/24/2026 17:26:23,2,02:00,65884.05,65892.78,65874.06,65884.06,65880.91,65891.28,-19,SHORT,65891.27,65859.99,TRUE
07/22/2026,07/24/2026 17:26:23,2,02:15,65847.42,65867.4,65866.6,65887.37,65855.18,65872.01,+40,LONG,65859.99,65859.85,FALSE
07/22/2026,07/24/2026 17:26:23,2,02:30,65816.6,65881.04,65860.58,65881.04,65849.22,65860.75,+64,LONG,65859.85,65740.81,FALSE
07/22/2026,07/24/2026 17:26:23,2,02:45,65718.4,65732.76,65653.46,65729.27,65702.41,65751.0,+98,LONG,65740.81,65797.99,TRUE
07/22/2026,07/24/2026 17:26:23,3,03:00,65807.11,65814.01,65794.56,65807.55,65795.26,65807.55,-19,SHORT,65797.99,65983.95,FALSE
07/22/2026,07/24/2026 17:26:23,3,03:15,65956.05,65989.85,65973.0,66004.49,65978.88,65997.48,+48,LONG,65983.95,65967.48,FALSE
07/22/2026,07/24/2026 17:26:23,3,03:30,65971.21,65983.52,65974.58,65980.39,65961.01,65974.58,-23,SHORT,65967.48,65885.07,TRUE
07/22/2026,07/24/2026 17:26:23,3,03:45,65904.36,65924.2,65910.43,65917.43,65880.32,65910.44,-44,SHORT,65885.07,65940.48,FALSE
07/22/2026,07/24/2026 17:26:23,4,04:00,65916.14,65945.07,65945.07,65948.47,65940.48,65948.47,+32,LONG,65940.48,65958.14,TRUE
07/22/2026,07/24/2026 17:26:23,4,04:15,65982.73,66013.43,65945.41,65982.74,65939.22,65958.15,-74,SHORT,65958.14,65978.88,FALSE
07/22/2026,07/24/2026 17:26:23,4,04:30,65994.24,66007.37,65986.01,65994.25,65978.88,65992.1,-28,SHORT,65978.88,65841.5,TRUE
07/22/2026,07/24/2026 17:26:23,4,04:45,65835.8,65857.1,65825.0,65836.81,65833.94,65842.76,-32,SHORT,65841.5,65884.27,FALSE
07/22/2026,07/24/2026 17:26:23,5,05:00,65878.49,65902.0,65894.4,65908.21,65882.11,65896.7,+30,LONG,65884.27,65877.94,FALSE
07/22/2026,07/24/2026 17:26:23,5,05:15,65862.32,65877.9,65865.0,65877.9,65867.52,65882.81,+20,LONG,65877.94,65917.45,TRUE
07/22/2026,07/24/2026 17:26:23,5,05:30,65919.25,65934.75,65920.0,65935.93,65917.45,65927.78,-18,SHORT,65917.45,65947.58,FALSE
07/22/2026,07/24/2026 17:26:23,5,05:45,65930.25,65957.88,65948.39,65964.93,65942.71,65971.3,+41,LONG,65947.58,66006.69,TRUE
07/22/2026,07/24/2026 17:26:23,6,06:00,65981.5,66009.59,65982.0,65988.92,65988.9,66010.64,+29,LONG,66006.69,65970.02,FALSE
07/22/2026,07/24/2026 17:26:23,6,06:15,65985.0,65999.66,65982.72,65996.32,65970.02,65982.72,-30,SHORT,65970.02,66006.53,FALSE
07/22/2026,07/24/2026 17:26:23,6,06:30,65994.24,66024.44,65994.24,66006.53,66006.52,66006.53,-30,SHORT,66006.53,65867.3,TRUE
07/22/2026,07/24/2026 17:26:23,6,06:45,65882.88,65949.9,65858.57,65889.46,65867.3,65884.2,-91,SHORT,65867.3,65972.5,FALSE
07/22/2026,07/24/2026 17:26:23,7,07:00,65978.88,65989.22,65970.1,65980.7,65964.44,65972.51,-25,SHORT,65972.5,65860.58,TRUE
07/22/2026,07/24/2026 17:26:23,7,07:15,65828.53,65848.93,65833.15,65853.87,65849.72,65860.59,+32,LONG,65860.58,65838.98,FALSE
07/22/2026,07/24/2026 17:26:23,7,07:30,65832.95,65860.93,65840.64,65863.68,65832.96,65840.64,+31,LONG,65838.98,65736.95,FALSE
07/22/2026,07/24/2026 17:26:23,7,07:45,65778.89,65783.45,65752.33,65783.44,65734.45,65756.16,-49,SHORT,65736.95,65586.01,TRUE
07/22/2026,07/24/2026 17:26:23,8,08:00,65498.76,65598.49,65579.52,65619.0,65584.16,65629.79,+131,LONG,65586.01,65601.18,TRUE
07/22/2026,07/24/2026 17:26:23,8,08:15,65604.18,65625.93,65602.86,65626.42,65598.72,65603.02,-28,SHORT,65601.18,65568.86,TRUE
07/22/2026,07/24/2026 17:26:23,8,08:30,65535.29,65558.89,65540.05,65581.24,65568.85,65579.51,+46,LONG,65568.86,65848.31,TRUE
07/22/2026,07/24/2026 17:26:23,8,08:45,65817.68,65861.86,65830.26,65877.09,65833.72,65866.91,+59,LONG,65848.31,65911.11,TRUE
07/22/2026,07/24/2026 17:26:23,9,09:00,65856.0,65894.4,65890.65,65927.98,65889.46,65932.18,+76,LONG,65911.11,65866.67,FALSE
07/22/2026,07/24/2026 17:26:23,9,09:15,65925.64,65973.35,65888.0,65925.64,65862.42,65897.95,-111,SHORT,65866.67,65581.91,TRUE
07/22/2026,07/24/2026 17:26:23,9,09:30,65626.0,65654.49,65557.05,65660.09,65545.99,65594.88,-114,SHORT,65581.91,65629.93,FALSE
07/22/2026,07/24/2026 17:26:23,9,09:45,65638.05,65694.72,65674.43,65691.26,65629.93,65699.31,-65,SHORT,65629.93,65761.0,FALSE
07/22/2026,07/24/2026 17:26:23,10,10:00,65661.55,65688.66,65673.54,65729.28,65729.27,65764.91,+103,LONG,65761.0,65905.93,TRUE
07/22/2026,07/24/2026 17:26:23,10,10:15,65851.01,65891.56,65834.7,65866.99,65838.02,65941.49,+107,LONG,65905.93,66052.93,TRUE
07/22/2026,07/24/2026 17:26:23,10,10:30,66052.91,66105.59,66050.01,66086.4,66036.48,66063.82,-69,SHORT,66052.93,65981.34,TRUE
07/22/2026,07/24/2026 17:26:23,10,10:45,65960.02,65997.82,65938.46,65975.03,65964.96,65994.23,-59,SHORT,65981.34,66013.78,FALSE
07/22/2026,07/24/2026 17:26:23,11,11:00,65971.2,65989.73,65971.2,65994.24,65968.98,66020.04,+49,LONG,66013.78,66095.21,TRUE
07/22/2026,07/24/2026 17:26:23,11,11:15,66040.32,66071.03,66062.67,66086.0,66081.3,66126.0,+86,LONG,66095.21,65995.51,FALSE
07/22/2026,07/24/2026 17:26:23,11,11:30,65893.73,65937.76,65931.91,65981.13,65981.12,66014.6,+121,LONG,65995.51,66260.94,TRUE
07/22/2026,07/24/2026 17:26:23,11,11:45,66240.88,66305.98,66241.11,66294.38,66242.09,66265.59,-65,SHORT,66260.94,66204.83,TRUE
07/22/2026,07/24/2026 17:26:23,12,12:00,66184.7,66209.87,66180.08,66200.81,66193.76,66208.75,-30,SHORT,66204.83,66140.36,TRUE
07/22/2026,07/24/2026 17:26:23,12,12:15,66154.76,66182.82,66158.53,66182.25,66136.33,66157.49,-46,SHORT,66140.36,65959.01,TRUE
07/22/2026,07/24/2026 17:26:23,12,12:30,65910.8,65979.0,65942.89,65980.0,65959.01,65972.92,+69,LONG,65959.01,66146.98,TRUE
07/22/2026,07/24/2026 17:26:23,12,12:45,66115.74,66129.69,66114.27,66152.45,66140.37,66155.05,+41,LONG,66146.98,65993.8,FALSE
07/22/2026,07/24/2026 17:26:23,13,13:00,65967.33,66024.07,65989.88,66021.73,65987.22,66007.37,+54,LONG,65993.8,65955.82,FALSE
07/22/2026,07/24/2026 17:26:23,13,13:15,65933.49,65971.0,65945.68,65967.07,65953.67,65963.04,+34,LONG,65955.82,65856.78,FALSE
07/22/2026,07/24/2026 17:26:23,13,13:30,65852.84,65889.34,65817.24,65887.31,65834.44,65859.17,-72,SHORT,65856.78,65746.59,TRUE
07/22/2026,07/24/2026 17:26:23,13,13:45,65711.0,65744.99,65733.33,65744.98,65735.34,65753.98,+43,LONG,65746.59,65858.3,TRUE
07/22/2026,07/24/2026 17:26:23,14,14:00,65852.37,65879.44,65854.92,65870.0,65856.94,65867.23,-25,SHORT,65858.3,65726.98,TRUE
07/22/2026,07/24/2026 17:26:23,14,14:15,65645.07,65751.73,65656.76,65691.58,65691.57,65726.98,-95,SHORT,65726.98,65868.37,FALSE
07/22/2026,07/24/2026 17:26:23,14,14:30,65867.66,65882.42,65878.4,65899.98,65860.97,65900.0,-39,SHORT,65868.37,65831.88,TRUE
07/22/2026,07/24/2026 17:26:23,14,14:45,65847.1,65878.4,65839.04,65873.33,65827.63,65846.86,-51,SHORT,65831.88,65894.99,FALSE
07/22/2026,07/24/2026 17:26:23,15,15:00,65887.54,65911.99,65893.01,65940.37,65894.5,65938.86,+53,LONG,65894.99,65900.21,TRUE
07/22/2026,07/24/2026 17:26:23,15,15:15,65819.38,65847.14,65838.88,65849.46,65849.45,65904.04,+85,LONG,65900.21,65898.56,FALSE
07/22/2026,07/24/2026 17:26:23,15,15:30,65869.12,65889.98,65874.38,65891.98,65891.09,65914.68,+46,LONG,65898.56,65920.48,TRUE
07/22/2026,07/24/2026 17:26:23,15,15:45,65896.58,65913.12,65903.31,65912.99,65911.53,65920.48,+24,LONG,65920.48,65892.42,FALSE
07/22/2026,07/24/2026 17:26:23,16,16:00,65883.59,65900.68,65874.38,65891.72,65880.71,65892.43,-26,SHORT,65892.42,65901.05,FALSE
07/22/2026,07/24/2026 17:26:23,16,16:15,65886.36,65895.1,65889.09,65894.35,65889.06,65908.23,+22,LONG,65901.05,65878.01,FALSE
07/22/2026,07/24/2026 17:26:23,16,16:30,65878.4,65880.34,65873.95,65880.75,65876.01,65880.68,+7,LONG,65878.01,66087.97,TRUE
07/22/2026,07/24/2026 17:26:23,16,16:45,66046.4,66074.26,66074.26,66096.03,66075.97,66099.97,+54,LONG,66087.97,66044.16,FALSE
07/22/2026,07/24/2026 17:26:23,17,17:00,66023.95,66028.07,66008.03,66028.07,66023.4,66044.32,+36,LONG,66044.16,65976.76,FALSE
07/22/2026,07/24/2026 17:26:23,17,17:15,65983.96,65998.5,65967.87,65998.5,65975.13,65990.76,-31,SHORT,65976.76,65991.32,FALSE
07/22/2026,07/24/2026 17:26:23,17,17:30,65992.59,65997.55,65987.81,65997.55,65991.32,66000.0,+12,LONG,65991.32,65927.7,FALSE
07/22/2026,07/24/2026 17:26:23,17,17:45,65922.73,65938.86,65923.97,65934.14,65926.01,65934.14,-15,SHORT,65927.7,66014.38,FALSE
07/22/2026,07/24/2026 17:26:23,18,18:00,65986.3,66021.92,65984.65,65994.25,65994.24,66015.48,-37,SHORT,66014.38,65865.77,TRUE
07/22/2026,07/24/2026 17:26:23,18,18:15,65930.62,65970.66,65890.6,65948.08,65830.62,65912.43,-140,SHORT,65865.77,65938.94,FALSE
07/22/2026,07/24/2026 17:26:23,18,18:30,65944.35,65971.09,65949.38,65962.01,65938.93,65957.77,-32,SHORT,65938.94,65957.02,FALSE
07/22/2026,07/24/2026 17:26:23,18,18:45,65942.89,65946.93,65934.83,65945.99,65945.99,65957.02,+22,LONG,65957.02,66086.61,TRUE
07/22/2026,07/24/2026 17:26:23,19,19:00,66079.0,66100.0,66089.66,66113.99,66059.76,66104.09,-54,SHORT,66086.61,66159.13,FALSE
07/22/2026,07/24/2026 17:26:23,19,19:15,66175.86,66208.37,66121.82,66172.61,66135.0,66171.54,-87,SHORT,66159.13,66219.26,FALSE
07/22/2026,07/24/2026 17:26:23,19,19:30,66245.01,66287.74,66224.91,66270.0,66219.26,66240.0,-68,SHORT,66219.26,66111.16,TRUE
07/22/2026,07/24/2026 17:26:23,19,19:45,66128.65,66188.34,66128.65,66151.32,66105.29,66150.64,-83,SHORT,66111.16,66026.19,TRUE
07/22/2026,07/24/2026 17:26:23,20,20:00,66020.06,66038.34,66026.0,66035.34,66026.18,66040.94,+21,LONG,66026.19,66014.25,FALSE
07/22/2026,07/24/2026 17:26:23,20,20:15,66006.08,66034.68,66000.0,66014.34,65996.02,66014.25,-39,SHORT,66014.25,65898.56,TRUE
07/22/2026,07/24/2026 17:26:23,20,20:30,65910.65,65932.0,65902.59,65924.4,65898.56,65908.99,-33,SHORT,65898.56,65754.61,TRUE
07/22/2026,07/24/2026 17:26:23,20,20:45,65739.26,65779.05,65762.59,65781.62,65753.46,65779.53,+42,LONG,65754.61,65799.01,TRUE
07/22/2026,07/24/2026 17:26:23,21,21:00,65809.9,65830.92,65805.87,65809.91,65796.16,65806.24,-35,SHORT,65799.01,65707.58,TRUE
07/22/2026,07/24/2026 17:26:23,21,21:15,65769.6,65804.08,65734.64,65778.5,65707.58,65753.47,-96,SHORT,65707.58,65710.43,FALSE
07/22/2026,07/24/2026 17:26:23,21,21:30,65632.58,65695.21,65695.2,65724.0,65710.42,65722.24,+91,LONG,65710.43,65751.69,TRUE
07/22/2026,07/24/2026 17:26:23,21,21:45,65721.24,65739.88,65713.18,65737.36,65733.32,65751.69,+39,LONG,65751.69,65777.22,TRUE
07/22/2026,07/24/2026 17:26:23,22,22:00,65775.17,65785.72,65785.61,65797.99,65769.6,65789.02,-28,SHORT,65777.22,65603.43,TRUE
07/22/2026,07/24/2026 17:26:23,22,22:15,65556.01,65619.66,65557.36,65600.34,65598.01,65604.36,-62,SHORT,65603.43,65604.37,FALSE
07/22/2026,07/24/2026 17:26:23,22,22:30,65567.05,65573.88,65567.65,65595.74,65584.95,65630.45,+63,LONG,65604.37,65656.99,TRUE
07/22/2026,07/24/2026 17:26:23,22,22:45,65628.55,65645.98,65616.46,65640.63,65640.63,65661.35,+45,LONG,65656.99,65624.51,FALSE
07/22/2026,07/24/2026 17:26:23,23,23:00,65610.06,65619.66,65618.16,65639.26,65624.51,65635.99,+29,LONG,65624.51,65638.05,TRUE
07/22/2026,07/24/2026 17:26:23,23,23:15,65600.34,65624.52,65624.0,65632.58,65630.0,65640.72,+40,LONG,65638.05,65659.81,TRUE
07/22/2026,07/24/2026 17:26:23,23,23:30,65673.07,65701.09,65668.85,65684.32,65653.15,65682.96,-48,SHORT,65659.81,65594.86,TRUE
07/22/2026,07/24/2026 17:26:23,23,23:45,65583.58,65592.28,65580.19,65603.63,65588.25,65596.16,+20,LONG,65594.86,65576.15,FALSE
07/23/2026,07/24/2026 17:26:23,0,00:00,65564.18,65588.15,65562.03,65588.16,65562.04,65576.15,-26,SHORT,65576.15,65605.25,FALSE
07/23/2026,07/24/2026 17:26:23,0,00:15,65555.12,65581.91,65576.05,65605.47,65596.27,65608.4,+53,LONG,65605.25,65692.26,TRUE
07/23/2026,07/24/2026 17:26:23,0,00:30,65660.79,65680.93,65673.64,65678.84,65673.95,65692.26,+31,LONG,65692.26,65702.93,TRUE
07/23/2026,07/24/2026 17:26:23,0,00:45,65705.22,65718.29,65702.92,65710.73,65702.92,65702.93,-15,SHORT,65702.93,65660.2,TRUE
07/23/2026,07/24/2026 17:26:23,1,01:00,65664.17,65664.18,65664.81,65664.82,65654.99,65664.82,-10,SHORT,65660.2,65631.23,TRUE
07/23/2026,07/24/2026 17:26:23,1,01:15,65590.01,65622.76,65613.6,65624.0,65616.21,65643.75,+54,LONG,65631.23,65719.42,TRUE
07/23/2026,07/24/2026 17:26:23,1,01:30,65655.94,65668.0,65657.99,65721.51,65701.09,65719.42,+66,LONG,65719.42,65739.75,TRUE
07/23/2026,07/24/2026 17:26:23,1,01:45,65728.65,65743.03,65743.02,65753.48,65739.74,65744.63,+25,LONG,65739.75,65758.11,TRUE
07/23/2026,07/24/2026 17:26:23,2,02:00,65757.51,65757.52,65745.42,65757.51,65746.41,65758.12,+13,LONG,65758.11,65419.63,FALSE
07/23/2026,07/24/2026 17:26:23,2,02:15,65312.36,65370.64,65318.24,65366.37,65316.0,65427.04,+115,LONG,65419.63,65397.06,FALSE
07/23/2026,07/24/2026 17:26:23,2,02:30,65377.89,65419.4,65386.75,65415.44,65382.72,65397.07,+38,LONG,65397.06,65354.51,FALSE
07/23/2026,07/24/2026 17:26:23,2,02:45,65344.23,65376.05,65346.46,65381.69,65354.51,65381.69,+37,LONG,65354.51,65394.82,TRUE
07/23/2026,07/24/2026 17:26:23,3,03:00,65401.83,65415.79,65398.84,65420.17,65394.81,65405.8,-25,SHORT,65394.82,65494.64,FALSE
07/23/2026,07/24/2026 17:26:23,3,03:15,65499.59,65519.73,65505.26,65512.25,65491.56,65510.76,-28,SHORT,65494.64,65551.97,FALSE
07/23/2026,07/24/2026 17:26:23,3,03:30,65503.02,65519.73,65519.73,65535.76,65531.65,65551.97,+49,LONG,65551.97,65592.29,TRUE
07/23/2026,07/24/2026 17:26:23,3,03:45,65564.07,65579.29,65579.28,65611.14,65592.28,65602.04,+47,LONG,65592.29,65594.48,TRUE
07/23/2026,07/24/2026 17:26:23,4,04:00,65591.55,65605.14,65593.94,65605.42,65594.48,65624.47,+33,LONG,65594.48,65640.98,TRUE
07/23/2026,07/24/2026 17:26:23,4,04:15,65648.7,65664.83,65628.55,65648.71,65632.59,65645.15,-36,SHORT,65640.98,65683.07,FALSE
07/23/2026,07/24/2026 17:26:23,4,04:30,65685.13,65694.01,65689.34,65699.15,65669.44,65703.45,-30,SHORT,65683.07,65691.44,FALSE
07/23/2026,07/24/2026 17:26:23,4,04:45,65676.23,65689.0,65676.91,65692.76,65688.99,65697.69,+21,LONG,65691.44,65607.07,FALSE
07/23/2026,07/24/2026 17:26:23,5,05:00,65622.88,65642.04,65581.42,65642.04,65589.58,65607.08,-61,SHORT,65607.07,65685.8,FALSE
07/23/2026,07/24/2026 17:26:23,5,05:15,65660.78,65678.67,65658.29,65676.22,65672.68,65685.8,+28,LONG,65685.8,65729.63,TRUE
07/23/2026,07/24/2026 17:26:23,5,05:30,65718.05,65735.95,65722.01,65728.12,65722.01,65735.96,+18,LONG,65729.63,65754.36,TRUE
07/23/2026,07/24/2026 17:26:23,5,05:45,65743.13,65752.09,65735.96,65752.09,65741.5,65754.37,+18,LONG,65754.36,65708.56,FALSE
07/23/2026,07/24/2026 17:26:23,6,06:00,65689.42,65716.76,65689.42,65700.16,65693.99,65708.57,-27,SHORT,65708.56,65675.71,TRUE
07/23/2026,07/24/2026 17:26:23,6,06:15,65658.79,65671.52,65654.02,65671.51,65656.07,65675.71,+22,LONG,65675.71,65592.76,FALSE
07/23/2026,07/24/2026 17:26:23,6,06:30,65612.27,65624.96,65618.36,65623.65,65592.74,65618.36,-32,SHORT,65592.76,65529.31,TRUE
07/23/2026,07/24/2026 17:26:23,6,06:45,65524.76,65551.96,65524.74,65551.96,65524.74,65530.84,-27,SHORT,65529.31,65525.22,TRUE
07/23/2026,07/24/2026 17:26:23,7,07:00,65510.78,65520.69,65515.42,65519.65,65516.38,65525.95,+15,LONG,65525.22,65472.32,FALSE
07/23/2026,07/24/2026 17:26:23,7,07:15,65462.88,65481.99,65464.55,65492.52,65471.05,65492.1,+30,LONG,65472.32,65388.45,FALSE
07/23/2026,07/24/2026 17:26:23,7,07:30,65396.12,65425.99,65370.8,65416.2,65372.0,65392.0,-55,SHORT,65388.45,65074.94,TRUE
07/23/2026,07/24/2026 17:26:23,7,07:45,65051.41,65106.0,65057.92,65148.14,65042.46,65098.0,-106,SHORT,65074.94,65123.02,FALSE
07/23/2026,07/24/2026 17:26:23,8,08:00,65163.99,65184.63,65098.72,65178.0,65086.99,65135.13,-98,SHORT,65123.02,64999.87,TRUE
07/23/2026,07/24/2026 17:26:23,8,08:15,64971.16,65043.0,64990.0,65038.74,64974.64,65009.99,-68,SHORT,64999.87,64975.39,TRUE
07/23/2026,07/24/2026 17:26:23,8,08:30,64901.76,65000.99,64972.0,65004.98,64943.99,64980.27,+103,LONG,64975.39,65038.78,TRUE
07/23/2026,07/24/2026 17:26:23,8,08:45,65026.0,65080.81,65002.11,65062.4,65009.88,65056.28,-79,SHORT,65038.78,64831.16,TRUE
07/23/2026,07/24/2026 17:26:23,9,09:00,64892.82,64980.01,64844.32,64920.92,64831.16,64898.17,-149,SHORT,64831.16,65012.02,FALSE
07/23/2026,07/24/2026 17:26:23,9,09:15,64972.0,65016.37,64998.48,65043.98,64978.17,65029.48,+72,LONG,65012.02,65101.33,TRUE
07/23/2026,07/24/2026 17:26:23,9,09:30,65066.89,65116.0,65052.32,65116.0,65046.66,65108.39,-69,SHORT,65101.33,64980.44,TRUE
07/23/2026,07/24/2026 17:26:23,9,09:45,64980.58,65057.81,64959.63,64987.02,64974.32,64989.34,-98,SHORT,64980.44,64859.16,TRUE
07/23/2026,07/24/2026 17:26:23,10,10:00,64820.06,64840.85,64820.76,64850.23,64825.36,64868.2,+48,LONG,64859.16,64717.01,FALSE
07/23/2026,07/24/2026 17:26:23,10,10:15,64688.63,64737.11,64689.44,64737.13,64666.96,64733.31,-70,SHORT,64717.01,64811.89,FALSE
07/23/2026,07/24/2026 17:26:23,10,10:30,64830.24,64855.76,64826.64,64866.51,64803.15,64829.45,-63,SHORT,64811.89,64851.99,FALSE
07/23/2026,07/24/2026 17:26:23,10,10:45,64887.21,64926.19,64876.52,64894.66,64851.99,64876.0,-74,SHORT,64851.99,64905.04,FALSE
07/23/2026,07/24/2026 17:26:23,11,11:00,64904.49,64934.04,64905.4,64916.09,64898.24,64913.8,-36,SHORT,64905.04,64815.43,TRUE
07/23/2026,07/24/2026 17:26:23,11,11:15,64811.3,64833.76,64798.0,64855.28,64796.02,64819.47,-59,SHORT,64815.43,64758.95,TRUE
07/23/2026,07/24/2026 17:26:23,11,11:30,64731.27,64749.8,64732.0,64740.48,64739.66,64762.2,+31,LONG,64758.95,64683.52,FALSE
07/23/2026,07/24/2026 17:26:23,11,11:45,64634.83,64698.99,64687.02,64712.08,64683.52,64708.5,+77,LONG,64683.52,64691.59,TRUE
07/23/2026,07/24/2026 17:26:23,12,12:00,64723.25,64744.13,64740.75,64774.35,64664.44,64756.34,-110,SHORT,64691.59,64710.79,FALSE
07/23/2026,07/24/2026 17:26:23,12,12:15,64668.02,64711.08,64679.86,64703.89,64670.01,64710.79,+43,LONG,64710.79,64785.06,TRUE
07/23/2026,07/24/2026 17:26:23,12,12:30,64774.02,64798.0,64788.97,64811.64,64781.89,64804.5,+38,LONG,64785.06,64768.07,FALSE
07/23/2026,07/24/2026 17:26:23,12,12:45,64749.81,64762.76,64758.63,64774.0,64768.07,64773.51,+24,LONG,64768.07,64611.92,FALSE
07/23/2026,07/24/2026 17:26:23,13,13:00,64686.94,64721.9,64564.09,64691.06,64601.11,64640.43,-158,SHORT,64611.92,64671.47,FALSE
07/23/2026,07/24/2026 17:26:23,13,13:15,64676.02,64704.33,64677.06,64704.92,64665.55,64693.07,-39,SHORT,64671.47,64750.09,FALSE
07/23/2026,07/24/2026 17:26:23,13,13:30,64716.0,64737.13,64707.25,64739.66,64739.66,64764.13,+57,LONG,64750.09,64756.82,TRUE
07/23/2026,07/24/2026 17:26:23,13,13:45,64712.09,64739.79,64737.72,64758.63,64753.11,64759.43,+47,LONG,64756.82,64807.58,TRUE
07/23/2026,07/24/2026 17:26:23,14,14:00,64794.42,64846.96,64787.26,64801.95,64792.95,64807.58,-60,SHORT,64807.58,64747.94,TRUE
07/23/2026,07/24/2026 17:26:23,14,14:15,64726.99,64807.94,64676.28,64742.23,64734.01,64747.94,-132,SHORT,64747.94,64826.65,FALSE
07/23/2026,07/24/2026 17:26:23,14,14:30,64820.97,64836.01,64820.64,64833.92,64794.7,64837.36,-41,SHORT,64826.65,64691.54,TRUE
07/23/2026,07/24/2026 17:26:23,14,14:45,64654.13,64690.56,64667.99,64706.91,64687.99,64701.56,+53,LONG,64691.54,64778.48,TRUE
07/23/2026,07/24/2026 17:26:23,15,15:00,64717.35,64741.96,64728.54,64768.87,64751.6,64808.0,+91,LONG,64778.48,64987.58,TRUE
07/23/2026,07/24/2026 17:26:23,15,15:15,64967.14,64987.32,64972.68,64995.0,64977.99,64998.0,+31,LONG,64987.58,65117.99,TRUE
07/23/2026,07/24/2026 17:26:23,15,15:30,65101.06,65118.84,65116.62,65143.92,65114.05,65124.03,+43,LONG,65117.99,65083.41,FALSE
07/23/2026,07/24/2026 17:26:23,15,15:45,65061.0,65081.99,65061.0,65087.07,65078.41,65083.42,+26,LONG,65083.41,65097.6,TRUE
07/23/2026,07/24/2026 17:26:23,16,16:00,65101.15,65121.2,65086.18,65103.25,65091.56,65097.6,-35,SHORT,65097.6,65003.62,TRUE
07/23/2026,07/24/2026 17:26:23,16,16:15,64991.36,65011.48,64956.06,64996.41,64995.65,65003.64,-55,SHORT,65003.62,65067.79,FALSE
07/23/2026,07/24/2026 17:26:23,16,16:30,65079.11,65098.71,65066.48,65079.11,65066.87,65067.8,-32,SHORT,65067.79,65057.33,TRUE
07/23/2026,07/24/2026 17:26:23,16,16:45,65023.54,65037.15,65013.64,65042.05,65019.96,65057.96,+44,LONG,65057.33,65120.19,TRUE
07/23/2026,07/24/2026 17:26:23,17,17:00,65093.29,65099.98,65090.66,65101.61,65073.66,65120.2,+30,LONG,65120.19,65049.99,FALSE
07/23/2026,07/24/2026 17:26:23,17,17:15,65053.18,65076.07,65022.36,65059.35,65030.6,65050.0,-54,SHORT,65049.99,65097.98,FALSE
07/23/2026,07/24/2026 17:26:23,17,17:30,65113.04,65134.52,65125.97,65134.51,65092.02,65125.97,-42,SHORT,65097.98,65161.99,FALSE
07/23/2026,07/24/2026 17:26:23,17,17:45,65151.65,65159.58,65159.57,65171.31,65152.43,65178.42,+27,LONG,65161.99,65140.05,FALSE
07/23/2026,07/24/2026 17:26:23,18,18:00,65134.24,65150.24,65142.39,65148.0,65140.05,65148.83,+15,LONG,65140.05,65137.68,FALSE
07/23/2026,07/24/2026 17:26:23,18,18:15,65113.04,65126.89,65109.46,65118.44,65115.68,65145.25,+36,LONG,65137.68,65125.99,FALSE
07/23/2026,07/24/2026 17:26:23,18,18:30,65100.39,65114.36,65092.53,65125.0,65102.0,65125.99,+33,LONG,65125.99,65124.0,FALSE
07/23/2026,07/24/2026 17:26:23,18,18:45,65118.45,65141.01,65106.36,65128.09,65114.99,65124.01,-35,SHORT,65124.0,65051.23,TRUE
07/23/2026,07/24/2026 17:26:23,19,19:00,65015.05,65023.54,65023.53,65053.99,65047.0,65052.55,+39,LONG,65051.23,64879.44,FALSE
07/23/2026,07/24/2026 17:26:23,19,19:15,64847.39,64897.61,64881.95,64905.98,64864.25,64892.88,+59,LONG,64879.44,64831.35,FALSE
07/23/2026,07/24/2026 17:26:23,19,19:30,64836.67,64880.34,64830.96,64841.65,64828.17,64832.0,-52,SHORT,64831.35,64800.61,TRUE
07/23/2026,07/24/2026 17:26:23,19,19:45,64719.25,64785.01,64776.04,64810.65,64797.99,64808.74,+91,LONG,64800.61,64927.99,TRUE
07/23/2026,07/24/2026 17:26:23,20,20:00,64882.0,64908.41,64901.98,64914.3,64911.28,64927.99,+46,LONG,64927.99,64988.96,TRUE
07/23/2026,07/24/2026 17:26:23,20,20:15,64969.84,64995.57,64989.99,65006.3,64988.96,65005.5,+36,LONG,64988.96,64973.99,FALSE
07/23/2026,07/24/2026 17:26:23,20,20:30,65028.01,65068.49,65048.63,65061.98,64964.53,65062.0,-104,SHORT,64973.99,65050.68,FALSE
07/23/2026,07/24/2026 17:26:23,20,20:45,65075.93,65110.0,65077.23,65084.39,65048.6,65087.98,-61,SHORT,65050.68,65030.0,TRUE
07/23/2026,07/24/2026 17:26:23,21,21:00,65010.41,65030.7,65005.84,65041.43,65030.0,65041.44,+36,LONG,65030.0,65114.01,TRUE
07/23/2026,07/24/2026 17:26:23,21,21:15,65098.35,65129.98,65120.63,65137.83,65113.7,65126.01,+39,LONG,65114.01,65100.63,FALSE
07/23/2026,07/24/2026 17:26:23,21,21:30,65095.14,65121.27,65084.4,65112.98,65074.0,65105.88,-47,SHORT,65100.63,65008.89,TRUE
07/23/2026,07/24/2026 17:26:23,21,21:45,64984.0,65012.8,64987.53,65002.11,65004.0,65008.9,-25,SHORT,65008.89,65066.98,FALSE
07/23/2026,07/24/2026 17:26:23,22,22:00,64991.32,65018.99,65013.87,65048.6,65041.44,65066.99,+76,LONG,65066.98,65269.53,TRUE
07/23/2026,07/24/2026 17:26:23,22,22:15,65229.43,65261.93,65252.66,65268.01,65256.25,65269.53,+40,LONG,65269.53,65275.42,TRUE
07/23/2026,07/24/2026 17:26:23,22,22:30,65309.94,65350.0,65300.46,65311.57,65255.64,65300.47,-94,SHORT,65275.42,65356.81,FALSE
07/23/2026,07/24/2026 17:26:23,22,22:45,65271.19,65309.94,65309.93,65342.68,65333.31,65368.77,+98,LONG,65356.81,65408.0,TRUE
07/23/2026,07/24/2026 17:26:23,23,23:00,65399.44,65406.84,65402.96,65411.65,65404.59,65408.99,+12,LONG,65408.0,65345.99,FALSE
07/23/2026,07/24/2026 17:26:23,23,23:15,65345.91,65372.26,65344.05,65363.63,65342.79,65364.88,-29,SHORT,65345.99,65367.59,FALSE
07/23/2026,07/24/2026 17:26:23,23,23:30,65352.06,65377.96,65371.42,65376.51,65367.22,65375.98,+24,LONG,65367.59,65279.0,FALSE
07/23/2026,07/24/2026 17:26:23,23,23:45,65249.89,65266.97,65266.96,65291.24,65279.0,65295.95,+46,LONG,65279.0,65263.39,FALSE
07/24/2026,07/24/2026 17:26:23,0,00:00,65207.76,65244.98,65220.21,65241.91,65224.99,65263.4,+56,LONG,65263.39,65302.77,TRUE
07/24/2026,07/24/2026 17:26:23,0,00:15,65307.46,65311.46,65308.61,65311.46,65299.2,65310.74,-12,SHORT,65302.77,65284.49,TRUE
07/24/2026,07/24/2026 17:26:23,0,00:30,65285.24,65292.2,65287.02,65289.62,65280.01,65288.0,-12,SHORT,65284.49,65252.11,TRUE
07/24/2026,07/24/2026 17:26:23,0,00:45,65211.28,65229.99,65229.98,65242.37,65234.76,65265.0,+54,LONG,65252.11,65268.43,TRUE
07/24/2026,07/24/2026 17:26:23,1,01:00,65252.91,65255.47,65252.91,65253.03,65245.5,65274.14,+21,LONG,65268.43,65331.01,TRUE
07/24/2026,07/24/2026 17:26:23,1,01:15,65291.89,65313.51,65299.2,65314.98,65300.93,65337.01,+45,LONG,65331.01,65402.34,TRUE
07/24/2026,07/24/2026 17:26:23,1,01:30,65377.96,65403.41,65375.61,65388.7,65366.86,65408.49,-37,SHORT,65402.34,65407.99,FALSE
07/24/2026,07/24/2026 17:26:23,1,01:45,65413.39,65417.56,65409.29,65415.44,65399.79,65418.92,-18,SHORT,65407.99,65426.94,FALSE
07/24/2026,07/24/2026 17:26:23,2,02:00,65390.66,65393.28,65390.66,65418.89,65414.94,65426.94,+36,LONG,65426.94,65718.92,TRUE
07/24/2026,07/24/2026 17:26:23,2,02:15,65664.69,65702.0,65679.04,65729.98,65693.41,65723.7,+65,LONG,65718.92,65598.53,FALSE
07/24/2026,07/24/2026 17:26:23,2,02:30,65570.01,65615.99,65566.41,65592.89,65574.52,65598.53,-50,SHORT,65598.53,65330.94,TRUE
07/24/2026,07/24/2026 17:26:23,2,02:45,65335.2,65386.27,65303.21,65355.95,65327.22,65340.81,-83,SHORT,65330.94,65454.48,FALSE
07/24/2026,07/24/2026 17:26:23,3,03:00,65453.72,65459.1,65446.44,65457.74,65449.81,65454.48,-13,SHORT,65454.48,65391.85,TRUE
07/24/2026,07/24/2026 17:26:23,3,03:15,65381.08,65395.45,65381.08,65401.91,65391.85,65405.38,+24,LONG,65391.85,65344.27,FALSE
07/24/2026,07/24/2026 17:26:23,3,03:30,65309.29,65334.41,65327.17,65334.42,65327.17,65346.8,+38,LONG,65344.27,65395.99,TRUE
07/24/2026,07/24/2026 17:26:23,3,03:45,65384.85,65397.95,65377.11,65391.4,65388.25,65396.0,-21,SHORT,65395.99,65255.44,TRUE
07/24/2026,07/24/2026 17:26:23,4,04:00,65270.76,65277.98,65270.76,65279.99,65255.44,65270.76,-25,SHORT,65255.44,65001.53,TRUE
07/24/2026,07/24/2026 17:26:23,4,04:15,65053.26,65057.99,65038.22,65059.49,64993.36,65040.32,-66,SHORT,65001.53,64917.97,TRUE
07/24/2026,07/24/2026 17:26:23,4,04:30,64939.51,64953.88,64911.18,64939.51,64917.97,64939.67,-43,SHORT,64917.97,65025.68,FALSE
07/24/2026,07/24/2026 17:26:23,4,04:45,65014.9,65039.66,65028.52,65048.85,65025.68,65043.97,+34,LONG,65025.68,65064.29,TRUE
07/24/2026,07/24/2026 17:26:23,5,05:00,65053.09,65072.82,65054.4,65062.88,65038.32,65064.3,-34,SHORT,65064.29,64947.73,TRUE
07/24/2026,07/24/2026 17:26:23,5,05:15,64950.29,64993.37,64946.7,64970.84,64946.69,64956.6,-47,SHORT,64947.73,64963.83,FALSE
07/24/2026,07/24/2026 17:26:23,5,05:30,64950.76,64969.88,64963.88,64979.98,64958.01,64968.93,+29,LONG,64963.83,64964.66,TRUE
07/24/2026,07/24/2026 17:26:23,5,05:45,64993.11,64995.54,64981.17,64994.4,64964.66,64986.78,-31,SHORT,64964.66,64903.09,TRUE
07/24/2026,07/24/2026 17:26:23,6,06:00,64891.92,64899.24,64899.23,64906.5,64897.04,64904.76,+15,LONG,64903.09,64946.35,TRUE
07/24/2026,07/24/2026 17:26:23,6,06:15,64944.77,64957.63,64952.6,64965.01,64946.34,64964.99,+20,LONG,64946.35,64981.18,TRUE
07/24/2026,07/24/2026 17:26:23,6,06:30,64986.3,65019.43,65000.52,65008.27,64977.83,65000.53,-42,SHORT,64981.18,64888.51,TRUE
07/24/2026,07/24/2026 17:26:23,6,06:45,64915.39,64936.0,64907.64,64952.0,64888.45,64925.11,-64,SHORT,64888.51,65021.19,FALSE
07/24/2026,07/24/2026 17:26:23,7,07:00,64957.95,64994.43,64950.21,65036.0,65009.15,65051.39,+101,LONG,65021.19,65016.23,FALSE
07/24/2026,07/24/2026 17:26:23,7,07:15,65014.69,65042.37,65012.13,65014.71,65008.26,65022.81,-34,SHORT,65016.23,64964.83,TRUE
07/24/2026,07/24/2026 17:26:23,7,07:30,65043.09,65079.49,64985.34,65043.09,64961.82,64994.82,-118,SHORT,64964.83,64870.14,TRUE
07/24/2026,07/24/2026 17:26:23,7,07:45,64896.03,64934.73,64879.0,64898.32,64863.64,64896.07,-71,SHORT,64870.14,64715.98,TRUE
07/24/2026,07/24/2026 17:26:23,8,08:00,64701.61,64727.35,64715.97,64727.32,64715.97,64739.25,+38,LONG,64715.98,64311.59,FALSE
07/24/2026,07/24/2026 17:26:23,8,08:15,64340.41,64416.15,64303.93,64359.94,64300.34,64322.61,-116,SHORT,64311.59,64321.99,FALSE
07/24/2026,07/24/2026 17:26:23,8,08:30,64349.13,64378.71,64343.98,64367.95,64313.26,64342.64,-65,SHORT,64321.99,64346.4,FALSE
07/24/2026,07/24/2026 17:26:23,8,08:45,64153.89,64230.76,64220.93,64352.4,64283.94,64354.03,+200,LONG,64346.4,64092.49,FALSE
07/24/2026,07/24/2026 17:26:23,9,09:00,63894.0,63986.58,63966.61,64043.08,64018.0,64092.49,+198,LONG,64092.49,63904.12,FALSE
07/24/2026,07/24/2026 17:26:23,9,09:15,63968.68,64128.19,63946.91,64001.0,63904.12,63973.99,-224,SHORT,63904.12,63782.52,TRUE
07/24/2026,07/24/2026 17:26:23,9,09:30,63670.75,63727.29,63699.39,63755.0,63742.78,63802.05,+131,LONG,63782.52,63754.76,FALSE
07/24/2026,07/24/2026 17:26:23,9,09:45,63727.08,63771.4,63727.29,63774.55,63748.73,63791.21,+64,LONG,63754.76,63993.51,TRUE
07/24/2026,07/24/2026 17:26:23,10,10:00,63925.61,63985.0,63936.27,63960.8,63955.09,63993.52,+68,LONG,63993.51,64072.12,TRUE
07/24/2026,07/24/2026 17:26:23,10,10:15,63943.63,63986.33,63926.52,63988.61,63966.61,64077.98,+151,LONG,64072.12,64059.69,FALSE
07/24/2026,07/24/2026 17:26:23,10,10:30,64015.68,64080.0,64051.43,64095.0,64012.86,64075.59,-82,SHORT,64059.69,64098.12,FALSE
07/24/2026,07/24/2026 17:26:23,10,10:45,64093.65,64184.92,64091.08,64139.99,64094.48,64158.29,-94,SHORT,64098.12,64025.89,TRUE
07/24/2026,07/24/2026 17:26:23,11,11:00,64108.01,64137.0,64061.97,64125.03,64021.89,64087.54,-115,SHORT,64025.89,64082.41,FALSE
07/24/2026,07/24/2026 17:26:23,11,11:15,64094.01,64112.12,64051.0,64104.55,64069.77,64083.95,-61,SHORT,64082.41,64021.01,TRUE
07/24/2026,07/24/2026 17:26:23,11,11:30,64033.03,64057.5,64025.28,64049.0,64021.0,64044.98,-36,SHORT,64021.01,63867.41,TRUE
07/24/2026,07/24/2026 17:26:23,11,11:45,63881.01,63905.32,63871.38,63893.53,63865.01,63897.57,-40,SHORT,63867.41,63889.84,FALSE
07/24/2026,07/24/2026 17:26:23,12,12:00,63890.99,63936.27,63936.26,63942.42,63889.84,63947.01,+56,LONG,63889.84,63899.99,TRUE
07/24/2026,07/24/2026 17:26:23,12,12:15,63866.7,63891.6,63846.01,63875.48,63873.17,63901.4,+55,LONG,63899.99,64031.8,TRUE
07/24/2026,07/24/2026 17:26:23,12,12:30,64066.75,64077.55,64074.02,64083.33,64029.16,64081.42,-54,SHORT,64031.8,64103.19,FALSE
07/24/2026,07/24/2026 17:26:23,12,12:45,64085.0,64102.33,64099.07,64111.95,64099.08,64111.93,+27,LONG,64103.19,64117.07,TRUE
07/24/2026,07/24/2026 17:26:23,13,13:00,64091.07,64139.91,64097.05,64120.05,64110.79,64127.51,-43,SHORT,64117.07,64143.22,FALSE
07/24/2026,07/24/2026 17:26:23,13,13:15,64101.81,64110.54,64108.65,64124.64,64114.71,64150.99,+49,LONG,64143.22,64091.91,FALSE
07/24/2026,07/24/2026 17:26:23,13,13:30,64078.23,64096.63,64064.61,64082.0,64072.0,64091.92,-32,SHORT,64091.91,64113.8,FALSE
07/24/2026,07/24/2026 17:26:23,13,13:45,64065.66,64085.9,64064.96,64100.82,64092.57,64118.16,+53,LONG,64113.8,64210.91,TRUE
07/24/2026,07/24/2026 17:26:23,14,14:00,64214.21,64228.12,64190.01,64224.53,64200.07,64217.01,-38,SHORT,64210.91,64086.15,TRUE
07/24/2026,07/24/2026 17:26:23,14,14:15,64098.8,64124.99,64099.23,64113.0,64082.45,64104.02,-43,SHORT,64086.15,64137.01,FALSE
07/24/2026,07/24/2026 17:26:23,14,14:30,64132.49,64141.35,64133.0,64145.51,64135.59,64157.84,+25,LONG,64137.01,64196.8,TRUE
07/24/2026,07/24/2026 17:26:23,14,14:45,64175.49,64191.0,64169.56,64186.71,64187.92,64197.67,+28,LONG,64196.8,64163.76,FALSE
07/24/2026,07/24/2026 17:26:23,15,15:00,64112.1,64143.18,64127.38,64162.75,64146.33,64171.01,+59,LONG,64163.76,64149.39,FALSE
07/24/2026,07/24/2026 17:26:23,15,15:15,64147.28,64148.8,64146.1,64151.9,64137.06,64151.9,-15,SHORT,64149.39,64174.72,FALSE
07/24/2026,07/24/2026 17:26:23,15,15:30,64182.04,64204.82,64185.09,64204.88,64174.72,64187.65,-30,SHORT,64174.72,64113.71,TRUE
07/24/2026,07/24/2026 17:26:23,15,15:45,64102.68,64114.76,64106.09,64110.42,64110.41,64121.18,+18,LONG,64113.71,64103.99,FALSE
07/24/2026,07/24/2026 17:26:23,16,16:00,64108.49,64109.71,64099.6,64132.19,64099.33,64107.42,-33,SHORT,64103.99,64089.46,TRUE
07/24/2026,07/24/2026 17:25:47,16,16:15,64090.6,64095.78,64065.85,64091.3,64088.27,64089.46,-30,SHORT,64089.46,64108.17,FALSE
07/24/2026,07/24/2026 17:25:47,16,16:30,64108.16,64119.41,64094.94,64108.17,64093.8,64108.17,-26,SHORT,64108.17,64103.67,TRUE
07/24/2026,07/24/2026 17:25:47,16,16:45,64093.51,64103.03,64069.91,64105.74,64078.52,64116.39,+46,LONG,64103.67,64088.09,FALSE
07/24/2026,07/24/2026 17:25:47,17,17:00,64064.91,64075.91,64063.98,64076.33,64065.72,64091.07,+27,LONG,64088.09,64088.4,TRUE
07/24/2026,07/24/2026 17:25:47,17,17:15,64094.95,64108.92,64083.33,64094.95,64075.59,64089.46,-33,SHORT,64088.4,64106.29,FALSE
07/24/2026,07/24/2026 17:30:35,17,17:30,64093.39,64097.48,64097.46,64097.47,64097.46,64106.55,+13,LONG,64106.29,64119.99,TRUE
07/24/2026,07/24/2026 17:47:32,17,17:45,64149.95,64151.66,64139.95,64151.66,64112.0,64143.01,-40,SHORT,64119.99,64100.52,TRUE
07/24/2026,07/24/2026 18:02:32,18,18:00,64113.08,64113.09,64104.29,64113.09,64099.22,64104.3,-14,SHORT,64100.52,64094.94,TRUE
07/24/2026,07/24/2026 18:17:32,18,18:15,64091.07,64098.12,64091.07,64104.35,64094.94,64107.58,+17,LONG,64094.94,64113.32,TRUE
07/24/2026,07/24/2026 18:32:32,18,18:30,64103.02,64106.94,64106.93,64113.34,64111.42,64113.34,+10,LONG,64113.32,64116.33,TRUE
07/24/2026,07/24/2026 18:47:32,18,18:45,64101.3,64101.71,64101.7,64112.93,64112.92,64120.5,+19,LONG,64116.33,64083.32,FALSE
07/24/2026,07/24/2026 19:02:32,19,19:00,64090.46,64093.97,64093.96,64097.0,64075.26,64097.0,-22,SHORT,64083.32,64082.76,TRUE
07/24/2026,07/24/2026 19:17:31,19,19:15,64083.87,64093.99,64084.58,64085.87,64078.01,64085.87,-16,SHORT,64082.76,64094.71,FALSE
07/24/2026,07/24/2026 19:32:31,19,19:30,64102.26,64103.74,64103.72,64103.73,64094.7,64103.73,-9,SHORT,64094.71,64039.75,TRUE
07/24/2026,07/24/2026 19:47:31,19,19:45,64055.93,64081.59,64042.86,64066.0,64021.41,64052.36,-60,SHORT,64039.75,64009.01,TRUE
07/24/2026,07/24/2026 20:02:32,20,20:00,64009.89,64009.9,64009.89,64009.9,64008.99,64009.9,-1,SHORT,64009.01,63958.88,TRUE
07/24/2026,07/24/2026 20:17:32,20,20:15,63968.47,63974.99,63939.54,63975.9,63953.99,63962.21,-35,SHORT,63958.88,63986.59,FALSE
07/24/2026,07/24/2026 20:32:32,20,20:30,63959.49,63982.02,63982.01,64017.53,63986.59,64008.95,+58,LONG,63986.59,64066.08,TRUE
07/24/2026,07/24/2026 20:47:32,20,20:45,64038.14,64043.98,64039.99,64060.0,64058.51,64066.08,+28,LONG,64066.08,64006.49,FALSE
07/24/2026,07/24/2026 21:02:32,21,21:00,64020.93,64030.79,64005.93,64025.99,64003.51,64006.49,-27,SHORT,64006.49,64014.99,FALSE
07/24/2026,07/24/2026 21:17:32,21,21:15,64007.12,64016.99,64010.27,64021.21,63990.7,64015.0,-31,SHORT,64014.99,63997.24,TRUE
07/24/2026,07/24/2026 21:32:32,21,21:30,63995.13,63999.29,63995.13,63995.98,63995.97,63997.26,-4,SHORT,63997.24,63984.0,TRUE
07/24/2026,07/24/2026 21:47:32,21,21:45,63987.64,63990.2,63987.05,63996.89,63983.96,63992.0,-13,SHORT,63984.0,63980.57,TRUE
07/24/2026,07/24/2026 22:02:32,22,22:00,63958.21,63961.97,63958.69,63961.97,63960.36,63980.57,+22,LONG,63980.57,63978.0,FALSE
07/24/2026,07/24/2026 22:17:32,22,22:15,63990.3,64007.79,64007.78,64013.9,63970.28,64015.49,-44,SHORT,63978.0,64013.96,FALSE
07/24/2026,07/24/2026 22:32:32,22,22:30,64033.47,64040.76,64017.01,64042.49,64013.68,64018.98,-29,SHORT,64013.96,64035.27,FALSE
07/24/2026,07/24/2026 22:47:33,22,22:45,64023.89,64028.89,64024.7,64028.89,64025.38,64035.27,+11,LONG,64035.27,64021.41,FALSE
07/24/2026,07/24/2026 23:02:32,23,23:00,64004.38,64025.28,64025.27,64029.64,64021.41,64028.36,+25,LONG,64021.41,64063.96,TRUE
07/24/2026,07/24/2026 23:17:32,23,23:15,64061.06,64061.07,64061.06,64061.07,64061.06,64063.96,+3,LONG,64063.96,,NA
07/25/2026,07/25/2026 19:47:40,17,17:30,64318.02,64338.3,64316.01,64320.37,64320.0,64339.98,+24,LONG,64339.98,64344.01,TRUE
07/25/2026,07/25/2026 19:47:40,17,17:45,64319.39,64321.29,64319.39,64321.29,64321.28,64349.89,+30,LONG,64344.01,64352.27,TRUE
07/25/2026,07/25/2026 19:47:40,18,18:00,64350.36,64354.48,64346.77,64350.37,64346.78,64352.27,-8,SHORT,64352.27,64347.04,TRUE
07/25/2026,07/25/2026 19:47:40,18,18:15,64357.99,64358.0,64357.99,64365.06,64347.04,64365.05,-18,SHORT,64347.04,64344.0,TRUE
07/25/2026,07/25/2026 19:47:40,18,18:30,64342.21,64344.0,64342.0,64342.22,64342.0,64344.01,+2,LONG,64344.0,64328.15,FALSE
07/25/2026,07/25/2026 19:47:40,18,18:45,64332.51,64335.1,64330.58,64332.51,64328.15,64331.48,-7,SHORT,64328.15,64295.61,TRUE
07/25/2026,07/25/2026 19:47:40,19,19:00,64307.24,64319.39,64319.39,64320.68,64285.64,64320.68,-35,SHORT,64295.61,64370.0,FALSE
07/25/2026,07/25/2026 19:47:40,19,19:15,64366.16,64371.28,64370.0,64377.43,64366.92,64370.01,+11,LONG,64370.0,64406.0,TRUE
07/25/2026,07/25/2026 19:47:40,19,19:30,64404.53,64425.0,64410.25,64422.0,64404.78,64417.36,-20,SHORT,64406.0,64354.66,TRUE
07/25/2026,07/25/2026 19:47:40,19,19:45,64346.5,64359.99,64359.98,64361.28,64354.66,64361.28,+15,LONG,64354.66,64450.01,TRUE
07/25/2026,07/25/2026 20:02:34,20,20:00,64419.89,64437.75,64426.49,64437.75,64433.96,64455.04,+35,LONG,64450.01,64443.58,FALSE
07/25/2026,07/25/2026 20:17:34,20,20:15,64435.5,64446.15,64435.98,64439.67,64435.17,64444.2,-11,SHORT,64443.58,64420.0,TRUE
07/25/2026,07/25/2026 20:32:46,20,20:30,64406.77,64410.56,64406.77,64419.99,64419.99,64420.0,+13,LONG,64420.0,64420.01,TRUE
07/25/2026,07/25/2026 20:47:38,20,20:45,64405.84,64405.85,64405.84,64405.85,64405.0,64420.02,+14,LONG,64420.01,,NA
07/26/2026,07/26/2026 16:31:33,14,14:15,64626.19,64632.72,64620.58,64626.2,64620.58,64627.33,-12,SHORT,64626.32,64668.39,FALSE
07/26/2026,07/26/2026 16:31:33,14,14:30,64646.24,64652.7,64646.24,64646.25,64646.24,64668.4,+22,LONG,64668.39,64670.0,TRUE
07/26/2026,07/26/2026 16:31:33,14,14:45,64672.44,64672.45,64672.44,64672.45,64670.0,64672.45,-2,SHORT,64670.0,64641.1,TRUE
07/26/2026,07/26/2026 16:31:33,15,15:00,64639.0,64639.06,64639.01,64646.16,64641.09,64644.86,+7,LONG,64641.1,64641.7,TRUE
07/26/2026,07/26/2026 16:31:33,15,15:15,64630.0,64639.85,64633.09,64639.85,64638.01,64643.01,+13,LONG,64641.7,64595.98,FALSE
07/26/2026,07/26/2026 16:31:33,15,15:30,64582.16,64582.57,64582.57,64586.0,64583.57,64595.99,+14,LONG,64595.98,64611.01,TRUE
07/26/2026,07/26/2026 16:31:33,15,15:45,64603.91,64608.14,64605.3,64609.72,64608.4,64611.32,+7,LONG,64611.01,64595.26,FALSE
07/26/2026,07/26/2026 16:31:33,16,16:00,64591.4,64594.9,64591.41,64594.81,64594.8,64595.98,+5,LONG,64595.26,64635.63,TRUE
07/26/2026,07/26/2026 16:31:33,16,16:15,64605.99,64648.02,64644.47,64660.0,64631.86,64644.95,+54,LONG,64635.63,64757.83,TRUE
07/26/2026,07/26/2026 16:31:33,16,16:30,64768.32,64788.2,64753.95,64769.46,64752.85,64764.14,-35,SHORT,64757.83,64738.32,TRUE
07/26/2026,07/26/2026 16:47:40,16,16:45,64739.8,64770.5,64750.11,64787.67,64738.12,64788.96,-50,SHORT,64738.32,64795.41,FALSE
07/26/2026,07/26/2026 17:02:35,17,17:00,64799.28,64828.53,64800.63,64805.01,64782.23,64802.36,-46,SHORT,64795.41,65152.5,FALSE
07/26/2026,07/26/2026 17:17:35,17,17:15,65147.99,65191.05,65141.25,65172.03,65124.34,65163.06,-67,SHORT,65152.5,65156.09,FALSE
07/26/2026,07/26/2026 17:32:36,17,17:30,65116.01,65164.0,65163.98,65200.84,65141.55,65181.33,+85,LONG,65156.09,65408.8,TRUE
07/26/2026,07/26/2026 17:47:35,17,17:45,65387.52,65422.31,65399.71,65416.52,65394.94,65416.14,+29,LONG,65408.8,65347.96,FALSE
07/26/2026,07/26/2026 18:02:35,18,18:00,65320.01,65332.28,65327.34,65335.81,65329.56,65359.03,+39,LONG,65347.96,65347.68,FALSE
07/26/2026,07/26/2026 18:17:35,18,18:15,65406.89,65464.91,65348.82,65427.99,65343.03,65381.79,-122,SHORT,65347.68,65275.31,TRUE
07/26/2026,07/26/2026 18:32:35,18,18:30,65265.22,65284.72,65265.28,65286.01,65270.21,65275.32,+21,LONG,65275.31,65345.71,TRUE
07/26/2026,07/26/2026 18:47:35,18,18:45,65331.56,65340.0,65318.01,65351.35,65339.16,65351.33,+33,LONG,65345.71,,NA
07/27/2026,07/27/2026 08:32:34,6,06:15,65204.75,65233.84,65185.67,65217.94,65193.48,65194.51,-48,SHORT,65194.5,65066.08,TRUE
07/27/2026,07/27/2026 08:32:34,6,06:30,65099.2,65117.59,65109.73,65118.37,65066.08,65124.88,-52,SHORT,65066.08,65106.42,FALSE
07/27/2026,07/27/2026 08:32:34,6,06:45,65110.01,65120.53,65086.13,65120.53,65106.41,65111.3,-34,SHORT,65106.42,65040.33,TRUE
07/27/2026,07/27/2026 08:32:34,7,07:00,65054.46,65062.67,65046.01,65072.21,65040.32,65046.01,-32,SHORT,65040.33,65029.28,TRUE
07/27/2026,07/27/2026 08:32:34,7,07:15,65116.01,65124.97,65013.71,65116.41,65021.92,65056.44,-111,SHORT,65029.28,64948.03,TRUE
07/27/2026,07/27/2026 08:32:34,7,07:30,64964.11,64983.0,64964.11,64974.66,64944.64,64971.3,-38,SHORT,64948.03,64989.61,FALSE
07/27/2026,07/27/2026 08:32:34,7,07:45,64969.25,64998.01,64969.49,64991.18,64974.08,64993.51,-29,SHORT,64989.61,65024.18,FALSE
07/27/2026,07/27/2026 08:32:34,8,08:00,65015.99,65030.46,65007.21,65024.24,65012.21,65024.19,-23,SHORT,65024.18,64907.98,TRUE
07/27/2026,07/27/2026 08:32:34,8,08:15,64985.58,65007.23,64951.95,64991.07,64898.28,64953.58,-109,SHORT,64907.98,64872.09,TRUE
07/27/2026,07/27/2026 08:32:34,8,08:30,64867.63,64900.0,64889.44,64907.01,64872.08,64904.06,+39,LONG,64872.09,65606.98,TRUE
07/27/2026,07/27/2026 08:47:37,8,08:45,65511.37,65596.06,65498.0,65629.0,65560.0,65629.31,+131,LONG,65606.98,65161.65,FALSE
07/27/2026,07/27/2026 09:02:33,9,09:00,65156.08,65300.33,65123.42,65198.55,65123.4,65197.89,-177,SHORT,65161.65,65295.35,FALSE
07/27/2026,07/27/2026 09:17:33,9,09:15,65213.28,65279.52,65231.68,65314.19,65240.45,65317.94,+105,LONG,65295.35,64801.98,FALSE
07/27/2026,07/27/2026 09:32:33,9,09:30,64886.25,64996.87,64820.0,64923.66,64797.44,64885.75,-199,SHORT,64801.98,64399.89,TRUE
07/27/2026,07/27/2026 09:47:33,9,09:45,64536.78,64594.99,64462.99,64546.76,64379.0,64520.01,-216,SHORT,64399.89,64611.76,FALSE
07/27/2026,07/27/2026 10:02:33,10,10:00,64584.02,64635.0,64565.6,64627.87,64579.31,64614.0,-69,SHORT,64611.76,64653.18,FALSE
07/27/2026,07/27/2026 10:17:33,10,10:15,64547.99,64624.0,64608.81,64674.8,64615.27,64693.49,+146,LONG,64653.18,64576.79,FALSE
07/27/2026,07/27/2026 10:32:33,10,10:30,64501.89,64553.25,64470.01,64527.35,64487.85,64588.92,+119,LONG,64576.79,64505.56,FALSE
07/27/2026,07/27/2026 10:47:33,10,10:45,64488.31,64530.0,64486.0,64538.0,64492.95,64532.0,+50,LONG,64505.56,64475.17,FALSE
07/27/2026,07/27/2026 11:02:33,11,11:00,64480.0,64525.0,64471.21,64517.76,64475.16,64492.0,-54,SHORT,64475.17,64540.74,FALSE
07/27/2026,07/27/2026 11:17:33,11,11:15,64582.99,64611.52,64544.02,64607.0,64525.12,64561.13,-86,SHORT,64540.74,64650.93,FALSE
07/27/2026,07/27/2026 11:32:33,11,11:30,64635.51,64688.99,64657.54,64721.31,64650.93,64698.28,+86,LONG,64650.93,64853.99,TRUE
07/27/2026,07/27/2026 11:47:33,11,11:45,64845.28,64867.0,64843.31,64858.45,64830.56,64853.99,-36,SHORT,64853.99,64828.3,TRUE
07/27/2026,07/27/2026 12:02:32,12,12:00,64777.79,64825.81,64825.8,64847.9,64825.14,64847.9,+70,LONG,64828.3,64828.48,TRUE
07/27/2026,07/27/2026 12:17:34,12,12:15,64782.99,64803.79,64796.46,64825.0,64811.01,64836.88,+54,LONG,64828.48,64937.17,TRUE
07/27/2026,07/27/2026 12:32:33,12,12:30,64944.64,64980.55,64925.06,64959.37,64923.75,64939.39,-57,SHORT,64937.17,64935.8,TRUE
07/27/2026,07/27/2026 12:47:33,12,12:45,64971.01,64993.92,64941.76,64971.22,64926.24,64953.39,-68,SHORT,64935.8,64951.08,FALSE
07/27/2026,07/27/2026 13:02:33,13,13:00,64951.01,64964.9,64937.28,64963.12,64933.61,64954.03,-31,SHORT,64951.08,64892.99,TRUE
07/27/2026,07/27/2026 13:17:33,13,13:15,64900.5,64909.29,64893.78,64913.99,64892.99,64910.66,-21,SHORT,64892.99,64839.89,TRUE
07/27/2026,07/27/2026 13:32:33,13,13:30,64821.04,64840.45,64818.02,64839.98,64833.6,64842.72,+25,LONG,64839.89,64765.61,FALSE
07/27/2026,07/27/2026 13:47:34,13,13:45,64768.01,64803.3,64761.02,64790.08,64761.03,64803.05,-42,SHORT,64765.61,64805.29,FALSE
07/27/2026,07/27/2026 14:02:34,14,14:00,64771.69,64797.69,64775.36,64798.0,64790.61,64807.0,+35,LONG,64805.29,64906.12,TRUE
07/27/2026,07/27/2026 14:17:33,14,14:15,64926.24,64955.68,64900.0,64938.8,64894.15,64915.99,-62,SHORT,64906.12,64927.47,FALSE
07/27/2026,07/27/2026 14:32:33,14,14:30,64857.0,64887.7,64876.61,64884.3,64884.3,64927.48,+70,LONG,64927.47,64910.79,FALSE
07/27/2026,07/27/2026 14:47:33,14,14:45,64903.57,64939.19,64900.48,64911.78,64900.48,64921.49,-39,SHORT,64910.79,64915.15,FALSE
07/27/2026,07/27/2026 15:02:33,15,15:00,64877.91,64900.48,64889.44,64904.73,64889.99,64920.93,+43,LONG,64915.15,64891.41,FALSE
07/27/2026,07/27/2026 15:17:33,15,15:15,64884.01,64898.22,64871.04,64884.02,64871.99,64891.42,-27,SHORT,64891.41,64950.14,FALSE
07/27/2026,07/27/2026 15:32:32,15,15:30,64911.59,64917.25,64909.27,64931.0,64928.27,64950.15,+41,LONG,64950.14,64881.97,FALSE
07/27/2026,07/27/2026 15:47:33,15,15:45,64888.33,64892.59,64890.97,64890.98,64879.58,64890.98,-13,SHORT,64881.97,64903.49,FALSE
07/27/2026,07/27/2026 16:02:33,16,16:00,64892.0,64900.28,64890.11,64897.7,64890.0,64903.55,+13,LONG,64903.49,64843.45,FALSE
07/27/2026,07/27/2026 16:17:33,16,16:15,64847.45,64871.05,64837.82,64854.0,64842.0,64843.62,-33,SHORT,64843.45,64767.4,TRUE
07/27/2026,07/27/2026 16:32:33,16,16:30,64790.2,64802.22,64790.08,64801.12,64756.96,64790.09,-45,SHORT,64767.4,64761.52,TRUE
07/27/2026,07/27/2026 16:47:33,16,16:45,64744.68,64751.71,64734.88,64754.08,64740.01,64774.07,+39,LONG,64761.52,64762.17,TRUE
07/27/2026,07/27/2026 17:02:33,17,17:00,64775.36,64785.39,64770.43,64779.01,64749.01,64780.85,-36,SHORT,64762.17,64669.79,TRUE
07/27/2026,07/27/2026 17:17:33,17,17:15,64640.5,64665.99,64653.8,64665.48,64639.88,64669.8,+29,LONG,64669.79,64542.99,FALSE
07/27/2026,07/27/2026 17:32:29,17,17:30,64538.68,64567.46,64538.18,64556.32,64536.27,64553.08,-31,SHORT,64542.99,64159.36,TRUE
07/27/2026,07/27/2026 17:47:33,17,17:45,64101.75,64190.0,64109.28,64186.55,64113.9,64195.0,+93,LONG,64159.36,63732.73,FALSE
07/27/2026,07/27/2026 18:02:33,18,18:00,63771.68,63980.04,63747.03,63834.91,63732.73,63834.9,-247,SHORT,63732.73,63741.28,FALSE
07/27/2026,07/27/2026 18:17:33,18,18:15,63675.82,63724.49,63720.26,63804.64,63730.24,63770.12,+129,LONG,63741.28,63823.05,TRUE
07/27/2026,07/27/2026 18:32:33,18,18:30,63796.48,63850.01,63796.49,63857.56,63823.04,63840.04,+61,LONG,63823.05,63630.87,FALSE
07/27/2026,07/27/2026 18:47:32,18,18:45,63571.0,63634.56,63608.8,63648.28,63609.65,63630.88,+77,LONG,63630.87,63694.43,TRUE
07/27/2026,07/27/2026 20:47:33,19,19:00,63708.27,63733.92,63704.48,63730.23,63691.52,63704.49,-42,SHORT,63694.43,63615.51,TRUE
07/27/2026,07/27/2026 20:47:33,19,19:15,63562.09,63617.1,63542.56,63576.46,63543.47,63622.51,+80,LONG,63615.51,63641.77,TRUE
07/27/2026,07/27/2026 20:47:33,19,19:30,63518.04,63572.76,63568.93,63617.44,63603.93,63645.46,+127,LONG,63641.77,63552.0,FALSE
07/27/2026,07/27/2026 20:47:33,19,19:45,63589.06,63607.24,63584.12,63613.87,63542.7,63610.64,-71,SHORT,63552.0,63421.94,TRUE
07/27/2026,07/27/2026 20:47:33,20,20:00,63461.91,63510.6,63443.2,63483.93,63409.34,63443.21,-101,SHORT,63421.94,63143.46,TRUE
07/27/2026,07/27/2026 20:47:33,20,20:15,63104.64,63168.55,63106.47,63170.09,63137.91,63174.2,+70,LONG,63143.46,63249.02,TRUE
07/27/2026,07/27/2026 20:47:33,20,20:30,63215.94,63234.88,63228.39,63297.02,63240.81,63259.1,+81,LONG,63249.02,63136.06,FALSE
07/27/2026,07/27/2026 20:47:33,20,20:45,63144.74,63170.87,63152.49,63179.75,63111.01,63161.95,-69,SHORT,63136.06,63170.47,FALSE
07/27/2026,07/27/2026 21:02:33,21,21:00,63157.61,63187.38,63156.16,63169.1,63160.71,63170.49,-31,SHORT,63170.47,63201.25,FALSE
07/27/2026,07/27/2026 21:17:33,21,21:15,63213.3,63221.99,63173.5,63213.3,63173.51,63202.5,-48,SHORT,63201.25,63165.91,TRUE
07/27/2026,07/27/2026 21:32:33,21,21:30,63178.2,63185.57,63179.65,63193.5,63161.9,63187.29,-32,SHORT,63165.91,63067.63,TRUE
07/27/2026,07/27/2026 21:47:33,21,21:45,63077.51,63096.33,63050.0,63093.85,63059.09,63074.04,-46,SHORT,63067.63,63115.57,FALSE
07/27/2026,07/27/2026 22:02:33,22,22:00,63113.39,63132.28,63121.43,63140.06,63115.56,63137.98,+27,LONG,63115.57,63206.32,TRUE
07/27/2026,07/27/2026 22:17:33,22,22:15,63170.47,63183.0,63170.89,63210.0,63197.7,63229.76,+59,LONG,63206.32,63227.98,TRUE
07/27/2026,07/27/2026 22:32:33,22,22:30,63215.99,63221.26,63217.31,63218.59,63209.26,63235.53,+20,LONG,63227.98,63289.72,TRUE
07/27/2026,07/27/2026 22:47:33,22,22:45,63289.88,63300.78,63291.96,63308.98,63289.72,63310.72,+21,LONG,63289.72,63279.32,FALSE
07/27/2026,07/27/2026 23:02:34,23,23:00,63216.66,63241.67,63215.39,63238.18,63238.17,63285.21,+70,LONG,63279.32,63266.63,FALSE
07/27/2026,07/27/2026 23:17:35,23,23:15,63203.76,63275.17,63221.65,63259.2,63237.98,63266.66,+63,LONG,63266.63,63223.85,FALSE
07/27/2026,07/27/2026 23:32:35,23,23:30,63226.52,63249.81,63218.73,63226.52,63218.72,63223.87,-31,SHORT,63223.85,63220.81,TRUE
07/27/2026,07/27/2026 23:47:34,23,23:45,63178.84,63184.49,63177.59,63196.48,63186.5,63220.82,+43,LONG,63220.81,63285.46,TRUE
07/28/2026,07/28/2026 00:02:34,0,00:00,63268.5,63287.47,63251.8,63283.72,63259.19,63290.64,+39,LONG,63285.46,63381.14,TRUE
07/28/2026,07/28/2026 00:17:35,0,00:15,63386.86,63403.68,63384.32,63390.58,63380.64,63384.33,-23,SHORT,63381.14,63474.98,FALSE
07/28/2026,07/28/2026 00:32:35,0,00:30,63429.79,63441.6,63433.64,63462.87,63460.41,63475.76,+46,LONG,63474.98,63481.36,TRUE
07/28/2026,07/28/2026 00:47:35,0,00:45,63461.18,63476.32,63464.41,63479.82,63463.17,63481.37,+20,LONG,63481.36,63378.2,FALSE
07/28/2026,07/28/2026 01:02:35,1,01:00,63403.5,63421.3,63403.71,63415.47,63378.2,63403.72,-43,SHORT,63378.2,63351.21,TRUE
07/28/2026,07/28/2026 01:17:33,1,01:15,63339.12,63348.25,63342.52,63361.5,63351.2,63361.51,+22,LONG,63351.21,63447.8,TRUE
07/28/2026,07/28/2026 01:32:33,1,01:30,63420.66,63448.3,63432.15,63456.25,63443.77,63454.24,+36,LONG,63447.8,63502.51,TRUE
07/28/2026,07/28/2026 01:47:32,1,01:45,63492.71,63504.0,63498.61,63517.48,63502.51,63515.58,+25,LONG,63502.51,63564.29,TRUE
07/28/2026,07/28/2026 02:02:33,2,02:00,63547.84,63554.2,63553.23,63566.7,63556.11,63575.0,+27,LONG,63564.29,63508.34,FALSE
07/28/2026,07/28/2026 02:17:33,2,02:15,63483.68,63489.78,63476.42,63489.77,63471.68,63518.21,+42,LONG,63508.34,63500.9,FALSE
07/28/2026,07/28/2026 02:32:33,2,02:30,63481.02,63511.12,63484.21,63488.9,63482.68,63500.91,-28,SHORT,63500.9,63417.05,TRUE
07/28/2026,07/28/2026 02:47:33,2,02:45,63434.0,63444.67,63423.53,63434.0,63410.81,63423.53,-34,SHORT,63417.05,63435.8,FALSE
07/28/2026,07/28/2026 03:02:33,3,03:00,63444.18,63454.07,63428.84,63445.51,63428.84,63435.81,-25,SHORT,63435.8,63361.5,TRUE
07/28/2026,07/28/2026 03:17:33,3,03:15,63385.34,63390.17,63380.58,63385.35,63361.5,63380.59,-29,SHORT,63361.5,63398.09,FALSE
07/28/2026,07/28/2026 03:32:33,3,03:30,63393.31,63420.01,63394.51,63418.44,63396.5,63408.96,-26,SHORT,63398.09,63428.99,FALSE
07/28/2026,07/28/2026 03:47:34,3,03:45,63397.51,63439.44,63406.01,63431.0,63427.51,63446.98,+49,LONG,63428.99,63353.5,FALSE
07/28/2026,07/28/2026 04:02:34,4,04:00,63332.94,63351.43,63349.91,63352.33,63351.92,63353.52,+21,LONG,63353.5,63358.57,TRUE
07/28/2026,07/28/2026 04:17:33,4,04:15,63380.37,63386.94,63378.18,63381.47,63355.5,63378.18,-31,SHORT,63358.57,63420.34,FALSE
07/28/2026,07/28/2026 04:32:33,4,04:30,63374.45,63393.3,63385.37,63400.49,63400.49,63421.92,+47,LONG,63420.34,63442.68,TRUE
07/28/2026,07/28/2026 04:47:33,4,04:45,63449.99,63454.4,63448.51,63454.4,63432.02,63449.75,-22,SHORT,63442.68,63322.28,TRUE
07/28/2026,07/28/2026 05:02:33,5,05:00,63290.15,63316.81,63291.54,63323.79,63322.24,63323.78,+34,LONG,63322.28,63274.81,FALSE
07/28/2026,07/28/2026 05:17:33,5,05:15,63250.2,63293.43,63250.49,63277.74,63274.44,63278.22,-43,SHORT,63274.81,63313.64,FALSE
07/28/2026,07/28/2026 05:32:33,5,05:30,63238.47,63255.51,63255.5,63282.0,63282.0,63313.64,+75,LONG,63313.64,63452.06,TRUE
07/28/2026,07/28/2026 05:47:33,5,05:45,63412.7,63445.51,63422.63,63435.45,63429.0,63459.21,+47,LONG,63452.06,63401.11,FALSE
07/28/2026,07/28/2026 06:02:33,6,06:00,63402.85,63430.19,63413.23,63423.16,63393.41,63413.24,-37,SHORT,63401.11,63294.73,TRUE
07/28/2026,07/28/2026 06:17:33,6,06:15,63305.4,63321.66,63300.01,63320.92,63291.54,63305.59,-30,SHORT,63294.73,63383.76,FALSE
07/28/2026,07/28/2026 06:32:33,6,06:30,63372.04,63396.16,63355.3,63372.04,63366.0,63402.84,+48,LONG,63383.76,63321.45,FALSE
07/28/2026,07/28/2026 06:47:33,6,06:45,63280.99,63355.49,63311.29,63337.53,63319.0,63346.94,+66,LONG,63321.45,63393.51,TRUE
07/28/2026,07/28/2026 07:02:34,7,07:00,63387.33,63404.0,63393.3,63436.49,63382.46,63445.0,+58,LONG,63393.51,63376.5,FALSE
07/28/2026,07/28/2026 07:17:33,7,07:15,63392.29,63415.54,63385.92,63401.93,63376.49,63401.0,-39,SHORT,63376.5,63355.13,TRUE
07/28/2026,07/28/2026 07:32:33,7,07:30,63410.2,63449.48,63374.93,63446.59,63342.52,63397.97,-107,SHORT,63355.13,63401.29,FALSE
07/28/2026,07/28/2026 07:47:33,7,07:45,63347.45,63404.67,63379.49,63406.0,63387.44,63403.52,+59,LONG,63401.29,63470.34,TRUE
07/28/2026,07/28/2026 08:02:35,8,08:00,63468.71,63498.09,63478.65,63490.49,63462.75,63487.22,-35,SHORT,63470.34,63435.63,TRUE
07/28/2026,07/28/2026 08:17:34,8,08:15,63419.92,63425.78,63400.21,63420.34,63412.39,63445.63,+45,LONG,63435.63,63231.82,FALSE
07/28/2026,07/28/2026 08:32:33,8,08:30,63226.25,63284.06,63219.05,63246.63,63227.41,63253.37,-65,SHORT,63231.82,62909.0,TRUE
07/28/2026,07/28/2026 08:47:33,8,08:45,62887.5,62982.62,62870.95,62936.2,62887.68,62963.99,-112,SHORT,62909.0,63026.07,FALSE
07/28/2026,07/28/2026 09:02:33,9,09:00,62980.16,63040.32,62980.0,63014.88,62991.5,63026.09,-60,SHORT,63026.07,63075.29,FALSE
07/28/2026,07/28/2026 09:17:34,9,09:15,63139.3,63213.95,63137.34,63173.34,63060.0,63141.6,-154,SHORT,63075.29,63103.91,FALSE
07/28/2026,07/28/2026 09:32:33,9,09:30,63091.2,63164.29,63076.65,63116.63,63068.78,63119.66,-96,SHORT,63103.91,63278.82,FALSE
07/28/2026,07/28/2026 09:47:33,9,09:45,63275.68,63345.69,63278.82,63326.52,63253.38,63321.09,-92,SHORT,63278.82,63336.06,FALSE
07/28/2026,07/28/2026 10:02:34,10,10:00,63348.77,63382.94,63345.6,63355.98,63323.34,63358.13,-60,SHORT,63336.06,63381.9,FALSE
07/28/2026,07/28/2026 10:17:33,10,10:15,63310.58,63418.74,63344.3,63401.56,63381.9,63421.91,+111,LONG,63381.9,63675.55,TRUE
07/28/2026,07/28/2026 10:32:36,10,10:30,63749.44,63904.16,63712.19,63758.08,63669.96,63724.01,-234,SHORT,63675.55,63797.17,FALSE
07/28/2026,07/28/2026 10:47:36,10,10:45,63773.4,63835.34,63773.4,63823.64,63775.7,63809.79,-62,SHORT,63797.17,63857.59,FALSE
07/28/2026,07/28/2026 11:02:35,11,11:00,63778.1,63813.29,63799.25,63843.6,63836.05,63865.34,+87,LONG,63857.59,63746.29,FALSE
07/28/2026,07/28/2026 11:17:37,11,11:15,63778.08,63816.24,63739.92,63787.63,63733.56,63746.29,-83,SHORT,63746.29,63768.55,FALSE
07/28/2026,07/28/2026 11:32:34,11,11:30,63746.28,63784.43,63766.45,63788.41,63762.18,63780.0,+42,LONG,63768.55,63844.86,TRUE
07/28/2026,07/28/2026 11:47:33,11,11:45,63819.42,63857.48,63841.0,63876.66,63836.01,63871.31,+57,LONG,63844.86,63969.76,TRUE
07/28/2026,07/28/2026 12:02:35,12,12:00,63950.16,64001.07,63955.66,63995.83,63957.87,63975.0,+46,LONG,63969.76,63736.13,FALSE
07/28/2026,07/28/2026 12:17:34,12,12:15,63737.56,63771.72,63730.77,63789.94,63736.07,63745.29,-54,SHORT,63736.13,63660.93,TRUE
07/28/2026,07/28/2026 12:32:34,12,12:30,63667.54,63710.43,63673.14,63710.58,63660.93,63676.18,-50,SHORT,63660.93,63488.7,TRUE
07/28/2026,07/28/2026 12:47:35,12,12:45,63496.02,63540.95,63472.8,63504.6,63485.86,63506.9,-68,SHORT,63488.7,63619.46,FALSE
07/28/2026,07/28/2026 13:02:34,13,13:00,63562.42,63584.08,63564.34,63580.91,63580.91,63619.47,+57,LONG,63619.46,63618.06,FALSE
07/28/2026,07/28/2026 13:17:34,13,13:15,63644.52,63659.73,63622.26,63655.44,63605.2,63651.6,-55,SHORT,63618.06,63624.99,FALSE
07/28/2026,07/28/2026 13:32:34,13,13:30,63604.04,63634.89,63619.08,63634.85,63614.27,63630.0,+31,LONG,63624.99,63681.12,TRUE
07/28/2026,07/28/2026 13:47:36,13,13:45,63633.42,63680.73,63680.52,63699.43,63678.04,63692.78,+66,LONG,63681.12,63656.58,FALSE
07/28/2026,07/28/2026 14:02:34,14,14:00,63640.92,63662.53,63644.89,63663.6,63654.06,63663.28,+23,LONG,63656.58,63681.73,TRUE
07/28/2026,07/28/2026 14:17:35,14,14:15,63695.4,63704.74,63679.5,63696.86,63678.18,63688.55,-27,SHORT,63681.73,63671.55,TRUE
07/28/2026,07/28/2026 14:32:34,14,14:30,63646.97,63669.36,63659.36,63684.85,63665.78,63679.26,+38,LONG,63671.55,63616.9,FALSE
07/28/2026,07/28/2026 14:47:34,14,14:45,63662.16,63688.08,63619.78,63662.17,63600.97,63627.21,-87,SHORT,63616.9,63825.78,FALSE
07/28/2026,07/28/2026 15:02:34,15,15:00,63779.0,63809.97,63774.03,63791.37,63783.97,63826.3,+52,LONG,63825.78,63914.02,TRUE
07/28/2026,07/28/2026 15:17:34,15,15:15,63870.42,63886.11,63883.0,63904.72,63902.83,63924.35,+54,LONG,63914.02,63819.77,FALSE
07/28/2026,07/28/2026 15:32:34,15,15:30,63825.28,63843.87,63821.01,63844.86,63813.06,63838.5,-32,SHORT,63819.77,63855.3,FALSE
07/28/2026,07/28/2026 15:47:34,15,15:45,63828.96,63862.08,63843.66,63863.78,63843.86,63856.01,+35,LONG,63855.3,63834.48,FALSE
07/28/2026,07/28/2026 16:02:34,16,16:00,63846.45,63851.13,63825.93,63848.56,63825.1,63838.49,-26,SHORT,63834.48,63838.5,FALSE
07/28/2026,07/28/2026 16:17:34,16,16:15,63864.25,63883.47,63856.25,63909.52,63838.5,63861.47,-71,SHORT,63838.5,63837.31,TRUE
07/28/2026,07/28/2026 16:32:33,16,16:30,63822.6,63835.32,63834.5,63835.32,63832.66,63837.31,+15,LONG,63837.31,63957.74,TRUE
07/28/2026,07/28/2026 16:47:33,16,16:45,63924.36,63945.72,63924.37,63949.8,63946.61,63957.77,+33,LONG,63957.74,63892.88,FALSE
07/28/2026,07/28/2026 17:02:34,17,17:00,63926.06,63938.63,63937.08,63959.49,63883.03,63937.09,-76,SHORT,63892.88,63912.74,FALSE
07/28/2026,07/28/2026 17:17:43,17,17:15,63910.97,63931.29,63893.07,63923.78,63871.08,63912.75,-60,SHORT,63912.74,63837.45,TRUE
07/28/2026,07/28/2026 17:32:39,17,17:30,63847.8,63859.33,63840.0,63851.16,63835.88,63840.01,-23,SHORT,63837.45,,NA
07/30/2026,07/30/2026 08:37:43,6,06:30,64488.73,64496.77,64490.34,64495.48,64495.47,64495.48,+7,LONG,64495.48,64578.11,TRUE
07/30/2026,07/30/2026 08:37:43,6,06:45,64565.42,64578.1,64569.8,64584.72,64578.1,64586.25,+21,LONG,64578.11,64707.18,TRUE
07/30/2026,07/30/2026 08:37:43,7,07:00,64718.94,64727.05,64710.0,64743.59,64695.01,64717.69,-49,SHORT,64707.18,64902.53,FALSE
07/30/2026,07/30/2026 08:37:43,7,07:15,64837.4,64884.0,64859.45,64892.34,64877.67,64942.99,+106,LONG,64902.53,64803.18,FALSE
07/30/2026,07/30/2026 08:37:43,7,07:30,64853.27,64865.11,64792.0,64853.27,64797.22,64810.76,-73,SHORT,64803.18,64757.0,TRUE
07/30/2026,07/30/2026 08:37:43,7,07:45,64783.32,64810.88,64773.54,64787.0,64756.99,64774.97,-54,SHORT,64757.0,64839.6,FALSE
07/30/2026,07/30/2026 08:37:43,8,08:00,64824.5,64853.75,64843.05,64865.56,64839.59,64857.61,+41,LONG,64839.6,64760.16,FALSE
07/30/2026,07/30/2026 08:37:43,8,08:15,64763.47,64775.73,64775.73,64796.56,64756.84,64793.25,-40,SHORT,64760.16,64747.96,TRUE
07/30/2026,07/30/2026 08:37:43,8,08:30,64750.22,64770.09,64745.35,64760.13,64743.6,64747.96,-26,SHORT,64747.96,,NA
