config,trades,trades_per_day,wins,stops,scratch,win_rate,tp_before_sl,profit_factor,net_pct,max_drawdown_pct,avg_hold_min
LONG:above_vwap+above_pivot+macd_x_up_neg|nk0.8|vm0.8|full_0845_1400,10,0.17,10,0,0,100.0,100.0,inf,3.0,0.0,24.0
LONG:above_vwap+above_pivot+macd_x_up+macd_x_up_neg|nk0.8|vm0.8|full_0845_1400,10,0.17,10,0,0,100.0,100.0,inf,3.0,0.0,24.0
LONG:above_pivot+macd_x_up_neg|nk0.8|vm1.2|full_0845_1400,9,0.15,9,0,0,100.0,100.0,inf,2.7,0.0,21.7
LONG:above_pivot+macd_x_up+macd_x_up_neg|nk0.8|vm1.2|full_0845_1400,9,0.15,9,0,0,100.0,100.0,inf,2.7,0.0,21.7
LONG:above_pivot+macd_x_up_neg+cvd_up|nk0.8|vm0.8|full_0845_1400,9,0.15,9,0,0,100.0,100.0,inf,2.7,0.0,24.4
LONG:above_vwap+adi_up+above_pivot+macd_x_up_neg|nk0.8|vm0.8|full_0845_1400,9,0.15,9,0,0,100.0,100.0,inf,2.7,0.0,24.4
LONG:above_vwap+above_pivot+macd_x_up_neg+strong_close|nk0.8|vm0.8|full_0845_1400,9,0.15,9,0,0,100.0,100.0,inf,2.7,0.0,24.4
LONG:above_vwap+above_pivot+macd_x_up_neg+cvd_up|nk0.8|vm0.8|full_0845_1400,9,0.15,9,0,0,100.0,100.0,inf,2.7,0.0,24.4
LONG:adi_up+above_pivot+macd_x_up_neg+cvd_up|nk0.8|vm0.8|full_0845_1400,9,0.15,9,0,0,100.0,100.0,inf,2.7,0.0,24.4
LONG:above_pivot+macd_x_up+macd_x_up_neg+cvd_up|nk0.8|vm0.8|full_0845_1400,9,0.15,9,0,0,100.0,100.0,inf,2.7,0.0,24.4
LONG:above_pivot+macd_x_up_neg+strong_close+cvd_up|nk0.8|vm0.8|full_0845_1400,9,0.15,9,0,0,100.0,100.0,inf,2.7,0.0,24.4
LONG:above_vwap+above_pivot+macd_x_up_neg|nk0.8|vm1.2|full_0845_1400,8,0.13,8,0,0,100.0,100.0,inf,2.4,0.0,22.5
LONG:adi_up+above_pivot+macd_x_up_neg|nk0.8|vm1.2|full_0845_1400,8,0.13,8,0,0,100.0,100.0,inf,2.4,0.0,21.9
LONG:above_pivot+macd_x_up_neg+strong_close|nk0.8|vm1.2|full_0845_1400,8,0.13,8,0,0,100.0,100.0,inf,2.4,0.0,21.9
LONG:above_vwap+above_pivot+macd_x_up+macd_x_up_neg|nk0.8|vm1.2|full_0845_1400,8,0.13,8,0,0,100.0,100.0,inf,2.4,0.0,22.5
LONG:adi_up+above_pivot+macd_x_up+macd_x_up_neg|nk0.8|vm1.2|full_0845_1400,8,0.13,8,0,0,100.0,100.0,inf,2.4,0.0,21.9
LONG:adi_up+above_pivot+macd_x_up_neg+strong_close|nk0.8|vm1.2|full_0845_1400,8,0.13,8,0,0,100.0,100.0,inf,2.4,0.0,21.9
LONG:above_pivot+macd_x_up+macd_x_up_neg+strong_close|nk0.8|vm1.2|full_0845_1400,8,0.13,8,0,0,100.0,100.0,inf,2.4,0.0,21.9
LONG:above_pivot+macd_x_up_neg|nk0.0|vm1.2|am_0845_1130,7,0.12,7,0,0,100.0,100.0,inf,2.1,0.0,12.1
LONG:above_pivot+macd_x_up_neg|nk0.5|vm1.2|am_0845_1130,7,0.12,7,0,0,100.0,100.0,inf,2.1,0.0,12.1
LONG:macd_x_up_neg+hist_turn_up|nk0.0|vm0.8|full_0845_1400,7,0.12,7,0,0,100.0,100.0,inf,2.1,0.0,15.7
LONG:macd_x_up_neg+hist_turn_up|nk0.5|vm0.8|full_0845_1400,7,0.12,7,0,0,100.0,100.0,inf,2.1,0.0,15.7
LONG:vwap_reclaim+above_pivot+macd_x_up_neg|nk0.8|vm0.8|full_0845_1400,7,0.12,7,0,0,100.0,100.0,inf,2.1,0.0,28.6
LONG:above_vwap+above_pivot+macd_x_up_neg|nk0.0|vm0.8|am_0845_1130,7,0.12,7,0,0,100.0,100.0,inf,2.1,0.0,17.1
LONG:above_vwap+above_pivot+macd_x_up_neg|nk0.5|vm0.8|am_0845_1130,7,0.12,7,0,0,100.0,100.0,inf,2.1,0.0,17.1
LONG:adi_up+above_pivot+macd_x_up_neg|nk0.0|vm1.2|am_0845_1130,7,0.12,7,0,0,100.0,100.0,inf,2.1,0.0,12.1
LONG:adi_up+above_pivot+macd_x_up_neg|nk0.5|vm1.2|am_0845_1130,7,0.12,7,0,0,100.0,100.0,inf,2.1,0.0,12.1
LONG:above_pivot+macd_x_up+macd_x_up_neg|nk0.0|vm1.2|am_0845_1130,7,0.12,7,0,0,100.0,100.0,inf,2.1,0.0,12.1
LONG:above_pivot+macd_x_up+macd_x_up_neg|nk0.5|vm1.2|am_0845_1130,7,0.12,7,0,0,100.0,100.0,inf,2.1,0.0,12.1
LONG:above_pivot+macd_x_up_neg+cvd_up|nk0.0|vm0.8|am_0845_1130,7,0.12,7,0,0,100.0,100.0,inf,2.1,0.0,17.1
LONG:above_pivot+macd_x_up_neg+cvd_up|nk0.5|vm0.8|am_0845_1130,7,0.12,7,0,0,100.0,100.0,inf,2.1,0.0,17.1
LONG:above_pivot+macd_x_up_neg+cvd_up|nk0.8|vm1.2|full_0845_1400,7,0.12,7,0,0,100.0,100.0,inf,2.1,0.0,22.9
LONG:macd_x_up+macd_x_up_neg+hist_turn_up|nk0.0|vm0.8|full_0845_1400,7,0.12,7,0,0,100.0,100.0,inf,2.1,0.0,15.7
LONG:macd_x_up+macd_x_up_neg+hist_turn_up|nk0.5|vm0.8|full_0845_1400,7,0.12,7,0,0,100.0,100.0,inf,2.1,0.0,15.7
LONG:vwap_reclaim+above_vwap+above_pivot+macd_x_up_neg|nk0.8|vm0.8|full_0845_1400,7,0.12,7,0,0,100.0,100.0,inf,2.1,0.0,28.6
LONG:vwap_reclaim+above_pivot+macd_x_up+macd_x_up_neg|nk0.8|vm0.8|full_0845_1400,7,0.12,7,0,0,100.0,100.0,inf,2.1,0.0,28.6
LONG:above_vwap+adi_up+above_pivot+macd_x_up_neg|nk0.0|vm0.8|am_0845_1130,7,0.12,7,0,0,100.0,100.0,inf,2.1,0.0,17.1
LONG:above_vwap+adi_up+above_pivot+macd_x_up_neg|nk0.5|vm0.8|am_0845_1130,7,0.12,7,0,0,100.0,100.0,inf,2.1,0.0,17.1
LONG:above_vwap+adi_up+above_pivot+macd_x_up_neg|nk0.8|vm1.2|full_0845_1400,7,0.12,7,0,0,100.0,100.0,inf,2.1,0.0,22.9
LONG:above_vwap+above_pivot+macd_x_up+macd_x_up_neg|nk0.0|vm0.8|am_0845_1130,7,0.12,7,0,0,100.0,100.0,inf,2.1,0.0,17.1
LONG:above_vwap+above_pivot+macd_x_up+macd_x_up_neg|nk0.5|vm0.8|am_0845_1130,7,0.12,7,0,0,100.0,100.0,inf,2.1,0.0,17.1
LONG:above_vwap+above_pivot+macd_x_up_neg+strong_close|nk0.8|vm1.2|full_0845_1400,7,0.12,7,0,0,100.0,100.0,inf,2.1,0.0,22.9
LONG:above_vwap+above_pivot+macd_x_up_neg+cvd_up|nk0.0|vm0.8|am_0845_1130,7,0.12,7,0,0,100.0,100.0,inf,2.1,0.0,17.1
LONG:above_vwap+above_pivot+macd_x_up_neg+cvd_up|nk0.5|vm0.8|am_0845_1130,7,0.12,7,0,0,100.0,100.0,inf,2.1,0.0,17.1
LONG:above_vwap+above_pivot+macd_x_up_neg+cvd_up|nk0.8|vm1.2|full_0845_1400,7,0.12,7,0,0,100.0,100.0,inf,2.1,0.0,22.9
LONG:adi_up+above_pivot+macd_x_up+macd_x_up_neg|nk0.0|vm1.2|am_0845_1130,7,0.12,7,0,0,100.0,100.0,inf,2.1,0.0,12.1
LONG:adi_up+above_pivot+macd_x_up+macd_x_up_neg|nk0.5|vm1.2|am_0845_1130,7,0.12,7,0,0,100.0,100.0,inf,2.1,0.0,12.1
LONG:adi_up+above_pivot+macd_x_up_neg+cvd_up|nk0.0|vm0.8|am_0845_1130,7,0.12,7,0,0,100.0,100.0,inf,2.1,0.0,17.1
LONG:adi_up+above_pivot+macd_x_up_neg+cvd_up|nk0.5|vm0.8|am_0845_1130,7,0.12,7,0,0,100.0,100.0,inf,2.1,0.0,17.1
LONG:adi_up+above_pivot+macd_x_up_neg+cvd_up|nk0.8|vm1.2|full_0845_1400,7,0.12,7,0,0,100.0,100.0,inf,2.1,0.0,22.9
LONG:above_pivot+macd_x_up+macd_x_up_neg+cvd_up|nk0.0|vm0.8|am_0845_1130,7,0.12,7,0,0,100.0,100.0,inf,2.1,0.0,17.1
LONG:above_pivot+macd_x_up+macd_x_up_neg+cvd_up|nk0.5|vm0.8|am_0845_1130,7,0.12,7,0,0,100.0,100.0,inf,2.1,0.0,17.1
LONG:above_pivot+macd_x_up+macd_x_up_neg+cvd_up|nk0.8|vm1.2|full_0845_1400,7,0.12,7,0,0,100.0,100.0,inf,2.1,0.0,22.9
LONG:above_pivot+macd_x_up_neg+strong_close+cvd_up|nk0.8|vm1.2|full_0845_1400,7,0.12,7,0,0,100.0,100.0,inf,2.1,0.0,22.9
LONG:macd_x_up_neg+hist_turn_up|nk0.8|vm0.8|full_0845_1400,6,0.1,6,0,0,100.0,100.0,inf,1.8,0.0,16.7
LONG:macd_x_up_neg+strong_close|nk0.8|vm1.2|pm_1130_1400,6,0.1,6,0,0,100.0,100.0,inf,1.8,0.0,23.3
LONG:above_vwap+above_pivot+macd_x_up_neg|nk0.8|vm0.8|am_0845_1130,6,0.1,6,0,0,100.0,100.0,inf,1.8,0.0,18.3
LONG:adi_up+macd_x_up_neg+strong_close|nk0.8|vm1.2|pm_1130_1400,6,0.1,6,0,0,100.0,100.0,inf,1.8,0.0,23.3
LONG:above_pivot+macd_x_up_neg+cvd_up|nk0.8|vm0.8|am_0845_1130,6,0.1,6,0,0,100.0,100.0,inf,1.8,0.0,18.3
LONG:above_pivot+macd_x_up_neg+cvd_up_v|nk0.8|vm0.8|full_0845_1400,6,0.1,6,0,0,100.0,100.0,inf,1.8,0.0,25.0
LONG:above_pivot+macd_x_up_neg+cvd_up_v|nk0.8|vm1.2|full_0845_1400,6,0.1,6,0,0,100.0,100.0,inf,1.8,0.0,25.0
LONG:macd_x_up+macd_x_up_neg+hist_turn_up|nk0.8|vm0.8|full_0845_1400,6,0.1,6,0,0,100.0,100.0,inf,1.8,0.0,16.7
LONG:macd_x_up+macd_x_up_neg+strong_close|nk0.8|vm1.2|pm_1130_1400,6,0.1,6,0,0,100.0,100.0,inf,1.8,0.0,23.3
LONG:vwap_reclaim+adi_up+above_pivot+macd_x_up_neg|nk0.8|vm0.8|full_0845_1400,6,0.1,6,0,0,100.0,100.0,inf,1.8,0.0,30.0
LONG:vwap_reclaim+above_pivot+macd_x_up_neg+strong_close|nk0.8|vm0.8|full_0845_1400,6,0.1,6,0,0,100.0,100.0,inf,1.8,0.0,30.0
LONG:vwap_reclaim+above_pivot+macd_x_up_neg+cvd_up|nk0.8|vm0.8|full_0845_1400,6,0.1,6,0,0,100.0,100.0,inf,1.8,0.0,30.0
LONG:above_vwap+adi_up+above_pivot+macd_x_up_neg|nk0.8|vm0.8|am_0845_1130,6,0.1,6,0,0,100.0,100.0,inf,1.8,0.0,18.3
LONG:above_vwap+above_pivot+macd_x_up+macd_x_up_neg|nk0.8|vm0.8|am_0845_1130,6,0.1,6,0,0,100.0,100.0,inf,1.8,0.0,18.3
LONG:above_vwap+above_pivot+macd_x_up_neg+strong_close|nk0.0|vm0.8|am_0845_1130,6,0.1,6,0,0,100.0,100.0,inf,1.8,0.0,18.3
LONG:above_vwap+above_pivot+macd_x_up_neg+strong_close|nk0.5|vm0.8|am_0845_1130,6,0.1,6,0,0,100.0,100.0,inf,1.8,0.0,18.3
LONG:above_vwap+above_pivot+macd_x_up_neg+strong_close|nk0.8|vm0.8|am_0845_1130,6,0.1,6,0,0,100.0,100.0,inf,1.8,0.0,18.3
LONG:above_vwap+above_pivot+macd_x_up_neg+cvd_up|nk0.8|vm0.8|am_0845_1130,6,0.1,6,0,0,100.0,100.0,inf,1.8,0.0,18.3
LONG:above_vwap+above_pivot+macd_x_up_neg+cvd_up_v|nk0.8|vm0.8|full_0845_1400,6,0.1,6,0,0,100.0,100.0,inf,1.8,0.0,25.0
LONG:above_vwap+above_pivot+macd_x_up_neg+cvd_up_v|nk0.8|vm1.2|full_0845_1400,6,0.1,6,0,0,100.0,100.0,inf,1.8,0.0,25.0
LONG:adi_up+above_pivot+macd_x_up_neg+cvd_up|nk0.8|vm0.8|am_0845_1130,6,0.1,6,0,0,100.0,100.0,inf,1.8,0.0,18.3
LONG:adi_up+above_pivot+macd_x_up_neg+cvd_up_v|nk0.8|vm0.8|full_0845_1400,6,0.1,6,0,0,100.0,100.0,inf,1.8,0.0,25.0
LONG:adi_up+above_pivot+macd_x_up_neg+cvd_up_v|nk0.8|vm1.2|full_0845_1400,6,0.1,6,0,0,100.0,100.0,inf,1.8,0.0,25.0
LONG:adi_up+macd_x_up+macd_x_up_neg+strong_close|nk0.8|vm1.2|pm_1130_1400,6,0.1,6,0,0,100.0,100.0,inf,1.8,0.0,23.3
LONG:above_pivot+macd_x_up+macd_x_up_neg+cvd_up|nk0.8|vm0.8|am_0845_1130,6,0.1,6,0,0,100.0,100.0,inf,1.8,0.0,18.3
LONG:above_pivot+macd_x_up+macd_x_up_neg+cvd_up_v|nk0.8|vm0.8|full_0845_1400,6,0.1,6,0,0,100.0,100.0,inf,1.8,0.0,25.0
LONG:above_pivot+macd_x_up+macd_x_up_neg+cvd_up_v|nk0.8|vm1.2|full_0845_1400,6,0.1,6,0,0,100.0,100.0,inf,1.8,0.0,25.0
LONG:above_pivot+macd_x_up_neg+strong_close+cvd_up|nk0.0|vm0.8|am_0845_1130,6,0.1,6,0,0,100.0,100.0,inf,1.8,0.0,18.3
LONG:above_pivot+macd_x_up_neg+strong_close+cvd_up|nk0.5|vm0.8|am_0845_1130,6,0.1,6,0,0,100.0,100.0,inf,1.8,0.0,18.3
LONG:above_pivot+macd_x_up_neg+strong_close+cvd_up|nk0.8|vm0.8|am_0845_1130,6,0.1,6,0,0,100.0,100.0,inf,1.8,0.0,18.3
LONG:above_pivot+macd_x_up_neg+strong_close+cvd_up_v|nk0.8|vm0.8|full_0845_1400,6,0.1,6,0,0,100.0,100.0,inf,1.8,0.0,25.0
LONG:above_pivot+macd_x_up_neg+strong_close+cvd_up_v|nk0.8|vm1.2|full_0845_1400,6,0.1,6,0,0,100.0,100.0,inf,1.8,0.0,25.0
LONG:above_pivot+macd_x_up_neg+cvd_up+cvd_up_v|nk0.8|vm0.8|full_0845_1400,6,0.1,6,0,0,100.0,100.0,inf,1.8,0.0,25.0
LONG:above_pivot+macd_x_up_neg+cvd_up+cvd_up_v|nk0.8|vm1.2|full_0845_1400,6,0.1,6,0,0,100.0,100.0,inf,1.8,0.0,25.0
LONG:above_vwap+adi_up+macd_x_up_neg|nk0.8|vm1.2|full_0845_1400,13,0.22,12,1,0,92.3,92.3,12.0,3.3,0.3,15.4
LONG:above_vwap+adi_up+macd_x_up+macd_x_up_neg|nk0.8|vm1.2|full_0845_1400,13,0.22,12,1,0,92.3,92.3,12.0,3.3,0.3,15.4
LONG:above_vwap+adi_up+macd_x_up_neg+strong_close|nk0.8|vm1.2|full_0845_1400,13,0.22,12,1,0,92.3,92.3,12.0,3.3,0.3,15.4
LONG:vwap_reclaim+macd_x_up_neg|nk0.8|vm0.8|full_0845_1400,12,0.2,11,1,0,91.7,91.7,11.0,3.0,0.3,19.6
LONG:vwap_reclaim+above_vwap+macd_x_up_neg|nk0.8|vm0.8|full_0845_1400,12,0.2,11,1,0,91.7,91.7,11.0,3.0,0.3,19.6
LONG:vwap_reclaim+macd_x_up+macd_x_up_neg|nk0.8|vm0.8|full_0845_1400,12,0.2,11,1,0,91.7,91.7,11.0,3.0,0.3,19.6
LONG:above_vwap+adi_up+macd_x_up_neg|nk0.0|vm1.2|am_0845_1130,12,0.2,11,1,0,91.7,91.7,11.0,3.0,0.3,9.2
LONG:above_vwap+adi_up+macd_x_up_neg|nk0.5|vm1.2|am_0845_1130,12,0.2,11,1,0,91.7,91.7,11.0,3.0,0.3,9.2
LONG:adi_up+macd_x_up_neg+cvd_up|nk0.8|vm1.2|full_0845_1400,12,0.2,11,1,0,91.7,91.7,11.0,3.0,0.3,16.2
LONG:vwap_reclaim+above_vwap+macd_x_up+macd_x_up_neg|nk0.8|vm0.8|full_0845_1400,12,0.2,11,1,0,91.7,91.7,11.0,3.0,0.3,19.6
LONG:above_vwap+adi_up+macd_x_up+macd_x_up_neg|nk0.0|vm1.2|am_0845_1130,12,0.2,11,1,0,91.7,91.7,11.0,3.0,0.3,9.2
LONG:above_vwap+adi_up+macd_x_up+macd_x_up_neg|nk0.5|vm1.2|am_0845_1130,12,0.2,11,1,0,91.7,91.7,11.0,3.0,0.3,9.2
LONG:above_vwap+adi_up+macd_x_up_neg+cvd_up|nk0.8|vm1.2|full_0845_1400,12,0.2,11,1,0,91.7,91.7,11.0,3.0,0.3,16.2
LONG:adi_up+macd_x_up+macd_x_up_neg+cvd_up|nk0.8|vm1.2|full_0845_1400,12,0.2,11,1,0,91.7,91.7,11.0,3.0,0.3,16.2
LONG:adi_up+macd_x_up_neg+strong_close+cvd_up|nk0.8|vm1.2|full_0845_1400,12,0.2,11,1,0,91.7,91.7,11.0,3.0,0.3,16.2
SHORT:below_pivot+weak_close+orb_break_dn_v|nk0.0|vm0.8|full_0845_1400,12,0.2,11,1,0,91.7,91.7,11.0,3.0,0.3,11.2
SHORT:below_pivot+weak_close+orb_break_dn_v|nk0.0|vm1.2|full_0845_1400,12,0.2,11,1,0,91.7,91.7,11.0,3.0,0.3,11.2
SHORT:below_pivot+weak_close+orb_break_dn_v|nk0.5|vm0.8|full_0845_1400,12,0.2,11,1,0,91.7,91.7,11.0,3.0,0.3,11.2
SHORT:below_pivot+weak_close+orb_break_dn_v|nk0.5|vm1.2|full_0845_1400,12,0.2,11,1,0,91.7,91.7,11.0,3.0,0.3,11.2
SHORT:below_vwap+below_pivot+weak_close+orb_break_dn_v|nk0.0|vm0.8|full_0845_1400,12,0.2,11,1,0,91.7,91.7,11.0,3.0,0.3,11.2
SHORT:below_vwap+below_pivot+weak_close+orb_break_dn_v|nk0.0|vm1.2|full_0845_1400,12,0.2,11,1,0,91.7,91.7,11.0,3.0,0.3,11.2
SHORT:below_vwap+below_pivot+weak_close+orb_break_dn_v|nk0.5|vm0.8|full_0845_1400,12,0.2,11,1,0,91.7,91.7,11.0,3.0,0.3,11.2
SHORT:below_vwap+below_pivot+weak_close+orb_break_dn_v|nk0.5|vm1.2|full_0845_1400,12,0.2,11,1,0,91.7,91.7,11.0,3.0,0.3,11.2
SHORT:below_pivot+weak_close+orb_break_dn+orb_break_dn_v|nk0.0|vm0.8|full_0845_1400,12,0.2,11,1,0,91.7,91.7,11.0,3.0,0.3,11.2
SHORT:below_pivot+weak_close+orb_break_dn+orb_break_dn_v|nk0.0|vm1.2|full_0845_1400,12,0.2,11,1,0,91.7,91.7,11.0,3.0,0.3,11.2
SHORT:below_pivot+weak_close+orb_break_dn+orb_break_dn_v|nk0.5|vm0.8|full_0845_1400,12,0.2,11,1,0,91.7,91.7,11.0,3.0,0.3,11.2
SHORT:below_pivot+weak_close+orb_break_dn+orb_break_dn_v|nk0.5|vm1.2|full_0845_1400,12,0.2,11,1,0,91.7,91.7,11.0,3.0,0.3,11.2
LONG:delta_surge+macd_x_up_neg|nk0.8|vm0.8|full_0845_1400,11,0.18,10,1,0,90.9,90.9,10.0,2.7,0.3,7.3
LONG:delta_surge+macd_x_up_neg|nk0.8|vm1.2|full_0845_1400,11,0.18,10,1,0,90.9,90.9,10.0,2.7,0.3,7.3
LONG:vwap_reclaim+adi_up+macd_x_up_neg|nk0.8|vm0.8|full_0845_1400,11,0.18,10,1,0,90.9,90.9,10.0,2.7,0.3,19.5
LONG:vwap_reclaim+macd_x_up_neg+strong_close|nk0.8|vm0.8|full_0845_1400,11,0.18,10,1,0,90.9,90.9,10.0,2.7,0.3,19.5
LONG:adi_up+delta_surge+macd_x_up_neg|nk0.8|vm0.8|full_0845_1400,11,0.18,10,1,0,90.9,90.9,10.0,2.7,0.3,7.3
LONG:adi_up+delta_surge+macd_x_up_neg|nk0.8|vm1.2|full_0845_1400,11,0.18,10,1,0,90.9,90.9,10.0,2.7,0.3,7.3
LONG:adi_up+macd_x_up_neg+cvd_up|nk0.0|vm1.2|am_0845_1130,11,0.18,10,1,0,90.9,90.9,10.0,2.7,0.3,9.5
LONG:adi_up+macd_x_up_neg+cvd_up|nk0.5|vm1.2|am_0845_1130,11,0.18,10,1,0,90.9,90.9,10.0,2.7,0.3,9.5
LONG:delta_surge+macd_x_up+macd_x_up_neg|nk0.8|vm0.8|full_0845_1400,11,0.18,10,1,0,90.9,90.9,10.0,2.7,0.3,7.3
LONG:delta_surge+macd_x_up+macd_x_up_neg|nk0.8|vm1.2|full_0845_1400,11,0.18,10,1,0,90.9,90.9,10.0,2.7,0.3,7.3
LONG:delta_surge+macd_x_up_neg+strong_close|nk0.8|vm0.8|full_0845_1400,11,0.18,10,1,0,90.9,90.9,10.0,2.7,0.3,7.3
LONG:delta_surge+macd_x_up_neg+strong_close|nk0.8|vm1.2|full_0845_1400,11,0.18,10,1,0,90.9,90.9,10.0,2.7,0.3,7.3
LONG:vwap_reclaim+above_vwap+adi_up+macd_x_up_neg|nk0.8|vm0.8|full_0845_1400,11,0.18,10,1,0,90.9,90.9,10.0,2.7,0.3,19.5
LONG:vwap_reclaim+above_vwap+macd_x_up_neg+strong_close|nk0.8|vm0.8|full_0845_1400,11,0.18,10,1,0,90.9,90.9,10.0,2.7,0.3,19.5
LONG:vwap_reclaim+adi_up+macd_x_up+macd_x_up_neg|nk0.8|vm0.8|full_0845_1400,11,0.18,10,1,0,90.9,90.9,10.0,2.7,0.3,19.5
LONG:vwap_reclaim+adi_up+macd_x_up_neg+strong_close|nk0.8|vm0.8|full_0845_1400,11,0.18,10,1,0,90.9,90.9,10.0,2.7,0.3,19.5
LONG:vwap_reclaim+macd_x_up+macd_x_up_neg+strong_close|nk0.8|vm0.8|full_0845_1400,11,0.18,10,1,0,90.9,90.9,10.0,2.7,0.3,19.5
LONG:above_vwap+adi_up+macd_x_up_neg+cvd_up|nk0.0|vm1.2|am_0845_1130,11,0.18,10,1,0,90.9,90.9,10.0,2.7,0.3,9.5
LONG:above_vwap+adi_up+macd_x_up_neg+cvd_up|nk0.5|vm1.2|am_0845_1130,11,0.18,10,1,0,90.9,90.9,10.0,2.7,0.3,9.5
LONG:adi_up+delta_surge+macd_x_up+macd_x_up_neg|nk0.8|vm0.8|full_0845_1400,11,0.18,10,1,0,90.9,90.9,10.0,2.7,0.3,7.3
LONG:adi_up+delta_surge+macd_x_up+macd_x_up_neg|nk0.8|vm1.2|full_0845_1400,11,0.18,10,1,0,90.9,90.9,10.0,2.7,0.3,7.3
LONG:adi_up+delta_surge+macd_x_up_neg+strong_close|nk0.8|vm0.8|full_0845_1400,11,0.18,10,1,0,90.9,90.9,10.0,2.7,0.3,7.3
LONG:adi_up+delta_surge+macd_x_up_neg+strong_close|nk0.8|vm1.2|full_0845_1400,11,0.18,10,1,0,90.9,90.9,10.0,2.7,0.3,7.3
LONG:adi_up+macd_x_up+macd_x_up_neg+cvd_up|nk0.0|vm1.2|am_0845_1130,11,0.18,10,1,0,90.9,90.9,10.0,2.7,0.3,9.5
LONG:adi_up+macd_x_up+macd_x_up_neg+cvd_up|nk0.5|vm1.2|am_0845_1130,11,0.18,10,1,0,90.9,90.9,10.0,2.7,0.3,9.5
LONG:delta_surge+macd_x_up+macd_x_up_neg+strong_close|nk0.8|vm0.8|full_0845_1400,11,0.18,10,1,0,90.9,90.9,10.0,2.7,0.3,7.3
LONG:delta_surge+macd_x_up+macd_x_up_neg+strong_close|nk0.8|vm1.2|full_0845_1400,11,0.18,10,1,0,90.9,90.9,10.0,2.7,0.3,7.3
SHORT:below_pivot+weak_close+orb_break_dn_v|nk0.8|vm0.8|full_0845_1400,11,0.18,10,1,0,90.9,90.9,10.0,2.7,0.3,6.4
SHORT:below_pivot+weak_close+orb_break_dn_v|nk0.8|vm1.2|full_0845_1400,11,0.18,10,1,0,90.9,90.9,10.0,2.7,0.3,6.4
SHORT:below_pivot+orb_break_dn+rvol_thrust_dn|nk0.0|vm0.8|full_0845_1400,11,0.18,10,1,0,90.9,90.9,10.0,2.7,0.3,11.8
SHORT:below_pivot+orb_break_dn+rvol_thrust_dn|nk0.0|vm1.2|full_0845_1400,11,0.18,10,1,0,90.9,90.9,10.0,2.7,0.3,11.8
SHORT:below_pivot+orb_break_dn+rvol_thrust_dn|nk0.5|vm0.8|full_0845_1400,11,0.18,10,1,0,90.9,90.9,10.0,2.7,0.3,11.8
SHORT:below_pivot+orb_break_dn+rvol_thrust_dn|nk0.5|vm1.2|full_0845_1400,11,0.18,10,1,0,90.9,90.9,10.0,2.7,0.3,11.8
SHORT:below_pivot+orb_break_dn_v+rvol_thrust_dn|nk0.0|vm0.8|full_0845_1400,11,0.18,10,1,0,90.9,90.9,10.0,2.7,0.3,11.8
SHORT:below_pivot+orb_break_dn_v+rvol_thrust_dn|nk0.0|vm1.2|full_0845_1400,11,0.18,10,1,0,90.9,90.9,10.0,2.7,0.3,11.8
SHORT:below_pivot+orb_break_dn_v+rvol_thrust_dn|nk0.5|vm0.8|full_0845_1400,11,0.18,10,1,0,90.9,90.9,10.0,2.7,0.3,11.8
SHORT:below_pivot+orb_break_dn_v+rvol_thrust_dn|nk0.5|vm1.2|full_0845_1400,11,0.18,10,1,0,90.9,90.9,10.0,2.7,0.3,11.8
SHORT:below_vwap+below_pivot+weak_close+orb_break_dn_v|nk0.8|vm0.8|full_0845_1400,11,0.18,10,1,0,90.9,90.9,10.0,2.7,0.3,6.4
SHORT:below_vwap+below_pivot+weak_close+orb_break_dn_v|nk0.8|vm1.2|full_0845_1400,11,0.18,10,1,0,90.9,90.9,10.0,2.7,0.3,6.4
SHORT:below_vwap+below_pivot+orb_break_dn+rvol_thrust_dn|nk0.0|vm0.8|full_0845_1400,11,0.18,10,1,0,90.9,90.9,10.0,2.7,0.3,11.8
SHORT:below_vwap+below_pivot+orb_break_dn+rvol_thrust_dn|nk0.0|vm1.2|full_0845_1400,11,0.18,10,1,0,90.9,90.9,10.0,2.7,0.3,11.8
SHORT:below_vwap+below_pivot+orb_break_dn+rvol_thrust_dn|nk0.5|vm0.8|full_0845_1400,11,0.18,10,1,0,90.9,90.9,10.0,2.7,0.3,11.8
SHORT:below_vwap+below_pivot+orb_break_dn+rvol_thrust_dn|nk0.5|vm1.2|full_0845_1400,11,0.18,10,1,0,90.9,90.9,10.0,2.7,0.3,11.8
SHORT:below_vwap+below_pivot+orb_break_dn_v+rvol_thrust_dn|nk0.0|vm0.8|full_0845_1400,11,0.18,10,1,0,90.9,90.9,10.0,2.7,0.3,11.8
SHORT:below_vwap+below_pivot+orb_break_dn_v+rvol_thrust_dn|nk0.0|vm1.2|full_0845_1400,11,0.18,10,1,0,90.9,90.9,10.0,2.7,0.3,11.8
SHORT:below_vwap+below_pivot+orb_break_dn_v+rvol_thrust_dn|nk0.5|vm0.8|full_0845_1400,11,0.18,10,1,0,90.9,90.9,10.0,2.7,0.3,11.8
SHORT:below_vwap+below_pivot+orb_break_dn_v+rvol_thrust_dn|nk0.5|vm1.2|full_0845_1400,11,0.18,10,1,0,90.9,90.9,10.0,2.7,0.3,11.8
SHORT:adi_dn+below_pivot+weak_close+orb_break_dn_v|nk0.0|vm0.8|full_0845_1400,11,0.18,10,1,0,90.9,90.9,10.0,2.7,0.3,11.8
SHORT:adi_dn+below_pivot+weak_close+orb_break_dn_v|nk0.0|vm1.2|full_0845_1400,11,0.18,10,1,0,90.9,90.9,10.0,2.7,0.3,11.8
SHORT:adi_dn+below_pivot+weak_close+orb_break_dn_v|nk0.5|vm0.8|full_0845_1400,11,0.18,10,1,0,90.9,90.9,10.0,2.7,0.3,11.8
SHORT:adi_dn+below_pivot+weak_close+orb_break_dn_v|nk0.5|vm1.2|full_0845_1400,11,0.18,10,1,0,90.9,90.9,10.0,2.7,0.3,11.8
SHORT:below_pivot+weak_close+orb_break_dn+orb_break_dn_v|nk0.8|vm0.8|full_0845_1400,11,0.18,10,1,0,90.9,90.9,10.0,2.7,0.3,6.4
SHORT:below_pivot+weak_close+orb_break_dn+orb_break_dn_v|nk0.8|vm1.2|full_0845_1400,11,0.18,10,1,0,90.9,90.9,10.0,2.7,0.3,6.4
SHORT:below_pivot+weak_close+orb_break_dn+rvol_thrust_dn|nk0.0|vm0.8|full_0845_1400,11,0.18,10,1,0,90.9,90.9,10.0,2.7,0.3,11.8
SHORT:below_pivot+weak_close+orb_break_dn+rvol_thrust_dn|nk0.0|vm1.2|full_0845_1400,11,0.18,10,1,0,90.9,90.9,10.0,2.7,0.3,11.8
SHORT:below_pivot+weak_close+orb_break_dn+rvol_thrust_dn|nk0.5|vm0.8|full_0845_1400,11,0.18,10,1,0,90.9,90.9,10.0,2.7,0.3,11.8
SHORT:below_pivot+weak_close+orb_break_dn+rvol_thrust_dn|nk0.5|vm1.2|full_0845_1400,11,0.18,10,1,0,90.9,90.9,10.0,2.7,0.3,11.8
SHORT:below_pivot+weak_close+orb_break_dn+below_vwap_v|nk0.0|vm0.8|full_0845_1400,11,0.18,10,1,0,90.9,90.9,10.0,2.7,0.3,11.8
SHORT:below_pivot+weak_close+orb_break_dn+below_vwap_v|nk0.0|vm1.2|full_0845_1400,11,0.18,10,1,0,90.9,90.9,10.0,2.7,0.3,11.8
SHORT:below_pivot+weak_close+orb_break_dn+below_vwap_v|nk0.5|vm0.8|full_0845_1400,11,0.18,10,1,0,90.9,90.9,10.0,2.7,0.3,11.8
SHORT:below_pivot+weak_close+orb_break_dn+below_vwap_v|nk0.5|vm1.2|full_0845_1400,11,0.18,10,1,0,90.9,90.9,10.0,2.7,0.3,11.8
SHORT:below_pivot+weak_close+orb_break_dn+cvd_dn_v|nk0.0|vm0.8|full_0845_1400,11,0.18,10,1,0,90.9,90.9,10.0,2.7,0.3,11.8
SHORT:below_pivot+weak_close+orb_break_dn+cvd_dn_v|nk0.0|vm1.2|full_0845_1400,11,0.18,10,1,0,90.9,90.9,10.0,2.7,0.3,11.8
SHORT:below_pivot+weak_close+orb_break_dn+cvd_dn_v|nk0.5|vm0.8|full_0845_1400,11,0.18,10,1,0,90.9,90.9,10.0,2.7,0.3,11.8
SHORT:below_pivot+weak_close+orb_break_dn+cvd_dn_v|nk0.5|vm1.2|full_0845_1400,11,0.18,10,1,0,90.9,90.9,10.0,2.7,0.3,11.8
SHORT:below_pivot+weak_close+orb_break_dn_v+rvol_thrust_dn|nk0.0|vm0.8|full_0845_1400,11,0.18,10,1,0,90.9,90.9,10.0,2.7,0.3,11.8
SHORT:below_pivot+weak_close+orb_break_dn_v+rvol_thrust_dn|nk0.0|vm1.2|full_0845_1400,11,0.18,10,1,0,90.9,90.9,10.0,2.7,0.3,11.8
SHORT:below_pivot+weak_close+orb_break_dn_v+rvol_thrust_dn|nk0.5|vm0.8|full_0845_1400,11,0.18,10,1,0,90.9,90.9,10.0,2.7,0.3,11.8
SHORT:below_pivot+weak_close+orb_break_dn_v+rvol_thrust_dn|nk0.5|vm1.2|full_0845_1400,11,0.18,10,1,0,90.9,90.9,10.0,2.7,0.3,11.8
SHORT:below_pivot+weak_close+orb_break_dn_v+below_vwap_v|nk0.0|vm0.8|full_0845_1400,11,0.18,10,1,0,90.9,90.9,10.0,2.7,0.3,11.8
SHORT:below_pivot+weak_close+orb_break_dn_v+below_vwap_v|nk0.0|vm1.2|full_0845_1400,11,0.18,10,1,0,90.9,90.9,10.0,2.7,0.3,11.8
SHORT:below_pivot+weak_close+orb_break_dn_v+below_vwap_v|nk0.5|vm0.8|full_0845_1400,11,0.18,10,1,0,90.9,90.9,10.0,2.7,0.3,11.8
SHORT:below_pivot+weak_close+orb_break_dn_v+below_vwap_v|nk0.5|vm1.2|full_0845_1400,11,0.18,10,1,0,90.9,90.9,10.0,2.7,0.3,11.8
SHORT:below_pivot+weak_close+orb_break_dn_v+cvd_dn|nk0.0|vm0.8|full_0845_1400,11,0.18,10,1,0,90.9,90.9,10.0,2.7,0.3,11.8
SHORT:below_pivot+weak_close+orb_break_dn_v+cvd_dn|nk0.0|vm1.2|full_0845_1400,11,0.18,10,1,0,90.9,90.9,10.0,2.7,0.3,11.8
SHORT:below_pivot+weak_close+orb_break_dn_v+cvd_dn|nk0.5|vm0.8|full_0845_1400,11,0.18,10,1,0,90.9,90.9,10.0,2.7,0.3,11.8
SHORT:below_pivot+weak_close+orb_break_dn_v+cvd_dn|nk0.5|vm1.2|full_0845_1400,11,0.18,10,1,0,90.9,90.9,10.0,2.7,0.3,11.8
SHORT:below_pivot+weak_close+orb_break_dn_v+cvd_dn_v|nk0.0|vm0.8|full_0845_1400,11,0.18,10,1,0,90.9,90.9,10.0,2.7,0.3,11.8
SHORT:below_pivot+weak_close+orb_break_dn_v+cvd_dn_v|nk0.0|vm1.2|full_0845_1400,11,0.18,10,1,0,90.9,90.9,10.0,2.7,0.3,11.8
SHORT:below_pivot+weak_close+orb_break_dn_v+cvd_dn_v|nk0.5|vm0.8|full_0845_1400,11,0.18,10,1,0,90.9,90.9,10.0,2.7,0.3,11.8
SHORT:below_pivot+weak_close+orb_break_dn_v+cvd_dn_v|nk0.5|vm1.2|full_0845_1400,11,0.18,10,1,0,90.9,90.9,10.0,2.7,0.3,11.8
SHORT:below_pivot+orb_break_dn+orb_break_dn_v+rvol_thrust_dn|nk0.0|vm0.8|full_0845_1400,11,0.18,10,1,0,90.9,90.9,10.0,2.7,0.3,11.8
SHORT:below_pivot+orb_break_dn+orb_break_dn_v+rvol_thrust_dn|nk0.0|vm1.2|full_0845_1400,11,0.18,10,1,0,90.9,90.9,10.0,2.7,0.3,11.8
SHORT:below_pivot+orb_break_dn+orb_break_dn_v+rvol_thrust_dn|nk0.5|vm0.8|full_0845_1400,11,0.18,10,1,0,90.9,90.9,10.0,2.7,0.3,11.8
SHORT:below_pivot+orb_break_dn+orb_break_dn_v+rvol_thrust_dn|nk0.5|vm1.2|full_0845_1400,11,0.18,10,1,0,90.9,90.9,10.0,2.7,0.3,11.8
SHORT:below_pivot+orb_break_dn+rvol_thrust_dn+below_vwap_v|nk0.0|vm0.8|full_0845_1400,11,0.18,10,1,0,90.9,90.9,10.0,2.7,0.3,11.8
SHORT:below_pivot+orb_break_dn+rvol_thrust_dn+below_vwap_v|nk0.0|vm1.2|full_0845_1400,11,0.18,10,1,0,90.9,90.9,10.0,2.7,0.3,11.8
SHORT:below_pivot+orb_break_dn+rvol_thrust_dn+below_vwap_v|nk0.5|vm0.8|full_0845_1400,11,0.18,10,1,0,90.9,90.9,10.0,2.7,0.3,11.8
SHORT:below_pivot+orb_break_dn+rvol_thrust_dn+below_vwap_v|nk0.5|vm1.2|full_0845_1400,11,0.18,10,1,0,90.9,90.9,10.0,2.7,0.3,11.8
SHORT:below_pivot+orb_break_dn_v+rvol_thrust_dn+below_vwap_v|nk0.0|vm0.8|full_0845_1400,11,0.18,10,1,0,90.9,90.9,10.0,2.7,0.3,11.8
SHORT:below_pivot+orb_break_dn_v+rvol_thrust_dn+below_vwap_v|nk0.0|vm1.2|full_0845_1400,11,0.18,10,1,0,90.9,90.9,10.0,2.7,0.3,11.8
SHORT:below_pivot+orb_break_dn_v+rvol_thrust_dn+below_vwap_v|nk0.5|vm0.8|full_0845_1400,11,0.18,10,1,0,90.9,90.9,10.0,2.7,0.3,11.8
SHORT:below_pivot+orb_break_dn_v+rvol_thrust_dn+below_vwap_v|nk0.5|vm1.2|full_0845_1400,11,0.18,10,1,0,90.9,90.9,10.0,2.7,0.3,11.8
LONG:vwap_reclaim+macd_x_up_neg|nk0.0|vm1.2|full_0845_1400,10,0.17,9,1,0,90.0,90.0,9.0,2.4,0.3,17.5
LONG:vwap_reclaim+macd_x_up_neg|nk0.5|vm1.2|full_0845_1400,10,0.17,9,1,0,90.0,90.0,9.0,2.4,0.3,17.5
LONG:vwap_reclaim+macd_x_up_neg|nk0.8|vm1.2|full_0845_1400,10,0.17,9,1,0,90.0,90.0,9.0,2.4,0.3,17.5
LONG:vwap_reclaim+above_vwap+macd_x_up_neg|nk0.0|vm1.2|full_0845_1400,10,0.17,9,1,0,90.0,90.0,9.0,2.4,0.3,17.5
LONG:vwap_reclaim+above_vwap+macd_x_up_neg|nk0.5|vm1.2|full_0845_1400,10,0.17,9,1,0,90.0,90.0,9.0,2.4,0.3,17.5
LONG:vwap_reclaim+above_vwap+macd_x_up_neg|nk0.8|vm1.2|full_0845_1400,10,0.17,9,1,0,90.0,90.0,9.0,2.4,0.3,17.5
LONG:vwap_reclaim+macd_x_up+macd_x_up_neg|nk0.0|vm1.2|full_0845_1400,10,0.17,9,1,0,90.0,90.0,9.0,2.4,0.3,17.5
LONG:vwap_reclaim+macd_x_up+macd_x_up_neg|nk0.5|vm1.2|full_0845_1400,10,0.17,9,1,0,90.0,90.0,9.0,2.4,0.3,17.5
LONG:vwap_reclaim+macd_x_up+macd_x_up_neg|nk0.8|vm1.2|full_0845_1400,10,0.17,9,1,0,90.0,90.0,9.0,2.4,0.3,17.5
LONG:vwap_reclaim+macd_x_up_neg+cvd_up|nk0.8|vm0.8|full_0845_1400,10,0.17,9,1,0,90.0,90.0,9.0,2.4,0.3,21.0
LONG:above_vwap+adi_up+macd_x_up_neg|nk0.8|vm1.2|am_0845_1130,10,0.17,9,1,0,90.0,90.0,9.0,2.4,0.3,9.0
LONG:above_vwap+above_pivot+macd_x_up_neg|nk0.0|vm1.2|full_0845_1400,10,0.17,9,1,0,90.0,90.0,9.0,2.4,0.3,20.0
LONG:above_vwap+above_pivot+macd_x_up_neg|nk0.5|vm1.2|full_0845_1400,10,0.17,9,1,0,90.0,90.0,9.0,2.4,0.3,20.0
LONG:above_pivot+strong_close+vwap_lo_bounce|nk0.0|vm1.2|am_0845_1130,10,0.17,9,1,0,90.0,90.0,9.0,2.4,0.3,10.5
LONG:above_pivot+strong_close+vwap_lo_bounce|nk0.5|vm1.2|am_0845_1130,10,0.17,9,1,0,90.0,90.0,9.0,2.4,0.3,10.5
LONG:above_pivot+strong_close+vwap_lo_bounce|nk0.8|vm1.2|am_0845_1130,10,0.17,9,1,0,90.0,90.0,9.0,2.4,0.3,10.5
LONG:vwap_reclaim+above_vwap+macd_x_up+macd_x_up_neg|nk0.0|vm1.2|full_0845_1400,10,0.17,9,1,0,90.0,90.0,9.0,2.4,0.3,17.5
LONG:vwap_reclaim+above_vwap+macd_x_up+macd_x_up_neg|nk0.5|vm1.2|full_0845_1400,10,0.17,9,1,0,90.0,90.0,9.0,2.4,0.3,17.5
LONG:vwap_reclaim+above_vwap+macd_x_up+macd_x_up_neg|nk0.8|vm1.2|full_0845_1400,10,0.17,9,1,0,90.0,90.0,9.0,2.4,0.3,17.5
LONG:vwap_reclaim+above_vwap+macd_x_up_neg+cvd_up|nk0.8|vm0.8|full_0845_1400,10,0.17,9,1,0,90.0,90.0,9.0,2.4,0.3,21.0
LONG:vwap_reclaim+adi_up+macd_x_up_neg+cvd_up|nk0.8|vm0.8|full_0845_1400,10,0.17,9,1,0,90.0,90.0,9.0,2.4,0.3,21.0
LONG:vwap_reclaim+macd_x_up+macd_x_up_neg+cvd_up|nk0.8|vm0.8|full_0845_1400,10,0.17,9,1,0,90.0,90.0,9.0,2.4,0.3,21.0
LONG:vwap_reclaim+macd_x_up_neg+strong_close+cvd_up|nk0.8|vm0.8|full_0845_1400,10,0.17,9,1,0,90.0,90.0,9.0,2.4,0.3,21.0
LONG:above_vwap+adi_up+macd_x_up+macd_x_up_neg|nk0.8|vm1.2|am_0845_1130,10,0.17,9,1,0,90.0,90.0,9.0,2.4,0.3,9.0
LONG:above_vwap+adi_up+macd_x_up_neg+strong_close|nk0.0|vm1.2|am_0845_1130,10,0.17,9,1,0,90.0,90.0,9.0,2.4,0.3,9.0
LONG:above_vwap+adi_up+macd_x_up_neg+strong_close|nk0.5|vm1.2|am_0845_1130,10,0.17,9,1,0,90.0,90.0,9.0,2.4,0.3,9.0
LONG:above_vwap+adi_up+macd_x_up_neg+strong_close|nk0.8|vm1.2|am_0845_1130,10,0.17,9,1,0,90.0,90.0,9.0,2.4,0.3,9.0
LONG:above_vwap+above_pivot+macd_x_up+macd_x_up_neg|nk0.0|vm1.2|full_0845_1400,10,0.17,9,1,0,90.0,90.0,9.0,2.4,0.3,20.0
LONG:above_vwap+above_pivot+macd_x_up+macd_x_up_neg|nk0.5|vm1.2|full_0845_1400,10,0.17,9,1,0,90.0,90.0,9.0,2.4,0.3,20.0
SHORT:adi_dn+below_pivot+orb_break_dn_v|nk0.8|vm0.8|full_0845_1400,10,0.17,9,1,0,90.0,90.0,9.0,2.4,0.3,6.5
SHORT:adi_dn+below_pivot+orb_break_dn_v|nk0.8|vm1.2|full_0845_1400,10,0.17,9,1,0,90.0,90.0,9.0,2.4,0.3,6.5
SHORT:below_pivot+orb_break_dn+rvol_thrust_dn|nk0.8|vm0.8|full_0845_1400,10,0.17,9,1,0,90.0,90.0,9.0,2.4,0.3,6.5
SHORT:below_pivot+orb_break_dn+rvol_thrust_dn|nk0.8|vm1.2|full_0845_1400,10,0.17,9,1,0,90.0,90.0,9.0,2.4,0.3,6.5
SHORT:below_pivot+orb_break_dn_v+rvol_thrust_dn|nk0.8|vm0.8|full_0845_1400,10,0.17,9,1,0,90.0,90.0,9.0,2.4,0.3,6.5
SHORT:below_pivot+orb_break_dn_v+rvol_thrust_dn|nk0.8|vm1.2|full_0845_1400,10,0.17,9,1,0,90.0,90.0,9.0,2.4,0.3,6.5
SHORT:below_vwap+adi_dn+below_pivot+orb_break_dn_v|nk0.8|vm0.8|full_0845_1400,10,0.17,9,1,0,90.0,90.0,9.0,2.4,0.3,6.5
SHORT:below_vwap+adi_dn+below_pivot+orb_break_dn_v|nk0.8|vm1.2|full_0845_1400,10,0.17,9,1,0,90.0,90.0,9.0,2.4,0.3,6.5
SHORT:below_vwap+below_pivot+orb_break_dn+rvol_thrust_dn|nk0.8|vm0.8|full_0845_1400,10,0.17,9,1,0,90.0,90.0,9.0,2.4,0.3,6.5
SHORT:below_vwap+below_pivot+orb_break_dn+rvol_thrust_dn|nk0.8|vm1.2|full_0845_1400,10,0.17,9,1,0,90.0,90.0,9.0,2.4,0.3,6.5
SHORT:below_vwap+below_pivot+orb_break_dn_v+rvol_thrust_dn|nk0.8|vm0.8|full_0845_1400,10,0.17,9,1,0,90.0,90.0,9.0,2.4,0.3,6.5
SHORT:below_vwap+below_pivot+orb_break_dn_v+rvol_thrust_dn|nk0.8|vm1.2|full_0845_1400,10,0.17,9,1,0,90.0,90.0,9.0,2.4,0.3,6.5
SHORT:adi_dn+below_pivot+weak_close+orb_break_dn_v|nk0.8|vm0.8|full_0845_1400,10,0.17,9,1,0,90.0,90.0,9.0,2.4,0.3,6.5
SHORT:adi_dn+below_pivot+weak_close+orb_break_dn_v|nk0.8|vm1.2|full_0845_1400,10,0.17,9,1,0,90.0,90.0,9.0,2.4,0.3,6.5
SHORT:adi_dn+below_pivot+orb_break_dn+orb_break_dn_v|nk0.8|vm0.8|full_0845_1400,10,0.17,9,1,0,90.0,90.0,9.0,2.4,0.3,6.5
SHORT:adi_dn+below_pivot+orb_break_dn+orb_break_dn_v|nk0.8|vm1.2|full_0845_1400,10,0.17,9,1,0,90.0,90.0,9.0,2.4,0.3,6.5
SHORT:adi_dn+below_pivot+orb_break_dn+rvol_thrust_dn|nk0.0|vm0.8|full_0845_1400,10,0.17,9,1,0,90.0,90.0,9.0,2.4,0.3,12.5
SHORT:adi_dn+below_pivot+orb_break_dn+rvol_thrust_dn|nk0.0|vm1.2|full_0845_1400,10,0.17,9,1,0,90.0,90.0,9.0,2.4,0.3,12.5
SHORT:adi_dn+below_pivot+orb_break_dn+rvol_thrust_dn|nk0.5|vm0.8|full_0845_1400,10,0.17,9,1,0,90.0,90.0,9.0,2.4,0.3,12.5
SHORT:adi_dn+below_pivot+orb_break_dn+rvol_thrust_dn|nk0.5|vm1.2|full_0845_1400,10,0.17,9,1,0,90.0,90.0,9.0,2.4,0.3,12.5
SHORT:adi_dn+below_pivot+orb_break_dn+cvd_dn_v|nk0.8|vm0.8|full_0845_1400,10,0.17,9,1,0,90.0,90.0,9.0,2.4,0.3,6.5
SHORT:adi_dn+below_pivot+orb_break_dn+cvd_dn_v|nk0.8|vm1.2|full_0845_1400,10,0.17,9,1,0,90.0,90.0,9.0,2.4,0.3,6.5
SHORT:adi_dn+below_pivot+orb_break_dn_v+rvol_thrust_dn|nk0.0|vm0.8|full_0845_1400,10,0.17,9,1,0,90.0,90.0,9.0,2.4,0.3,12.5
SHORT:adi_dn+below_pivot+orb_break_dn_v+rvol_thrust_dn|nk0.0|vm1.2|full_0845_1400,10,0.17,9,1,0,90.0,90.0,9.0,2.4,0.3,12.5
SHORT:adi_dn+below_pivot+orb_break_dn_v+rvol_thrust_dn|nk0.5|vm0.8|full_0845_1400,10,0.17,9,1,0,90.0,90.0,9.0,2.4,0.3,12.5
SHORT:adi_dn+below_pivot+orb_break_dn_v+rvol_thrust_dn|nk0.5|vm1.2|full_0845_1400,10,0.17,9,1,0,90.0,90.0,9.0,2.4,0.3,12.5
SHORT:adi_dn+below_pivot+orb_break_dn_v+cvd_dn|nk0.8|vm0.8|full_0845_1400,10,0.17,9,1,0,90.0,90.0,9.0,2.4,0.3,6.5
SHORT:adi_dn+below_pivot+orb_break_dn_v+cvd_dn|nk0.8|vm1.2|full_0845_1400,10,0.17,9,1,0,90.0,90.0,9.0,2.4,0.3,6.5
SHORT:adi_dn+below_pivot+orb_break_dn_v+cvd_dn_v|nk0.8|vm0.8|full_0845_1400,10,0.17,9,1,0,90.0,90.0,9.0,2.4,0.3,6.5
SHORT:adi_dn+below_pivot+orb_break_dn_v+cvd_dn_v|nk0.8|vm1.2|full_0845_1400,10,0.17,9,1,0,90.0,90.0,9.0,2.4,0.3,6.5
SHORT:delta_dump+below_pivot+weak_close+orb_break_dn_v|nk0.0|vm0.8|full_0845_1400,10,0.17,9,1,0,90.0,90.0,9.0,2.4,0.3,12.5
SHORT:delta_dump+below_pivot+weak_close+orb_break_dn_v|nk0.0|vm1.2|full_0845_1400,10,0.17,9,1,0,90.0,90.0,9.0,2.4,0.3,12.5
SHORT:delta_dump+below_pivot+weak_close+orb_break_dn_v|nk0.5|vm0.8|full_0845_1400,10,0.17,9,1,0,90.0,90.0,9.0,2.4,0.3,12.5
SHORT:delta_dump+below_pivot+weak_close+orb_break_dn_v|nk0.5|vm1.2|full_0845_1400,10,0.17,9,1,0,90.0,90.0,9.0,2.4,0.3,12.5
SHORT:delta_dump+below_pivot+orb_break_dn+rvol_thrust_dn|nk0.0|vm0.8|full_0845_1400,10,0.17,9,1,0,90.0,90.0,9.0,2.4,0.3,12.5
SHORT:delta_dump+below_pivot+orb_break_dn+rvol_thrust_dn|nk0.0|vm1.2|full_0845_1400,10,0.17,9,1,0,90.0,90.0,9.0,2.4,0.3,12.5
SHORT:delta_dump+below_pivot+orb_break_dn+rvol_thrust_dn|nk0.5|vm0.8|full_0845_1400,10,0.17,9,1,0,90.0,90.0,9.0,2.4,0.3,12.5
SHORT:delta_dump+below_pivot+orb_break_dn+rvol_thrust_dn|nk0.5|vm1.2|full_0845_1400,10,0.17,9,1,0,90.0,90.0,9.0,2.4,0.3,12.5
SHORT:delta_dump+below_pivot+orb_break_dn_v+rvol_thrust_dn|nk0.0|vm0.8|full_0845_1400,10,0.17,9,1,0,90.0,90.0,9.0,2.4,0.3,12.5
SHORT:delta_dump+below_pivot+orb_break_dn_v+rvol_thrust_dn|nk0.0|vm1.2|full_0845_1400,10,0.17,9,1,0,90.0,90.0,9.0,2.4,0.3,12.5
SHORT:delta_dump+below_pivot+orb_break_dn_v+rvol_thrust_dn|nk0.5|vm0.8|full_0845_1400,10,0.17,9,1,0,90.0,90.0,9.0,2.4,0.3,12.5
SHORT:delta_dump+below_pivot+orb_break_dn_v+rvol_thrust_dn|nk0.5|vm1.2|full_0845_1400,10,0.17,9,1,0,90.0,90.0,9.0,2.4,0.3,12.5
SHORT:below_pivot+weak_close+orb_break_dn+rvol_thrust_dn|nk0.8|vm0.8|full_0845_1400,10,0.17,9,1,0,90.0,90.0,9.0,2.4,0.3,6.5
SHORT:below_pivot+weak_close+orb_break_dn+rvol_thrust_dn|nk0.8|vm1.2|full_0845_1400,10,0.17,9,1,0,90.0,90.0,9.0,2.4,0.3,6.5
SHORT:below_pivot+weak_close+orb_break_dn+below_vwap_v|nk0.8|vm0.8|full_0845_1400,10,0.17,9,1,0,90.0,90.0,9.0,2.4,0.3,6.5
SHORT:below_pivot+weak_close+orb_break_dn+below_vwap_v|nk0.8|vm1.2|full_0845_1400,10,0.17,9,1,0,90.0,90.0,9.0,2.4,0.3,6.5
SHORT:below_pivot+weak_close+orb_break_dn+cvd_dn_v|nk0.8|vm0.8|full_0845_1400,10,0.17,9,1,0,90.0,90.0,9.0,2.4,0.3,6.5
SHORT:below_pivot+weak_close+orb_break_dn+cvd_dn_v|nk0.8|vm1.2|full_0845_1400,10,0.17,9,1,0,90.0,90.0,9.0,2.4,0.3,6.5
SHORT:below_pivot+weak_close+orb_break_dn_v+rvol_thrust_dn|nk0.8|vm0.8|full_0845_1400,10,0.17,9,1,0,90.0,90.0,9.0,2.4,0.3,6.5
SHORT:below_pivot+weak_close+orb_break_dn_v+rvol_thrust_dn|nk0.8|vm1.2|full_0845_1400,10,0.17,9,1,0,90.0,90.0,9.0,2.4,0.3,6.5
SHORT:below_pivot+weak_close+orb_break_dn_v+below_vwap_v|nk0.8|vm0.8|full_0845_1400,10,0.17,9,1,0,90.0,90.0,9.0,2.4,0.3,6.5
SHORT:below_pivot+weak_close+orb_break_dn_v+below_vwap_v|nk0.8|vm1.2|full_0845_1400,10,0.17,9,1,0,90.0,90.0,9.0,2.4,0.3,6.5
SHORT:below_pivot+weak_close+orb_break_dn_v+cvd_dn|nk0.8|vm0.8|full_0845_1400,10,0.17,9,1,0,90.0,90.0,9.0,2.4,0.3,6.5
SHORT:below_pivot+weak_close+orb_break_dn_v+cvd_dn|nk0.8|vm1.2|full_0845_1400,10,0.17,9,1,0,90.0,90.0,9.0,2.4,0.3,6.5
SHORT:below_pivot+weak_close+orb_break_dn_v+cvd_dn_v|nk0.8|vm0.8|full_0845_1400,10,0.17,9,1,0,90.0,90.0,9.0,2.4,0.3,6.5
SHORT:below_pivot+weak_close+orb_break_dn_v+cvd_dn_v|nk0.8|vm1.2|full_0845_1400,10,0.17,9,1,0,90.0,90.0,9.0,2.4,0.3,6.5
SHORT:below_pivot+orb_break_dn+orb_break_dn_v+rvol_thrust_dn|nk0.8|vm0.8|full_0845_1400,10,0.17,9,1,0,90.0,90.0,9.0,2.4,0.3,6.5
SHORT:below_pivot+orb_break_dn+orb_break_dn_v+rvol_thrust_dn|nk0.8|vm1.2|full_0845_1400,10,0.17,9,1,0,90.0,90.0,9.0,2.4,0.3,6.5
SHORT:below_pivot+orb_break_dn+rvol_thrust_dn+below_vwap_v|nk0.8|vm0.8|full_0845_1400,10,0.17,9,1,0,90.0,90.0,9.0,2.4,0.3,6.5
SHORT:below_pivot+orb_break_dn+rvol_thrust_dn+below_vwap_v|nk0.8|vm1.2|full_0845_1400,10,0.17,9,1,0,90.0,90.0,9.0,2.4,0.3,6.5
SHORT:below_pivot+orb_break_dn+rvol_thrust_dn+cvd_dn|nk0.0|vm0.8|full_0845_1400,10,0.17,9,1,0,90.0,90.0,9.0,2.4,0.3,12.5
SHORT:below_pivot+orb_break_dn+rvol_thrust_dn+cvd_dn|nk0.0|vm1.2|full_0845_1400,10,0.17,9,1,0,90.0,90.0,9.0,2.4,0.3,12.5
SHORT:below_pivot+orb_break_dn+rvol_thrust_dn+cvd_dn|nk0.5|vm0.8|full_0845_1400,10,0.17,9,1,0,90.0,90.0,9.0,2.4,0.3,12.5
SHORT:below_pivot+orb_break_dn+rvol_thrust_dn+cvd_dn|nk0.5|vm1.2|full_0845_1400,10,0.17,9,1,0,90.0,90.0,9.0,2.4,0.3,12.5
SHORT:below_pivot+orb_break_dn+rvol_thrust_dn+cvd_dn_v|nk0.0|vm0.8|full_0845_1400,10,0.17,9,1,0,90.0,90.0,9.0,2.4,0.3,12.5
SHORT:below_pivot+orb_break_dn+rvol_thrust_dn+cvd_dn_v|nk0.0|vm1.2|full_0845_1400,10,0.17,9,1,0,90.0,90.0,9.0,2.4,0.3,12.5
SHORT:below_pivot+orb_break_dn+rvol_thrust_dn+cvd_dn_v|nk0.5|vm0.8|full_0845_1400,10,0.17,9,1,0,90.0,90.0,9.0,2.4,0.3,12.5
SHORT:below_pivot+orb_break_dn+rvol_thrust_dn+cvd_dn_v|nk0.5|vm1.2|full_0845_1400,10,0.17,9,1,0,90.0,90.0,9.0,2.4,0.3,12.5
SHORT:below_pivot+orb_break_dn_v+rvol_thrust_dn+below_vwap_v|nk0.8|vm0.8|full_0845_1400,10,0.17,9,1,0,90.0,90.0,9.0,2.4,0.3,6.5
SHORT:below_pivot+orb_break_dn_v+rvol_thrust_dn+below_vwap_v|nk0.8|vm1.2|full_0845_1400,10,0.17,9,1,0,90.0,90.0,9.0,2.4,0.3,6.5
SHORT:below_pivot+orb_break_dn_v+rvol_thrust_dn+cvd_dn|nk0.0|vm0.8|full_0845_1400,10,0.17,9,1,0,90.0,90.0,9.0,2.4,0.3,12.5
SHORT:below_pivot+orb_break_dn_v+rvol_thrust_dn+cvd_dn|nk0.0|vm1.2|full_0845_1400,10,0.17,9,1,0,90.0,90.0,9.0,2.4,0.3,12.5
SHORT:below_pivot+orb_break_dn_v+rvol_thrust_dn+cvd_dn|nk0.5|vm0.8|full_0845_1400,10,0.17,9,1,0,90.0,90.0,9.0,2.4,0.3,12.5
SHORT:below_pivot+orb_break_dn_v+rvol_thrust_dn+cvd_dn|nk0.5|vm1.2|full_0845_1400,10,0.17,9,1,0,90.0,90.0,9.0,2.4,0.3,12.5
SHORT:below_pivot+orb_break_dn_v+rvol_thrust_dn+cvd_dn_v|nk0.0|vm0.8|full_0845_1400,10,0.17,9,1,0,90.0,90.0,9.0,2.4,0.3,12.5
SHORT:below_pivot+orb_break_dn_v+rvol_thrust_dn+cvd_dn_v|nk0.0|vm1.2|full_0845_1400,10,0.17,9,1,0,90.0,90.0,9.0,2.4,0.3,12.5
SHORT:below_pivot+orb_break_dn_v+rvol_thrust_dn+cvd_dn_v|nk0.5|vm0.8|full_0845_1400,10,0.17,9,1,0,90.0,90.0,9.0,2.4,0.3,12.5
SHORT:below_pivot+orb_break_dn_v+rvol_thrust_dn+cvd_dn_v|nk0.5|vm1.2|full_0845_1400,10,0.17,9,1,0,90.0,90.0,9.0,2.4,0.3,12.5
LONG:adi_up+macd_x_up_neg+strong_close|nk0.8|vm1.2|full_0845_1400,18,0.3,16,2,0,88.9,88.9,8.0,4.2,0.3,14.2
LONG:adi_up+macd_x_up+macd_x_up_neg+strong_close|nk0.8|vm1.2|full_0845_1400,18,0.3,16,2,0,88.9,88.9,8.0,4.2,0.3,14.2
LONG:vwap_reclaim+macd_x_up_neg|nk0.0|vm0.8|am_0845_1130,9,0.15,8,1,0,88.9,88.9,8.0,2.1,0.3,12.8
LONG:vwap_reclaim+macd_x_up_neg|nk0.5|vm0.8|am_0845_1130,9,0.15,8,1,0,88.9,88.9,8.0,2.1,0.3,12.8
LONG:delta_surge+macd_x_up_neg|nk0.0|vm0.8|am_0845_1130,9,0.15,8,1,0,88.9,88.9,8.0,2.1,0.3,7.8
LONG:delta_surge+macd_x_up_neg|nk0.0|vm1.2|am_0845_1130,9,0.15,8,1,0,88.9,88.9,8.0,2.1,0.3,7.8
LONG:delta_surge+macd_x_up_neg|nk0.5|vm0.8|am_0845_1130,9,0.15,8,1,0,88.9,88.9,8.0,2.1,0.3,7.8
LONG:delta_surge+macd_x_up_neg|nk0.5|vm1.2|am_0845_1130,9,0.15,8,1,0,88.9,88.9,8.0,2.1,0.3,7.8
LONG:delta_surge+macd_x_up_neg|nk0.8|vm0.8|am_0845_1130,9,0.15,8,1,0,88.9,88.9,8.0,2.1,0.3,7.8
LONG:delta_surge+macd_x_up_neg|nk0.8|vm1.2|am_0845_1130,9,0.15,8,1,0,88.9,88.9,8.0,2.1,0.3,7.8
LONG:macd_x_up+macd_x_up_neg|nk0.8|vm1.2|pm_1130_1400,9,0.15,8,1,0,88.9,88.9,8.0,2.1,0.3,18.9
LONG:macd_x_up_neg+cvd_up_v|nk0.8|vm0.8|full_0845_1400,9,0.15,8,1,0,88.9,88.9,8.0,2.1,0.3,19.4
LONG:macd_x_up_neg+cvd_up_v|nk0.8|vm1.2|full_0845_1400,9,0.15,8,1,0,88.9,88.9,8.0,2.1,0.3,19.4
LONG:vwap_reclaim+above_vwap+macd_x_up_neg|nk0.0|vm0.8|am_0845_1130,9,0.15,8,1,0,88.9,88.9,8.0,2.1,0.3,12.8
LONG:vwap_reclaim+above_vwap+macd_x_up_neg|nk0.5|vm0.8|am_0845_1130,9,0.15,8,1,0,88.9,88.9,8.0,2.1,0.3,12.8
LONG:vwap_reclaim+adi_up+macd_x_up_neg|nk0.0|vm0.8|am_0845_1130,9,0.15,8,1,0,88.9,88.9,8.0,2.1,0.3,12.8
LONG:vwap_reclaim+adi_up+macd_x_up_neg|nk0.0|vm1.2|full_0845_1400,9,0.15,8,1,0,88.9,88.9,8.0,2.1,0.3,17.2
LONG:vwap_reclaim+adi_up+macd_x_up_neg|nk0.5|vm0.8|am_0845_1130,9,0.15,8,1,0,88.9,88.9,8.0,2.1,0.3,12.8
LONG:vwap_reclaim+adi_up+macd_x_up_neg|nk0.5|vm1.2|full_0845_1400,9,0.15,8,1,0,88.9,88.9,8.0,2.1,0.3,17.2
LONG:vwap_reclaim+adi_up+macd_x_up_neg|nk0.8|vm1.2|full_0845_1400,9,0.15,8,1,0,88.9,88.9,8.0,2.1,0.3,17.2
LONG:vwap_reclaim+macd_x_up+macd_x_up_neg|nk0.0|vm0.8|am_0845_1130,9,0.15,8,1,0,88.9,88.9,8.0,2.1,0.3,12.8
LONG:vwap_reclaim+macd_x_up+macd_x_up_neg|nk0.5|vm0.8|am_0845_1130,9,0.15,8,1,0,88.9,88.9,8.0,2.1,0.3,12.8
LONG:vwap_reclaim+macd_x_up_neg+strong_close|nk0.0|vm0.8|am_0845_1130,9,0.15,8,1,0,88.9,88.9,8.0,2.1,0.3,12.8
LONG:vwap_reclaim+macd_x_up_neg+strong_close|nk0.0|vm1.2|full_0845_1400,9,0.15,8,1,0,88.9,88.9,8.0,2.1,0.3,17.2
LONG:vwap_reclaim+macd_x_up_neg+strong_close|nk0.5|vm0.8|am_0845_1130,9,0.15,8,1,0,88.9,88.9,8.0,2.1,0.3,12.8
LONG:vwap_reclaim+macd_x_up_neg+strong_close|nk0.5|vm1.2|full_0845_1400,9,0.15,8,1,0,88.9,88.9,8.0,2.1,0.3,17.2
LONG:vwap_reclaim+macd_x_up_neg+strong_close|nk0.8|vm1.2|full_0845_1400,9,0.15,8,1,0,88.9,88.9,8.0,2.1,0.3,17.2
LONG:above_vwap+delta_surge+macd_x_up_neg|nk0.8|vm0.8|full_0845_1400,9,0.15,8,1,0,88.9,88.9,8.0,2.1,0.3,6.7
LONG:above_vwap+delta_surge+macd_x_up_neg|nk0.8|vm1.2|full_0845_1400,9,0.15,8,1,0,88.9,88.9,8.0,2.1,0.3,6.7
LONG:above_vwap+macd_x_up_neg+cvd_up_v|nk0.8|vm0.8|full_0845_1400,9,0.15,8,1,0,88.9,88.9,8.0,2.1,0.3,19.4
LONG:above_vwap+macd_x_up_neg+cvd_up_v|nk0.8|vm1.2|full_0845_1400,9,0.15,8,1,0,88.9,88.9,8.0,2.1,0.3,19.4
LONG:adi_up+delta_surge+macd_x_up_neg|nk0.0|vm0.8|am_0845_1130,9,0.15,8,1,0,88.9,88.9,8.0,2.1,0.3,7.8
LONG:adi_up+delta_surge+macd_x_up_neg|nk0.0|vm1.2|am_0845_1130,9,0.15,8,1,0,88.9,88.9,8.0,2.1,0.3,7.8
LONG:adi_up+delta_surge+macd_x_up_neg|nk0.5|vm0.8|am_0845_1130,9,0.15,8,1,0,88.9,88.9,8.0,2.1,0.3,7.8
LONG:adi_up+delta_surge+macd_x_up_neg|nk0.5|vm1.2|am_0845_1130,9,0.15,8,1,0,88.9,88.9,8.0,2.1,0.3,7.8
LONG:adi_up+delta_surge+macd_x_up_neg|nk0.8|vm0.8|am_0845_1130,9,0.15,8,1,0,88.9,88.9,8.0,2.1,0.3,7.8
LONG:adi_up+delta_surge+macd_x_up_neg|nk0.8|vm1.2|am_0845_1130,9,0.15,8,1,0,88.9,88.9,8.0,2.1,0.3,7.8
LONG:adi_up+above_pivot+macd_x_up_neg|nk0.8|vm0.8|am_0845_1130,9,0.15,8,1,0,88.9,88.9,8.0,2.1,0.3,18.9
LONG:adi_up+macd_x_up_neg+cvd_up|nk0.8|vm1.2|am_0845_1130,9,0.15,8,1,0,88.9,88.9,8.0,2.1,0.3,9.4
LONG:adi_up+macd_x_up_neg+cvd_up_v|nk0.8|vm0.8|full_0845_1400,9,0.15,8,1,0,88.9,88.9,8.0,2.1,0.3,19.4
LONG:adi_up+macd_x_up_neg+cvd_up_v|nk0.8|vm1.2|full_0845_1400,9,0.15,8,1,0,88.9,88.9,8.0,2.1,0.3,19.4
LONG:delta_surge+macd_x_up+macd_x_up_neg|nk0.0|vm0.8|am_0845_1130,9,0.15,8,1,0,88.9,88.9,8.0,2.1,0.3,7.8
LONG:delta_surge+macd_x_up+macd_x_up_neg|nk0.0|vm1.2|am_0845_1130,9,0.15,8,1,0,88.9,88.9,8.0,2.1,0.3,7.8
LONG:delta_surge+macd_x_up+macd_x_up_neg|nk0.5|vm0.8|am_0845_1130,9,0.15,8,1,0,88.9,88.9,8.0,2.1,0.3,7.8
LONG:delta_surge+macd_x_up+macd_x_up_neg|nk0.5|vm1.2|am_0845_1130,9,0.15,8,1,0,88.9,88.9,8.0,2.1,0.3,7.8
LONG:delta_surge+macd_x_up+macd_x_up_neg|nk0.8|vm0.8|am_0845_1130,9,0.15,8,1,0,88.9,88.9,8.0,2.1,0.3,7.8
LONG:delta_surge+macd_x_up+macd_x_up_neg|nk0.8|vm1.2|am_0845_1130,9,0.15,8,1,0,88.9,88.9,8.0,2.1,0.3,7.8
LONG:delta_surge+macd_x_up_neg+strong_close|nk0.0|vm0.8|am_0845_1130,9,0.15,8,1,0,88.9,88.9,8.0,2.1,0.3,7.8
LONG:delta_surge+macd_x_up_neg+strong_close|nk0.0|vm1.2|am_0845_1130,9,0.15,8,1,0,88.9,88.9,8.0,2.1,0.3,7.8
LONG:delta_surge+macd_x_up_neg+strong_close|nk0.5|vm0.8|am_0845_1130,9,0.15,8,1,0,88.9,88.9,8.0,2.1,0.3,7.8
LONG:delta_surge+macd_x_up_neg+strong_close|nk0.5|vm1.2|am_0845_1130,9,0.15,8,1,0,88.9,88.9,8.0,2.1,0.3,7.8
LONG:delta_surge+macd_x_up_neg+strong_close|nk0.8|vm0.8|am_0845_1130,9,0.15,8,1,0,88.9,88.9,8.0,2.1,0.3,7.8
LONG:delta_surge+macd_x_up_neg+strong_close|nk0.8|vm1.2|am_0845_1130,9,0.15,8,1,0,88.9,88.9,8.0,2.1,0.3,7.8
LONG:above_pivot+macd_x_up_neg+strong_close|nk0.0|vm0.8|am_0845_1130,9,0.15,8,1,0,88.9,88.9,8.0,2.1,0.3,18.9
LONG:above_pivot+macd_x_up_neg+strong_close|nk0.5|vm0.8|am_0845_1130,9,0.15,8,1,0,88.9,88.9,8.0,2.1,0.3,18.9
LONG:above_pivot+macd_x_up_neg+strong_close|nk0.8|vm0.8|am_0845_1130,9,0.15,8,1,0,88.9,88.9,8.0,2.1,0.3,18.9
LONG:above_pivot+macd_x_up_neg+cvd_up|nk0.0|vm1.2|full_0845_1400,9,0.15,8,1,0,88.9,88.9,8.0,2.1,0.3,20.0
LONG:above_pivot+macd_x_up_neg+cvd_up|nk0.5|vm1.2|full_0845_1400,9,0.15,8,1,0,88.9,88.9,8.0,2.1,0.3,20.0
LONG:above_pivot+hist_turn_up+vwap_lo_bounce|nk0.0|vm0.8|am_0845_1130,9,0.15,8,1,0,88.9,88.9,8.0,2.1,0.3,6.7
LONG:above_pivot+hist_turn_up+vwap_lo_bounce|nk0.5|vm0.8|am_0845_1130,9,0.15,8,1,0,88.9,88.9,8.0,2.1,0.3,6.7
LONG:macd_x_up+macd_x_up_neg+cvd_up_v|nk0.8|vm0.8|full_0845_1400,9,0.15,8,1,0,88.9,88.9,8.0,2.1,0.3,19.4
LONG:macd_x_up+macd_x_up_neg+cvd_up_v|nk0.8|vm1.2|full_0845_1400,9,0.15,8,1,0,88.9,88.9,8.0,2.1,0.3,19.4
LONG:macd_x_up_neg+strong_close+cvd_up_v|nk0.8|vm0.8|full_0845_1400,9,0.15,8,1,0,88.9,88.9,8.0,2.1,0.3,19.4
LONG:macd_x_up_neg+strong_close+cvd_up_v|nk0.8|vm1.2|full_0845_1400,9,0.15,8,1,0,88.9,88.9,8.0,2.1,0.3,19.4
LONG:macd_x_up_neg+cvd_up+cvd_up_v|nk0.8|vm0.8|full_0845_1400,9,0.15,8,1,0,88.9,88.9,8.0,2.1,0.3,19.4
LONG:macd_x_up_neg+cvd_up+cvd_up_v|nk0.8|vm1.2|full_0845_1400,9,0.15,8,1,0,88.9,88.9,8.0,2.1,0.3,19.4
LONG:vwap_reclaim+above_vwap+adi_up+macd_x_up_neg|nk0.0|vm0.8|am_0845_1130,9,0.15,8,1,0,88.9,88.9,8.0,2.1,0.3,12.8
LONG:vwap_reclaim+above_vwap+adi_up+macd_x_up_neg|nk0.0|vm1.2|full_0845_1400,9,0.15,8,1,0,88.9,88.9,8.0,2.1,0.3,17.2
LONG:vwap_reclaim+above_vwap+adi_up+macd_x_up_neg|nk0.5|vm0.8|am_0845_1130,9,0.15,8,1,0,88.9,88.9,8.0,2.1,0.3,12.8
LONG:vwap_reclaim+above_vwap+adi_up+macd_x_up_neg|nk0.5|vm1.2|full_0845_1400,9,0.15,8,1,0,88.9,88.9,8.0,2.1,0.3,17.2
LONG:vwap_reclaim+above_vwap+adi_up+macd_x_up_neg|nk0.8|vm1.2|full_0845_1400,9,0.15,8,1,0,88.9,88.9,8.0,2.1,0.3,17.2
LONG:vwap_reclaim+above_vwap+macd_x_up+macd_x_up_neg|nk0.0|vm0.8|am_0845_1130,9,0.15,8,1,0,88.9,88.9,8.0,2.1,0.3,12.8
LONG:vwap_reclaim+above_vwap+macd_x_up+macd_x_up_neg|nk0.5|vm0.8|am_0845_1130,9,0.15,8,1,0,88.9,88.9,8.0,2.1,0.3,12.8
LONG:vwap_reclaim+above_vwap+macd_x_up_neg+strong_close|nk0.0|vm0.8|am_0845_1130,9,0.15,8,1,0,88.9,88.9,8.0,2.1,0.3,12.8
LONG:vwap_reclaim+above_vwap+macd_x_up_neg+strong_close|nk0.0|vm1.2|full_0845_1400,9,0.15,8,1,0,88.9,88.9,8.0,2.1,0.3,17.2
LONG:vwap_reclaim+above_vwap+macd_x_up_neg+strong_close|nk0.5|vm0.8|am_0845_1130,9,0.15,8,1,0,88.9,88.9,8.0,2.1,0.3,12.8
LONG:vwap_reclaim+above_vwap+macd_x_up_neg+strong_close|nk0.5|vm1.2|full_0845_1400,9,0.15,8,1,0,88.9,88.9,8.0,2.1,0.3,17.2
LONG:vwap_reclaim+above_vwap+macd_x_up_neg+strong_close|nk0.8|vm1.2|full_0845_1400,9,0.15,8,1,0,88.9,88.9,8.0,2.1,0.3,17.2
LONG:vwap_reclaim+adi_up+macd_x_up+macd_x_up_neg|nk0.0|vm0.8|am_0845_1130,9,0.15,8,1,0,88.9,88.9,8.0,2.1,0.3,12.8
LONG:vwap_reclaim+adi_up+macd_x_up+macd_x_up_neg|nk0.0|vm1.2|full_0845_1400,9,0.15,8,1,0,88.9,88.9,8.0,2.1,0.3,17.2
LONG:vwap_reclaim+adi_up+macd_x_up+macd_x_up_neg|nk0.5|vm0.8|am_0845_1130,9,0.15,8,1,0,88.9,88.9,8.0,2.1,0.3,12.8
LONG:vwap_reclaim+adi_up+macd_x_up+macd_x_up_neg|nk0.5|vm1.2|full_0845_1400,9,0.15,8,1,0,88.9,88.9,8.0,2.1,0.3,17.2
LONG:vwap_reclaim+adi_up+macd_x_up+macd_x_up_neg|nk0.8|vm1.2|full_0845_1400,9,0.15,8,1,0,88.9,88.9,8.0,2.1,0.3,17.2
LONG:vwap_reclaim+adi_up+macd_x_up_neg+strong_close|nk0.0|vm0.8|am_0845_1130,9,0.15,8,1,0,88.9,88.9,8.0,2.1,0.3,12.8
LONG:vwap_reclaim+adi_up+macd_x_up_neg+strong_close|nk0.0|vm1.2|full_0845_1400,9,0.15,8,1,0,88.9,88.9,8.0,2.1,0.3,17.2
LONG:vwap_reclaim+adi_up+macd_x_up_neg+strong_close|nk0.5|vm0.8|am_0845_1130,9,0.15,8,1,0,88.9,88.9,8.0,2.1,0.3,12.8
LONG:vwap_reclaim+adi_up+macd_x_up_neg+strong_close|nk0.5|vm1.2|full_0845_1400,9,0.15,8,1,0,88.9,88.9,8.0,2.1,0.3,17.2
LONG:vwap_reclaim+adi_up+macd_x_up_neg+strong_close|nk0.8|vm1.2|full_0845_1400,9,0.15,8,1,0,88.9,88.9,8.0,2.1,0.3,17.2
LONG:vwap_reclaim+macd_x_up+macd_x_up_neg+strong_close|nk0.0|vm0.8|am_0845_1130,9,0.15,8,1,0,88.9,88.9,8.0,2.1,0.3,12.8
LONG:vwap_reclaim+macd_x_up+macd_x_up_neg+strong_close|nk0.0|vm1.2|full_0845_1400,9,0.15,8,1,0,88.9,88.9,8.0,2.1,0.3,17.2
LONG:vwap_reclaim+macd_x_up+macd_x_up_neg+strong_close|nk0.5|vm0.8|am_0845_1130,9,0.15,8,1,0,88.9,88.9,8.0,2.1,0.3,12.8
LONG:vwap_reclaim+macd_x_up+macd_x_up_neg+strong_close|nk0.5|vm1.2|full_0845_1400,9,0.15,8,1,0,88.9,88.9,8.0,2.1,0.3,17.2
LONG:vwap_reclaim+macd_x_up+macd_x_up_neg+strong_close|nk0.8|vm1.2|full_0845_1400,9,0.15,8,1,0,88.9,88.9,8.0,2.1,0.3,17.2
LONG:above_vwap+adi_up+delta_surge+macd_x_up_neg|nk0.8|vm0.8|full_0845_1400,9,0.15,8,1,0,88.9,88.9,8.0,2.1,0.3,6.7
LONG:above_vwap+adi_up+delta_surge+macd_x_up_neg|nk0.8|vm1.2|full_0845_1400,9,0.15,8,1,0,88.9,88.9,8.0,2.1,0.3,6.7
LONG:above_vwap+adi_up+above_pivot+macd_x_up_neg|nk0.0|vm1.2|full_0845_1400,9,0.15,8,1,0,88.9,88.9,8.0,2.1,0.3,20.0
LONG:above_vwap+adi_up+above_pivot+macd_x_up_neg|nk0.5|vm1.2|full_0845_1400,9,0.15,8,1,0,88.9,88.9,8.0,2.1,0.3,20.0
LONG:above_vwap+adi_up+macd_x_up_neg+cvd_up|nk0.8|vm1.2|am_0845_1130,9,0.15,8,1,0,88.9,88.9,8.0,2.1,0.3,9.4
LONG:above_vwap+adi_up+macd_x_up_neg+cvd_up_v|nk0.8|vm0.8|full_0845_1400,9,0.15,8,1,0,88.9,88.9,8.0,2.1,0.3,19.4
LONG:above_vwap+adi_up+macd_x_up_neg+cvd_up_v|nk0.8|vm1.2|full_0845_1400,9,0.15,8,1,0,88.9,88.9,8.0,2.1,0.3,19.4
LONG:above_vwap+delta_surge+macd_x_up+macd_x_up_neg|nk0.8|vm0.8|full_0845_1400,9,0.15,8,1,0,88.9,88.9,8.0,2.1,0.3,6.7
LONG:above_vwap+delta_surge+macd_x_up+macd_x_up_neg|nk0.8|vm1.2|full_0845_1400,9,0.15,8,1,0,88.9,88.9,8.0,2.1,0.3,6.7
LONG:above_vwap+delta_surge+macd_x_up_neg+strong_close|nk0.8|vm0.8|full_0845_1400,9,0.15,8,1,0,88.9,88.9,8.0,2.1,0.3,6.7
LONG:above_vwap+delta_surge+macd_x_up_neg+strong_close|nk0.8|vm1.2|full_0845_1400,9,0.15,8,1,0,88.9,88.9,8.0,2.1,0.3,6.7
LONG:above_vwap+above_pivot+macd_x_up_neg+cvd_up|nk0.0|vm1.2|full_0845_1400,9,0.15,8,1,0,88.9,88.9,8.0,2.1,0.3,20.0
LONG:above_vwap+above_pivot+macd_x_up_neg+cvd_up|nk0.5|vm1.2|full_0845_1400,9,0.15,8,1,0,88.9,88.9,8.0,2.1,0.3,20.0
LONG:above_vwap+macd_x_up+macd_x_up_neg+cvd_up_v|nk0.8|vm0.8|full_0845_1400,9,0.15,8,1,0,88.9,88.9,8.0,2.1,0.3,19.4
LONG:above_vwap+macd_x_up+macd_x_up_neg+cvd_up_v|nk0.8|vm1.2|full_0845_1400,9,0.15,8,1,0,88.9,88.9,8.0,2.1,0.3,19.4
LONG:above_vwap+macd_x_up_neg+strong_close+cvd_up_v|nk0.8|vm0.8|full_0845_1400,9,0.15,8,1,0,88.9,88.9,8.0,2.1,0.3,19.4
LONG:above_vwap+macd_x_up_neg+strong_close+cvd_up_v|nk0.8|vm1.2|full_0845_1400,9,0.15,8,1,0,88.9,88.9,8.0,2.1,0.3,19.4
LONG:above_vwap+macd_x_up_neg+cvd_up+cvd_up_v|nk0.8|vm0.8|full_0845_1400,9,0.15,8,1,0,88.9,88.9,8.0,2.1,0.3,19.4
LONG:above_vwap+macd_x_up_neg+cvd_up+cvd_up_v|nk0.8|vm1.2|full_0845_1400,9,0.15,8,1,0,88.9,88.9,8.0,2.1,0.3,19.4
LONG:adi_up+delta_surge+macd_x_up+macd_x_up_neg|nk0.0|vm0.8|am_0845_1130,9,0.15,8,1,0,88.9,88.9,8.0,2.1,0.3,7.8
LONG:adi_up+delta_surge+macd_x_up+macd_x_up_neg|nk0.0|vm1.2|am_0845_1130,9,0.15,8,1,0,88.9,88.9,8.0,2.1,0.3,7.8
LONG:adi_up+delta_surge+macd_x_up+macd_x_up_neg|nk0.5|vm0.8|am_0845_1130,9,0.15,8,1,0,88.9,88.9,8.0,2.1,0.3,7.8
LONG:adi_up+delta_surge+macd_x_up+macd_x_up_neg|nk0.5|vm1.2|am_0845_1130,9,0.15,8,1,0,88.9,88.9,8.0,2.1,0.3,7.8
LONG:adi_up+delta_surge+macd_x_up+macd_x_up_neg|nk0.8|vm0.8|am_0845_1130,9,0.15,8,1,0,88.9,88.9,8.0,2.1,0.3,7.8
LONG:adi_up+delta_surge+macd_x_up+macd_x_up_neg|nk0.8|vm1.2|am_0845_1130,9,0.15,8,1,0,88.9,88.9,8.0,2.1,0.3,7.8
LONG:adi_up+delta_surge+macd_x_up_neg+strong_close|nk0.0|vm0.8|am_0845_1130,9,0.15,8,1,0,88.9,88.9,8.0,2.1,0.3,7.8
LONG:adi_up+delta_surge+macd_x_up_neg+strong_close|nk0.0|vm1.2|am_0845_1130,9,0.15,8,1,0,88.9,88.9,8.0,2.1,0.3,7.8
LONG:adi_up+delta_surge+macd_x_up_neg+strong_close|nk0.5|vm0.8|am_0845_1130,9,0.15,8,1,0,88.9,88.9,8.0,2.1,0.3,7.8
LONG:adi_up+delta_surge+macd_x_up_neg+strong_close|nk0.5|vm1.2|am_0845_1130,9,0.15,8,1,0,88.9,88.9,8.0,2.1,0.3,7.8
LONG:adi_up+delta_surge+macd_x_up_neg+strong_close|nk0.8|vm0.8|am_0845_1130,9,0.15,8,1,0,88.9,88.9,8.0,2.1,0.3,7.8
LONG:adi_up+delta_surge+macd_x_up_neg+strong_close|nk0.8|vm1.2|am_0845_1130,9,0.15,8,1,0,88.9,88.9,8.0,2.1,0.3,7.8
LONG:adi_up+above_pivot+macd_x_up+macd_x_up_neg|nk0.8|vm0.8|am_0845_1130,9,0.15,8,1,0,88.9,88.9,8.0,2.1,0.3,18.9
LONG:adi_up+above_pivot+macd_x_up_neg+strong_close|nk0.0|vm0.8|am_0845_1130,9,0.15,8,1,0,88.9,88.9,8.0,2.1,0.3,18.9
LONG:adi_up+above_pivot+macd_x_up_neg+strong_close|nk0.5|vm0.8|am_0845_1130,9,0.15,8,1,0,88.9,88.9,8.0,2.1,0.3,18.9
LONG:adi_up+above_pivot+macd_x_up_neg+strong_close|nk0.8|vm0.8|am_0845_1130,9,0.15,8,1,0,88.9,88.9,8.0,2.1,0.3,18.9
LONG:adi_up+above_pivot+macd_x_up_neg+cvd_up|nk0.0|vm1.2|full_0845_1400,9,0.15,8,1,0,88.9,88.9,8.0,2.1,0.3,20.0
LONG:adi_up+above_pivot+macd_x_up_neg+cvd_up|nk0.5|vm1.2|full_0845_1400,9,0.15,8,1,0,88.9,88.9,8.0,2.1,0.3,20.0
LONG:adi_up+macd_x_up+macd_x_up_neg+cvd_up|nk0.8|vm1.2|am_0845_1130,9,0.15,8,1,0,88.9,88.9,8.0,2.1,0.3,9.4
LONG:adi_up+macd_x_up+macd_x_up_neg+cvd_up_v|nk0.8|vm0.8|full_0845_1400,9,0.15,8,1,0,88.9,88.9,8.0,2.1,0.3,19.4
LONG:adi_up+macd_x_up+macd_x_up_neg+cvd_up_v|nk0.8|vm1.2|full_0845_1400,9,0.15,8,1,0,88.9,88.9,8.0,2.1,0.3,19.4
LONG:adi_up+macd_x_up_neg+strong_close+cvd_up|nk0.0|vm1.2|am_0845_1130,9,0.15,8,1,0,88.9,88.9,8.0,2.1,0.3,9.4
LONG:adi_up+macd_x_up_neg+strong_close+cvd_up|nk0.5|vm1.2|am_0845_1130,9,0.15,8,1,0,88.9,88.9,8.0,2.1,0.3,9.4
LONG:adi_up+macd_x_up_neg+strong_close+cvd_up|nk0.8|vm1.2|am_0845_1130,9,0.15,8,1,0,88.9,88.9,8.0,2.1,0.3,9.4
LONG:adi_up+macd_x_up_neg+strong_close+cvd_up_v|nk0.8|vm0.8|full_0845_1400,9,0.15,8,1,0,88.9,88.9,8.0,2.1,0.3,19.4
LONG:adi_up+macd_x_up_neg+strong_close+cvd_up_v|nk0.8|vm1.2|full_0845_1400,9,0.15,8,1,0,88.9,88.9,8.0,2.1,0.3,19.4
LONG:adi_up+macd_x_up_neg+cvd_up+cvd_up_v|nk0.8|vm0.8|full_0845_1400,9,0.15,8,1,0,88.9,88.9,8.0,2.1,0.3,19.4
LONG:adi_up+macd_x_up_neg+cvd_up+cvd_up_v|nk0.8|vm1.2|full_0845_1400,9,0.15,8,1,0,88.9,88.9,8.0,2.1,0.3,19.4
LONG:delta_surge+macd_x_up+macd_x_up_neg+strong_close|nk0.0|vm0.8|am_0845_1130,9,0.15,8,1,0,88.9,88.9,8.0,2.1,0.3,7.8
LONG:delta_surge+macd_x_up+macd_x_up_neg+strong_close|nk0.0|vm1.2|am_0845_1130,9,0.15,8,1,0,88.9,88.9,8.0,2.1,0.3,7.8
LONG:delta_surge+macd_x_up+macd_x_up_neg+strong_close|nk0.5|vm0.8|am_0845_1130,9,0.15,8,1,0,88.9,88.9,8.0,2.1,0.3,7.8
LONG:delta_surge+macd_x_up+macd_x_up_neg+strong_close|nk0.5|vm1.2|am_0845_1130,9,0.15,8,1,0,88.9,88.9,8.0,2.1,0.3,7.8
LONG:delta_surge+macd_x_up+macd_x_up_neg+strong_close|nk0.8|vm0.8|am_0845_1130,9,0.15,8,1,0,88.9,88.9,8.0,2.1,0.3,7.8
LONG:delta_surge+macd_x_up+macd_x_up_neg+strong_close|nk0.8|vm1.2|am_0845_1130,9,0.15,8,1,0,88.9,88.9,8.0,2.1,0.3,7.8
LONG:above_pivot+macd_x_up+macd_x_up_neg+strong_close|nk0.0|vm0.8|am_0845_1130,9,0.15,8,1,0,88.9,88.9,8.0,2.1,0.3,18.9
LONG:above_pivot+macd_x_up+macd_x_up_neg+strong_close|nk0.5|vm0.8|am_0845_1130,9,0.15,8,1,0,88.9,88.9,8.0,2.1,0.3,18.9
LONG:above_pivot+macd_x_up+macd_x_up_neg+strong_close|nk0.8|vm0.8|am_0845_1130,9,0.15,8,1,0,88.9,88.9,8.0,2.1,0.3,18.9
LONG:above_pivot+macd_x_up+macd_x_up_neg+cvd_up|nk0.0|vm1.2|full_0845_1400,9,0.15,8,1,0,88.9,88.9,8.0,2.1,0.3,20.0
LONG:above_pivot+macd_x_up+macd_x_up_neg+cvd_up|nk0.5|vm1.2|full_0845_1400,9,0.15,8,1,0,88.9,88.9,8.0,2.1,0.3,20.0
LONG:macd_x_up+macd_x_up_neg+strong_close+cvd_up_v|nk0.8|vm0.8|full_0845_1400,9,0.15,8,1,0,88.9,88.9,8.0,2.1,0.3,19.4
LONG:macd_x_up+macd_x_up_neg+strong_close+cvd_up_v|nk0.8|vm1.2|full_0845_1400,9,0.15,8,1,0,88.9,88.9,8.0,2.1,0.3,19.4
LONG:macd_x_up+macd_x_up_neg+cvd_up+cvd_up_v|nk0.8|vm0.8|full_0845_1400,9,0.15,8,1,0,88.9,88.9,8.0,2.1,0.3,19.4
LONG:macd_x_up+macd_x_up_neg+cvd_up+cvd_up_v|nk0.8|vm1.2|full_0845_1400,9,0.15,8,1,0,88.9,88.9,8.0,2.1,0.3,19.4
LONG:macd_x_up_neg+strong_close+cvd_up+cvd_up_v|nk0.8|vm0.8|full_0845_1400,9,0.15,8,1,0,88.9,88.9,8.0,2.1,0.3,19.4
LONG:macd_x_up_neg+strong_close+cvd_up+cvd_up_v|nk0.8|vm1.2|full_0845_1400,9,0.15,8,1,0,88.9,88.9,8.0,2.1,0.3,19.4
SHORT:below_pivot+orb_break_dn_v|nk0.0|vm0.8|am_0845_1130,9,0.15,8,1,0,88.9,88.9,8.0,2.1,0.3,12.2
SHORT:below_pivot+orb_break_dn_v|nk0.0|vm1.2|am_0845_1130,9,0.15,8,1,0,88.9,88.9,8.0,2.1,0.3,12.2
SHORT:below_pivot+orb_break_dn_v|nk0.5|vm0.8|am_0845_1130,9,0.15,8,1,0,88.9,88.9,8.0,2.1,0.3,12.2
SHORT:below_pivot+orb_break_dn_v|nk0.5|vm1.2|am_0845_1130,9,0.15,8,1,0,88.9,88.9,8.0,2.1,0.3,12.2
SHORT:below_vwap+below_pivot+orb_break_dn_v|nk0.0|vm0.8|am_0845_1130,9,0.15,8,1,0,88.9,88.9,8.0,2.1,0.3,12.2
SHORT:below_vwap+below_pivot+orb_break_dn_v|nk0.0|vm1.2|am_0845_1130,9,0.15,8,1,0,88.9,88.9,8.0,2.1,0.3,12.2
SHORT:below_vwap+below_pivot+orb_break_dn_v|nk0.5|vm0.8|am_0845_1130,9,0.15,8,1,0,88.9,88.9,8.0,2.1,0.3,12.2
SHORT:below_vwap+below_pivot+orb_break_dn_v|nk0.5|vm1.2|am_0845_1130,9,0.15,8,1,0,88.9,88.9,8.0,2.1,0.3,12.2
SHORT:delta_dump+below_pivot+orb_break_dn_v|nk0.8|vm0.8|full_0845_1400,9,0.15,8,1,0,88.9,88.9,8.0,2.1,0.3,6.7
SHORT:delta_dump+below_pivot+orb_break_dn_v|nk0.8|vm1.2|full_0845_1400,9,0.15,8,1,0,88.9,88.9,8.0,2.1,0.3,6.7
SHORT:below_pivot+weak_close+orb_break_dn_v|nk0.0|vm0.8|am_0845_1130,9,0.15,8,1,0,88.9,88.9,8.0,2.1,0.3,12.2
SHORT:below_pivot+weak_close+orb_break_dn_v|nk0.0|vm1.2|am_0845_1130,9,0.15,8,1,0,88.9,88.9,8.0,2.1,0.3,12.2
SHORT:below_pivot+weak_close+orb_break_dn_v|nk0.5|vm0.8|am_0845_1130,9,0.15,8,1,0,88.9,88.9,8.0,2.1,0.3,12.2
SHORT:below_pivot+weak_close+orb_break_dn_v|nk0.5|vm1.2|am_0845_1130,9,0.15,8,1,0,88.9,88.9,8.0,2.1,0.3,12.2
SHORT:below_pivot+orb_break_dn+orb_break_dn_v|nk0.0|vm0.8|am_0845_1130,9,0.15,8,1,0,88.9,88.9,8.0,2.1,0.3,12.2
SHORT:below_pivot+orb_break_dn+orb_break_dn_v|nk0.0|vm1.2|am_0845_1130,9,0.15,8,1,0,88.9,88.9,8.0,2.1,0.3,12.2
SHORT:below_pivot+orb_break_dn+orb_break_dn_v|nk0.5|vm0.8|am_0845_1130,9,0.15,8,1,0,88.9,88.9,8.0,2.1,0.3,12.2
SHORT:below_pivot+orb_break_dn+orb_break_dn_v|nk0.5|vm1.2|am_0845_1130,9,0.15,8,1,0,88.9,88.9,8.0,2.1,0.3,12.2
SHORT:below_vwap+delta_dump+below_pivot+orb_break_dn_v|nk0.8|vm0.8|full_0845_1400,9,0.15,8,1,0,88.9,88.9,8.0,2.1,0.3,6.7
SHORT:below_vwap+delta_dump+below_pivot+orb_break_dn_v|nk0.8|vm1.2|full_0845_1400,9,0.15,8,1,0,88.9,88.9,8.0,2.1,0.3,6.7
SHORT:below_vwap+below_pivot+weak_close+orb_break_dn_v|nk0.0|vm0.8|am_0845_1130,9,0.15,8,1,0,88.9,88.9,8.0,2.1,0.3,12.2
SHORT:below_vwap+below_pivot+weak_close+orb_break_dn_v|nk0.0|vm1.2|am_0845_1130,9,0.15,8,1,0,88.9,88.9,8.0,2.1,0.3,12.2
SHORT:below_vwap+below_pivot+weak_close+orb_break_dn_v|nk0.5|vm0.8|am_0845_1130,9,0.15,8,1,0,88.9,88.9,8.0,2.1,0.3,12.2
SHORT:below_vwap+below_pivot+weak_close+orb_break_dn_v|nk0.5|vm1.2|am_0845_1130,9,0.15,8,1,0,88.9,88.9,8.0,2.1,0.3,12.2
SHORT:below_vwap+below_pivot+orb_break_dn+orb_break_dn_v|nk0.0|vm0.8|am_0845_1130,9,0.15,8,1,0,88.9,88.9,8.0,2.1,0.3,12.2
SHORT:below_vwap+below_pivot+orb_break_dn+orb_break_dn_v|nk0.0|vm1.2|am_0845_1130,9,0.15,8,1,0,88.9,88.9,8.0,2.1,0.3,12.2
SHORT:below_vwap+below_pivot+orb_break_dn+orb_break_dn_v|nk0.5|vm0.8|am_0845_1130,9,0.15,8,1,0,88.9,88.9,8.0,2.1,0.3,12.2
SHORT:below_vwap+below_pivot+orb_break_dn+orb_break_dn_v|nk0.5|vm1.2|am_0845_1130,9,0.15,8,1,0,88.9,88.9,8.0,2.1,0.3,12.2
SHORT:adi_dn+delta_dump+below_pivot+orb_break_dn_v|nk0.8|vm0.8|full_0845_1400,9,0.15,8,1,0,88.9,88.9,8.0,2.1,0.3,6.7
SHORT:adi_dn+delta_dump+below_pivot+orb_break_dn_v|nk0.8|vm1.2|full_0845_1400,9,0.15,8,1,0,88.9,88.9,8.0,2.1,0.3,6.7
SHORT:adi_dn+below_pivot+orb_break_dn+rvol_thrust_dn|nk0.8|vm0.8|full_0845_1400,9,0.15,8,1,0,88.9,88.9,8.0,2.1,0.3,6.7
SHORT:adi_dn+below_pivot+orb_break_dn+rvol_thrust_dn|nk0.8|vm1.2|full_0845_1400,9,0.15,8,1,0,88.9,88.9,8.0,2.1,0.3,6.7
SHORT:adi_dn+below_pivot+orb_break_dn+below_vwap_v|nk0.8|vm0.8|full_0845_1400,9,0.15,8,1,0,88.9,88.9,8.0,2.1,0.3,6.7
SHORT:adi_dn+below_pivot+orb_break_dn+below_vwap_v|nk0.8|vm1.2|full_0845_1400,9,0.15,8,1,0,88.9,88.9,8.0,2.1,0.3,6.7
SHORT:adi_dn+below_pivot+orb_break_dn_v+rvol_thrust_dn|nk0.8|vm0.8|full_0845_1400,9,0.15,8,1,0,88.9,88.9,8.0,2.1,0.3,6.7
SHORT:adi_dn+below_pivot+orb_break_dn_v+rvol_thrust_dn|nk0.8|vm1.2|full_0845_1400,9,0.15,8,1,0,88.9,88.9,8.0,2.1,0.3,6.7
SHORT:adi_dn+below_pivot+orb_break_dn_v+below_vwap_v|nk0.8|vm0.8|full_0845_1400,9,0.15,8,1,0,88.9,88.9,8.0,2.1,0.3,6.7
SHORT:adi_dn+below_pivot+orb_break_dn_v+below_vwap_v|nk0.8|vm1.2|full_0845_1400,9,0.15,8,1,0,88.9,88.9,8.0,2.1,0.3,6.7
SHORT:delta_dump+below_pivot+weak_close+orb_break_dn_v|nk0.8|vm0.8|full_0845_1400,9,0.15,8,1,0,88.9,88.9,8.0,2.1,0.3,6.7
SHORT:delta_dump+below_pivot+weak_close+orb_break_dn_v|nk0.8|vm1.2|full_0845_1400,9,0.15,8,1,0,88.9,88.9,8.0,2.1,0.3,6.7
SHORT:delta_dump+below_pivot+orb_break_dn+orb_break_dn_v|nk0.8|vm0.8|full_0845_1400,9,0.15,8,1,0,88.9,88.9,8.0,2.1,0.3,6.7
SHORT:delta_dump+below_pivot+orb_break_dn+orb_break_dn_v|nk0.8|vm1.2|full_0845_1400,9,0.15,8,1,0,88.9,88.9,8.0,2.1,0.3,6.7
SHORT:delta_dump+below_pivot+orb_break_dn+rvol_thrust_dn|nk0.8|vm0.8|full_0845_1400,9,0.15,8,1,0,88.9,88.9,8.0,2.1,0.3,6.7
SHORT:delta_dump+below_pivot+orb_break_dn+rvol_thrust_dn|nk0.8|vm1.2|full_0845_1400,9,0.15,8,1,0,88.9,88.9,8.0,2.1,0.3,6.7
SHORT:delta_dump+below_pivot+orb_break_dn+below_vwap_v|nk0.8|vm0.8|full_0845_1400,9,0.15,8,1,0,88.9,88.9,8.0,2.1,0.3,6.7
SHORT:delta_dump+below_pivot+orb_break_dn+below_vwap_v|nk0.8|vm1.2|full_0845_1400,9,0.15,8,1,0,88.9,88.9,8.0,2.1,0.3,6.7
SHORT:delta_dump+below_pivot+orb_break_dn+cvd_dn_v|nk0.8|vm0.8|full_0845_1400,9,0.15,8,1,0,88.9,88.9,8.0,2.1,0.3,6.7
SHORT:delta_dump+below_pivot+orb_break_dn+cvd_dn_v|nk0.8|vm1.2|full_0845_1400,9,0.15,8,1,0,88.9,88.9,8.0,2.1,0.3,6.7
SHORT:delta_dump+below_pivot+orb_break_dn_v+rvol_thrust_dn|nk0.8|vm0.8|full_0845_1400,9,0.15,8,1,0,88.9,88.9,8.0,2.1,0.3,6.7
SHORT:delta_dump+below_pivot+orb_break_dn_v+rvol_thrust_dn|nk0.8|vm1.2|full_0845_1400,9,0.15,8,1,0,88.9,88.9,8.0,2.1,0.3,6.7
SHORT:delta_dump+below_pivot+orb_break_dn_v+below_vwap_v|nk0.8|vm0.8|full_0845_1400,9,0.15,8,1,0,88.9,88.9,8.0,2.1,0.3,6.7
SHORT:delta_dump+below_pivot+orb_break_dn_v+below_vwap_v|nk0.8|vm1.2|full_0845_1400,9,0.15,8,1,0,88.9,88.9,8.0,2.1,0.3,6.7
SHORT:delta_dump+below_pivot+orb_break_dn_v+cvd_dn|nk0.8|vm0.8|full_0845_1400,9,0.15,8,1,0,88.9,88.9,8.0,2.1,0.3,6.7
SHORT:delta_dump+below_pivot+orb_break_dn_v+cvd_dn|nk0.8|vm1.2|full_0845_1400,9,0.15,8,1,0,88.9,88.9,8.0,2.1,0.3,6.7
SHORT:delta_dump+below_pivot+orb_break_dn_v+cvd_dn_v|nk0.8|vm0.8|full_0845_1400,9,0.15,8,1,0,88.9,88.9,8.0,2.1,0.3,6.7
SHORT:delta_dump+below_pivot+orb_break_dn_v+cvd_dn_v|nk0.8|vm1.2|full_0845_1400,9,0.15,8,1,0,88.9,88.9,8.0,2.1,0.3,6.7
SHORT:below_pivot+weak_close+orb_break_dn+orb_break_dn_v|nk0.0|vm0.8|am_0845_1130,9,0.15,8,1,0,88.9,88.9,8.0,2.1,0.3,12.2
SHORT:below_pivot+weak_close+orb_break_dn+orb_break_dn_v|nk0.0|vm1.2|am_0845_1130,9,0.15,8,1,0,88.9,88.9,8.0,2.1,0.3,12.2
SHORT:below_pivot+weak_close+orb_break_dn+orb_break_dn_v|nk0.5|vm0.8|am_0845_1130,9,0.15,8,1,0,88.9,88.9,8.0,2.1,0.3,12.2
SHORT:below_pivot+weak_close+orb_break_dn+orb_break_dn_v|nk0.5|vm1.2|am_0845_1130,9,0.15,8,1,0,88.9,88.9,8.0,2.1,0.3,12.2
SHORT:below_pivot+orb_break_dn+rvol_thrust_dn+cvd_dn|nk0.8|vm0.8|full_0845_1400,9,0.15,8,1,0,88.9,88.9,8.0,2.1,0.3,6.7
SHORT:below_pivot+orb_break_dn+rvol_thrust_dn+cvd_dn|nk0.8|vm1.2|full_0845_1400,9,0.15,8,1,0,88.9,88.9,8.0,2.1,0.3,6.7
SHORT:below_pivot+orb_break_dn+rvol_thrust_dn+cvd_dn_v|nk0.8|vm0.8|full_0845_1400,9,0.15,8,1,0,88.9,88.9,8.0,2.1,0.3,6.7
SHORT:below_pivot+orb_break_dn+rvol_thrust_dn+cvd_dn_v|nk0.8|vm1.2|full_0845_1400,9,0.15,8,1,0,88.9,88.9,8.0,2.1,0.3,6.7
SHORT:below_pivot+orb_break_dn_v+rvol_thrust_dn+cvd_dn|nk0.8|vm0.8|full_0845_1400,9,0.15,8,1,0,88.9,88.9,8.0,2.1,0.3,6.7
SHORT:below_pivot+orb_break_dn_v+rvol_thrust_dn+cvd_dn|nk0.8|vm1.2|full_0845_1400,9,0.15,8,1,0,88.9,88.9,8.0,2.1,0.3,6.7
SHORT:below_pivot+orb_break_dn_v+rvol_thrust_dn+cvd_dn_v|nk0.8|vm0.8|full_0845_1400,9,0.15,8,1,0,88.9,88.9,8.0,2.1,0.3,6.7
SHORT:below_pivot+orb_break_dn_v+rvol_thrust_dn+cvd_dn_v|nk0.8|vm1.2|full_0845_1400,9,0.15,8,1,0,88.9,88.9,8.0,2.1,0.3,6.7
LONG:above_vwap+adi_up+macd_x_up_neg|nk0.0|vm0.8|am_0845_1130,17,0.28,15,2,0,88.2,88.2,7.5,3.9,0.6,11.8
LONG:above_vwap+adi_up+macd_x_up_neg|nk0.5|vm0.8|am_0845_1130,17,0.28,15,2,0,88.2,88.2,7.5,3.9,0.6,11.8
LONG:above_vwap+adi_up+macd_x_up_neg|nk0.8|vm0.8|full_0845_1400,17,0.28,15,2,0,88.2,88.2,7.5,3.9,0.6,16.5
LONG:above_vwap+adi_up+macd_x_up+macd_x_up_neg|nk0.0|vm0.8|am_0845_1130,17,0.28,15,2,0,88.2,88.2,7.5,3.9,0.6,11.8
LONG:above_vwap+adi_up+macd_x_up+macd_x_up_neg|nk0.5|vm0.8|am_0845_1130,17,0.28,15,2,0,88.2,88.2,7.5,3.9,0.6,11.8
LONG:above_vwap+adi_up+macd_x_up+macd_x_up_neg|nk0.8|vm0.8|full_0845_1400,17,0.28,15,2,0,88.2,88.2,7.5,3.9,0.6,16.5
LONG:above_vwap+adi_up+macd_x_up_neg|nk0.0|vm1.2|full_0845_1400,16,0.27,14,2,0,87.5,87.5,7.0,3.6,0.3,14.4
LONG:above_vwap+adi_up+macd_x_up_neg|nk0.5|vm1.2|full_0845_1400,16,0.27,14,2,0,87.5,87.5,7.0,3.6,0.3,14.4
LONG:adi_up+macd_x_up_neg+cvd_up|nk0.0|vm0.8|am_0845_1130,16,0.27,14,2,0,87.5,87.5,7.0,3.6,0.6,12.2
LONG:adi_up+macd_x_up_neg+cvd_up|nk0.5|vm0.8|am_0845_1130,16,0.27,14,2,0,87.5,87.5,7.0,3.6,0.6,12.2
LONG:adi_up+macd_x_up_neg+cvd_up|nk0.8|vm0.8|full_0845_1400,16,0.27,14,2,0,87.5,87.5,7.0,3.6,0.6,17.2
LONG:above_vwap+adi_up+macd_x_up+macd_x_up_neg|nk0.0|vm1.2|full_0845_1400,16,0.27,14,2,0,87.5,87.5,7.0,3.6,0.3,14.4
LONG:above_vwap+adi_up+macd_x_up+macd_x_up_neg|nk0.5|vm1.2|full_0845_1400,16,0.27,14,2,0,87.5,87.5,7.0,3.6,0.3,14.4
LONG:above_vwap+adi_up+macd_x_up_neg+strong_close|nk0.8|vm0.8|full_0845_1400,16,0.27,14,2,0,87.5,87.5,7.0,3.6,0.6,17.2
LONG:above_vwap+adi_up+macd_x_up_neg+cvd_up|nk0.0|vm0.8|am_0845_1130,16,0.27,14,2,0,87.5,87.5,7.0,3.6,0.6,12.2
LONG:above_vwap+adi_up+macd_x_up_neg+cvd_up|nk0.5|vm0.8|am_0845_1130,16,0.27,14,2,0,87.5,87.5,7.0,3.6,0.6,12.2
LONG:above_vwap+adi_up+macd_x_up_neg+cvd_up|nk0.8|vm0.8|full_0845_1400,16,0.27,14,2,0,87.5,87.5,7.0,3.6,0.6,17.2
LONG:adi_up+macd_x_up+macd_x_up_neg+cvd_up|nk0.0|vm0.8|am_0845_1130,16,0.27,14,2,0,87.5,87.5,7.0,3.6,0.6,12.2
LONG:adi_up+macd_x_up+macd_x_up_neg+cvd_up|nk0.5|vm0.8|am_0845_1130,16,0.27,14,2,0,87.5,87.5,7.0,3.6,0.6,12.2
LONG:adi_up+macd_x_up+macd_x_up_neg+cvd_up|nk0.8|vm0.8|full_0845_1400,16,0.27,14,2,0,87.5,87.5,7.0,3.6,0.6,17.2
LONG:vwap_reclaim+macd_x_up_neg|nk0.8|vm0.8|am_0845_1130,8,0.13,7,1,0,87.5,87.5,7.0,1.8,0.3,13.1
LONG:adi_up+macd_x_up_neg|nk0.8|vm1.2|pm_1130_1400,8,0.13,7,1,0,87.5,87.5,7.0,1.8,0.3,18.8
LONG:macd_x_up+vwap_reclaim_v|nk0.0|vm0.8|full_0845_1400,8,0.13,7,1,0,87.5,87.5,7.0,1.8,0.3,20.6
LONG:macd_x_up+vwap_reclaim_v|nk0.0|vm1.2|full_0845_1400,8,0.13,7,1,0,87.5,87.5,7.0,1.8,0.3,20.6
LONG:macd_x_up+vwap_reclaim_v|nk0.5|vm0.8|full_0845_1400,8,0.13,7,1,0,87.5,87.5,7.0,1.8,0.3,20.6
LONG:macd_x_up+vwap_reclaim_v|nk0.5|vm1.2|full_0845_1400,8,0.13,7,1,0,87.5,87.5,7.0,1.8,0.3,20.6
LONG:macd_x_up+vwap_reclaim_v|nk0.8|vm0.8|full_0845_1400,8,0.13,7,1,0,87.5,87.5,7.0,1.8,0.3,20.6
LONG:macd_x_up+vwap_reclaim_v|nk0.8|vm1.2|full_0845_1400,8,0.13,7,1,0,87.5,87.5,7.0,1.8,0.3,20.6
LONG:macd_x_up_neg+strong_close|nk0.8|vm0.8|pm_1130_1400,8,0.13,7,1,0,87.5,87.5,7.0,1.8,0.3,22.5
LONG:macd_x_up_neg+vwap_reclaim_v|nk0.0|vm0.8|full_0845_1400,8,0.13,7,1,0,87.5,87.5,7.0,1.8,0.3,20.6
LONG:macd_x_up_neg+vwap_reclaim_v|nk0.0|vm1.2|full_0845_1400,8,0.13,7,1,0,87.5,87.5,7.0,1.8,0.3,20.6
LONG:macd_x_up_neg+vwap_reclaim_v|nk0.5|vm0.8|full_0845_1400,8,0.13,7,1,0,87.5,87.5,7.0,1.8,0.3,20.6
LONG:macd_x_up_neg+vwap_reclaim_v|nk0.5|vm1.2|full_0845_1400,8,0.13,7,1,0,87.5,87.5,7.0,1.8,0.3,20.6
LONG:macd_x_up_neg+vwap_reclaim_v|nk0.8|vm0.8|full_0845_1400,8,0.13,7,1,0,87.5,87.5,7.0,1.8,0.3,20.6
LONG:macd_x_up_neg+vwap_reclaim_v|nk0.8|vm1.2|full_0845_1400,8,0.13,7,1,0,87.5,87.5,7.0,1.8,0.3,20.6
LONG:vwap_reclaim+above_vwap+macd_x_up_neg|nk0.8|vm0.8|am_0845_1130,8,0.13,7,1,0,87.5,87.5,7.0,1.8,0.3,13.1
LONG:vwap_reclaim+adi_up+macd_x_up_neg|nk0.8|vm0.8|am_0845_1130,8,0.13,7,1,0,87.5,87.5,7.0,1.8,0.3,13.1
LONG:vwap_reclaim+above_pivot+macd_x_up_neg|nk0.0|vm0.8|full_0845_1400,8,0.13,7,1,0,87.5,87.5,7.0,1.8,0.3,32.5
LONG:vwap_reclaim+above_pivot+macd_x_up_neg|nk0.5|vm0.8|full_0845_1400,8,0.13,7,1,0,87.5,87.5,7.0,1.8,0.3,32.5
LONG:vwap_reclaim+macd_x_up+macd_x_up_neg|nk0.8|vm0.8|am_0845_1130,8,0.13,7,1,0,87.5,87.5,7.0,1.8,0.3,13.1
LONG:vwap_reclaim+macd_x_up+vwap_reclaim_v|nk0.0|vm0.8|full_0845_1400,8,0.13,7,1,0,87.5,87.5,7.0,1.8,0.3,20.6
LONG:vwap_reclaim+macd_x_up+vwap_reclaim_v|nk0.0|vm1.2|full_0845_1400,8,0.13,7,1,0,87.5,87.5,7.0,1.8,0.3,20.6
LONG:vwap_reclaim+macd_x_up+vwap_reclaim_v|nk0.5|vm0.8|full_0845_1400,8,0.13,7,1,0,87.5,87.5,7.0,1.8,0.3,20.6
LONG:vwap_reclaim+macd_x_up+vwap_reclaim_v|nk0.5|vm1.2|full_0845_1400,8,0.13,7,1,0,87.5,87.5,7.0,1.8,0.3,20.6
LONG:vwap_reclaim+macd_x_up+vwap_reclaim_v|nk0.8|vm0.8|full_0845_1400,8,0.13,7,1,0,87.5,87.5,7.0,1.8,0.3,20.6
LONG:vwap_reclaim+macd_x_up+vwap_reclaim_v|nk0.8|vm1.2|full_0845_1400,8,0.13,7,1,0,87.5,87.5,7.0,1.8,0.3,20.6
LONG:vwap_reclaim+macd_x_up_neg+strong_close|nk0.8|vm0.8|am_0845_1130,8,0.13,7,1,0,87.5,87.5,7.0,1.8,0.3,13.1
LONG:vwap_reclaim+macd_x_up_neg+vwap_reclaim_v|nk0.0|vm0.8|full_0845_1400,8,0.13,7,1,0,87.5,87.5,7.0,1.8,0.3,20.6
LONG:vwap_reclaim+macd_x_up_neg+vwap_reclaim_v|nk0.0|vm1.2|full_0845_1400,8,0.13,7,1,0,87.5,87.5,7.0,1.8,0.3,20.6
LONG:vwap_reclaim+macd_x_up_neg+vwap_reclaim_v|nk0.5|vm0.8|full_0845_1400,8,0.13,7,1,0,87.5,87.5,7.0,1.8,0.3,20.6
LONG:vwap_reclaim+macd_x_up_neg+vwap_reclaim_v|nk0.5|vm1.2|full_0845_1400,8,0.13,7,1,0,87.5,87.5,7.0,1.8,0.3,20.6
LONG:vwap_reclaim+macd_x_up_neg+vwap_reclaim_v|nk0.8|vm0.8|full_0845_1400,8,0.13,7,1,0,87.5,87.5,7.0,1.8,0.3,20.6
LONG:vwap_reclaim+macd_x_up_neg+vwap_reclaim_v|nk0.8|vm1.2|full_0845_1400,8,0.13,7,1,0,87.5,87.5,7.0,1.8,0.3,20.6
LONG:vwap_reclaim+macd_x_up_neg+cvd_up|nk0.0|vm0.8|am_0845_1130,8,0.13,7,1,0,87.5,87.5,7.0,1.8,0.3,13.8
LONG:vwap_reclaim+macd_x_up_neg+cvd_up|nk0.0|vm1.2|full_0845_1400,8,0.13,7,1,0,87.5,87.5,7.0,1.8,0.3,18.8
LONG:vwap_reclaim+macd_x_up_neg+cvd_up|nk0.5|vm0.8|am_0845_1130,8,0.13,7,1,0,87.5,87.5,7.0,1.8,0.3,13.8
LONG:vwap_reclaim+macd_x_up_neg+cvd_up|nk0.5|vm1.2|full_0845_1400,8,0.13,7,1,0,87.5,87.5,7.0,1.8,0.3,18.8
LONG:vwap_reclaim+macd_x_up_neg+cvd_up|nk0.8|vm1.2|full_0845_1400,8,0.13,7,1,0,87.5,87.5,7.0,1.8,0.3,18.8
LONG:above_vwap+delta_surge+macd_x_up_neg|nk0.0|vm0.8|am_0845_1130,8,0.13,7,1,0,87.5,87.5,7.0,1.8,0.3,6.9
LONG:above_vwap+delta_surge+macd_x_up_neg|nk0.0|vm1.2|am_0845_1130,8,0.13,7,1,0,87.5,87.5,7.0,1.8,0.3,6.9
LONG:above_vwap+delta_surge+macd_x_up_neg|nk0.5|vm0.8|am_0845_1130,8,0.13,7,1,0,87.5,87.5,7.0,1.8,0.3,6.9
LONG:above_vwap+delta_surge+macd_x_up_neg|nk0.5|vm1.2|am_0845_1130,8,0.13,7,1,0,87.5,87.5,7.0,1.8,0.3,6.9
LONG:above_vwap+delta_surge+macd_x_up_neg|nk0.8|vm0.8|am_0845_1130,8,0.13,7,1,0,87.5,87.5,7.0,1.8,0.3,6.9
LONG:above_vwap+delta_surge+macd_x_up_neg|nk0.8|vm1.2|am_0845_1130,8,0.13,7,1,0,87.5,87.5,7.0,1.8,0.3,6.9
LONG:above_vwap+macd_x_up+vwap_reclaim_v|nk0.0|vm0.8|full_0845_1400,8,0.13,7,1,0,87.5,87.5,7.0,1.8,0.3,20.6
LONG:above_vwap+macd_x_up+vwap_reclaim_v|nk0.0|vm1.2|full_0845_1400,8,0.13,7,1,0,87.5,87.5,7.0,1.8,0.3,20.6
LONG:above_vwap+macd_x_up+vwap_reclaim_v|nk0.5|vm0.8|full_0845_1400,8,0.13,7,1,0,87.5,87.5,7.0,1.8,0.3,20.6
LONG:above_vwap+macd_x_up+vwap_reclaim_v|nk0.5|vm1.2|full_0845_1400,8,0.13,7,1,0,87.5,87.5,7.0,1.8,0.3,20.6
LONG:above_vwap+macd_x_up+vwap_reclaim_v|nk0.8|vm0.8|full_0845_1400,8,0.13,7,1,0,87.5,87.5,7.0,1.8,0.3,20.6
LONG:above_vwap+macd_x_up+vwap_reclaim_v|nk0.8|vm1.2|full_0845_1400,8,0.13,7,1,0,87.5,87.5,7.0,1.8,0.3,20.6
LONG:above_vwap+macd_x_up_neg+vwap_reclaim_v|nk0.0|vm0.8|full_0845_1400,8,0.13,7,1,0,87.5,87.5,7.0,1.8,0.3,20.6
LONG:above_vwap+macd_x_up_neg+vwap_reclaim_v|nk0.0|vm1.2|full_0845_1400,8,0.13,7,1,0,87.5,87.5,7.0,1.8,0.3,20.6
LONG:above_vwap+macd_x_up_neg+vwap_reclaim_v|nk0.5|vm0.8|full_0845_1400,8,0.13,7,1,0,87.5,87.5,7.0,1.8,0.3,20.6
LONG:above_vwap+macd_x_up_neg+vwap_reclaim_v|nk0.5|vm1.2|full_0845_1400,8,0.13,7,1,0,87.5,87.5,7.0,1.8,0.3,20.6
LONG:above_vwap+macd_x_up_neg+vwap_reclaim_v|nk0.8|vm0.8|full_0845_1400,8,0.13,7,1,0,87.5,87.5,7.0,1.8,0.3,20.6
LONG:above_vwap+macd_x_up_neg+vwap_reclaim_v|nk0.8|vm1.2|full_0845_1400,8,0.13,7,1,0,87.5,87.5,7.0,1.8,0.3,20.6
LONG:adi_up+above_pivot+rsi_thrust_up|nk0.8|vm0.8|am_0845_1130,8,0.13,7,1,0,87.5,87.5,7.0,1.8,0.3,15.6
LONG:adi_up+above_pivot+rsi_thrust_up|nk0.8|vm1.2|am_0845_1130,8,0.13,7,1,0,87.5,87.5,7.0,1.8,0.3,15.6
LONG:adi_up+macd_x_up+macd_x_up_neg|nk0.8|vm1.2|pm_1130_1400,8,0.13,7,1,0,87.5,87.5,7.0,1.8,0.3,18.8
LONG:adi_up+macd_x_up_neg+strong_close|nk0.8|vm0.8|pm_1130_1400,8,0.13,7,1,0,87.5,87.5,7.0,1.8,0.3,22.5
LONG:delta_surge+macd_x_up_neg+cvd_up|nk0.8|vm0.8|full_0845_1400,8,0.13,7,1,0,87.5,87.5,7.0,1.8,0.3,6.9
LONG:delta_surge+macd_x_up_neg+cvd_up|nk0.8|vm1.2|full_0845_1400,8,0.13,7,1,0,87.5,87.5,7.0,1.8,0.3,6.9
LONG:above_pivot+macd_x_up_neg+cvd_up_v|nk0.0|vm0.8|full_0845_1400,8,0.13,7,1,0,87.5,87.5,7.0,1.8,0.3,21.2
LONG:above_pivot+macd_x_up_neg+cvd_up_v|nk0.0|vm1.2|full_0845_1400,8,0.13,7,1,0,87.5,87.5,7.0,1.8,0.3,21.2
LONG:above_pivot+macd_x_up_neg+cvd_up_v|nk0.5|vm0.8|full_0845_1400,8,0.13,7,1,0,87.5,87.5,7.0,1.8,0.3,21.2
LONG:above_pivot+macd_x_up_neg+cvd_up_v|nk0.5|vm1.2|full_0845_1400,8,0.13,7,1,0,87.5,87.5,7.0,1.8,0.3,21.2
LONG:above_pivot+hist_turn_up+vwap_lo_bounce|nk0.0|vm1.2|am_0845_1130,8,0.13,7,1,0,87.5,87.5,7.0,1.8,0.3,6.9
LONG:above_pivot+hist_turn_up+vwap_lo_bounce|nk0.5|vm1.2|am_0845_1130,8,0.13,7,1,0,87.5,87.5,7.0,1.8,0.3,6.9
LONG:above_pivot+hist_turn_up+vwap_lo_bounce|nk0.8|vm0.8|am_0845_1130,8,0.13,7,1,0,87.5,87.5,7.0,1.8,0.3,6.9
LONG:above_pivot+hist_turn_up+vwap_lo_bounce|nk0.8|vm1.2|am_0845_1130,8,0.13,7,1,0,87.5,87.5,7.0,1.8,0.3,6.9
LONG:above_pivot+cvd_up+rsi_thrust_up|nk0.8|vm0.8|am_0845_1130,8,0.13,7,1,0,87.5,87.5,7.0,1.8,0.3,15.6
LONG:above_pivot+cvd_up+rsi_thrust_up|nk0.8|vm1.2|am_0845_1130,8,0.13,7,1,0,87.5,87.5,7.0,1.8,0.3,15.6
LONG:above_pivot+cvd_up_v+rsi_thrust_up|nk0.8|vm0.8|am_0845_1130,8,0.13,7,1,0,87.5,87.5,7.0,1.8,0.3,15.6
LONG:above_pivot+cvd_up_v+rsi_thrust_up|nk0.8|vm1.2|am_0845_1130,8,0.13,7,1,0,87.5,87.5,7.0,1.8,0.3,15.6
LONG:macd_x_up+macd_x_up_neg+strong_close|nk0.8|vm0.8|pm_1130_1400,8,0.13,7,1,0,87.5,87.5,7.0,1.8,0.3,22.5
LONG:macd_x_up+macd_x_up_neg+vwap_reclaim_v|nk0.0|vm0.8|full_0845_1400,8,0.13,7,1,0,87.5,87.5,7.0,1.8,0.3,20.6
LONG:macd_x_up+macd_x_up_neg+vwap_reclaim_v|nk0.0|vm1.2|full_0845_1400,8,0.13,7,1,0,87.5,87.5,7.0,1.8,0.3,20.6
LONG:macd_x_up+macd_x_up_neg+vwap_reclaim_v|nk0.5|vm0.8|full_0845_1400,8,0.13,7,1,0,87.5,87.5,7.0,1.8,0.3,20.6
LONG:macd_x_up+macd_x_up_neg+vwap_reclaim_v|nk0.5|vm1.2|full_0845_1400,8,0.13,7,1,0,87.5,87.5,7.0,1.8,0.3,20.6
LONG:macd_x_up+macd_x_up_neg+vwap_reclaim_v|nk0.8|vm0.8|full_0845_1400,8,0.13,7,1,0,87.5,87.5,7.0,1.8,0.3,20.6
LONG:macd_x_up+macd_x_up_neg+vwap_reclaim_v|nk0.8|vm1.2|full_0845_1400,8,0.13,7,1,0,87.5,87.5,7.0,1.8,0.3,20.6
LONG:vwap_reclaim+above_vwap+adi_up+macd_x_up_neg|nk0.8|vm0.8|am_0845_1130,8,0.13,7,1,0,87.5,87.5,7.0,1.8,0.3,13.1
LONG:vwap_reclaim+above_vwap+above_pivot+macd_x_up_neg|nk0.0|vm0.8|full_0845_1400,8,0.13,7,1,0,87.5,87.5,7.0,1.8,0.3,32.5
LONG:vwap_reclaim+above_vwap+above_pivot+macd_x_up_neg|nk0.5|vm0.8|full_0845_1400,8,0.13,7,1,0,87.5,87.5,7.0,1.8,0.3,32.5
LONG:vwap_reclaim+above_vwap+macd_x_up+macd_x_up_neg|nk0.8|vm0.8|am_0845_1130,8,0.13,7,1,0,87.5,87.5,7.0,1.8,0.3,13.1
LONG:vwap_reclaim+above_vwap+macd_x_up+vwap_reclaim_v|nk0.0|vm0.8|full_0845_1400,8,0.13,7,1,0,87.5,87.5,7.0,1.8,0.3,20.6
LONG:vwap_reclaim+above_vwap+macd_x_up+vwap_reclaim_v|nk0.0|vm1.2|full_0845_1400,8,0.13,7,1,0,87.5,87.5,7.0,1.8,0.3,20.6
LONG:vwap_reclaim+above_vwap+macd_x_up+vwap_reclaim_v|nk0.5|vm0.8|full_0845_1400,8,0.13,7,1,0,87.5,87.5,7.0,1.8,0.3,20.6
LONG:vwap_reclaim+above_vwap+macd_x_up+vwap_reclaim_v|nk0.5|vm1.2|full_0845_1400,8,0.13,7,1,0,87.5,87.5,7.0,1.8,0.3,20.6
LONG:vwap_reclaim+above_vwap+macd_x_up+vwap_reclaim_v|nk0.8|vm0.8|full_0845_1400,8,0.13,7,1,0,87.5,87.5,7.0,1.8,0.3,20.6
LONG:vwap_reclaim+above_vwap+macd_x_up+vwap_reclaim_v|nk0.8|vm1.2|full_0845_1400,8,0.13,7,1,0,87.5,87.5,7.0,1.8,0.3,20.6
LONG:vwap_reclaim+above_vwap+macd_x_up_neg+strong_close|nk0.8|vm0.8|am_0845_1130,8,0.13,7,1,0,87.5,87.5,7.0,1.8,0.3,13.1
LONG:vwap_reclaim+above_vwap+macd_x_up_neg+vwap_reclaim_v|nk0.0|vm0.8|full_0845_1400,8,0.13,7,1,0,87.5,87.5,7.0,1.8,0.3,20.6
LONG:vwap_reclaim+above_vwap+macd_x_up_neg+vwap_reclaim_v|nk0.0|vm1.2|full_0845_1400,8,0.13,7,1,0,87.5,87.5,7.0,1.8,0.3,20.6
LONG:vwap_reclaim+above_vwap+macd_x_up_neg+vwap_reclaim_v|nk0.5|vm0.8|full_0845_1400,8,0.13,7,1,0,87.5,87.5,7.0,1.8,0.3,20.6
LONG:vwap_reclaim+above_vwap+macd_x_up_neg+vwap_reclaim_v|nk0.5|vm1.2|full_0845_1400,8,0.13,7,1,0,87.5,87.5,7.0,1.8,0.3,20.6
LONG:vwap_reclaim+above_vwap+macd_x_up_neg+vwap_reclaim_v|nk0.8|vm0.8|full_0845_1400,8,0.13,7,1,0,87.5,87.5,7.0,1.8,0.3,20.6
LONG:vwap_reclaim+above_vwap+macd_x_up_neg+vwap_reclaim_v|nk0.8|vm1.2|full_0845_1400,8,0.13,7,1,0,87.5,87.5,7.0,1.8,0.3,20.6
LONG:vwap_reclaim+above_vwap+macd_x_up_neg+cvd_up|nk0.0|vm0.8|am_0845_1130,8,0.13,7,1,0,87.5,87.5,7.0,1.8,0.3,13.8
LONG:vwap_reclaim+above_vwap+macd_x_up_neg+cvd_up|nk0.0|vm1.2|full_0845_1400,8,0.13,7,1,0,87.5,87.5,7.0,1.8,0.3,18.8
LONG:vwap_reclaim+above_vwap+macd_x_up_neg+cvd_up|nk0.5|vm0.8|am_0845_1130,8,0.13,7,1,0,87.5,87.5,7.0,1.8,0.3,13.8
LONG:vwap_reclaim+above_vwap+macd_x_up_neg+cvd_up|nk0.5|vm1.2|full_0845_1400,8,0.13,7,1,0,87.5,87.5,7.0,1.8,0.3,18.8
LONG:vwap_reclaim+above_vwap+macd_x_up_neg+cvd_up|nk0.8|vm1.2|full_0845_1400,8,0.13,7,1,0,87.5,87.5,7.0,1.8,0.3,18.8
LONG:vwap_reclaim+adi_up+macd_x_up+macd_x_up_neg|nk0.8|vm0.8|am_0845_1130,8,0.13,7,1,0,87.5,87.5,7.0,1.8,0.3,13.1
LONG:vwap_reclaim+adi_up+macd_x_up_neg+strong_close|nk0.8|vm0.8|am_0845_1130,8,0.13,7,1,0,87.5,87.5,7.0,1.8,0.3,13.1
LONG:vwap_reclaim+adi_up+macd_x_up_neg+cvd_up|nk0.0|vm0.8|am_0845_1130,8,0.13,7,1,0,87.5,87.5,7.0,1.8,0.3,13.8
LONG:vwap_reclaim+adi_up+macd_x_up_neg+cvd_up|nk0.0|vm1.2|full_0845_1400,8,0.13,7,1,0,87.5,87.5,7.0,1.8,0.3,18.8
LONG:vwap_reclaim+adi_up+macd_x_up_neg+cvd_up|nk0.5|vm0.8|am_0845_1130,8,0.13,7,1,0,87.5,87.5,7.0,1.8,0.3,13.8
LONG:vwap_reclaim+adi_up+macd_x_up_neg+cvd_up|nk0.5|vm1.2|full_0845_1400,8,0.13,7,1,0,87.5,87.5,7.0,1.8,0.3,18.8
LONG:vwap_reclaim+adi_up+macd_x_up_neg+cvd_up|nk0.8|vm1.2|full_0845_1400,8,0.13,7,1,0,87.5,87.5,7.0,1.8,0.3,18.8
LONG:vwap_reclaim+above_pivot+macd_x_up+macd_x_up_neg|nk0.0|vm0.8|full_0845_1400,8,0.13,7,1,0,87.5,87.5,7.0,1.8,0.3,32.5
LONG:vwap_reclaim+above_pivot+macd_x_up+macd_x_up_neg|nk0.5|vm0.8|full_0845_1400,8,0.13,7,1,0,87.5,87.5,7.0,1.8,0.3,32.5
LONG:vwap_reclaim+macd_x_up+macd_x_up_neg+strong_close|nk0.8|vm0.8|am_0845_1130,8,0.13,7,1,0,87.5,87.5,7.0,1.8,0.3,13.1
LONG:vwap_reclaim+macd_x_up+macd_x_up_neg+vwap_reclaim_v|nk0.0|vm0.8|full_0845_1400,8,0.13,7,1,0,87.5,87.5,7.0,1.8,0.3,20.6
LONG:vwap_reclaim+macd_x_up+macd_x_up_neg+vwap_reclaim_v|nk0.0|vm1.2|full_0845_1400,8,0.13,7,1,0,87.5,87.5,7.0,1.8,0.3,20.6
LONG:vwap_reclaim+macd_x_up+macd_x_up_neg+vwap_reclaim_v|nk0.5|vm0.8|full_0845_1400,8,0.13,7,1,0,87.5,87.5,7.0,1.8,0.3,20.6
LONG:vwap_reclaim+macd_x_up+macd_x_up_neg+vwap_reclaim_v|nk0.5|vm1.2|full_0845_1400,8,0.13,7,1,0,87.5,87.5,7.0,1.8,0.3,20.6
LONG:vwap_reclaim+macd_x_up+macd_x_up_neg+vwap_reclaim_v|nk0.8|vm0.8|full_0845_1400,8,0.13,7,1,0,87.5,87.5,7.0,1.8,0.3,20.6
LONG:vwap_reclaim+macd_x_up+macd_x_up_neg+vwap_reclaim_v|nk0.8|vm1.2|full_0845_1400,8,0.13,7,1,0,87.5,87.5,7.0,1.8,0.3,20.6
LONG:vwap_reclaim+macd_x_up+macd_x_up_neg+cvd_up|nk0.0|vm0.8|am_0845_1130,8,0.13,7,1,0,87.5,87.5,7.0,1.8,0.3,13.8
LONG:vwap_reclaim+macd_x_up+macd_x_up_neg+cvd_up|nk0.0|vm1.2|full_0845_1400,8,0.13,7,1,0,87.5,87.5,7.0,1.8,0.3,18.8
LONG:vwap_reclaim+macd_x_up+macd_x_up_neg+cvd_up|nk0.5|vm0.8|am_0845_1130,8,0.13,7,1,0,87.5,87.5,7.0,1.8,0.3,13.8
LONG:vwap_reclaim+macd_x_up+macd_x_up_neg+cvd_up|nk0.5|vm1.2|full_0845_1400,8,0.13,7,1,0,87.5,87.5,7.0,1.8,0.3,18.8
LONG:vwap_reclaim+macd_x_up+macd_x_up_neg+cvd_up|nk0.8|vm1.2|full_0845_1400,8,0.13,7,1,0,87.5,87.5,7.0,1.8,0.3,18.8
LONG:vwap_reclaim+macd_x_up_neg+strong_close+cvd_up|nk0.0|vm0.8|am_0845_1130,8,0.13,7,1,0,87.5,87.5,7.0,1.8,0.3,13.8
LONG:vwap_reclaim+macd_x_up_neg+strong_close+cvd_up|nk0.0|vm1.2|full_0845_1400,8,0.13,7,1,0,87.5,87.5,7.0,1.8,0.3,18.8
LONG:vwap_reclaim+macd_x_up_neg+strong_close+cvd_up|nk0.5|vm0.8|am_0845_1130,8,0.13,7,1,0,87.5,87.5,7.0,1.8,0.3,13.8
LONG:vwap_reclaim+macd_x_up_neg+strong_close+cvd_up|nk0.5|vm1.2|full_0845_1400,8,0.13,7,1,0,87.5,87.5,7.0,1.8,0.3,18.8
LONG:vwap_reclaim+macd_x_up_neg+strong_close+cvd_up|nk0.8|vm1.2|full_0845_1400,8,0.13,7,1,0,87.5,87.5,7.0,1.8,0.3,18.8
LONG:above_vwap+adi_up+delta_surge+macd_x_up_neg|nk0.0|vm0.8|am_0845_1130,8,0.13,7,1,0,87.5,87.5,7.0,1.8,0.3,6.9
LONG:above_vwap+adi_up+delta_surge+macd_x_up_neg|nk0.0|vm1.2|am_0845_1130,8,0.13,7,1,0,87.5,87.5,7.0,1.8,0.3,6.9
LONG:above_vwap+adi_up+delta_surge+macd_x_up_neg|nk0.5|vm0.8|am_0845_1130,8,0.13,7,1,0,87.5,87.5,7.0,1.8,0.3,6.9
LONG:above_vwap+adi_up+delta_surge+macd_x_up_neg|nk0.5|vm1.2|am_0845_1130,8,0.13,7,1,0,87.5,87.5,7.0,1.8,0.3,6.9
LONG:above_vwap+adi_up+delta_surge+macd_x_up_neg|nk0.8|vm0.8|am_0845_1130,8,0.13,7,1,0,87.5,87.5,7.0,1.8,0.3,6.9
LONG:above_vwap+adi_up+delta_surge+macd_x_up_neg|nk0.8|vm1.2|am_0845_1130,8,0.13,7,1,0,87.5,87.5,7.0,1.8,0.3,6.9
LONG:above_vwap+adi_up+above_pivot+rsi_thrust_up|nk0.8|vm0.8|am_0845_1130,8,0.13,7,1,0,87.5,87.5,7.0,1.8,0.3,15.6
LONG:above_vwap+adi_up+above_pivot+rsi_thrust_up|nk0.8|vm1.2|am_0845_1130,8,0.13,7,1,0,87.5,87.5,7.0,1.8,0.3,15.6
LONG:above_vwap+delta_surge+macd_x_up+macd_x_up_neg|nk0.0|vm0.8|am_0845_1130,8,0.13,7,1,0,87.5,87.5,7.0,1.8,0.3,6.9
LONG:above_vwap+delta_surge+macd_x_up+macd_x_up_neg|nk0.0|vm1.2|am_0845_1130,8,0.13,7,1,0,87.5,87.5,7.0,1.8,0.3,6.9
LONG:above_vwap+delta_surge+macd_x_up+macd_x_up_neg|nk0.5|vm0.8|am_0845_1130,8,0.13,7,1,0,87.5,87.5,7.0,1.8,0.3,6.9
LONG:above_vwap+delta_surge+macd_x_up+macd_x_up_neg|nk0.5|vm1.2|am_0845_1130,8,0.13,7,1,0,87.5,87.5,7.0,1.8,0.3,6.9
LONG:above_vwap+delta_surge+macd_x_up+macd_x_up_neg|nk0.8|vm0.8|am_0845_1130,8,0.13,7,1,0,87.5,87.5,7.0,1.8,0.3,6.9
LONG:above_vwap+delta_surge+macd_x_up+macd_x_up_neg|nk0.8|vm1.2|am_0845_1130,8,0.13,7,1,0,87.5,87.5,7.0,1.8,0.3,6.9
LONG:above_vwap+delta_surge+macd_x_up_neg+strong_close|nk0.0|vm0.8|am_0845_1130,8,0.13,7,1,0,87.5,87.5,7.0,1.8,0.3,6.9
LONG:above_vwap+delta_surge+macd_x_up_neg+strong_close|nk0.0|vm1.2|am_0845_1130,8,0.13,7,1,0,87.5,87.5,7.0,1.8,0.3,6.9
LONG:above_vwap+delta_surge+macd_x_up_neg+strong_close|nk0.5|vm0.8|am_0845_1130,8,0.13,7,1,0,87.5,87.5,7.0,1.8,0.3,6.9
LONG:above_vwap+delta_surge+macd_x_up_neg+strong_close|nk0.5|vm1.2|am_0845_1130,8,0.13,7,1,0,87.5,87.5,7.0,1.8,0.3,6.9
LONG:above_vwap+delta_surge+macd_x_up_neg+strong_close|nk0.8|vm0.8|am_0845_1130,8,0.13,7,1,0,87.5,87.5,7.0,1.8,0.3,6.9
LONG:above_vwap+delta_surge+macd_x_up_neg+strong_close|nk0.8|vm1.2|am_0845_1130,8,0.13,7,1,0,87.5,87.5,7.0,1.8,0.3,6.9
LONG:above_vwap+delta_surge+macd_x_up_neg+cvd_up|nk0.8|vm0.8|full_0845_1400,8,0.13,7,1,0,87.5,87.5,7.0,1.8,0.3,6.9
LONG:above_vwap+delta_surge+macd_x_up_neg+cvd_up|nk0.8|vm1.2|full_0845_1400,8,0.13,7,1,0,87.5,87.5,7.0,1.8,0.3,6.9
LONG:above_vwap+above_pivot+macd_x_up_neg+strong_close|nk0.0|vm1.2|full_0845_1400,8,0.13,7,1,0,87.5,87.5,7.0,1.8,0.3,21.2
LONG:above_vwap+above_pivot+macd_x_up_neg+strong_close|nk0.5|vm1.2|full_0845_1400,8,0.13,7,1,0,87.5,87.5,7.0,1.8,0.3,21.2
LONG:above_vwap+above_pivot+macd_x_up_neg+cvd_up_v|nk0.0|vm0.8|full_0845_1400,8,0.13,7,1,0,87.5,87.5,7.0,1.8,0.3,21.2
LONG:above_vwap+above_pivot+macd_x_up_neg+cvd_up_v|nk0.0|vm1.2|full_0845_1400,8,0.13,7,1,0,87.5,87.5,7.0,1.8,0.3,21.2
LONG:above_vwap+above_pivot+macd_x_up_neg+cvd_up_v|nk0.5|vm0.8|full_0845_1400,8,0.13,7,1,0,87.5,87.5,7.0,1.8,0.3,21.2
LONG:above_vwap+above_pivot+macd_x_up_neg+cvd_up_v|nk0.5|vm1.2|full_0845_1400,8,0.13,7,1,0,87.5,87.5,7.0,1.8,0.3,21.2
LONG:above_vwap+above_pivot+cvd_up+rsi_thrust_up|nk0.8|vm0.8|am_0845_1130,8,0.13,7,1,0,87.5,87.5,7.0,1.8,0.3,15.6
LONG:above_vwap+above_pivot+cvd_up+rsi_thrust_up|nk0.8|vm1.2|am_0845_1130,8,0.13,7,1,0,87.5,87.5,7.0,1.8,0.3,15.6
LONG:above_vwap+above_pivot+cvd_up_v+rsi_thrust_up|nk0.8|vm0.8|am_0845_1130,8,0.13,7,1,0,87.5,87.5,7.0,1.8,0.3,15.6
LONG:above_vwap+above_pivot+cvd_up_v+rsi_thrust_up|nk0.8|vm1.2|am_0845_1130,8,0.13,7,1,0,87.5,87.5,7.0,1.8,0.3,15.6
LONG:above_vwap+macd_x_up+macd_x_up_neg+vwap_reclaim_v|nk0.0|vm0.8|full_0845_1400,8,0.13,7,1,0,87.5,87.5,7.0,1.8,0.3,20.6
LONG:above_vwap+macd_x_up+macd_x_up_neg+vwap_reclaim_v|nk0.0|vm1.2|full_0845_1400,8,0.13,7,1,0,87.5,87.5,7.0,1.8,0.3,20.6
LONG:above_vwap+macd_x_up+macd_x_up_neg+vwap_reclaim_v|nk0.5|vm0.8|full_0845_1400,8,0.13,7,1,0,87.5,87.5,7.0,1.8,0.3,20.6
LONG:above_vwap+macd_x_up+macd_x_up_neg+vwap_reclaim_v|nk0.5|vm1.2|full_0845_1400,8,0.13,7,1,0,87.5,87.5,7.0,1.8,0.3,20.6
LONG:above_vwap+macd_x_up+macd_x_up_neg+vwap_reclaim_v|nk0.8|vm0.8|full_0845_1400,8,0.13,7,1,0,87.5,87.5,7.0,1.8,0.3,20.6
LONG:above_vwap+macd_x_up+macd_x_up_neg+vwap_reclaim_v|nk0.8|vm1.2|full_0845_1400,8,0.13,7,1,0,87.5,87.5,7.0,1.8,0.3,20.6
LONG:adi_up+delta_surge+macd_x_up_neg+cvd_up|nk0.8|vm0.8|full_0845_1400,8,0.13,7,1,0,87.5,87.5,7.0,1.8,0.3,6.9
LONG:adi_up+delta_surge+macd_x_up_neg+cvd_up|nk0.8|vm1.2|full_0845_1400,8,0.13,7,1,0,87.5,87.5,7.0,1.8,0.3,6.9
LONG:adi_up+above_pivot+macd_x_up_neg+cvd_up_v|nk0.0|vm0.8|full_0845_1400,8,0.13,7,1,0,87.5,87.5,7.0,1.8,0.3,21.2
LONG:adi_up+above_pivot+macd_x_up_neg+cvd_up_v|nk0.0|vm1.2|full_0845_1400,8,0.13,7,1,0,87.5,87.5,7.0,1.8,0.3,21.2
LONG:adi_up+above_pivot+macd_x_up_neg+cvd_up_v|nk0.5|vm0.8|full_0845_1400,8,0.13,7,1,0,87.5,87.5,7.0,1.8,0.3,21.2
LONG:adi_up+above_pivot+macd_x_up_neg+cvd_up_v|nk0.5|vm1.2|full_0845_1400,8,0.13,7,1,0,87.5,87.5,7.0,1.8,0.3,21.2
LONG:adi_up+above_pivot+cvd_up+rsi_thrust_up|nk0.8|vm0.8|am_0845_1130,8,0.13,7,1,0,87.5,87.5,7.0,1.8,0.3,15.6
LONG:adi_up+above_pivot+cvd_up+rsi_thrust_up|nk0.8|vm1.2|am_0845_1130,8,0.13,7,1,0,87.5,87.5,7.0,1.8,0.3,15.6
LONG:adi_up+above_pivot+cvd_up_v+rsi_thrust_up|nk0.8|vm0.8|am_0845_1130,8,0.13,7,1,0,87.5,87.5,7.0,1.8,0.3,15.6
LONG:adi_up+above_pivot+cvd_up_v+rsi_thrust_up|nk0.8|vm1.2|am_0845_1130,8,0.13,7,1,0,87.5,87.5,7.0,1.8,0.3,15.6
LONG:adi_up+macd_x_up+macd_x_up_neg+strong_close|nk0.8|vm0.8|pm_1130_1400,8,0.13,7,1,0,87.5,87.5,7.0,1.8,0.3,22.5
LONG:delta_surge+macd_x_up+macd_x_up_neg+cvd_up|nk0.8|vm0.8|full_0845_1400,8,0.13,7,1,0,87.5,87.5,7.0,1.8,0.3,6.9
LONG:delta_surge+macd_x_up+macd_x_up_neg+cvd_up|nk0.8|vm1.2|full_0845_1400,8,0.13,7,1,0,87.5,87.5,7.0,1.8,0.3,6.9
LONG:delta_surge+macd_x_up_neg+strong_close+cvd_up|nk0.8|vm0.8|full_0845_1400,8,0.13,7,1,0,87.5,87.5,7.0,1.8,0.3,6.9
LONG:delta_surge+macd_x_up_neg+strong_close+cvd_up|nk0.8|vm1.2|full_0845_1400,8,0.13,7,1,0,87.5,87.5,7.0,1.8,0.3,6.9
LONG:above_pivot+macd_x_up+macd_x_up_neg+cvd_up_v|nk0.0|vm0.8|full_0845_1400,8,0.13,7,1,0,87.5,87.5,7.0,1.8,0.3,21.2
LONG:above_pivot+macd_x_up+macd_x_up_neg+cvd_up_v|nk0.0|vm1.2|full_0845_1400,8,0.13,7,1,0,87.5,87.5,7.0,1.8,0.3,21.2
LONG:above_pivot+macd_x_up+macd_x_up_neg+cvd_up_v|nk0.5|vm0.8|full_0845_1400,8,0.13,7,1,0,87.5,87.5,7.0,1.8,0.3,21.2
LONG:above_pivot+macd_x_up+macd_x_up_neg+cvd_up_v|nk0.5|vm1.2|full_0845_1400,8,0.13,7,1,0,87.5,87.5,7.0,1.8,0.3,21.2
LONG:above_pivot+macd_x_up_neg+strong_close+cvd_up|nk0.0|vm1.2|full_0845_1400,8,0.13,7,1,0,87.5,87.5,7.0,1.8,0.3,21.2
LONG:above_pivot+macd_x_up_neg+strong_close+cvd_up|nk0.5|vm1.2|full_0845_1400,8,0.13,7,1,0,87.5,87.5,7.0,1.8,0.3,21.2
LONG:above_pivot+macd_x_up_neg+cvd_up+cvd_up_v|nk0.0|vm0.8|full_0845_1400,8,0.13,7,1,0,87.5,87.5,7.0,1.8,0.3,21.2
LONG:above_pivot+macd_x_up_neg+cvd_up+cvd_up_v|nk0.0|vm1.2|full_0845_1400,8,0.13,7,1,0,87.5,87.5,7.0,1.8,0.3,21.2
LONG:above_pivot+macd_x_up_neg+cvd_up+cvd_up_v|nk0.5|vm0.8|full_0845_1400,8,0.13,7,1,0,87.5,87.5,7.0,1.8,0.3,21.2
LONG:above_pivot+macd_x_up_neg+cvd_up+cvd_up_v|nk0.5|vm1.2|full_0845_1400,8,0.13,7,1,0,87.5,87.5,7.0,1.8,0.3,21.2
LONG:above_pivot+hist_turn_up+strong_close+vwap_lo_bounce|nk0.0|vm0.8|am_0845_1130,8,0.13,7,1,0,87.5,87.5,7.0,1.8,0.3,6.9
LONG:above_pivot+hist_turn_up+strong_close+vwap_lo_bounce|nk0.5|vm0.8|am_0845_1130,8,0.13,7,1,0,87.5,87.5,7.0,1.8,0.3,6.9
LONG:above_pivot+cvd_up+cvd_up_v+rsi_thrust_up|nk0.8|vm0.8|am_0845_1130,8,0.13,7,1,0,87.5,87.5,7.0,1.8,0.3,15.6
LONG:above_pivot+cvd_up+cvd_up_v+rsi_thrust_up|nk0.8|vm1.2|am_0845_1130,8,0.13,7,1,0,87.5,87.5,7.0,1.8,0.3,15.6
SHORT:below_pivot+orb_break_dn_v|nk0.8|vm0.8|am_0845_1130,8,0.13,7,1,0,87.5,87.5,7.0,1.8,0.3,5.6
SHORT:below_pivot+orb_break_dn_v|nk0.8|vm1.2|am_0845_1130,8,0.13,7,1,0,87.5,87.5,7.0,1.8,0.3,5.6
SHORT:below_vwap+below_pivot+orb_break_dn_v|nk0.8|vm0.8|am_0845_1130,8,0.13,7,1,0,87.5,87.5,7.0,1.8,0.3,5.6
SHORT:below_vwap+below_pivot+orb_break_dn_v|nk0.8|vm1.2|am_0845_1130,8,0.13,7,1,0,87.5,87.5,7.0,1.8,0.3,5.6
SHORT:adi_dn+below_pivot+orb_break_dn_v|nk0.0|vm0.8|am_0845_1130,8,0.13,7,1,0,87.5,87.5,7.0,1.8,0.3,13.1
SHORT:adi_dn+below_pivot+orb_break_dn_v|nk0.0|vm1.2|am_0845_1130,8,0.13,7,1,0,87.5,87.5,7.0,1.8,0.3,13.1
SHORT:adi_dn+below_pivot+orb_break_dn_v|nk0.5|vm0.8|am_0845_1130,8,0.13,7,1,0,87.5,87.5,7.0,1.8,0.3,13.1
SHORT:adi_dn+below_pivot+orb_break_dn_v|nk0.5|vm1.2|am_0845_1130,8,0.13,7,1,0,87.5,87.5,7.0,1.8,0.3,13.1
SHORT:below_pivot+weak_close+orb_break_dn_v|nk0.8|vm0.8|am_0845_1130,8,0.13,7,1,0,87.5,87.5,7.0,1.8,0.3,5.6
SHORT:below_pivot+weak_close+orb_break_dn_v|nk0.8|vm1.2|am_0845_1130,8,0.13,7,1,0,87.5,87.5,7.0,1.8,0.3,5.6
SHORT:below_pivot+orb_break_dn+orb_break_dn_v|nk0.8|vm0.8|am_0845_1130,8,0.13,7,1,0,87.5,87.5,7.0,1.8,0.3,5.6
SHORT:below_pivot+orb_break_dn+orb_break_dn_v|nk0.8|vm1.2|am_0845_1130,8,0.13,7,1,0,87.5,87.5,7.0,1.8,0.3,5.6
SHORT:below_pivot+orb_break_dn+rvol_thrust_dn|nk0.0|vm0.8|am_0845_1130,8,0.13,7,1,0,87.5,87.5,7.0,1.8,0.3,13.1
SHORT:below_pivot+orb_break_dn+rvol_thrust_dn|nk0.0|vm1.2|am_0845_1130,8,0.13,7,1,0,87.5,87.5,7.0,1.8,0.3,13.1
SHORT:below_pivot+orb_break_dn+rvol_thrust_dn|nk0.5|vm0.8|am_0845_1130,8,0.13,7,1,0,87.5,87.5,7.0,1.8,0.3,13.1
SHORT:below_pivot+orb_break_dn+rvol_thrust_dn|nk0.5|vm1.2|am_0845_1130,8,0.13,7,1,0,87.5,87.5,7.0,1.8,0.3,13.1
SHORT:below_pivot+orb_break_dn+below_vwap_v|nk0.0|vm0.8|am_0845_1130,8,0.13,7,1,0,87.5,87.5,7.0,1.8,0.3,13.1
SHORT:below_pivot+orb_break_dn+below_vwap_v|nk0.0|vm1.2|am_0845_1130,8,0.13,7,1,0,87.5,87.5,7.0,1.8,0.3,13.1
SHORT:below_pivot+orb_break_dn+below_vwap_v|nk0.5|vm0.8|am_0845_1130,8,0.13,7,1,0,87.5,87.5,7.0,1.8,0.3,13.1
SHORT:below_pivot+orb_break_dn+below_vwap_v|nk0.5|vm1.2|am_0845_1130,8,0.13,7,1,0,87.5,87.5,7.0,1.8,0.3,13.1
SHORT:below_pivot+orb_break_dn+cvd_dn_v|nk0.0|vm0.8|am_0845_1130,8,0.13,7,1,0,87.5,87.5,7.0,1.8,0.3,13.1
SHORT:below_pivot+orb_break_dn+cvd_dn_v|nk0.0|vm1.2|am_0845_1130,8,0.13,7,1,0,87.5,87.5,7.0,1.8,0.3,13.1
SHORT:below_pivot+orb_break_dn+cvd_dn_v|nk0.5|vm0.8|am_0845_1130,8,0.13,7,1,0,87.5,87.5,7.0,1.8,0.3,13.1
SHORT:below_pivot+orb_break_dn+cvd_dn_v|nk0.5|vm1.2|am_0845_1130,8,0.13,7,1,0,87.5,87.5,7.0,1.8,0.3,13.1
SHORT:below_pivot+orb_break_dn_v+rvol_thrust_dn|nk0.0|vm0.8|am_0845_1130,8,0.13,7,1,0,87.5,87.5,7.0,1.8,0.3,13.1
SHORT:below_pivot+orb_break_dn_v+rvol_thrust_dn|nk0.0|vm1.2|am_0845_1130,8,0.13,7,1,0,87.5,87.5,7.0,1.8,0.3,13.1
SHORT:below_pivot+orb_break_dn_v+rvol_thrust_dn|nk0.5|vm0.8|am_0845_1130,8,0.13,7,1,0,87.5,87.5,7.0,1.8,0.3,13.1
SHORT:below_pivot+orb_break_dn_v+rvol_thrust_dn|nk0.5|vm1.2|am_0845_1130,8,0.13,7,1,0,87.5,87.5,7.0,1.8,0.3,13.1
SHORT:below_pivot+orb_break_dn_v+below_vwap_v|nk0.0|vm0.8|am_0845_1130,8,0.13,7,1,0,87.5,87.5,7.0,1.8,0.3,13.1
SHORT:below_pivot+orb_break_dn_v+below_vwap_v|nk0.0|vm1.2|am_0845_1130,8,0.13,7,1,0,87.5,87.5,7.0,1.8,0.3,13.1
SHORT:below_pivot+orb_break_dn_v+below_vwap_v|nk0.5|vm0.8|am_0845_1130,8,0.13,7,1,0,87.5,87.5,7.0,1.8,0.3,13.1
SHORT:below_pivot+orb_break_dn_v+below_vwap_v|nk0.5|vm1.2|am_0845_1130,8,0.13,7,1,0,87.5,87.5,7.0,1.8,0.3,13.1
SHORT:below_pivot+orb_break_dn_v+cvd_dn|nk0.0|vm0.8|am_0845_1130,8,0.13,7,1,0,87.5,87.5,7.0,1.8,0.3,13.1
SHORT:below_pivot+orb_break_dn_v+cvd_dn|nk0.0|vm1.2|am_0845_1130,8,0.13,7,1,0,87.5,87.5,7.0,1.8,0.3,13.1
SHORT:below_pivot+orb_break_dn_v+cvd_dn|nk0.5|vm0.8|am_0845_1130,8,0.13,7,1,0,87.5,87.5,7.0,1.8,0.3,13.1
SHORT:below_pivot+orb_break_dn_v+cvd_dn|nk0.5|vm1.2|am_0845_1130,8,0.13,7,1,0,87.5,87.5,7.0,1.8,0.3,13.1
SHORT:below_pivot+orb_break_dn_v+cvd_dn_v|nk0.0|vm0.8|am_0845_1130,8,0.13,7,1,0,87.5,87.5,7.0,1.8,0.3,13.1
SHORT:below_pivot+orb_break_dn_v+cvd_dn_v|nk0.0|vm1.2|am_0845_1130,8,0.13,7,1,0,87.5,87.5,7.0,1.8,0.3,13.1
SHORT:below_pivot+orb_break_dn_v+cvd_dn_v|nk0.5|vm0.8|am_0845_1130,8,0.13,7,1,0,87.5,87.5,7.0,1.8,0.3,13.1
SHORT:below_pivot+orb_break_dn_v+cvd_dn_v|nk0.5|vm1.2|am_0845_1130,8,0.13,7,1,0,87.5,87.5,7.0,1.8,0.3,13.1
SHORT:below_vwap+adi_dn+below_pivot+orb_break_dn_v|nk0.0|vm0.8|am_0845_1130,8,0.13,7,1,0,87.5,87.5,7.0,1.8,0.3,13.1
SHORT:below_vwap+adi_dn+below_pivot+orb_break_dn_v|nk0.0|vm1.2|am_0845_1130,8,0.13,7,1,0,87.5,87.5,7.0,1.8,0.3,13.1
SHORT:below_vwap+adi_dn+below_pivot+orb_break_dn_v|nk0.5|vm0.8|am_0845_1130,8,0.13,7,1,0,87.5,87.5,7.0,1.8,0.3,13.1
SHORT:below_vwap+adi_dn+below_pivot+orb_break_dn_v|nk0.5|vm1.2|am_0845_1130,8,0.13,7,1,0,87.5,87.5,7.0,1.8,0.3,13.1
SHORT:below_vwap+below_pivot+weak_close+orb_break_dn_v|nk0.8|vm0.8|am_0845_1130,8,0.13,7,1,0,87.5,87.5,7.0,1.8,0.3,5.6
SHORT:below_vwap+below_pivot+weak_close+orb_break_dn_v|nk0.8|vm1.2|am_0845_1130,8,0.13,7,1,0,87.5,87.5,7.0,1.8,0.3,5.6
SHORT:below_vwap+below_pivot+orb_break_dn+orb_break_dn_v|nk0.8|vm0.8|am_0845_1130,8,0.13,7,1,0,87.5,87.5,7.0,1.8,0.3,5.6
SHORT:below_vwap+below_pivot+orb_break_dn+orb_break_dn_v|nk0.8|vm1.2|am_0845_1130,8,0.13,7,1,0,87.5,87.5,7.0,1.8,0.3,5.6
SHORT:below_vwap+below_pivot+orb_break_dn+rvol_thrust_dn|nk0.0|vm0.8|am_0845_1130,8,0.13,7,1,0,87.5,87.5,7.0,1.8,0.3,13.1
SHORT:below_vwap+below_pivot+orb_break_dn+rvol_thrust_dn|nk0.0|vm1.2|am_0845_1130,8,0.13,7,1,0,87.5,87.5,7.0,1.8,0.3,13.1
SHORT:below_vwap+below_pivot+orb_break_dn+rvol_thrust_dn|nk0.5|vm0.8|am_0845_1130,8,0.13,7,1,0,87.5,87.5,7.0,1.8,0.3,13.1
SHORT:below_vwap+below_pivot+orb_break_dn+rvol_thrust_dn|nk0.5|vm1.2|am_0845_1130,8,0.13,7,1,0,87.5,87.5,7.0,1.8,0.3,13.1
SHORT:below_vwap+below_pivot+orb_break_dn+below_vwap_v|nk0.0|vm0.8|am_0845_1130,8,0.13,7,1,0,87.5,87.5,7.0,1.8,0.3,13.1
SHORT:below_vwap+below_pivot+orb_break_dn+below_vwap_v|nk0.0|vm1.2|am_0845_1130,8,0.13,7,1,0,87.5,87.5,7.0,1.8,0.3,13.1
SHORT:below_vwap+below_pivot+orb_break_dn+below_vwap_v|nk0.5|vm0.8|am_0845_1130,8,0.13,7,1,0,87.5,87.5,7.0,1.8,0.3,13.1
SHORT:below_vwap+below_pivot+orb_break_dn+below_vwap_v|nk0.5|vm1.2|am_0845_1130,8,0.13,7,1,0,87.5,87.5,7.0,1.8,0.3,13.1
SHORT:below_vwap+below_pivot+orb_break_dn+cvd_dn_v|nk0.0|vm0.8|am_0845_1130,8,0.13,7,1,0,87.5,87.5,7.0,1.8,0.3,13.1
SHORT:below_vwap+below_pivot+orb_break_dn+cvd_dn_v|nk0.0|vm1.2|am_0845_1130,8,0.13,7,1,0,87.5,87.5,7.0,1.8,0.3,13.1
SHORT:below_vwap+below_pivot+orb_break_dn+cvd_dn_v|nk0.5|vm0.8|am_0845_1130,8,0.13,7,1,0,87.5,87.5,7.0,1.8,0.3,13.1
SHORT:below_vwap+below_pivot+orb_break_dn+cvd_dn_v|nk0.5|vm1.2|am_0845_1130,8,0.13,7,1,0,87.5,87.5,7.0,1.8,0.3,13.1
SHORT:below_vwap+below_pivot+orb_break_dn_v+rvol_thrust_dn|nk0.0|vm0.8|am_0845_1130,8,0.13,7,1,0,87.5,87.5,7.0,1.8,0.3,13.1
SHORT:below_vwap+below_pivot+orb_break_dn_v+rvol_thrust_dn|nk0.0|vm1.2|am_0845_1130,8,0.13,7,1,0,87.5,87.5,7.0,1.8,0.3,13.1
SHORT:below_vwap+below_pivot+orb_break_dn_v+rvol_thrust_dn|nk0.5|vm0.8|am_0845_1130,8,0.13,7,1,0,87.5,87.5,7.0,1.8,0.3,13.1
SHORT:below_vwap+below_pivot+orb_break_dn_v+rvol_thrust_dn|nk0.5|vm1.2|am_0845_1130,8,0.13,7,1,0,87.5,87.5,7.0,1.8,0.3,13.1
SHORT:below_vwap+below_pivot+orb_break_dn_v+below_vwap_v|nk0.0|vm0.8|am_0845_1130,8,0.13,7,1,0,87.5,87.5,7.0,1.8,0.3,13.1
SHORT:below_vwap+below_pivot+orb_break_dn_v+below_vwap_v|nk0.0|vm1.2|am_0845_1130,8,0.13,7,1,0,87.5,87.5,7.0,1.8,0.3,13.1
SHORT:below_vwap+below_pivot+orb_break_dn_v+below_vwap_v|nk0.5|vm0.8|am_0845_1130,8,0.13,7,1,0,87.5,87.5,7.0,1.8,0.3,13.1
SHORT:below_vwap+below_pivot+orb_break_dn_v+below_vwap_v|nk0.5|vm1.2|am_0845_1130,8,0.13,7,1,0,87.5,87.5,7.0,1.8,0.3,13.1
SHORT:below_vwap+below_pivot+orb_break_dn_v+cvd_dn|nk0.0|vm0.8|am_0845_1130,8,0.13,7,1,0,87.5,87.5,7.0,1.8,0.3,13.1
SHORT:below_vwap+below_pivot+orb_break_dn_v+cvd_dn|nk0.0|vm1.2|am_0845_1130,8,0.13,7,1,0,87.5,87.5,7.0,1.8,0.3,13.1
SHORT:below_vwap+below_pivot+orb_break_dn_v+cvd_dn|nk0.5|vm0.8|am_0845_1130,8,0.13,7,1,0,87.5,87.5,7.0,1.8,0.3,13.1
SHORT:below_vwap+below_pivot+orb_break_dn_v+cvd_dn|nk0.5|vm1.2|am_0845_1130,8,0.13,7,1,0,87.5,87.5,7.0,1.8,0.3,13.1
SHORT:below_vwap+below_pivot+orb_break_dn_v+cvd_dn_v|nk0.0|vm0.8|am_0845_1130,8,0.13,7,1,0,87.5,87.5,7.0,1.8,0.3,13.1
SHORT:below_vwap+below_pivot+orb_break_dn_v+cvd_dn_v|nk0.0|vm1.2|am_0845_1130,8,0.13,7,1,0,87.5,87.5,7.0,1.8,0.3,13.1
SHORT:below_vwap+below_pivot+orb_break_dn_v+cvd_dn_v|nk0.5|vm0.8|am_0845_1130,8,0.13,7,1,0,87.5,87.5,7.0,1.8,0.3,13.1
SHORT:below_vwap+below_pivot+orb_break_dn_v+cvd_dn_v|nk0.5|vm1.2|am_0845_1130,8,0.13,7,1,0,87.5,87.5,7.0,1.8,0.3,13.1
SHORT:adi_dn+below_pivot+weak_close+orb_break_dn_v|nk0.0|vm0.8|am_0845_1130,8,0.13,7,1,0,87.5,87.5,7.0,1.8,0.3,13.1
SHORT:adi_dn+below_pivot+weak_close+orb_break_dn_v|nk0.0|vm1.2|am_0845_1130,8,0.13,7,1,0,87.5,87.5,7.0,1.8,0.3,13.1
SHORT:adi_dn+below_pivot+weak_close+orb_break_dn_v|nk0.5|vm0.8|am_0845_1130,8,0.13,7,1,0,87.5,87.5,7.0,1.8,0.3,13.1
SHORT:adi_dn+below_pivot+weak_close+orb_break_dn_v|nk0.5|vm1.2|am_0845_1130,8,0.13,7,1,0,87.5,87.5,7.0,1.8,0.3,13.1
SHORT:adi_dn+below_pivot+orb_break_dn+orb_break_dn_v|nk0.0|vm0.8|am_0845_1130,8,0.13,7,1,0,87.5,87.5,7.0,1.8,0.3,13.1
SHORT:adi_dn+below_pivot+orb_break_dn+orb_break_dn_v|nk0.0|vm1.2|am_0845_1130,8,0.13,7,1,0,87.5,87.5,7.0,1.8,0.3,13.1
SHORT:adi_dn+below_pivot+orb_break_dn+orb_break_dn_v|nk0.5|vm0.8|am_0845_1130,8,0.13,7,1,0,87.5,87.5,7.0,1.8,0.3,13.1
SHORT:adi_dn+below_pivot+orb_break_dn+orb_break_dn_v|nk0.5|vm1.2|am_0845_1130,8,0.13,7,1,0,87.5,87.5,7.0,1.8,0.3,13.1
SHORT:adi_dn+below_pivot+orb_break_dn+cvd_dn_v|nk0.0|vm0.8|am_0845_1130,8,0.13,7,1,0,87.5,87.5,7.0,1.8,0.3,13.1
SHORT:adi_dn+below_pivot+orb_break_dn+cvd_dn_v|nk0.0|vm1.2|am_0845_1130,8,0.13,7,1,0,87.5,87.5,7.0,1.8,0.3,13.1
SHORT:adi_dn+below_pivot+orb_break_dn+cvd_dn_v|nk0.5|vm0.8|am_0845_1130,8,0.13,7,1,0,87.5,87.5,7.0,1.8,0.3,13.1
SHORT:adi_dn+below_pivot+orb_break_dn+cvd_dn_v|nk0.5|vm1.2|am_0845_1130,8,0.13,7,1,0,87.5,87.5,7.0,1.8,0.3,13.1
SHORT:adi_dn+below_pivot+orb_break_dn_v+cvd_dn|nk0.0|vm0.8|am_0845_1130,8,0.13,7,1,0,87.5,87.5,7.0,1.8,0.3,13.1
SHORT:adi_dn+below_pivot+orb_break_dn_v+cvd_dn|nk0.0|vm1.2|am_0845_1130,8,0.13,7,1,0,87.5,87.5,7.0,1.8,0.3,13.1
SHORT:adi_dn+below_pivot+orb_break_dn_v+cvd_dn|nk0.5|vm0.8|am_0845_1130,8,0.13,7,1,0,87.5,87.5,7.0,1.8,0.3,13.1
SHORT:adi_dn+below_pivot+orb_break_dn_v+cvd_dn|nk0.5|vm1.2|am_0845_1130,8,0.13,7,1,0,87.5,87.5,7.0,1.8,0.3,13.1
SHORT:adi_dn+below_pivot+orb_break_dn_v+cvd_dn_v|nk0.0|vm0.8|am_0845_1130,8,0.13,7,1,0,87.5,87.5,7.0,1.8,0.3,13.1
SHORT:adi_dn+below_pivot+orb_break_dn_v+cvd_dn_v|nk0.0|vm1.2|am_0845_1130,8,0.13,7,1,0,87.5,87.5,7.0,1.8,0.3,13.1
SHORT:adi_dn+below_pivot+orb_break_dn_v+cvd_dn_v|nk0.5|vm0.8|am_0845_1130,8,0.13,7,1,0,87.5,87.5,7.0,1.8,0.3,13.1
SHORT:adi_dn+below_pivot+orb_break_dn_v+cvd_dn_v|nk0.5|vm1.2|am_0845_1130,8,0.13,7,1,0,87.5,87.5,7.0,1.8,0.3,13.1
SHORT:below_pivot+weak_close+orb_break_dn+orb_break_dn_v|nk0.8|vm0.8|am_0845_1130,8,0.13,7,1,0,87.5,87.5,7.0,1.8,0.3,5.6
SHORT:below_pivot+weak_close+orb_break_dn+orb_break_dn_v|nk0.8|vm1.2|am_0845_1130,8,0.13,7,1,0,87.5,87.5,7.0,1.8,0.3,5.6
SHORT:below_pivot+weak_close+orb_break_dn+rvol_thrust_dn|nk0.0|vm0.8|am_0845_1130,8,0.13,7,1,0,87.5,87.5,7.0,1.8,0.3,13.1
SHORT:below_pivot+weak_close+orb_break_dn+rvol_thrust_dn|nk0.0|vm1.2|am_0845_1130,8,0.13,7,1,0,87.5,87.5,7.0,1.8,0.3,13.1
SHORT:below_pivot+weak_close+orb_break_dn+rvol_thrust_dn|nk0.5|vm0.8|am_0845_1130,8,0.13,7,1,0,87.5,87.5,7.0,1.8,0.3,13.1
SHORT:below_pivot+weak_close+orb_break_dn+rvol_thrust_dn|nk0.5|vm1.2|am_0845_1130,8,0.13,7,1,0,87.5,87.5,7.0,1.8,0.3,13.1
SHORT:below_pivot+weak_close+orb_break_dn+below_vwap_v|nk0.0|vm0.8|am_0845_1130,8,0.13,7,1,0,87.5,87.5,7.0,1.8,0.3,13.1
SHORT:below_pivot+weak_close+orb_break_dn+below_vwap_v|nk0.0|vm1.2|am_0845_1130,8,0.13,7,1,0,87.5,87.5,7.0,1.8,0.3,13.1
SHORT:below_pivot+weak_close+orb_break_dn+below_vwap_v|nk0.5|vm0.8|am_0845_1130,8,0.13,7,1,0,87.5,87.5,7.0,1.8,0.3,13.1
SHORT:below_pivot+weak_close+orb_break_dn+below_vwap_v|nk0.5|vm1.2|am_0845_1130,8,0.13,7,1,0,87.5,87.5,7.0,1.8,0.3,13.1
SHORT:below_pivot+weak_close+orb_break_dn+cvd_dn_v|nk0.0|vm0.8|am_0845_1130,8,0.13,7,1,0,87.5,87.5,7.0,1.8,0.3,13.1
SHORT:below_pivot+weak_close+orb_break_dn+cvd_dn_v|nk0.0|vm1.2|am_0845_1130,8,0.13,7,1,0,87.5,87.5,7.0,1.8,0.3,13.1
SHORT:below_pivot+weak_close+orb_break_dn+cvd_dn_v|nk0.5|vm0.8|am_0845_1130,8,0.13,7,1,0,87.5,87.5,7.0,1.8,0.3,13.1
SHORT:below_pivot+weak_close+orb_break_dn+cvd_dn_v|nk0.5|vm1.2|am_0845_1130,8,0.13,7,1,0,87.5,87.5,7.0,1.8,0.3,13.1
SHORT:below_pivot+weak_close+orb_break_dn_v+rvol_thrust_dn|nk0.0|vm0.8|am_0845_1130,8,0.13,7,1,0,87.5,87.5,7.0,1.8,0.3,13.1
SHORT:below_pivot+weak_close+orb_break_dn_v+rvol_thrust_dn|nk0.0|vm1.2|am_0845_1130,8,0.13,7,1,0,87.5,87.5,7.0,1.8,0.3,13.1
SHORT:below_pivot+weak_close+orb_break_dn_v+rvol_thrust_dn|nk0.5|vm0.8|am_0845_1130,8,0.13,7,1,0,87.5,87.5,7.0,1.8,0.3,13.1
SHORT:below_pivot+weak_close+orb_break_dn_v+rvol_thrust_dn|nk0.5|vm1.2|am_0845_1130,8,0.13,7,1,0,87.5,87.5,7.0,1.8,0.3,13.1
SHORT:below_pivot+weak_close+orb_break_dn_v+below_vwap_v|nk0.0|vm0.8|am_0845_1130,8,0.13,7,1,0,87.5,87.5,7.0,1.8,0.3,13.1
SHORT:below_pivot+weak_close+orb_break_dn_v+below_vwap_v|nk0.0|vm1.2|am_0845_1130,8,0.13,7,1,0,87.5,87.5,7.0,1.8,0.3,13.1
SHORT:below_pivot+weak_close+orb_break_dn_v+below_vwap_v|nk0.5|vm0.8|am_0845_1130,8,0.13,7,1,0,87.5,87.5,7.0,1.8,0.3,13.1
SHORT:below_pivot+weak_close+orb_break_dn_v+below_vwap_v|nk0.5|vm1.2|am_0845_1130,8,0.13,7,1,0,87.5,87.5,7.0,1.8,0.3,13.1
SHORT:below_pivot+weak_close+orb_break_dn_v+cvd_dn|nk0.0|vm0.8|am_0845_1130,8,0.13,7,1,0,87.5,87.5,7.0,1.8,0.3,13.1
SHORT:below_pivot+weak_close+orb_break_dn_v+cvd_dn|nk0.0|vm1.2|am_0845_1130,8,0.13,7,1,0,87.5,87.5,7.0,1.8,0.3,13.1
SHORT:below_pivot+weak_close+orb_break_dn_v+cvd_dn|nk0.5|vm0.8|am_0845_1130,8,0.13,7,1,0,87.5,87.5,7.0,1.8,0.3,13.1
SHORT:below_pivot+weak_close+orb_break_dn_v+cvd_dn|nk0.5|vm1.2|am_0845_1130,8,0.13,7,1,0,87.5,87.5,7.0,1.8,0.3,13.1
SHORT:below_pivot+weak_close+orb_break_dn_v+cvd_dn_v|nk0.0|vm0.8|am_0845_1130,8,0.13,7,1,0,87.5,87.5,7.0,1.8,0.3,13.1
SHORT:below_pivot+weak_close+orb_break_dn_v+cvd_dn_v|nk0.0|vm1.2|am_0845_1130,8,0.13,7,1,0,87.5,87.5,7.0,1.8,0.3,13.1
SHORT:below_pivot+weak_close+orb_break_dn_v+cvd_dn_v|nk0.5|vm0.8|am_0845_1130,8,0.13,7,1,0,87.5,87.5,7.0,1.8,0.3,13.1
SHORT:below_pivot+weak_close+orb_break_dn_v+cvd_dn_v|nk0.5|vm1.2|am_0845_1130,8,0.13,7,1,0,87.5,87.5,7.0,1.8,0.3,13.1
SHORT:below_pivot+orb_break_dn+orb_break_dn_v+rvol_thrust_dn|nk0.0|vm0.8|am_0845_1130,8,0.13,7,1,0,87.5,87.5,7.0,1.8,0.3,13.1
SHORT:below_pivot+orb_break_dn+orb_break_dn_v+rvol_thrust_dn|nk0.0|vm1.2|am_0845_1130,8,0.13,7,1,0,87.5,87.5,7.0,1.8,0.3,13.1
SHORT:below_pivot+orb_break_dn+orb_break_dn_v+rvol_thrust_dn|nk0.5|vm0.8|am_0845_1130,8,0.13,7,1,0,87.5,87.5,7.0,1.8,0.3,13.1
SHORT:below_pivot+orb_break_dn+orb_break_dn_v+rvol_thrust_dn|nk0.5|vm1.2|am_0845_1130,8,0.13,7,1,0,87.5,87.5,7.0,1.8,0.3,13.1
SHORT:below_pivot+orb_break_dn+orb_break_dn_v+below_vwap_v|nk0.0|vm0.8|am_0845_1130,8,0.13,7,1,0,87.5,87.5,7.0,1.8,0.3,13.1
SHORT:below_pivot+orb_break_dn+orb_break_dn_v+below_vwap_v|nk0.0|vm1.2|am_0845_1130,8,0.13,7,1,0,87.5,87.5,7.0,1.8,0.3,13.1
SHORT:below_pivot+orb_break_dn+orb_break_dn_v+below_vwap_v|nk0.5|vm0.8|am_0845_1130,8,0.13,7,1,0,87.5,87.5,7.0,1.8,0.3,13.1
SHORT:below_pivot+orb_break_dn+orb_break_dn_v+below_vwap_v|nk0.5|vm1.2|am_0845_1130,8,0.13,7,1,0,87.5,87.5,7.0,1.8,0.3,13.1
SHORT:below_pivot+orb_break_dn+orb_break_dn_v+cvd_dn|nk0.0|vm0.8|am_0845_1130,8,0.13,7,1,0,87.5,87.5,7.0,1.8,0.3,13.1
SHORT:below_pivot+orb_break_dn+orb_break_dn_v+cvd_dn|nk0.0|vm1.2|am_0845_1130,8,0.13,7,1,0,87.5,87.5,7.0,1.8,0.3,13.1
SHORT:below_pivot+orb_break_dn+orb_break_dn_v+cvd_dn|nk0.5|vm0.8|am_0845_1130,8,0.13,7,1,0,87.5,87.5,7.0,1.8,0.3,13.1
SHORT:below_pivot+orb_break_dn+orb_break_dn_v+cvd_dn|nk0.5|vm1.2|am_0845_1130,8,0.13,7,1,0,87.5,87.5,7.0,1.8,0.3,13.1
SHORT:below_pivot+orb_break_dn+orb_break_dn_v+cvd_dn_v|nk0.0|vm0.8|am_0845_1130,8,0.13,7,1,0,87.5,87.5,7.0,1.8,0.3,13.1
SHORT:below_pivot+orb_break_dn+orb_break_dn_v+cvd_dn_v|nk0.0|vm1.2|am_0845_1130,8,0.13,7,1,0,87.5,87.5,7.0,1.8,0.3,13.1
SHORT:below_pivot+orb_break_dn+orb_break_dn_v+cvd_dn_v|nk0.5|vm0.8|am_0845_1130,8,0.13,7,1,0,87.5,87.5,7.0,1.8,0.3,13.1
SHORT:below_pivot+orb_break_dn+orb_break_dn_v+cvd_dn_v|nk0.5|vm1.2|am_0845_1130,8,0.13,7,1,0,87.5,87.5,7.0,1.8,0.3,13.1
SHORT:below_pivot+orb_break_dn+rvol_thrust_dn+below_vwap_v|nk0.0|vm0.8|am_0845_1130,8,0.13,7,1,0,87.5,87.5,7.0,1.8,0.3,13.1
SHORT:below_pivot+orb_break_dn+rvol_thrust_dn+below_vwap_v|nk0.0|vm1.2|am_0845_1130,8,0.13,7,1,0,87.5,87.5,7.0,1.8,0.3,13.1
SHORT:below_pivot+orb_break_dn+rvol_thrust_dn+below_vwap_v|nk0.5|vm0.8|am_0845_1130,8,0.13,7,1,0,87.5,87.5,7.0,1.8,0.3,13.1
SHORT:below_pivot+orb_break_dn+rvol_thrust_dn+below_vwap_v|nk0.5|vm1.2|am_0845_1130,8,0.13,7,1,0,87.5,87.5,7.0,1.8,0.3,13.1
SHORT:below_pivot+orb_break_dn+cvd_dn+cvd_dn_v|nk0.0|vm0.8|am_0845_1130,8,0.13,7,1,0,87.5,87.5,7.0,1.8,0.3,13.1
SHORT:below_pivot+orb_break_dn+cvd_dn+cvd_dn_v|nk0.0|vm1.2|am_0845_1130,8,0.13,7,1,0,87.5,87.5,7.0,1.8,0.3,13.1
SHORT:below_pivot+orb_break_dn+cvd_dn+cvd_dn_v|nk0.5|vm0.8|am_0845_1130,8,0.13,7,1,0,87.5,87.5,7.0,1.8,0.3,13.1
SHORT:below_pivot+orb_break_dn+cvd_dn+cvd_dn_v|nk0.5|vm1.2|am_0845_1130,8,0.13,7,1,0,87.5,87.5,7.0,1.8,0.3,13.1
SHORT:below_pivot+orb_break_dn_v+rvol_thrust_dn+below_vwap_v|nk0.0|vm0.8|am_0845_1130,8,0.13,7,1,0,87.5,87.5,7.0,1.8,0.3,13.1
SHORT:below_pivot+orb_break_dn_v+rvol_thrust_dn+below_vwap_v|nk0.0|vm1.2|am_0845_1130,8,0.13,7,1,0,87.5,87.5,7.0,1.8,0.3,13.1
SHORT:below_pivot+orb_break_dn_v+rvol_thrust_dn+below_vwap_v|nk0.5|vm0.8|am_0845_1130,8,0.13,7,1,0,87.5,87.5,7.0,1.8,0.3,13.1
SHORT:below_pivot+orb_break_dn_v+rvol_thrust_dn+below_vwap_v|nk0.5|vm1.2|am_0845_1130,8,0.13,7,1,0,87.5,87.5,7.0,1.8,0.3,13.1
SHORT:below_pivot+orb_break_dn_v+cvd_dn+cvd_dn_v|nk0.0|vm0.8|am_0845_1130,8,0.13,7,1,0,87.5,87.5,7.0,1.8,0.3,13.1
SHORT:below_pivot+orb_break_dn_v+cvd_dn+cvd_dn_v|nk0.0|vm1.2|am_0845_1130,8,0.13,7,1,0,87.5,87.5,7.0,1.8,0.3,13.1
SHORT:below_pivot+orb_break_dn_v+cvd_dn+cvd_dn_v|nk0.5|vm0.8|am_0845_1130,8,0.13,7,1,0,87.5,87.5,7.0,1.8,0.3,13.1
SHORT:below_pivot+orb_break_dn_v+cvd_dn+cvd_dn_v|nk0.5|vm1.2|am_0845_1130,8,0.13,7,1,0,87.5,87.5,7.0,1.8,0.3,13.1
LONG:above_vwap+macd_x_up_neg|nk0.8|vm1.2|full_0845_1400,15,0.25,13,2,0,86.7,86.7,6.5,3.3,0.3,15.0
LONG:adi_up+macd_x_up_neg|nk0.0|vm1.2|am_0845_1130,15,0.25,13,2,0,86.7,86.7,6.5,3.3,0.3,9.7
LONG:adi_up+macd_x_up_neg|nk0.5|vm1.2|am_0845_1130,15,0.25,13,2,0,86.7,86.7,6.5,3.3,0.3,9.7
LONG:above_vwap+macd_x_up+macd_x_up_neg|nk0.8|vm1.2|full_0845_1400,15,0.25,13,2,0,86.7,86.7,6.5,3.3,0.3,15.0
LONG:adi_up+macd_x_up+macd_x_up_neg|nk0.0|vm1.2|am_0845_1130,15,0.25,13,2,0,86.7,86.7,6.5,3.3,0.3,9.7
LONG:adi_up+macd_x_up+macd_x_up_neg|nk0.5|vm1.2|am_0845_1130,15,0.25,13,2,0,86.7,86.7,6.5,3.3,0.3,9.7
LONG:adi_up+macd_x_up_neg+cvd_up|nk0.0|vm1.2|full_0845_1400,15,0.25,13,2,0,86.7,86.7,6.5,3.3,0.3,15.0
LONG:adi_up+macd_x_up_neg+cvd_up|nk0.5|vm1.2|full_0845_1400,15,0.25,13,2,0,86.7,86.7,6.5,3.3,0.3,15.0
LONG:above_vwap+adi_up+macd_x_up_neg+cvd_up|nk0.0|vm1.2|full_0845_1400,15,0.25,13,2,0,86.7,86.7,6.5,3.3,0.3,15.0
LONG:above_vwap+adi_up+macd_x_up_neg+cvd_up|nk0.5|vm1.2|full_0845_1400,15,0.25,13,2,0,86.7,86.7,6.5,3.3,0.3,15.0
LONG:adi_up+macd_x_up+macd_x_up_neg+cvd_up|nk0.0|vm1.2|full_0845_1400,15,0.25,13,2,0,86.7,86.7,6.5,3.3,0.3,15.0
LONG:adi_up+macd_x_up+macd_x_up_neg+cvd_up|nk0.5|vm1.2|full_0845_1400,15,0.25,13,2,0,86.7,86.7,6.5,3.3,0.3,15.0
LONG:adi_up+macd_x_up_neg+strong_close+cvd_up|nk0.8|vm0.8|full_0845_1400,15,0.25,13,2,0,86.7,86.7,6.5,3.3,0.6,18.0
LONG:vwap_reclaim+macd_x_up_neg|nk0.0|vm0.8|full_0845_1400,14,0.23,12,2,0,85.7,85.7,6.0,3.0,0.3,21.8
LONG:vwap_reclaim+macd_x_up_neg|nk0.5|vm0.8|full_0845_1400,14,0.23,12,2,0,85.7,85.7,6.0,3.0,0.3,21.8
LONG:vwap_reclaim+above_vwap+macd_x_up_neg|nk0.0|vm0.8|full_0845_1400,14,0.23,12,2,0,85.7,85.7,6.0,3.0,0.3,21.8
LONG:vwap_reclaim+above_vwap+macd_x_up_neg|nk0.5|vm0.8|full_0845_1400,14,0.23,12,2,0,85.7,85.7,6.0,3.0,0.3,21.8
LONG:vwap_reclaim+macd_x_up+macd_x_up_neg|nk0.0|vm0.8|full_0845_1400,14,0.23,12,2,0,85.7,85.7,6.0,3.0,0.3,21.8
LONG:vwap_reclaim+macd_x_up+macd_x_up_neg|nk0.5|vm0.8|full_0845_1400,14,0.23,12,2,0,85.7,85.7,6.0,3.0,0.3,21.8
LONG:above_vwap+adi_up+macd_x_up_neg|nk0.8|vm0.8|am_0845_1130,14,0.23,12,2,0,85.7,85.7,6.0,3.0,0.6,12.1
LONG:above_vwap+macd_x_up_neg+strong_close|nk0.8|vm1.2|full_0845_1400,14,0.23,12,2,0,85.7,85.7,6.0,3.0,0.3,14.6
LONG:vwap_reclaim+above_vwap+macd_x_up+macd_x_up_neg|nk0.0|vm0.8|full_0845_1400,14,0.23,12,2,0,85.7,85.7,6.0,3.0,0.3,21.8
LONG:vwap_reclaim+above_vwap+macd_x_up+macd_x_up_neg|nk0.5|vm0.8|full_0845_1400,14,0.23,12,2,0,85.7,85.7,6.0,3.0,0.3,21.8
LONG:above_vwap+adi_up+macd_x_up+macd_x_up_neg|nk0.8|vm0.8|am_0845_1130,14,0.23,12,2,0,85.7,85.7,6.0,3.0,0.6,12.1
LONG:above_vwap+adi_up+macd_x_up_neg+strong_close|nk0.0|vm0.8|am_0845_1130,14,0.23,12,2,0,85.7,85.7,6.0,3.0,0.6,12.5
LONG:above_vwap+adi_up+macd_x_up_neg+strong_close|nk0.0|vm1.2|full_0845_1400,14,0.23,12,2,0,85.7,85.7,6.0,3.0,0.3,15.0
LONG:above_vwap+adi_up+macd_x_up_neg+strong_close|nk0.5|vm0.8|am_0845_1130,14,0.23,12,2,0,85.7,85.7,6.0,3.0,0.6,12.5
LONG:above_vwap+adi_up+macd_x_up_neg+strong_close|nk0.5|vm1.2|full_0845_1400,14,0.23,12,2,0,85.7,85.7,6.0,3.0,0.3,15.0
LONG:above_vwap+macd_x_up+macd_x_up_neg+strong_close|nk0.8|vm1.2|full_0845_1400,14,0.23,12,2,0,85.7,85.7,6.0,3.0,0.3,14.6
LONG:above_pivot+orb_break_up|nk0.0|vm1.2|pm_1130_1400,7,0.12,6,1,0,85.7,85.7,6.0,1.5,0.3,17.1
LONG:above_pivot+orb_break_up|nk0.5|vm1.2|pm_1130_1400,7,0.12,6,1,0,85.7,85.7,6.0,1.5,0.3,17.1
LONG:above_pivot+orb_break_up|nk0.8|vm1.2|pm_1130_1400,7,0.12,6,1,0,85.7,85.7,6.0,1.5,0.3,17.1
LONG:above_pivot+orb_break_up_v|nk0.0|vm0.8|pm_1130_1400,7,0.12,6,1,0,85.7,85.7,6.0,1.5,0.3,17.1
LONG:above_pivot+orb_break_up_v|nk0.0|vm1.2|pm_1130_1400,7,0.12,6,1,0,85.7,85.7,6.0,1.5,0.3,17.1
LONG:above_pivot+orb_break_up_v|nk0.5|vm0.8|pm_1130_1400,7,0.12,6,1,0,85.7,85.7,6.0,1.5,0.3,17.1
LONG:above_pivot+orb_break_up_v|nk0.5|vm1.2|pm_1130_1400,7,0.12,6,1,0,85.7,85.7,6.0,1.5,0.3,17.1
LONG:above_pivot+orb_break_up_v|nk0.8|vm0.8|pm_1130_1400,7,0.12,6,1,0,85.7,85.7,6.0,1.5,0.3,17.1
LONG:above_pivot+orb_break_up_v|nk0.8|vm1.2|pm_1130_1400,7,0.12,6,1,0,85.7,85.7,6.0,1.5,0.3,17.1
LONG:macd_x_up_neg+cvd_up_v|nk0.0|vm0.8|am_0845_1130,7,0.12,6,1,0,85.7,85.7,6.0,1.5,0.3,10.7
LONG:macd_x_up_neg+cvd_up_v|nk0.0|vm1.2|am_0845_1130,7,0.12,6,1,0,85.7,85.7,6.0,1.5,0.3,10.7
LONG:macd_x_up_neg+cvd_up_v|nk0.5|vm0.8|am_0845_1130,7,0.12,6,1,0,85.7,85.7,6.0,1.5,0.3,10.7
LONG:macd_x_up_neg+cvd_up_v|nk0.5|vm1.2|am_0845_1130,7,0.12,6,1,0,85.7,85.7,6.0,1.5,0.3,10.7
LONG:vwap_reclaim+above_pivot+macd_x_up|nk0.0|vm1.2|full_0845_1400,7,0.12,6,1,0,85.7,85.7,6.0,1.5,0.3,24.3
LONG:vwap_reclaim+above_pivot+macd_x_up|nk0.5|vm1.2|full_0845_1400,7,0.12,6,1,0,85.7,85.7,6.0,1.5,0.3,24.3
LONG:vwap_reclaim+above_pivot+macd_x_up|nk0.8|vm1.2|full_0845_1400,7,0.12,6,1,0,85.7,85.7,6.0,1.5,0.3,24.3
LONG:vwap_reclaim+macd_x_up+cvd_up_v|nk0.0|vm0.8|full_0845_1400,7,0.12,6,1,0,85.7,85.7,6.0,1.5,0.3,20.7
LONG:vwap_reclaim+macd_x_up+cvd_up_v|nk0.0|vm1.2|full_0845_1400,7,0.12,6,1,0,85.7,85.7,6.0,1.5,0.3,20.7
LONG:vwap_reclaim+macd_x_up+cvd_up_v|nk0.5|vm0.8|full_0845_1400,7,0.12,6,1,0,85.7,85.7,6.0,1.5,0.3,20.7
LONG:vwap_reclaim+macd_x_up+cvd_up_v|nk0.5|vm1.2|full_0845_1400,7,0.12,6,1,0,85.7,85.7,6.0,1.5,0.3,20.7
LONG:vwap_reclaim+macd_x_up+cvd_up_v|nk0.8|vm0.8|full_0845_1400,7,0.12,6,1,0,85.7,85.7,6.0,1.5,0.3,20.7
LONG:vwap_reclaim+macd_x_up+cvd_up_v|nk0.8|vm1.2|full_0845_1400,7,0.12,6,1,0,85.7,85.7,6.0,1.5,0.3,20.7
LONG:vwap_reclaim+macd_x_up_neg+cvd_up|nk0.8|vm0.8|am_0845_1130,7,0.12,6,1,0,85.7,85.7,6.0,1.5,0.3,14.3
LONG:vwap_reclaim+macd_x_up_neg+cvd_up_v|nk0.0|vm0.8|full_0845_1400,7,0.12,6,1,0,85.7,85.7,6.0,1.5,0.3,20.7
LONG:vwap_reclaim+macd_x_up_neg+cvd_up_v|nk0.0|vm1.2|full_0845_1400,7,0.12,6,1,0,85.7,85.7,6.0,1.5,0.3,20.7
LONG:vwap_reclaim+macd_x_up_neg+cvd_up_v|nk0.5|vm0.8|full_0845_1400,7,0.12,6,1,0,85.7,85.7,6.0,1.5,0.3,20.7
LONG:vwap_reclaim+macd_x_up_neg+cvd_up_v|nk0.5|vm1.2|full_0845_1400,7,0.12,6,1,0,85.7,85.7,6.0,1.5,0.3,20.7
LONG:vwap_reclaim+macd_x_up_neg+cvd_up_v|nk0.8|vm0.8|full_0845_1400,7,0.12,6,1,0,85.7,85.7,6.0,1.5,0.3,20.7
LONG:vwap_reclaim+macd_x_up_neg+cvd_up_v|nk0.8|vm1.2|full_0845_1400,7,0.12,6,1,0,85.7,85.7,6.0,1.5,0.3,20.7
LONG:above_vwap+above_pivot+orb_break_up|nk0.0|vm1.2|pm_1130_1400,7,0.12,6,1,0,85.7,85.7,6.0,1.5,0.3,17.1
LONG:above_vwap+above_pivot+orb_break_up|nk0.5|vm1.2|pm_1130_1400,7,0.12,6,1,0,85.7,85.7,6.0,1.5,0.3,17.1
LONG:above_vwap+above_pivot+orb_break_up|nk0.8|vm1.2|pm_1130_1400,7,0.12,6,1,0,85.7,85.7,6.0,1.5,0.3,17.1
LONG:above_vwap+above_pivot+orb_break_up_v|nk0.0|vm0.8|pm_1130_1400,7,0.12,6,1,0,85.7,85.7,6.0,1.5,0.3,17.1
LONG:above_vwap+above_pivot+orb_break_up_v|nk0.0|vm1.2|pm_1130_1400,7,0.12,6,1,0,85.7,85.7,6.0,1.5,0.3,17.1
LONG:above_vwap+above_pivot+orb_break_up_v|nk0.5|vm0.8|pm_1130_1400,7,0.12,6,1,0,85.7,85.7,6.0,1.5,0.3,17.1
LONG:above_vwap+above_pivot+orb_break_up_v|nk0.5|vm1.2|pm_1130_1400,7,0.12,6,1,0,85.7,85.7,6.0,1.5,0.3,17.1
LONG:above_vwap+above_pivot+orb_break_up_v|nk0.8|vm0.8|pm_1130_1400,7,0.12,6,1,0,85.7,85.7,6.0,1.5,0.3,17.1
LONG:above_vwap+above_pivot+orb_break_up_v|nk0.8|vm1.2|pm_1130_1400,7,0.12,6,1,0,85.7,85.7,6.0,1.5,0.3,17.1
LONG:above_vwap+macd_x_up_neg+cvd_up_v|nk0.0|vm0.8|am_0845_1130,7,0.12,6,1,0,85.7,85.7,6.0,1.5,0.3,10.7
LONG:above_vwap+macd_x_up_neg+cvd_up_v|nk0.0|vm1.2|am_0845_1130,7,0.12,6,1,0,85.7,85.7,6.0,1.5,0.3,10.7
LONG:above_vwap+macd_x_up_neg+cvd_up_v|nk0.5|vm0.8|am_0845_1130,7,0.12,6,1,0,85.7,85.7,6.0,1.5,0.3,10.7
LONG:above_vwap+macd_x_up_neg+cvd_up_v|nk0.5|vm1.2|am_0845_1130,7,0.12,6,1,0,85.7,85.7,6.0,1.5,0.3,10.7
LONG:adi_up+above_pivot+orb_break_up|nk0.0|vm1.2|pm_1130_1400,7,0.12,6,1,0,85.7,85.7,6.0,1.5,0.3,17.1
LONG:adi_up+above_pivot+orb_break_up|nk0.5|vm1.2|pm_1130_1400,7,0.12,6,1,0,85.7,85.7,6.0,1.5,0.3,17.1
LONG:adi_up+above_pivot+orb_break_up|nk0.8|vm1.2|pm_1130_1400,7,0.12,6,1,0,85.7,85.7,6.0,1.5,0.3,17.1
LONG:adi_up+above_pivot+orb_break_up_v|nk0.0|vm0.8|pm_1130_1400,7,0.12,6,1,0,85.7,85.7,6.0,1.5,0.3,17.1
LONG:adi_up+above_pivot+orb_break_up_v|nk0.0|vm1.2|pm_1130_1400,7,0.12,6,1,0,85.7,85.7,6.0,1.5,0.3,17.1
LONG:adi_up+above_pivot+orb_break_up_v|nk0.5|vm0.8|pm_1130_1400,7,0.12,6,1,0,85.7,85.7,6.0,1.5,0.3,17.1
LONG:adi_up+above_pivot+orb_break_up_v|nk0.5|vm1.2|pm_1130_1400,7,0.12,6,1,0,85.7,85.7,6.0,1.5,0.3,17.1
LONG:adi_up+above_pivot+orb_break_up_v|nk0.8|vm0.8|pm_1130_1400,7,0.12,6,1,0,85.7,85.7,6.0,1.5,0.3,17.1
LONG:adi_up+above_pivot+orb_break_up_v|nk0.8|vm1.2|pm_1130_1400,7,0.12,6,1,0,85.7,85.7,6.0,1.5,0.3,17.1
LONG:adi_up+macd_x_up+vwap_reclaim_v|nk0.0|vm0.8|full_0845_1400,7,0.12,6,1,0,85.7,85.7,6.0,1.5,0.3,20.7
LONG:adi_up+macd_x_up+vwap_reclaim_v|nk0.0|vm1.2|full_0845_1400,7,0.12,6,1,0,85.7,85.7,6.0,1.5,0.3,20.7
LONG:adi_up+macd_x_up+vwap_reclaim_v|nk0.5|vm0.8|full_0845_1400,7,0.12,6,1,0,85.7,85.7,6.0,1.5,0.3,20.7
LONG:adi_up+macd_x_up+vwap_reclaim_v|nk0.5|vm1.2|full_0845_1400,7,0.12,6,1,0,85.7,85.7,6.0,1.5,0.3,20.7
LONG:adi_up+macd_x_up+vwap_reclaim_v|nk0.8|vm0.8|full_0845_1400,7,0.12,6,1,0,85.7,85.7,6.0,1.5,0.3,20.7
LONG:adi_up+macd_x_up+vwap_reclaim_v|nk0.8|vm1.2|full_0845_1400,7,0.12,6,1,0,85.7,85.7,6.0,1.5,0.3,20.7
LONG:adi_up+macd_x_up_neg+vwap_reclaim_v|nk0.0|vm0.8|full_0845_1400,7,0.12,6,1,0,85.7,85.7,6.0,1.5,0.3,20.7
LONG:adi_up+macd_x_up_neg+vwap_reclaim_v|nk0.0|vm1.2|full_0845_1400,7,0.12,6,1,0,85.7,85.7,6.0,1.5,0.3,20.7
LONG:adi_up+macd_x_up_neg+vwap_reclaim_v|nk0.5|vm0.8|full_0845_1400,7,0.12,6,1,0,85.7,85.7,6.0,1.5,0.3,20.7
LONG:adi_up+macd_x_up_neg+vwap_reclaim_v|nk0.5|vm1.2|full_0845_1400,7,0.12,6,1,0,85.7,85.7,6.0,1.5,0.3,20.7
LONG:adi_up+macd_x_up_neg+vwap_reclaim_v|nk0.8|vm0.8|full_0845_1400,7,0.12,6,1,0,85.7,85.7,6.0,1.5,0.3,20.7
LONG:adi_up+macd_x_up_neg+vwap_reclaim_v|nk0.8|vm1.2|full_0845_1400,7,0.12,6,1,0,85.7,85.7,6.0,1.5,0.3,20.7
LONG:adi_up+macd_x_up_neg+cvd_up_v|nk0.0|vm0.8|am_0845_1130,7,0.12,6,1,0,85.7,85.7,6.0,1.5,0.3,10.7
LONG:adi_up+macd_x_up_neg+cvd_up_v|nk0.0|vm1.2|am_0845_1130,7,0.12,6,1,0,85.7,85.7,6.0,1.5,0.3,10.7
LONG:adi_up+macd_x_up_neg+cvd_up_v|nk0.5|vm0.8|am_0845_1130,7,0.12,6,1,0,85.7,85.7,6.0,1.5,0.3,10.7
LONG:adi_up+macd_x_up_neg+cvd_up_v|nk0.5|vm1.2|am_0845_1130,7,0.12,6,1,0,85.7,85.7,6.0,1.5,0.3,10.7
LONG:delta_surge+macd_x_up_neg+cvd_up|nk0.0|vm0.8|am_0845_1130,7,0.12,6,1,0,85.7,85.7,6.0,1.5,0.3,7.1
LONG:delta_surge+macd_x_up_neg+cvd_up|nk0.0|vm1.2|am_0845_1130,7,0.12,6,1,0,85.7,85.7,6.0,1.5,0.3,7.1
LONG:delta_surge+macd_x_up_neg+cvd_up|nk0.5|vm0.8|am_0845_1130,7,0.12,6,1,0,85.7,85.7,6.0,1.5,0.3,7.1
LONG:delta_surge+macd_x_up_neg+cvd_up|nk0.5|vm1.2|am_0845_1130,7,0.12,6,1,0,85.7,85.7,6.0,1.5,0.3,7.1
LONG:delta_surge+macd_x_up_neg+cvd_up|nk0.8|vm0.8|am_0845_1130,7,0.12,6,1,0,85.7,85.7,6.0,1.5,0.3,7.1
LONG:delta_surge+macd_x_up_neg+cvd_up|nk0.8|vm1.2|am_0845_1130,7,0.12,6,1,0,85.7,85.7,6.0,1.5,0.3,7.1
LONG:above_pivot+strong_close+orb_break_up|nk0.0|vm1.2|pm_1130_1400,7,0.12,6,1,0,85.7,85.7,6.0,1.5,0.3,17.1
LONG:above_pivot+strong_close+orb_break_up|nk0.5|vm1.2|pm_1130_1400,7,0.12,6,1,0,85.7,85.7,6.0,1.5,0.3,17.1
LONG:above_pivot+strong_close+orb_break_up|nk0.8|vm1.2|pm_1130_1400,7,0.12,6,1,0,85.7,85.7,6.0,1.5,0.3,17.1
LONG:above_pivot+strong_close+orb_break_up_v|nk0.0|vm0.8|pm_1130_1400,7,0.12,6,1,0,85.7,85.7,6.0,1.5,0.3,17.1
LONG:above_pivot+strong_close+orb_break_up_v|nk0.0|vm1.2|pm_1130_1400,7,0.12,6,1,0,85.7,85.7,6.0,1.5,0.3,17.1
LONG:above_pivot+strong_close+orb_break_up_v|nk0.5|vm0.8|pm_1130_1400,7,0.12,6,1,0,85.7,85.7,6.0,1.5,0.3,17.1
LONG:above_pivot+strong_close+orb_break_up_v|nk0.5|vm1.2|pm_1130_1400,7,0.12,6,1,0,85.7,85.7,6.0,1.5,0.3,17.1
LONG:above_pivot+strong_close+orb_break_up_v|nk0.8|vm0.8|pm_1130_1400,7,0.12,6,1,0,85.7,85.7,6.0,1.5,0.3,17.1
LONG:above_pivot+strong_close+orb_break_up_v|nk0.8|vm1.2|pm_1130_1400,7,0.12,6,1,0,85.7,85.7,6.0,1.5,0.3,17.1
LONG:above_pivot+orb_break_up+orb_break_up_v|nk0.0|vm0.8|pm_1130_1400,7,0.12,6,1,0,85.7,85.7,6.0,1.5,0.3,17.1
LONG:above_pivot+orb_break_up+orb_break_up_v|nk0.0|vm1.2|pm_1130_1400,7,0.12,6,1,0,85.7,85.7,6.0,1.5,0.3,17.1
LONG:above_pivot+orb_break_up+orb_break_up_v|nk0.5|vm0.8|pm_1130_1400,7,0.12,6,1,0,85.7,85.7,6.0,1.5,0.3,17.1
LONG:above_pivot+orb_break_up+orb_break_up_v|nk0.5|vm1.2|pm_1130_1400,7,0.12,6,1,0,85.7,85.7,6.0,1.5,0.3,17.1
LONG:above_pivot+orb_break_up+orb_break_up_v|nk0.8|vm0.8|pm_1130_1400,7,0.12,6,1,0,85.7,85.7,6.0,1.5,0.3,17.1
LONG:above_pivot+orb_break_up+orb_break_up_v|nk0.8|vm1.2|pm_1130_1400,7,0.12,6,1,0,85.7,85.7,6.0,1.5,0.3,17.1
LONG:macd_x_up+macd_x_up_neg+cvd_up_v|nk0.0|vm0.8|am_0845_1130,7,0.12,6,1,0,85.7,85.7,6.0,1.5,0.3,10.7
LONG:macd_x_up+macd_x_up_neg+cvd_up_v|nk0.0|vm1.2|am_0845_1130,7,0.12,6,1,0,85.7,85.7,6.0,1.5,0.3,10.7
LONG:macd_x_up+macd_x_up_neg+cvd_up_v|nk0.5|vm0.8|am_0845_1130,7,0.12,6,1,0,85.7,85.7,6.0,1.5,0.3,10.7
LONG:macd_x_up+macd_x_up_neg+cvd_up_v|nk0.5|vm1.2|am_0845_1130,7,0.12,6,1,0,85.7,85.7,6.0,1.5,0.3,10.7
LONG:macd_x_up+strong_close+vwap_reclaim_v|nk0.0|vm0.8|full_0845_1400,7,0.12,6,1,0,85.7,85.7,6.0,1.5,0.3,20.7
LONG:macd_x_up+strong_close+vwap_reclaim_v|nk0.0|vm1.2|full_0845_1400,7,0.12,6,1,0,85.7,85.7,6.0,1.5,0.3,20.7
LONG:macd_x_up+strong_close+vwap_reclaim_v|nk0.5|vm0.8|full_0845_1400,7,0.12,6,1,0,85.7,85.7,6.0,1.5,0.3,20.7
LONG:macd_x_up+strong_close+vwap_reclaim_v|nk0.5|vm1.2|full_0845_1400,7,0.12,6,1,0,85.7,85.7,6.0,1.5,0.3,20.7
LONG:macd_x_up+strong_close+vwap_reclaim_v|nk0.8|vm0.8|full_0845_1400,7,0.12,6,1,0,85.7,85.7,6.0,1.5,0.3,20.7
LONG:macd_x_up+strong_close+vwap_reclaim_v|nk0.8|vm1.2|full_0845_1400,7,0.12,6,1,0,85.7,85.7,6.0,1.5,0.3,20.7
LONG:macd_x_up+vwap_reclaim_v+cvd_up|nk0.0|vm0.8|full_0845_1400,7,0.12,6,1,0,85.7,85.7,6.0,1.5,0.3,20.7
LONG:macd_x_up+vwap_reclaim_v+cvd_up|nk0.0|vm1.2|full_0845_1400,7,0.12,6,1,0,85.7,85.7,6.0,1.5,0.3,20.7
LONG:macd_x_up+vwap_reclaim_v+cvd_up|nk0.5|vm0.8|full_0845_1400,7,0.12,6,1,0,85.7,85.7,6.0,1.5,0.3,20.7
LONG:macd_x_up+vwap_reclaim_v+cvd_up|nk0.5|vm1.2|full_0845_1400,7,0.12,6,1,0,85.7,85.7,6.0,1.5,0.3,20.7
LONG:macd_x_up+vwap_reclaim_v+cvd_up|nk0.8|vm0.8|full_0845_1400,7,0.12,6,1,0,85.7,85.7,6.0,1.5,0.3,20.7
LONG:macd_x_up+vwap_reclaim_v+cvd_up|nk0.8|vm1.2|full_0845_1400,7,0.12,6,1,0,85.7,85.7,6.0,1.5,0.3,20.7
LONG:macd_x_up+vwap_reclaim_v+cvd_up_v|nk0.0|vm0.8|full_0845_1400,7,0.12,6,1,0,85.7,85.7,6.0,1.5,0.3,20.7
LONG:macd_x_up+vwap_reclaim_v+cvd_up_v|nk0.0|vm1.2|full_0845_1400,7,0.12,6,1,0,85.7,85.7,6.0,1.5,0.3,20.7
LONG:macd_x_up+vwap_reclaim_v+cvd_up_v|nk0.5|vm0.8|full_0845_1400,7,0.12,6,1,0,85.7,85.7,6.0,1.5,0.3,20.7
LONG:macd_x_up+vwap_reclaim_v+cvd_up_v|nk0.5|vm1.2|full_0845_1400,7,0.12,6,1,0,85.7,85.7,6.0,1.5,0.3,20.7
LONG:macd_x_up+vwap_reclaim_v+cvd_up_v|nk0.8|vm0.8|full_0845_1400,7,0.12,6,1,0,85.7,85.7,6.0,1.5,0.3,20.7
LONG:macd_x_up+vwap_reclaim_v+cvd_up_v|nk0.8|vm1.2|full_0845_1400,7,0.12,6,1,0,85.7,85.7,6.0,1.5,0.3,20.7
LONG:macd_x_up_neg+strong_close+vwap_reclaim_v|nk0.0|vm0.8|full_0845_1400,7,0.12,6,1,0,85.7,85.7,6.0,1.5,0.3,20.7
LONG:macd_x_up_neg+strong_close+vwap_reclaim_v|nk0.0|vm1.2|full_0845_1400,7,0.12,6,1,0,85.7,85.7,6.0,1.5,0.3,20.7
LONG:macd_x_up_neg+strong_close+vwap_reclaim_v|nk0.5|vm0.8|full_0845_1400,7,0.12,6,1,0,85.7,85.7,6.0,1.5,0.3,20.7
LONG:macd_x_up_neg+strong_close+vwap_reclaim_v|nk0.5|vm1.2|full_0845_1400,7,0.12,6,1,0,85.7,85.7,6.0,1.5,0.3,20.7
LONG:macd_x_up_neg+strong_close+vwap_reclaim_v|nk0.8|vm0.8|full_0845_1400,7,0.12,6,1,0,85.7,85.7,6.0,1.5,0.3,20.7
LONG:macd_x_up_neg+strong_close+vwap_reclaim_v|nk0.8|vm1.2|full_0845_1400,7,0.12,6,1,0,85.7,85.7,6.0,1.5,0.3,20.7
LONG:macd_x_up_neg+vwap_reclaim_v+cvd_up|nk0.0|vm0.8|full_0845_1400,7,0.12,6,1,0,85.7,85.7,6.0,1.5,0.3,20.7
LONG:macd_x_up_neg+vwap_reclaim_v+cvd_up|nk0.0|vm1.2|full_0845_1400,7,0.12,6,1,0,85.7,85.7,6.0,1.5,0.3,20.7
LONG:macd_x_up_neg+vwap_reclaim_v+cvd_up|nk0.5|vm0.8|full_0845_1400,7,0.12,6,1,0,85.7,85.7,6.0,1.5,0.3,20.7
LONG:macd_x_up_neg+vwap_reclaim_v+cvd_up|nk0.5|vm1.2|full_0845_1400,7,0.12,6,1,0,85.7,85.7,6.0,1.5,0.3,20.7
LONG:macd_x_up_neg+vwap_reclaim_v+cvd_up|nk0.8|vm0.8|full_0845_1400,7,0.12,6,1,0,85.7,85.7,6.0,1.5,0.3,20.7
LONG:macd_x_up_neg+vwap_reclaim_v+cvd_up|nk0.8|vm1.2|full_0845_1400,7,0.12,6,1,0,85.7,85.7,6.0,1.5,0.3,20.7
LONG:macd_x_up_neg+vwap_reclaim_v+cvd_up_v|nk0.0|vm0.8|full_0845_1400,7,0.12,6,1,0,85.7,85.7,6.0,1.5,0.3,20.7
LONG:macd_x_up_neg+vwap_reclaim_v+cvd_up_v|nk0.0|vm1.2|full_0845_1400,7,0.12,6,1,0,85.7,85.7,6.0,1.5,0.3,20.7
LONG:macd_x_up_neg+vwap_reclaim_v+cvd_up_v|nk0.5|vm0.8|full_0845_1400,7,0.12,6,1,0,85.7,85.7,6.0,1.5,0.3,20.7
LONG:macd_x_up_neg+vwap_reclaim_v+cvd_up_v|nk0.5|vm1.2|full_0845_1400,7,0.12,6,1,0,85.7,85.7,6.0,1.5,0.3,20.7
LONG:macd_x_up_neg+vwap_reclaim_v+cvd_up_v|nk0.8|vm0.8|full_0845_1400,7,0.12,6,1,0,85.7,85.7,6.0,1.5,0.3,20.7
LONG:macd_x_up_neg+vwap_reclaim_v+cvd_up_v|nk0.8|vm1.2|full_0845_1400,7,0.12,6,1,0,85.7,85.7,6.0,1.5,0.3,20.7
LONG:macd_x_up_neg+cvd_up+cvd_up_v|nk0.0|vm0.8|am_0845_1130,7,0.12,6,1,0,85.7,85.7,6.0,1.5,0.3,10.7
LONG:macd_x_up_neg+cvd_up+cvd_up_v|nk0.0|vm1.2|am_0845_1130,7,0.12,6,1,0,85.7,85.7,6.0,1.5,0.3,10.7
LONG:macd_x_up_neg+cvd_up+cvd_up_v|nk0.5|vm0.8|am_0845_1130,7,0.12,6,1,0,85.7,85.7,6.0,1.5,0.3,10.7
LONG:macd_x_up_neg+cvd_up+cvd_up_v|nk0.5|vm1.2|am_0845_1130,7,0.12,6,1,0,85.7,85.7,6.0,1.5,0.3,10.7
LONG:vwap_reclaim+above_vwap+above_pivot+macd_x_up|nk0.0|vm1.2|full_0845_1400,7,0.12,6,1,0,85.7,85.7,6.0,1.5,0.3,24.3
LONG:vwap_reclaim+above_vwap+above_pivot+macd_x_up|nk0.5|vm1.2|full_0845_1400,7,0.12,6,1,0,85.7,85.7,6.0,1.5,0.3,24.3
LONG:vwap_reclaim+above_vwap+above_pivot+macd_x_up|nk0.8|vm1.2|full_0845_1400,7,0.12,6,1,0,85.7,85.7,6.0,1.5,0.3,24.3
LONG:vwap_reclaim+above_vwap+macd_x_up+cvd_up_v|nk0.0|vm0.8|full_0845_1400,7,0.12,6,1,0,85.7,85.7,6.0,1.5,0.3,20.7
LONG:vwap_reclaim+above_vwap+macd_x_up+cvd_up_v|nk0.0|vm1.2|full_0845_1400,7,0.12,6,1,0,85.7,85.7,6.0,1.5,0.3,20.7
LONG:vwap_reclaim+above_vwap+macd_x_up+cvd_up_v|nk0.5|vm0.8|full_0845_1400,7,0.12,6,1,0,85.7,85.7,6.0,1.5,0.3,20.7
LONG:vwap_reclaim+above_vwap+macd_x_up+cvd_up_v|nk0.5|vm1.2|full_0845_1400,7,0.12,6,1,0,85.7,85.7,6.0,1.5,0.3,20.7
LONG:vwap_reclaim+above_vwap+macd_x_up+cvd_up_v|nk0.8|vm0.8|full_0845_1400,7,0.12,6,1,0,85.7,85.7,6.0,1.5,0.3,20.7
LONG:vwap_reclaim+above_vwap+macd_x_up+cvd_up_v|nk0.8|vm1.2|full_0845_1400,7,0.12,6,1,0,85.7,85.7,6.0,1.5,0.3,20.7
LONG:vwap_reclaim+above_vwap+macd_x_up_neg+cvd_up|nk0.8|vm0.8|am_0845_1130,7,0.12,6,1,0,85.7,85.7,6.0,1.5,0.3,14.3
LONG:vwap_reclaim+above_vwap+macd_x_up_neg+cvd_up_v|nk0.0|vm0.8|full_0845_1400,7,0.12,6,1,0,85.7,85.7,6.0,1.5,0.3,20.7
LONG:vwap_reclaim+above_vwap+macd_x_up_neg+cvd_up_v|nk0.0|vm1.2|full_0845_1400,7,0.12,6,1,0,85.7,85.7,6.0,1.5,0.3,20.7
LONG:vwap_reclaim+above_vwap+macd_x_up_neg+cvd_up_v|nk0.5|vm0.8|full_0845_1400,7,0.12,6,1,0,85.7,85.7,6.0,1.5,0.3,20.7
LONG:vwap_reclaim+above_vwap+macd_x_up_neg+cvd_up_v|nk0.5|vm1.2|full_0845_1400,7,0.12,6,1,0,85.7,85.7,6.0,1.5,0.3,20.7
LONG:vwap_reclaim+above_vwap+macd_x_up_neg+cvd_up_v|nk0.8|vm0.8|full_0845_1400,7,0.12,6,1,0,85.7,85.7,6.0,1.5,0.3,20.7
LONG:vwap_reclaim+above_vwap+macd_x_up_neg+cvd_up_v|nk0.8|vm1.2|full_0845_1400,7,0.12,6,1,0,85.7,85.7,6.0,1.5,0.3,20.7
LONG:vwap_reclaim+adi_up+above_pivot+macd_x_up_neg|nk0.0|vm0.8|full_0845_1400,7,0.12,6,1,0,85.7,85.7,6.0,1.5,0.3,34.3
LONG:vwap_reclaim+adi_up+above_pivot+macd_x_up_neg|nk0.5|vm0.8|full_0845_1400,7,0.12,6,1,0,85.7,85.7,6.0,1.5,0.3,34.3
LONG:vwap_reclaim+adi_up+macd_x_up+vwap_reclaim_v|nk0.0|vm0.8|full_0845_1400,7,0.12,6,1,0,85.7,85.7,6.0,1.5,0.3,20.7
LONG:vwap_reclaim+adi_up+macd_x_up+vwap_reclaim_v|nk0.0|vm1.2|full_0845_1400,7,0.12,6,1,0,85.7,85.7,6.0,1.5,0.3,20.7
LONG:vwap_reclaim+adi_up+macd_x_up+vwap_reclaim_v|nk0.5|vm0.8|full_0845_1400,7,0.12,6,1,0,85.7,85.7,6.0,1.5,0.3,20.7
LONG:vwap_reclaim+adi_up+macd_x_up+vwap_reclaim_v|nk0.5|vm1.2|full_0845_1400,7,0.12,6,1,0,85.7,85.7,6.0,1.5,0.3,20.7
LONG:vwap_reclaim+adi_up+macd_x_up+vwap_reclaim_v|nk0.8|vm0.8|full_0845_1400,7,0.12,6,1,0,85.7,85.7,6.0,1.5,0.3,20.7
LONG:vwap_reclaim+adi_up+macd_x_up+vwap_reclaim_v|nk0.8|vm1.2|full_0845_1400,7,0.12,6,1,0,85.7,85.7,6.0,1.5,0.3,20.7
LONG:vwap_reclaim+adi_up+macd_x_up+cvd_up_v|nk0.0|vm0.8|full_0845_1400,7,0.12,6,1,0,85.7,85.7,6.0,1.5,0.3,20.7
LONG:vwap_reclaim+adi_up+macd_x_up+cvd_up_v|nk0.0|vm1.2|full_0845_1400,7,0.12,6,1,0,85.7,85.7,6.0,1.5,0.3,20.7
LONG:vwap_reclaim+adi_up+macd_x_up+cvd_up_v|nk0.5|vm0.8|full_0845_1400,7,0.12,6,1,0,85.7,85.7,6.0,1.5,0.3,20.7
LONG:vwap_reclaim+adi_up+macd_x_up+cvd_up_v|nk0.5|vm1.2|full_0845_1400,7,0.12,6,1,0,85.7,85.7,6.0,1.5,0.3,20.7
LONG:vwap_reclaim+adi_up+macd_x_up+cvd_up_v|nk0.8|vm0.8|full_0845_1400,7,0.12,6,1,0,85.7,85.7,6.0,1.5,0.3,20.7
LONG:vwap_reclaim+adi_up+macd_x_up+cvd_up_v|nk0.8|vm1.2|full_0845_1400,7,0.12,6,1,0,85.7,85.7,6.0,1.5,0.3,20.7
LONG:vwap_reclaim+adi_up+macd_x_up_neg+vwap_reclaim_v|nk0.0|vm0.8|full_0845_1400,7,0.12,6,1,0,85.7,85.7,6.0,1.5,0.3,20.7
LONG:vwap_reclaim+adi_up+macd_x_up_neg+vwap_reclaim_v|nk0.0|vm1.2|full_0845_1400,7,0.12,6,1,0,85.7,85.7,6.0,1.5,0.3,20.7
LONG:vwap_reclaim+adi_up+macd_x_up_neg+vwap_reclaim_v|nk0.5|vm0.8|full_0845_1400,7,0.12,6,1,0,85.7,85.7,6.0,1.5,0.3,20.7
LONG:vwap_reclaim+adi_up+macd_x_up_neg+vwap_reclaim_v|nk0.5|vm1.2|full_0845_1400,7,0.12,6,1,0,85.7,85.7,6.0,1.5,0.3,20.7
LONG:vwap_reclaim+adi_up+macd_x_up_neg+vwap_reclaim_v|nk0.8|vm0.8|full_0845_1400,7,0.12,6,1,0,85.7,85.7,6.0,1.5,0.3,20.7
LONG:vwap_reclaim+adi_up+macd_x_up_neg+vwap_reclaim_v|nk0.8|vm1.2|full_0845_1400,7,0.12,6,1,0,85.7,85.7,6.0,1.5,0.3,20.7
LONG:vwap_reclaim+adi_up+macd_x_up_neg+cvd_up|nk0.8|vm0.8|am_0845_1130,7,0.12,6,1,0,85.7,85.7,6.0,1.5,0.3,14.3
LONG:vwap_reclaim+adi_up+macd_x_up_neg+cvd_up_v|nk0.0|vm0.8|full_0845_1400,7,0.12,6,1,0,85.7,85.7,6.0,1.5,0.3,20.7
LONG:vwap_reclaim+adi_up+macd_x_up_neg+cvd_up_v|nk0.0|vm1.2|full_0845_1400,7,0.12,6,1,0,85.7,85.7,6.0,1.5,0.3,20.7
LONG:vwap_reclaim+adi_up+macd_x_up_neg+cvd_up_v|nk0.5|vm0.8|full_0845_1400,7,0.12,6,1,0,85.7,85.7,6.0,1.5,0.3,20.7
LONG:vwap_reclaim+adi_up+macd_x_up_neg+cvd_up_v|nk0.5|vm1.2|full_0845_1400,7,0.12,6,1,0,85.7,85.7,6.0,1.5,0.3,20.7
LONG:vwap_reclaim+adi_up+macd_x_up_neg+cvd_up_v|nk0.8|vm0.8|full_0845_1400,7,0.12,6,1,0,85.7,85.7,6.0,1.5,0.3,20.7
LONG:vwap_reclaim+adi_up+macd_x_up_neg+cvd_up_v|nk0.8|vm1.2|full_0845_1400,7,0.12,6,1,0,85.7,85.7,6.0,1.5,0.3,20.7
LONG:vwap_reclaim+above_pivot+macd_x_up+cvd_up|nk0.8|vm0.8|full_0845_1400,7,0.12,6,1,0,85.7,85.7,6.0,1.5,0.3,28.6
LONG:vwap_reclaim+above_pivot+macd_x_up_neg+strong_close|nk0.0|vm0.8|full_0845_1400,7,0.12,6,1,0,85.7,85.7,6.0,1.5,0.3,34.3
LONG:vwap_reclaim+above_pivot+macd_x_up_neg+strong_close|nk0.5|vm0.8|full_0845_1400,7,0.12,6,1,0,85.7,85.7,6.0,1.5,0.3,34.3
LONG:vwap_reclaim+above_pivot+macd_x_up_neg+cvd_up|nk0.0|vm0.8|full_0845_1400,7,0.12,6,1,0,85.7,85.7,6.0,1.5,0.3,34.3
LONG:vwap_reclaim+above_pivot+macd_x_up_neg+cvd_up|nk0.5|vm0.8|full_0845_1400,7,0.12,6,1,0,85.7,85.7,6.0,1.5,0.3,34.3
LONG:vwap_reclaim+macd_x_up+macd_x_up_neg+cvd_up|nk0.8|vm0.8|am_0845_1130,7,0.12,6,1,0,85.7,85.7,6.0,1.5,0.3,14.3
LONG:vwap_reclaim+macd_x_up+macd_x_up_neg+cvd_up_v|nk0.0|vm0.8|full_0845_1400,7,0.12,6,1,0,85.7,85.7,6.0,1.5,0.3,20.7
LONG:vwap_reclaim+macd_x_up+macd_x_up_neg+cvd_up_v|nk0.0|vm1.2|full_0845_1400,7,0.12,6,1,0,85.7,85.7,6.0,1.5,0.3,20.7
LONG:vwap_reclaim+macd_x_up+macd_x_up_neg+cvd_up_v|nk0.5|vm0.8|full_0845_1400,7,0.12,6,1,0,85.7,85.7,6.0,1.5,0.3,20.7
LONG:vwap_reclaim+macd_x_up+macd_x_up_neg+cvd_up_v|nk0.5|vm1.2|full_0845_1400,7,0.12,6,1,0,85.7,85.7,6.0,1.5,0.3,20.7
LONG:vwap_reclaim+macd_x_up+macd_x_up_neg+cvd_up_v|nk0.8|vm0.8|full_0845_1400,7,0.12,6,1,0,85.7,85.7,6.0,1.5,0.3,20.7
LONG:vwap_reclaim+macd_x_up+macd_x_up_neg+cvd_up_v|nk0.8|vm1.2|full_0845_1400,7,0.12,6,1,0,85.7,85.7,6.0,1.5,0.3,20.7
LONG:vwap_reclaim+macd_x_up+strong_close+vwap_reclaim_v|nk0.0|vm0.8|full_0845_1400,7,0.12,6,1,0,85.7,85.7,6.0,1.5,0.3,20.7
LONG:vwap_reclaim+macd_x_up+strong_close+vwap_reclaim_v|nk0.0|vm1.2|full_0845_1400,7,0.12,6,1,0,85.7,85.7,6.0,1.5,0.3,20.7
LONG:vwap_reclaim+macd_x_up+strong_close+vwap_reclaim_v|nk0.5|vm0.8|full_0845_1400,7,0.12,6,1,0,85.7,85.7,6.0,1.5,0.3,20.7
LONG:vwap_reclaim+macd_x_up+strong_close+vwap_reclaim_v|nk0.5|vm1.2|full_0845_1400,7,0.12,6,1,0,85.7,85.7,6.0,1.5,0.3,20.7
LONG:vwap_reclaim+macd_x_up+strong_close+vwap_reclaim_v|nk0.8|vm0.8|full_0845_1400,7,0.12,6,1,0,85.7,85.7,6.0,1.5,0.3,20.7
LONG:vwap_reclaim+macd_x_up+strong_close+vwap_reclaim_v|nk0.8|vm1.2|full_0845_1400,7,0.12,6,1,0,85.7,85.7,6.0,1.5,0.3,20.7
LONG:vwap_reclaim+macd_x_up+strong_close+cvd_up_v|nk0.0|vm0.8|full_0845_1400,7,0.12,6,1,0,85.7,85.7,6.0,1.5,0.3,20.7
LONG:vwap_reclaim+macd_x_up+strong_close+cvd_up_v|nk0.0|vm1.2|full_0845_1400,7,0.12,6,1,0,85.7,85.7,6.0,1.5,0.3,20.7
LONG:vwap_reclaim+macd_x_up+strong_close+cvd_up_v|nk0.5|vm0.8|full_0845_1400,7,0.12,6,1,0,85.7,85.7,6.0,1.5,0.3,20.7
LONG:vwap_reclaim+macd_x_up+strong_close+cvd_up_v|nk0.5|vm1.2|full_0845_1400,7,0.12,6,1,0,85.7,85.7,6.0,1.5,0.3,20.7
LONG:vwap_reclaim+macd_x_up+strong_close+cvd_up_v|nk0.8|vm0.8|full_0845_1400,7,0.12,6,1,0,85.7,85.7,6.0,1.5,0.3,20.7
LONG:vwap_reclaim+macd_x_up+strong_close+cvd_up_v|nk0.8|vm1.2|full_0845_1400,7,0.12,6,1,0,85.7,85.7,6.0,1.5,0.3,20.7
LONG:vwap_reclaim+macd_x_up+vwap_reclaim_v+cvd_up|nk0.0|vm0.8|full_0845_1400,7,0.12,6,1,0,85.7,85.7,6.0,1.5,0.3,20.7
LONG:vwap_reclaim+macd_x_up+vwap_reclaim_v+cvd_up|nk0.0|vm1.2|full_0845_1400,7,0.12,6,1,0,85.7,85.7,6.0,1.5,0.3,20.7
LONG:vwap_reclaim+macd_x_up+vwap_reclaim_v+cvd_up|nk0.5|vm0.8|full_0845_1400,7,0.12,6,1,0,85.7,85.7,6.0,1.5,0.3,20.7
LONG:vwap_reclaim+macd_x_up+vwap_reclaim_v+cvd_up|nk0.5|vm1.2|full_0845_1400,7,0.12,6,1,0,85.7,85.7,6.0,1.5,0.3,20.7
LONG:vwap_reclaim+macd_x_up+vwap_reclaim_v+cvd_up|nk0.8|vm0.8|full_0845_1400,7,0.12,6,1,0,85.7,85.7,6.0,1.5,0.3,20.7
LONG:vwap_reclaim+macd_x_up+vwap_reclaim_v+cvd_up|nk0.8|vm1.2|full_0845_1400,7,0.12,6,1,0,85.7,85.7,6.0,1.5,0.3,20.7
LONG:vwap_reclaim+macd_x_up+vwap_reclaim_v+cvd_up_v|nk0.0|vm0.8|full_0845_1400,7,0.12,6,1,0,85.7,85.7,6.0,1.5,0.3,20.7
LONG:vwap_reclaim+macd_x_up+vwap_reclaim_v+cvd_up_v|nk0.0|vm1.2|full_0845_1400,7,0.12,6,1,0,85.7,85.7,6.0,1.5,0.3,20.7
LONG:vwap_reclaim+macd_x_up+vwap_reclaim_v+cvd_up_v|nk0.5|vm0.8|full_0845_1400,7,0.12,6,1,0,85.7,85.7,6.0,1.5,0.3,20.7
LONG:vwap_reclaim+macd_x_up+vwap_reclaim_v+cvd_up_v|nk0.5|vm1.2|full_0845_1400,7,0.12,6,1,0,85.7,85.7,6.0,1.5,0.3,20.7
LONG:vwap_reclaim+macd_x_up+vwap_reclaim_v+cvd_up_v|nk0.8|vm0.8|full_0845_1400,7,0.12,6,1,0,85.7,85.7,6.0,1.5,0.3,20.7
LONG:vwap_reclaim+macd_x_up+vwap_reclaim_v+cvd_up_v|nk0.8|vm1.2|full_0845_1400,7,0.12,6,1,0,85.7,85.7,6.0,1.5,0.3,20.7
LONG:vwap_reclaim+macd_x_up+cvd_up+cvd_up_v|nk0.0|vm0.8|full_0845_1400,7,0.12,6,1,0,85.7,85.7,6.0,1.5,0.3,20.7
LONG:vwap_reclaim+macd_x_up+cvd_up+cvd_up_v|nk0.0|vm1.2|full_0845_1400,7,0.12,6,1,0,85.7,85.7,6.0,1.5,0.3,20.7
LONG:vwap_reclaim+macd_x_up+cvd_up+cvd_up_v|nk0.5|vm0.8|full_0845_1400,7,0.12,6,1,0,85.7,85.7,6.0,1.5,0.3,20.7
LONG:vwap_reclaim+macd_x_up+cvd_up+cvd_up_v|nk0.5|vm1.2|full_0845_1400,7,0.12,6,1,0,85.7,85.7,6.0,1.5,0.3,20.7
LONG:vwap_reclaim+macd_x_up+cvd_up+cvd_up_v|nk0.8|vm0.8|full_0845_1400,7,0.12,6,1,0,85.7,85.7,6.0,1.5,0.3,20.7
LONG:vwap_reclaim+macd_x_up+cvd_up+cvd_up_v|nk0.8|vm1.2|full_0845_1400,7,0.12,6,1,0,85.7,85.7,6.0,1.5,0.3,20.7
LONG:vwap_reclaim+macd_x_up_neg+strong_close+vwap_reclaim_v|nk0.0|vm0.8|full_0845_1400,7,0.12,6,1,0,85.7,85.7,6.0,1.5,0.3,20.7
LONG:vwap_reclaim+macd_x_up_neg+strong_close+vwap_reclaim_v|nk0.0|vm1.2|full_0845_1400,7,0.12,6,1,0,85.7,85.7,6.0,1.5,0.3,20.7
LONG:vwap_reclaim+macd_x_up_neg+strong_close+vwap_reclaim_v|nk0.5|vm0.8|full_0845_1400,7,0.12,6,1,0,85.7,85.7,6.0,1.5,0.3,20.7
LONG:vwap_reclaim+macd_x_up_neg+strong_close+vwap_reclaim_v|nk0.5|vm1.2|full_0845_1400,7,0.12,6,1,0,85.7,85.7,6.0,1.5,0.3,20.7
LONG:vwap_reclaim+macd_x_up_neg+strong_close+vwap_reclaim_v|nk0.8|vm0.8|full_0845_1400,7,0.12,6,1,0,85.7,85.7,6.0,1.5,0.3,20.7
LONG:vwap_reclaim+macd_x_up_neg+strong_close+vwap_reclaim_v|nk0.8|vm1.2|full_0845_1400,7,0.12,6,1,0,85.7,85.7,6.0,1.5,0.3,20.7
LONG:vwap_reclaim+macd_x_up_neg+strong_close+cvd_up|nk0.8|vm0.8|am_0845_1130,7,0.12,6,1,0,85.7,85.7,6.0,1.5,0.3,14.3
LONG:vwap_reclaim+macd_x_up_neg+strong_close+cvd_up_v|nk0.0|vm0.8|full_0845_1400,7,0.12,6,1,0,85.7,85.7,6.0,1.5,0.3,20.7
LONG:vwap_reclaim+macd_x_up_neg+strong_close+cvd_up_v|nk0.0|vm1.2|full_0845_1400,7,0.12,6,1,0,85.7,85.7,6.0,1.5,0.3,20.7
LONG:vwap_reclaim+macd_x_up_neg+strong_close+cvd_up_v|nk0.5|vm0.8|full_0845_1400,7,0.12,6,1,0,85.7,85.7,6.0,1.5,0.3,20.7
LONG:vwap_reclaim+macd_x_up_neg+strong_close+cvd_up_v|nk0.5|vm1.2|full_0845_1400,7,0.12,6,1,0,85.7,85.7,6.0,1.5,0.3,20.7
LONG:vwap_reclaim+macd_x_up_neg+strong_close+cvd_up_v|nk0.8|vm0.8|full_0845_1400,7,0.12,6,1,0,85.7,85.7,6.0,1.5,0.3,20.7
LONG:vwap_reclaim+macd_x_up_neg+strong_close+cvd_up_v|nk0.8|vm1.2|full_0845_1400,7,0.12,6,1,0,85.7,85.7,6.0,1.5,0.3,20.7
LONG:vwap_reclaim+macd_x_up_neg+vwap_reclaim_v+cvd_up|nk0.0|vm0.8|full_0845_1400,7,0.12,6,1,0,85.7,85.7,6.0,1.5,0.3,20.7
LONG:vwap_reclaim+macd_x_up_neg+vwap_reclaim_v+cvd_up|nk0.0|vm1.2|full_0845_1400,7,0.12,6,1,0,85.7,85.7,6.0,1.5,0.3,20.7
LONG:vwap_reclaim+macd_x_up_neg+vwap_reclaim_v+cvd_up|nk0.5|vm0.8|full_0845_1400,7,0.12,6,1,0,85.7,85.7,6.0,1.5,0.3,20.7
LONG:vwap_reclaim+macd_x_up_neg+vwap_reclaim_v+cvd_up|nk0.5|vm1.2|full_0845_1400,7,0.12,6,1,0,85.7,85.7,6.0,1.5,0.3,20.7
LONG:vwap_reclaim+macd_x_up_neg+vwap_reclaim_v+cvd_up|nk0.8|vm0.8|full_0845_1400,7,0.12,6,1,0,85.7,85.7,6.0,1.5,0.3,20.7
LONG:vwap_reclaim+macd_x_up_neg+vwap_reclaim_v+cvd_up|nk0.8|vm1.2|full_0845_1400,7,0.12,6,1,0,85.7,85.7,6.0,1.5,0.3,20.7
LONG:vwap_reclaim+macd_x_up_neg+vwap_reclaim_v+cvd_up_v|nk0.0|vm0.8|full_0845_1400,7,0.12,6,1,0,85.7,85.7,6.0,1.5,0.3,20.7
LONG:vwap_reclaim+macd_x_up_neg+vwap_reclaim_v+cvd_up_v|nk0.0|vm1.2|full_0845_1400,7,0.12,6,1,0,85.7,85.7,6.0,1.5,0.3,20.7
LONG:vwap_reclaim+macd_x_up_neg+vwap_reclaim_v+cvd_up_v|nk0.5|vm0.8|full_0845_1400,7,0.12,6,1,0,85.7,85.7,6.0,1.5,0.3,20.7
LONG:vwap_reclaim+macd_x_up_neg+vwap_reclaim_v+cvd_up_v|nk0.5|vm1.2|full_0845_1400,7,0.12,6,1,0,85.7,85.7,6.0,1.5,0.3,20.7
LONG:vwap_reclaim+macd_x_up_neg+vwap_reclaim_v+cvd_up_v|nk0.8|vm0.8|full_0845_1400,7,0.12,6,1,0,85.7,85.7,6.0,1.5,0.3,20.7
LONG:vwap_reclaim+macd_x_up_neg+vwap_reclaim_v+cvd_up_v|nk0.8|vm1.2|full_0845_1400,7,0.12,6,1,0,85.7,85.7,6.0,1.5,0.3,20.7
LONG:vwap_reclaim+macd_x_up_neg+cvd_up+cvd_up_v|nk0.0|vm0.8|full_0845_1400,7,0.12,6,1,0,85.7,85.7,6.0,1.5,0.3,20.7
LONG:vwap_reclaim+macd_x_up_neg+cvd_up+cvd_up_v|nk0.0|vm1.2|full_0845_1400,7,0.12,6,1,0,85.7,85.7,6.0,1.5,0.3,20.7
LONG:vwap_reclaim+macd_x_up_neg+cvd_up+cvd_up_v|nk0.5|vm0.8|full_0845_1400,7,0.12,6,1,0,85.7,85.7,6.0,1.5,0.3,20.7
LONG:vwap_reclaim+macd_x_up_neg+cvd_up+cvd_up_v|nk0.5|vm1.2|full_0845_1400,7,0.12,6,1,0,85.7,85.7,6.0,1.5,0.3,20.7
LONG:vwap_reclaim+macd_x_up_neg+cvd_up+cvd_up_v|nk0.8|vm0.8|full_0845_1400,7,0.12,6,1,0,85.7,85.7,6.0,1.5,0.3,20.7
LONG:vwap_reclaim+macd_x_up_neg+cvd_up+cvd_up_v|nk0.8|vm1.2|full_0845_1400,7,0.12,6,1,0,85.7,85.7,6.0,1.5,0.3,20.7
LONG:above_vwap+adi_up+above_pivot+orb_break_up|nk0.0|vm1.2|pm_1130_1400,7,0.12,6,1,0,85.7,85.7,6.0,1.5,0.3,17.1
LONG:above_vwap+adi_up+above_pivot+orb_break_up|nk0.5|vm1.2|pm_1130_1400,7,0.12,6,1,0,85.7,85.7,6.0,1.5,0.3,17.1
LONG:above_vwap+adi_up+above_pivot+orb_break_up|nk0.8|vm1.2|pm_1130_1400,7,0.12,6,1,0,85.7,85.7,6.0,1.5,0.3,17.1
LONG:above_vwap+adi_up+above_pivot+orb_break_up_v|nk0.0|vm0.8|pm_1130_1400,7,0.12,6,1,0,85.7,85.7,6.0,1.5,0.3,17.1
LONG:above_vwap+adi_up+above_pivot+orb_break_up_v|nk0.0|vm1.2|pm_1130_1400,7,0.12,6,1,0,85.7,85.7,6.0,1.5,0.3,17.1
LONG:above_vwap+adi_up+above_pivot+orb_break_up_v|nk0.5|vm0.8|pm_1130_1400,7,0.12,6,1,0,85.7,85.7,6.0,1.5,0.3,17.1
LONG:above_vwap+adi_up+above_pivot+orb_break_up_v|nk0.5|vm1.2|pm_1130_1400,7,0.12,6,1,0,85.7,85.7,6.0,1.5,0.3,17.1
LONG:above_vwap+adi_up+above_pivot+orb_break_up_v|nk0.8|vm0.8|pm_1130_1400,7,0.12,6,1,0,85.7,85.7,6.0,1.5,0.3,17.1
LONG:above_vwap+adi_up+above_pivot+orb_break_up_v|nk0.8|vm1.2|pm_1130_1400,7,0.12,6,1,0,85.7,85.7,6.0,1.5,0.3,17.1
LONG:above_vwap+adi_up+macd_x_up+vwap_reclaim_v|nk0.0|vm0.8|full_0845_1400,7,0.12,6,1,0,85.7,85.7,6.0,1.5,0.3,20.7
LONG:above_vwap+adi_up+macd_x_up+vwap_reclaim_v|nk0.0|vm1.2|full_0845_1400,7,0.12,6,1,0,85.7,85.7,6.0,1.5,0.3,20.7
LONG:above_vwap+adi_up+macd_x_up+vwap_reclaim_v|nk0.5|vm0.8|full_0845_1400,7,0.12,6,1,0,85.7,85.7,6.0,1.5,0.3,20.7
LONG:above_vwap+adi_up+macd_x_up+vwap_reclaim_v|nk0.5|vm1.2|full_0845_1400,7,0.12,6,1,0,85.7,85.7,6.0,1.5,0.3,20.7
LONG:above_vwap+adi_up+macd_x_up+vwap_reclaim_v|nk0.8|vm0.8|full_0845_1400,7,0.12,6,1,0,85.7,85.7,6.0,1.5,0.3,20.7
LONG:above_vwap+adi_up+macd_x_up+vwap_reclaim_v|nk0.8|vm1.2|full_0845_1400,7,0.12,6,1,0,85.7,85.7,6.0,1.5,0.3,20.7
LONG:above_vwap+adi_up+macd_x_up_neg+vwap_reclaim_v|nk0.0|vm0.8|full_0845_1400,7,0.12,6,1,0,85.7,85.7,6.0,1.5,0.3,20.7
LONG:above_vwap+adi_up+macd_x_up_neg+vwap_reclaim_v|nk0.0|vm1.2|full_0845_1400,7,0.12,6,1,0,85.7,85.7,6.0,1.5,0.3,20.7
LONG:above_vwap+adi_up+macd_x_up_neg+vwap_reclaim_v|nk0.5|vm0.8|full_0845_1400,7,0.12,6,1,0,85.7,85.7,6.0,1.5,0.3,20.7
LONG:above_vwap+adi_up+macd_x_up_neg+vwap_reclaim_v|nk0.5|vm1.2|full_0845_1400,7,0.12,6,1,0,85.7,85.7,6.0,1.5,0.3,20.7
LONG:above_vwap+adi_up+macd_x_up_neg+vwap_reclaim_v|nk0.8|vm0.8|full_0845_1400,7,0.12,6,1,0,85.7,85.7,6.0,1.5,0.3,20.7
LONG:above_vwap+adi_up+macd_x_up_neg+vwap_reclaim_v|nk0.8|vm1.2|full_0845_1400,7,0.12,6,1,0,85.7,85.7,6.0,1.5,0.3,20.7
LONG:above_vwap+adi_up+macd_x_up_neg+cvd_up_v|nk0.0|vm0.8|am_0845_1130,7,0.12,6,1,0,85.7,85.7,6.0,1.5,0.3,10.7
LONG:above_vwap+adi_up+macd_x_up_neg+cvd_up_v|nk0.0|vm1.2|am_0845_1130,7,0.12,6,1,0,85.7,85.7,6.0,1.5,0.3,10.7
LONG:above_vwap+adi_up+macd_x_up_neg+cvd_up_v|nk0.5|vm0.8|am_0845_1130,7,0.12,6,1,0,85.7,85.7,6.0,1.5,0.3,10.7
LONG:above_vwap+adi_up+macd_x_up_neg+cvd_up_v|nk0.5|vm1.2|am_0845_1130,7,0.12,6,1,0,85.7,85.7,6.0,1.5,0.3,10.7
LONG:above_vwap+delta_surge+macd_x_up_neg+cvd_up|nk0.0|vm0.8|am_0845_1130,7,0.12,6,1,0,85.7,85.7,6.0,1.5,0.3,7.1
LONG:above_vwap+delta_surge+macd_x_up_neg+cvd_up|nk0.0|vm1.2|am_0845_1130,7,0.12,6,1,0,85.7,85.7,6.0,1.5,0.3,7.1
LONG:above_vwap+delta_surge+macd_x_up_neg+cvd_up|nk0.5|vm0.8|am_0845_1130,7,0.12,6,1,0,85.7,85.7,6.0,1.5,0.3,7.1
LONG:above_vwap+delta_surge+macd_x_up_neg+cvd_up|nk0.5|vm1.2|am_0845_1130,7,0.12,6,1,0,85.7,85.7,6.0,1.5,0.3,7.1
LONG:above_vwap+delta_surge+macd_x_up_neg+cvd_up|nk0.8|vm0.8|am_0845_1130,7,0.12,6,1,0,85.7,85.7,6.0,1.5,0.3,7.1
LONG:above_vwap+delta_surge+macd_x_up_neg+cvd_up|nk0.8|vm1.2|am_0845_1130,7,0.12,6,1,0,85.7,85.7,6.0,1.5,0.3,7.1
LONG:above_vwap+above_pivot+strong_close+orb_break_up|nk0.0|vm1.2|pm_1130_1400,7,0.12,6,1,0,85.7,85.7,6.0,1.5,0.3,17.1
LONG:above_vwap+above_pivot+strong_close+orb_break_up|nk0.5|vm1.2|pm_1130_1400,7,0.12,6,1,0,85.7,85.7,6.0,1.5,0.3,17.1
LONG:above_vwap+above_pivot+strong_close+orb_break_up|nk0.8|vm1.2|pm_1130_1400,7,0.12,6,1,0,85.7,85.7,6.0,1.5,0.3,17.1
LONG:above_vwap+above_pivot+strong_close+orb_break_up_v|nk0.0|vm0.8|pm_1130_1400,7,0.12,6,1,0,85.7,85.7,6.0,1.5,0.3,17.1
LONG:above_vwap+above_pivot+strong_close+orb_break_up_v|nk0.0|vm1.2|pm_1130_1400,7,0.12,6,1,0,85.7,85.7,6.0,1.5,0.3,17.1
LONG:above_vwap+above_pivot+strong_close+orb_break_up_v|nk0.5|vm0.8|pm_1130_1400,7,0.12,6,1,0,85.7,85.7,6.0,1.5,0.3,17.1
LONG:above_vwap+above_pivot+strong_close+orb_break_up_v|nk0.5|vm1.2|pm_1130_1400,7,0.12,6,1,0,85.7,85.7,6.0,1.5,0.3,17.1
LONG:above_vwap+above_pivot+strong_close+orb_break_up_v|nk0.8|vm0.8|pm_1130_1400,7,0.12,6,1,0,85.7,85.7,6.0,1.5,0.3,17.1
LONG:above_vwap+above_pivot+strong_close+orb_break_up_v|nk0.8|vm1.2|pm_1130_1400,7,0.12,6,1,0,85.7,85.7,6.0,1.5,0.3,17.1
LONG:above_vwap+above_pivot+orb_break_up+orb_break_up_v|nk0.0|vm0.8|pm_1130_1400,7,0.12,6,1,0,85.7,85.7,6.0,1.5,0.3,17.1
LONG:above_vwap+above_pivot+orb_break_up+orb_break_up_v|nk0.0|vm1.2|pm_1130_1400,7,0.12,6,1,0,85.7,85.7,6.0,1.5,0.3,17.1
LONG:above_vwap+above_pivot+orb_break_up+orb_break_up_v|nk0.5|vm0.8|pm_1130_1400,7,0.12,6,1,0,85.7,85.7,6.0,1.5,0.3,17.1
LONG:above_vwap+above_pivot+orb_break_up+orb_break_up_v|nk0.5|vm1.2|pm_1130_1400,7,0.12,6,1,0,85.7,85.7,6.0,1.5,0.3,17.1
LONG:above_vwap+above_pivot+orb_break_up+orb_break_up_v|nk0.8|vm0.8|pm_1130_1400,7,0.12,6,1,0,85.7,85.7,6.0,1.5,0.3,17.1
LONG:above_vwap+above_pivot+orb_break_up+orb_break_up_v|nk0.8|vm1.2|pm_1130_1400,7,0.12,6,1,0,85.7,85.7,6.0,1.5,0.3,17.1
LONG:above_vwap+macd_x_up+macd_x_up_neg+cvd_up_v|nk0.0|vm0.8|am_0845_1130,7,0.12,6,1,0,85.7,85.7,6.0,1.5,0.3,10.7
LONG:above_vwap+macd_x_up+macd_x_up_neg+cvd_up_v|nk0.0|vm1.2|am_0845_1130,7,0.12,6,1,0,85.7,85.7,6.0,1.5,0.3,10.7
LONG:above_vwap+macd_x_up+macd_x_up_neg+cvd_up_v|nk0.5|vm0.8|am_0845_1130,7,0.12,6,1,0,85.7,85.7,6.0,1.5,0.3,10.7
LONG:above_vwap+macd_x_up+macd_x_up_neg+cvd_up_v|nk0.5|vm1.2|am_0845_1130,7,0.12,6,1,0,85.7,85.7,6.0,1.5,0.3,10.7
LONG:above_vwap+macd_x_up+strong_close+vwap_reclaim_v|nk0.0|vm0.8|full_0845_1400,7,0.12,6,1,0,85.7,85.7,6.0,1.5,0.3,20.7
LONG:above_vwap+macd_x_up+strong_close+vwap_reclaim_v|nk0.0|vm1.2|full_0845_1400,7,0.12,6,1,0,85.7,85.7,6.0,1.5,0.3,20.7
LONG:above_vwap+macd_x_up+strong_close+vwap_reclaim_v|nk0.5|vm0.8|full_0845_1400,7,0.12,6,1,0,85.7,85.7,6.0,1.5,0.3,20.7
LONG:above_vwap+macd_x_up+strong_close+vwap_reclaim_v|nk0.5|vm1.2|full_0845_1400,7,0.12,6,1,0,85.7,85.7,6.0,1.5,0.3,20.7
LONG:above_vwap+macd_x_up+strong_close+vwap_reclaim_v|nk0.8|vm0.8|full_0845_1400,7,0.12,6,1,0,85.7,85.7,6.0,1.5,0.3,20.7
LONG:above_vwap+macd_x_up+strong_close+vwap_reclaim_v|nk0.8|vm1.2|full_0845_1400,7,0.12,6,1,0,85.7,85.7,6.0,1.5,0.3,20.7
LONG:above_vwap+macd_x_up+vwap_reclaim_v+cvd_up|nk0.0|vm0.8|full_0845_1400,7,0.12,6,1,0,85.7,85.7,6.0,1.5,0.3,20.7
LONG:above_vwap+macd_x_up+vwap_reclaim_v+cvd_up|nk0.0|vm1.2|full_0845_1400,7,0.12,6,1,0,85.7,85.7,6.0,1.5,0.3,20.7
LONG:above_vwap+macd_x_up+vwap_reclaim_v+cvd_up|nk0.5|vm0.8|full_0845_1400,7,0.12,6,1,0,85.7,85.7,6.0,1.5,0.3,20.7
LONG:above_vwap+macd_x_up+vwap_reclaim_v+cvd_up|nk0.5|vm1.2|full_0845_1400,7,0.12,6,1,0,85.7,85.7,6.0,1.5,0.3,20.7
LONG:above_vwap+macd_x_up+vwap_reclaim_v+cvd_up|nk0.8|vm0.8|full_0845_1400,7,0.12,6,1,0,85.7,85.7,6.0,1.5,0.3,20.7
LONG:above_vwap+macd_x_up+vwap_reclaim_v+cvd_up|nk0.8|vm1.2|full_0845_1400,7,0.12,6,1,0,85.7,85.7,6.0,1.5,0.3,20.7
LONG:above_vwap+macd_x_up+vwap_reclaim_v+cvd_up_v|nk0.0|vm0.8|full_0845_1400,7,0.12,6,1,0,85.7,85.7,6.0,1.5,0.3,20.7
LONG:above_vwap+macd_x_up+vwap_reclaim_v+cvd_up_v|nk0.0|vm1.2|full_0845_1400,7,0.12,6,1,0,85.7,85.7,6.0,1.5,0.3,20.7
LONG:above_vwap+macd_x_up+vwap_reclaim_v+cvd_up_v|nk0.5|vm0.8|full_0845_1400,7,0.12,6,1,0,85.7,85.7,6.0,1.5,0.3,20.7
LONG:above_vwap+macd_x_up+vwap_reclaim_v+cvd_up_v|nk0.5|vm1.2|full_0845_1400,7,0.12,6,1,0,85.7,85.7,6.0,1.5,0.3,20.7
LONG:above_vwap+macd_x_up+vwap_reclaim_v+cvd_up_v|nk0.8|vm0.8|full_0845_1400,7,0.12,6,1,0,85.7,85.7,6.0,1.5,0.3,20.7
LONG:above_vwap+macd_x_up+vwap_reclaim_v+cvd_up_v|nk0.8|vm1.2|full_0845_1400,7,0.12,6,1,0,85.7,85.7,6.0,1.5,0.3,20.7
LONG:above_vwap+macd_x_up_neg+strong_close+vwap_reclaim_v|nk0.0|vm0.8|full_0845_1400,7,0.12,6,1,0,85.7,85.7,6.0,1.5,0.3,20.7
LONG:above_vwap+macd_x_up_neg+strong_close+vwap_reclaim_v|nk0.0|vm1.2|full_0845_1400,7,0.12,6,1,0,85.7,85.7,6.0,1.5,0.3,20.7
LONG:above_vwap+macd_x_up_neg+strong_close+vwap_reclaim_v|nk0.5|vm0.8|full_0845_1400,7,0.12,6,1,0,85.7,85.7,6.0,1.5,0.3,20.7
LONG:above_vwap+macd_x_up_neg+strong_close+vwap_reclaim_v|nk0.5|vm1.2|full_0845_1400,7,0.12,6,1,0,85.7,85.7,6.0,1.5,0.3,20.7
LONG:above_vwap+macd_x_up_neg+strong_close+vwap_reclaim_v|nk0.8|vm0.8|full_0845_1400,7,0.12,6,1,0,85.7,85.7,6.0,1.5,0.3,20.7
LONG:above_vwap+macd_x_up_neg+strong_close+vwap_reclaim_v|nk0.8|vm1.2|full_0845_1400,7,0.12,6,1,0,85.7,85.7,6.0,1.5,0.3,20.7
LONG:above_vwap+macd_x_up_neg+vwap_reclaim_v+cvd_up|nk0.0|vm0.8|full_0845_1400,7,0.12,6,1,0,85.7,85.7,6.0,1.5,0.3,20.7
LONG:above_vwap+macd_x_up_neg+vwap_reclaim_v+cvd_up|nk0.0|vm1.2|full_0845_1400,7,0.12,6,1,0,85.7,85.7,6.0,1.5,0.3,20.7
LONG:above_vwap+macd_x_up_neg+vwap_reclaim_v+cvd_up|nk0.5|vm0.8|full_0845_1400,7,0.12,6,1,0,85.7,85.7,6.0,1.5,0.3,20.7
LONG:above_vwap+macd_x_up_neg+vwap_reclaim_v+cvd_up|nk0.5|vm1.2|full_0845_1400,7,0.12,6,1,0,85.7,85.7,6.0,1.5,0.3,20.7
LONG:above_vwap+macd_x_up_neg+vwap_reclaim_v+cvd_up|nk0.8|vm0.8|full_0845_1400,7,0.12,6,1,0,85.7,85.7,6.0,1.5,0.3,20.7
LONG:above_vwap+macd_x_up_neg+vwap_reclaim_v+cvd_up|nk0.8|vm1.2|full_0845_1400,7,0.12,6,1,0,85.7,85.7,6.0,1.5,0.3,20.7
LONG:above_vwap+macd_x_up_neg+vwap_reclaim_v+cvd_up_v|nk0.0|vm0.8|full_0845_1400,7,0.12,6,1,0,85.7,85.7,6.0,1.5,0.3,20.7
LONG:above_vwap+macd_x_up_neg+vwap_reclaim_v+cvd_up_v|nk0.0|vm1.2|full_0845_1400,7,0.12,6,1,0,85.7,85.7,6.0,1.5,0.3,20.7
LONG:above_vwap+macd_x_up_neg+vwap_reclaim_v+cvd_up_v|nk0.5|vm0.8|full_0845_1400,7,0.12,6,1,0,85.7,85.7,6.0,1.5,0.3,20.7
LONG:above_vwap+macd_x_up_neg+vwap_reclaim_v+cvd_up_v|nk0.5|vm1.2|full_0845_1400,7,0.12,6,1,0,85.7,85.7,6.0,1.5,0.3,20.7
LONG:above_vwap+macd_x_up_neg+vwap_reclaim_v+cvd_up_v|nk0.8|vm0.8|full_0845_1400,7,0.12,6,1,0,85.7,85.7,6.0,1.5,0.3,20.7
LONG:above_vwap+macd_x_up_neg+vwap_reclaim_v+cvd_up_v|nk0.8|vm1.2|full_0845_1400,7,0.12,6,1,0,85.7,85.7,6.0,1.5,0.3,20.7
LONG:above_vwap+macd_x_up_neg+cvd_up+cvd_up_v|nk0.0|vm0.8|am_0845_1130,7,0.12,6,1,0,85.7,85.7,6.0,1.5,0.3,10.7
LONG:above_vwap+macd_x_up_neg+cvd_up+cvd_up_v|nk0.0|vm1.2|am_0845_1130,7,0.12,6,1,0,85.7,85.7,6.0,1.5,0.3,10.7
LONG:above_vwap+macd_x_up_neg+cvd_up+cvd_up_v|nk0.5|vm0.8|am_0845_1130,7,0.12,6,1,0,85.7,85.7,6.0,1.5,0.3,10.7
LONG:above_vwap+macd_x_up_neg+cvd_up+cvd_up_v|nk0.5|vm1.2|am_0845_1130,7,0.12,6,1,0,85.7,85.7,6.0,1.5,0.3,10.7
LONG:adi_up+delta_surge+macd_x_up_neg+cvd_up|nk0.0|vm0.8|am_0845_1130,7,0.12,6,1,0,85.7,85.7,6.0,1.5,0.3,7.1
LONG:adi_up+delta_surge+macd_x_up_neg+cvd_up|nk0.0|vm1.2|am_0845_1130,7,0.12,6,1,0,85.7,85.7,6.0,1.5,0.3,7.1
LONG:adi_up+delta_surge+macd_x_up_neg+cvd_up|nk0.5|vm0.8|am_0845_1130,7,0.12,6,1,0,85.7,85.7,6.0,1.5,0.3,7.1
LONG:adi_up+delta_surge+macd_x_up_neg+cvd_up|nk0.5|vm1.2|am_0845_1130,7,0.12,6,1,0,85.7,85.7,6.0,1.5,0.3,7.1
LONG:adi_up+delta_surge+macd_x_up_neg+cvd_up|nk0.8|vm0.8|am_0845_1130,7,0.12,6,1,0,85.7,85.7,6.0,1.5,0.3,7.1
LONG:adi_up+delta_surge+macd_x_up_neg+cvd_up|nk0.8|vm1.2|am_0845_1130,7,0.12,6,1,0,85.7,85.7,6.0,1.5,0.3,7.1
LONG:adi_up+above_pivot+strong_close+orb_break_up|nk0.0|vm1.2|pm_1130_1400,7,0.12,6,1,0,85.7,85.7,6.0,1.5,0.3,17.1
LONG:adi_up+above_pivot+strong_close+orb_break_up|nk0.5|vm1.2|pm_1130_1400,7,0.12,6,1,0,85.7,85.7,6.0,1.5,0.3,17.1
LONG:adi_up+above_pivot+strong_close+orb_break_up|nk0.8|vm1.2|pm_1130_1400,7,0.12,6,1,0,85.7,85.7,6.0,1.5,0.3,17.1
LONG:adi_up+above_pivot+strong_close+orb_break_up_v|nk0.0|vm0.8|pm_1130_1400,7,0.12,6,1,0,85.7,85.7,6.0,1.5,0.3,17.1
LONG:adi_up+above_pivot+strong_close+orb_break_up_v|nk0.0|vm1.2|pm_1130_1400,7,0.12,6,1,0,85.7,85.7,6.0,1.5,0.3,17.1
LONG:adi_up+above_pivot+strong_close+orb_break_up_v|nk0.5|vm0.8|pm_1130_1400,7,0.12,6,1,0,85.7,85.7,6.0,1.5,0.3,17.1
LONG:adi_up+above_pivot+strong_close+orb_break_up_v|nk0.5|vm1.2|pm_1130_1400,7,0.12,6,1,0,85.7,85.7,6.0,1.5,0.3,17.1
LONG:adi_up+above_pivot+strong_close+orb_break_up_v|nk0.8|vm0.8|pm_1130_1400,7,0.12,6,1,0,85.7,85.7,6.0,1.5,0.3,17.1
LONG:adi_up+above_pivot+strong_close+orb_break_up_v|nk0.8|vm1.2|pm_1130_1400,7,0.12,6,1,0,85.7,85.7,6.0,1.5,0.3,17.1
LONG:adi_up+above_pivot+strong_close+vwap_lo_bounce|nk0.0|vm1.2|am_0845_1130,7,0.12,6,1,0,85.7,85.7,6.0,1.5,0.3,7.9
LONG:adi_up+above_pivot+strong_close+vwap_lo_bounce|nk0.5|vm1.2|am_0845_1130,7,0.12,6,1,0,85.7,85.7,6.0,1.5,0.3,7.9
LONG:adi_up+above_pivot+strong_close+vwap_lo_bounce|nk0.8|vm1.2|am_0845_1130,7,0.12,6,1,0,85.7,85.7,6.0,1.5,0.3,7.9
LONG:adi_up+above_pivot+strong_close+rsi_thrust_up|nk0.8|vm0.8|am_0845_1130,7,0.12,6,1,0,85.7,85.7,6.0,1.5,0.3,17.1
LONG:adi_up+above_pivot+strong_close+rsi_thrust_up|nk0.8|vm1.2|am_0845_1130,7,0.12,6,1,0,85.7,85.7,6.0,1.5,0.3,17.1
LONG:adi_up+above_pivot+orb_break_up+orb_break_up_v|nk0.0|vm0.8|pm_1130_1400,7,0.12,6,1,0,85.7,85.7,6.0,1.5,0.3,17.1
LONG:adi_up+above_pivot+orb_break_up+orb_break_up_v|nk0.0|vm1.2|pm_1130_1400,7,0.12,6,1,0,85.7,85.7,6.0,1.5,0.3,17.1
LONG:adi_up+above_pivot+orb_break_up+orb_break_up_v|nk0.5|vm0.8|pm_1130_1400,7,0.12,6,1,0,85.7,85.7,6.0,1.5,0.3,17.1
LONG:adi_up+above_pivot+orb_break_up+orb_break_up_v|nk0.5|vm1.2|pm_1130_1400,7,0.12,6,1,0,85.7,85.7,6.0,1.5,0.3,17.1
LONG:adi_up+above_pivot+orb_break_up+orb_break_up_v|nk0.8|vm0.8|pm_1130_1400,7,0.12,6,1,0,85.7,85.7,6.0,1.5,0.3,17.1
LONG:adi_up+above_pivot+orb_break_up+orb_break_up_v|nk0.8|vm1.2|pm_1130_1400,7,0.12,6,1,0,85.7,85.7,6.0,1.5,0.3,17.1
LONG:adi_up+macd_x_up+macd_x_up_neg+vwap_reclaim_v|nk0.0|vm0.8|full_0845_1400,7,0.12,6,1,0,85.7,85.7,6.0,1.5,0.3,20.7
LONG:adi_up+macd_x_up+macd_x_up_neg+vwap_reclaim_v|nk0.0|vm1.2|full_0845_1400,7,0.12,6,1,0,85.7,85.7,6.0,1.5,0.3,20.7
LONG:adi_up+macd_x_up+macd_x_up_neg+vwap_reclaim_v|nk0.5|vm0.8|full_0845_1400,7,0.12,6,1,0,85.7,85.7,6.0,1.5,0.3,20.7
LONG:adi_up+macd_x_up+macd_x_up_neg+vwap_reclaim_v|nk0.5|vm1.2|full_0845_1400,7,0.12,6,1,0,85.7,85.7,6.0,1.5,0.3,20.7
LONG:adi_up+macd_x_up+macd_x_up_neg+vwap_reclaim_v|nk0.8|vm0.8|full_0845_1400,7,0.12,6,1,0,85.7,85.7,6.0,1.5,0.3,20.7
LONG:adi_up+macd_x_up+macd_x_up_neg+vwap_reclaim_v|nk0.8|vm1.2|full_0845_1400,7,0.12,6,1,0,85.7,85.7,6.0,1.5,0.3,20.7
LONG:adi_up+macd_x_up+macd_x_up_neg+cvd_up_v|nk0.0|vm0.8|am_0845_1130,7,0.12,6,1,0,85.7,85.7,6.0,1.5,0.3,10.7
LONG:adi_up+macd_x_up+macd_x_up_neg+cvd_up_v|nk0.0|vm1.2|am_0845_1130,7,0.12,6,1,0,85.7,85.7,6.0,1.5,0.3,10.7
LONG:adi_up+macd_x_up+macd_x_up_neg+cvd_up_v|nk0.5|vm0.8|am_0845_1130,7,0.12,6,1,0,85.7,85.7,6.0,1.5,0.3,10.7
LONG:adi_up+macd_x_up+macd_x_up_neg+cvd_up_v|nk0.5|vm1.2|am_0845_1130,7,0.12,6,1,0,85.7,85.7,6.0,1.5,0.3,10.7
LONG:adi_up+macd_x_up+strong_close+vwap_reclaim_v|nk0.0|vm0.8|full_0845_1400,7,0.12,6,1,0,85.7,85.7,6.0,1.5,0.3,20.7
LONG:adi_up+macd_x_up+strong_close+vwap_reclaim_v|nk0.0|vm1.2|full_0845_1400,7,0.12,6,1,0,85.7,85.7,6.0,1.5,0.3,20.7
LONG:adi_up+macd_x_up+strong_close+vwap_reclaim_v|nk0.5|vm0.8|full_0845_1400,7,0.12,6,1,0,85.7,85.7,6.0,1.5,0.3,20.7
LONG:adi_up+macd_x_up+strong_close+vwap_reclaim_v|nk0.5|vm1.2|full_0845_1400,7,0.12,6,1,0,85.7,85.7,6.0,1.5,0.3,20.7
LONG:adi_up+macd_x_up+strong_close+vwap_reclaim_v|nk0.8|vm0.8|full_0845_1400,7,0.12,6,1,0,85.7,85.7,6.0,1.5,0.3,20.7
LONG:adi_up+macd_x_up+strong_close+vwap_reclaim_v|nk0.8|vm1.2|full_0845_1400,7,0.12,6,1,0,85.7,85.7,6.0,1.5,0.3,20.7
LONG:adi_up+macd_x_up+vwap_reclaim_v+cvd_up|nk0.0|vm0.8|full_0845_1400,7,0.12,6,1,0,85.7,85.7,6.0,1.5,0.3,20.7
LONG:adi_up+macd_x_up+vwap_reclaim_v+cvd_up|nk0.0|vm1.2|full_0845_1400,7,0.12,6,1,0,85.7,85.7,6.0,1.5,0.3,20.7
LONG:adi_up+macd_x_up+vwap_reclaim_v+cvd_up|nk0.5|vm0.8|full_0845_1400,7,0.12,6,1,0,85.7,85.7,6.0,1.5,0.3,20.7
LONG:adi_up+macd_x_up+vwap_reclaim_v+cvd_up|nk0.5|vm1.2|full_0845_1400,7,0.12,6,1,0,85.7,85.7,6.0,1.5,0.3,20.7
LONG:adi_up+macd_x_up+vwap_reclaim_v+cvd_up|nk0.8|vm0.8|full_0845_1400,7,0.12,6,1,0,85.7,85.7,6.0,1.5,0.3,20.7
LONG:adi_up+macd_x_up+vwap_reclaim_v+cvd_up|nk0.8|vm1.2|full_0845_1400,7,0.12,6,1,0,85.7,85.7,6.0,1.5,0.3,20.7
LONG:adi_up+macd_x_up+vwap_reclaim_v+cvd_up_v|nk0.0|vm0.8|full_0845_1400,7,0.12,6,1,0,85.7,85.7,6.0,1.5,0.3,20.7
LONG:adi_up+macd_x_up+vwap_reclaim_v+cvd_up_v|nk0.0|vm1.2|full_0845_1400,7,0.12,6,1,0,85.7,85.7,6.0,1.5,0.3,20.7
LONG:adi_up+macd_x_up+vwap_reclaim_v+cvd_up_v|nk0.5|vm0.8|full_0845_1400,7,0.12,6,1,0,85.7,85.7,6.0,1.5,0.3,20.7
LONG:adi_up+macd_x_up+vwap_reclaim_v+cvd_up_v|nk0.5|vm1.2|full_0845_1400,7,0.12,6,1,0,85.7,85.7,6.0,1.5,0.3,20.7
LONG:adi_up+macd_x_up+vwap_reclaim_v+cvd_up_v|nk0.8|vm0.8|full_0845_1400,7,0.12,6,1,0,85.7,85.7,6.0,1.5,0.3,20.7
LONG:adi_up+macd_x_up+vwap_reclaim_v+cvd_up_v|nk0.8|vm1.2|full_0845_1400,7,0.12,6,1,0,85.7,85.7,6.0,1.5,0.3,20.7
LONG:adi_up+macd_x_up_neg+strong_close+vwap_reclaim_v|nk0.0|vm0.8|full_0845_1400,7,0.12,6,1,0,85.7,85.7,6.0,1.5,0.3,20.7
LONG:adi_up+macd_x_up_neg+strong_close+vwap_reclaim_v|nk0.0|vm1.2|full_0845_1400,7,0.12,6,1,0,85.7,85.7,6.0,1.5,0.3,20.7
LONG:adi_up+macd_x_up_neg+strong_close+vwap_reclaim_v|nk0.5|vm0.8|full_0845_1400,7,0.12,6,1,0,85.7,85.7,6.0,1.5,0.3,20.7
LONG:adi_up+macd_x_up_neg+strong_close+vwap_reclaim_v|nk0.5|vm1.2|full_0845_1400,7,0.12,6,1,0,85.7,85.7,6.0,1.5,0.3,20.7
LONG:adi_up+macd_x_up_neg+strong_close+vwap_reclaim_v|nk0.8|vm0.8|full_0845_1400,7,0.12,6,1,0,85.7,85.7,6.0,1.5,0.3,20.7
LONG:adi_up+macd_x_up_neg+strong_close+vwap_reclaim_v|nk0.8|vm1.2|full_0845_1400,7,0.12,6,1,0,85.7,85.7,6.0,1.5,0.3,20.7
LONG:adi_up+macd_x_up_neg+vwap_reclaim_v+cvd_up|nk0.0|vm0.8|full_0845_1400,7,0.12,6,1,0,85.7,85.7,6.0,1.5,0.3,20.7
LONG:adi_up+macd_x_up_neg+vwap_reclaim_v+cvd_up|nk0.0|vm1.2|full_0845_1400,7,0.12,6,1,0,85.7,85.7,6.0,1.5,0.3,20.7
LONG:adi_up+macd_x_up_neg+vwap_reclaim_v+cvd_up|nk0.5|vm0.8|full_0845_1400,7,0.12,6,1,0,85.7,85.7,6.0,1.5,0.3,20.7
LONG:adi_up+macd_x_up_neg+vwap_reclaim_v+cvd_up|nk0.5|vm1.2|full_0845_1400,7,0.12,6,1,0,85.7,85.7,6.0,1.5,0.3,20.7
LONG:adi_up+macd_x_up_neg+vwap_reclaim_v+cvd_up|nk0.8|vm0.8|full_0845_1400,7,0.12,6,1,0,85.7,85.7,6.0,1.5,0.3,20.7
LONG:adi_up+macd_x_up_neg+vwap_reclaim_v+cvd_up|nk0.8|vm1.2|full_0845_1400,7,0.12,6,1,0,85.7,85.7,6.0,1.5,0.3,20.7
LONG:adi_up+macd_x_up_neg+vwap_reclaim_v+cvd_up_v|nk0.0|vm0.8|full_0845_1400,7,0.12,6,1,0,85.7,85.7,6.0,1.5,0.3,20.7
LONG:adi_up+macd_x_up_neg+vwap_reclaim_v+cvd_up_v|nk0.0|vm1.2|full_0845_1400,7,0.12,6,1,0,85.7,85.7,6.0,1.5,0.3,20.7
LONG:adi_up+macd_x_up_neg+vwap_reclaim_v+cvd_up_v|nk0.5|vm0.8|full_0845_1400,7,0.12,6,1,0,85.7,85.7,6.0,1.5,0.3,20.7
LONG:adi_up+macd_x_up_neg+vwap_reclaim_v+cvd_up_v|nk0.5|vm1.2|full_0845_1400,7,0.12,6,1,0,85.7,85.7,6.0,1.5,0.3,20.7
LONG:adi_up+macd_x_up_neg+vwap_reclaim_v+cvd_up_v|nk0.8|vm0.8|full_0845_1400,7,0.12,6,1,0,85.7,85.7,6.0,1.5,0.3,20.7
LONG:adi_up+macd_x_up_neg+vwap_reclaim_v+cvd_up_v|nk0.8|vm1.2|full_0845_1400,7,0.12,6,1,0,85.7,85.7,6.0,1.5,0.3,20.7
LONG:adi_up+macd_x_up_neg+cvd_up+cvd_up_v|nk0.0|vm0.8|am_0845_1130,7,0.12,6,1,0,85.7,85.7,6.0,1.5,0.3,10.7
LONG:adi_up+macd_x_up_neg+cvd_up+cvd_up_v|nk0.0|vm1.2|am_0845_1130,7,0.12,6,1,0,85.7,85.7,6.0,1.5,0.3,10.7
LONG:adi_up+macd_x_up_neg+cvd_up+cvd_up_v|nk0.5|vm0.8|am_0845_1130,7,0.12,6,1,0,85.7,85.7,6.0,1.5,0.3,10.7
LONG:adi_up+macd_x_up_neg+cvd_up+cvd_up_v|nk0.5|vm1.2|am_0845_1130,7,0.12,6,1,0,85.7,85.7,6.0,1.5,0.3,10.7
LONG:delta_surge+macd_x_up+macd_x_up_neg+cvd_up|nk0.0|vm0.8|am_0845_1130,7,0.12,6,1,0,85.7,85.7,6.0,1.5,0.3,7.1
LONG:delta_surge+macd_x_up+macd_x_up_neg+cvd_up|nk0.0|vm1.2|am_0845_1130,7,0.12,6,1,0,85.7,85.7,6.0,1.5,0.3,7.1
LONG:delta_surge+macd_x_up+macd_x_up_neg+cvd_up|nk0.5|vm0.8|am_0845_1130,7,0.12,6,1,0,85.7,85.7,6.0,1.5,0.3,7.1
LONG:delta_surge+macd_x_up+macd_x_up_neg+cvd_up|nk0.5|vm1.2|am_0845_1130,7,0.12,6,1,0,85.7,85.7,6.0,1.5,0.3,7.1
LONG:delta_surge+macd_x_up+macd_x_up_neg+cvd_up|nk0.8|vm0.8|am_0845_1130,7,0.12,6,1,0,85.7,85.7,6.0,1.5,0.3,7.1
LONG:delta_surge+macd_x_up+macd_x_up_neg+cvd_up|nk0.8|vm1.2|am_0845_1130,7,0.12,6,1,0,85.7,85.7,6.0,1.5,0.3,7.1
LONG:delta_surge+macd_x_up_neg+strong_close+cvd_up|nk0.0|vm0.8|am_0845_1130,7,0.12,6,1,0,85.7,85.7,6.0,1.5,0.3,7.1
LONG:delta_surge+macd_x_up_neg+strong_close+cvd_up|nk0.0|vm1.2|am_0845_1130,7,0.12,6,1,0,85.7,85.7,6.0,1.5,0.3,7.1
LONG:delta_surge+macd_x_up_neg+strong_close+cvd_up|nk0.5|vm0.8|am_0845_1130,7,0.12,6,1,0,85.7,85.7,6.0,1.5,0.3,7.1
LONG:delta_surge+macd_x_up_neg+strong_close+cvd_up|nk0.5|vm1.2|am_0845_1130,7,0.12,6,1,0,85.7,85.7,6.0,1.5,0.3,7.1
LONG:delta_surge+macd_x_up_neg+strong_close+cvd_up|nk0.8|vm0.8|am_0845_1130,7,0.12,6,1,0,85.7,85.7,6.0,1.5,0.3,7.1
LONG:delta_surge+macd_x_up_neg+strong_close+cvd_up|nk0.8|vm1.2|am_0845_1130,7,0.12,6,1,0,85.7,85.7,6.0,1.5,0.3,7.1
LONG:above_pivot+macd_x_up_neg+strong_close+cvd_up_v|nk0.0|vm0.8|full_0845_1400,7,0.12,6,1,0,85.7,85.7,6.0,1.5,0.3,22.9
LONG:above_pivot+macd_x_up_neg+strong_close+cvd_up_v|nk0.0|vm1.2|full_0845_1400,7,0.12,6,1,0,85.7,85.7,6.0,1.5,0.3,22.9
LONG:above_pivot+macd_x_up_neg+strong_close+cvd_up_v|nk0.5|vm0.8|full_0845_1400,7,0.12,6,1,0,85.7,85.7,6.0,1.5,0.3,22.9
LONG:above_pivot+macd_x_up_neg+strong_close+cvd_up_v|nk0.5|vm1.2|full_0845_1400,7,0.12,6,1,0,85.7,85.7,6.0,1.5,0.3,22.9
LONG:above_pivot+hist_turn_up+strong_close+vwap_lo_bounce|nk0.0|vm1.2|am_0845_1130,7,0.12,6,1,0,85.7,85.7,6.0,1.5,0.3,7.1
LONG:above_pivot+hist_turn_up+strong_close+vwap_lo_bounce|nk0.5|vm1.2|am_0845_1130,7,0.12,6,1,0,85.7,85.7,6.0,1.5,0.3,7.1
LONG:above_pivot+hist_turn_up+strong_close+vwap_lo_bounce|nk0.8|vm0.8|am_0845_1130,7,0.12,6,1,0,85.7,85.7,6.0,1.5,0.3,7.1
LONG:above_pivot+hist_turn_up+strong_close+vwap_lo_bounce|nk0.8|vm1.2|am_0845_1130,7,0.12,6,1,0,85.7,85.7,6.0,1.5,0.3,7.1
LONG:above_pivot+strong_close+orb_break_up+orb_break_up_v|nk0.0|vm0.8|pm_1130_1400,7,0.12,6,1,0,85.7,85.7,6.0,1.5,0.3,17.1
LONG:above_pivot+strong_close+orb_break_up+orb_break_up_v|nk0.0|vm1.2|pm_1130_1400,7,0.12,6,1,0,85.7,85.7,6.0,1.5,0.3,17.1
LONG:above_pivot+strong_close+orb_break_up+orb_break_up_v|nk0.5|vm0.8|pm_1130_1400,7,0.12,6,1,0,85.7,85.7,6.0,1.5,0.3,17.1
LONG:above_pivot+strong_close+orb_break_up+orb_break_up_v|nk0.5|vm1.2|pm_1130_1400,7,0.12,6,1,0,85.7,85.7,6.0,1.5,0.3,17.1
LONG:above_pivot+strong_close+orb_break_up+orb_break_up_v|nk0.8|vm0.8|pm_1130_1400,7,0.12,6,1,0,85.7,85.7,6.0,1.5,0.3,17.1
LONG:above_pivot+strong_close+orb_break_up+orb_break_up_v|nk0.8|vm1.2|pm_1130_1400,7,0.12,6,1,0,85.7,85.7,6.0,1.5,0.3,17.1
LONG:above_pivot+strong_close+cvd_up+rsi_thrust_up|nk0.8|vm0.8|am_0845_1130,7,0.12,6,1,0,85.7,85.7,6.0,1.5,0.3,17.1
LONG:above_pivot+strong_close+cvd_up+rsi_thrust_up|nk0.8|vm1.2|am_0845_1130,7,0.12,6,1,0,85.7,85.7,6.0,1.5,0.3,17.1
LONG:above_pivot+strong_close+cvd_up_v+rsi_thrust_up|nk0.8|vm0.8|am_0845_1130,7,0.12,6,1,0,85.7,85.7,6.0,1.5,0.3,17.1
LONG:above_pivot+strong_close+cvd_up_v+rsi_thrust_up|nk0.8|vm1.2|am_0845_1130,7,0.12,6,1,0,85.7,85.7,6.0,1.5,0.3,17.1
LONG:macd_x_up+macd_x_up_neg+strong_close+vwap_reclaim_v|nk0.0|vm0.8|full_0845_1400,7,0.12,6,1,0,85.7,85.7,6.0,1.5,0.3,20.7
LONG:macd_x_up+macd_x_up_neg+strong_close+vwap_reclaim_v|nk0.0|vm1.2|full_0845_1400,7,0.12,6,1,0,85.7,85.7,6.0,1.5,0.3,20.7
LONG:macd_x_up+macd_x_up_neg+strong_close+vwap_reclaim_v|nk0.5|vm0.8|full_0845_1400,7,0.12,6,1,0,85.7,85.7,6.0,1.5,0.3,20.7
LONG:macd_x_up+macd_x_up_neg+strong_close+vwap_reclaim_v|nk0.5|vm1.2|full_0845_1400,7,0.12,6,1,0,85.7,85.7,6.0,1.5,0.3,20.7
LONG:macd_x_up+macd_x_up_neg+strong_close+vwap_reclaim_v|nk0.8|vm0.8|full_0845_1400,7,0.12,6,1,0,85.7,85.7,6.0,1.5,0.3,20.7
LONG:macd_x_up+macd_x_up_neg+strong_close+vwap_reclaim_v|nk0.8|vm1.2|full_0845_1400,7,0.12,6,1,0,85.7,85.7,6.0,1.5,0.3,20.7
LONG:macd_x_up+macd_x_up_neg+vwap_reclaim_v+cvd_up|nk0.0|vm0.8|full_0845_1400,7,0.12,6,1,0,85.7,85.7,6.0,1.5,0.3,20.7
LONG:macd_x_up+macd_x_up_neg+vwap_reclaim_v+cvd_up|nk0.0|vm1.2|full_0845_1400,7,0.12,6,1,0,85.7,85.7,6.0,1.5,0.3,20.7
LONG:macd_x_up+macd_x_up_neg+vwap_reclaim_v+cvd_up|nk0.5|vm0.8|full_0845_1400,7,0.12,6,1,0,85.7,85.7,6.0,1.5,0.3,20.7
LONG:macd_x_up+macd_x_up_neg+vwap_reclaim_v+cvd_up|nk0.5|vm1.2|full_0845_1400,7,0.12,6,1,0,85.7,85.7,6.0,1.5,0.3,20.7
LONG:macd_x_up+macd_x_up_neg+vwap_reclaim_v+cvd_up|nk0.8|vm0.8|full_0845_1400,7,0.12,6,1,0,85.7,85.7,6.0,1.5,0.3,20.7
LONG:macd_x_up+macd_x_up_neg+vwap_reclaim_v+cvd_up|nk0.8|vm1.2|full_0845_1400,7,0.12,6,1,0,85.7,85.7,6.0,1.5,0.3,20.7
LONG:macd_x_up+macd_x_up_neg+vwap_reclaim_v+cvd_up_v|nk0.0|vm0.8|full_0845_1400,7,0.12,6,1,0,85.7,85.7,6.0,1.5,0.3,20.7
LONG:macd_x_up+macd_x_up_neg+vwap_reclaim_v+cvd_up_v|nk0.0|vm1.2|full_0845_1400,7,0.12,6,1,0,85.7,85.7,6.0,1.5,0.3,20.7
LONG:macd_x_up+macd_x_up_neg+vwap_reclaim_v+cvd_up_v|nk0.5|vm0.8|full_0845_1400,7,0.12,6,1,0,85.7,85.7,6.0,1.5,0.3,20.7
LONG:macd_x_up+macd_x_up_neg+vwap_reclaim_v+cvd_up_v|nk0.5|vm1.2|full_0845_1400,7,0.12,6,1,0,85.7,85.7,6.0,1.5,0.3,20.7
LONG:macd_x_up+macd_x_up_neg+vwap_reclaim_v+cvd_up_v|nk0.8|vm0.8|full_0845_1400,7,0.12,6,1,0,85.7,85.7,6.0,1.5,0.3,20.7
LONG:macd_x_up+macd_x_up_neg+vwap_reclaim_v+cvd_up_v|nk0.8|vm1.2|full_0845_1400,7,0.12,6,1,0,85.7,85.7,6.0,1.5,0.3,20.7
LONG:macd_x_up+macd_x_up_neg+cvd_up+cvd_up_v|nk0.0|vm0.8|am_0845_1130,7,0.12,6,1,0,85.7,85.7,6.0,1.5,0.3,10.7
LONG:macd_x_up+macd_x_up_neg+cvd_up+cvd_up_v|nk0.0|vm1.2|am_0845_1130,7,0.12,6,1,0,85.7,85.7,6.0,1.5,0.3,10.7
LONG:macd_x_up+macd_x_up_neg+cvd_up+cvd_up_v|nk0.5|vm0.8|am_0845_1130,7,0.12,6,1,0,85.7,85.7,6.0,1.5,0.3,10.7
LONG:macd_x_up+macd_x_up_neg+cvd_up+cvd_up_v|nk0.5|vm1.2|am_0845_1130,7,0.12,6,1,0,85.7,85.7,6.0,1.5,0.3,10.7
LONG:macd_x_up+strong_close+vwap_reclaim_v+cvd_up|nk0.0|vm0.8|full_0845_1400,7,0.12,6,1,0,85.7,85.7,6.0,1.5,0.3,20.7
LONG:macd_x_up+strong_close+vwap_reclaim_v+cvd_up|nk0.0|vm1.2|full_0845_1400,7,0.12,6,1,0,85.7,85.7,6.0,1.5,0.3,20.7
LONG:macd_x_up+strong_close+vwap_reclaim_v+cvd_up|nk0.5|vm0.8|full_0845_1400,7,0.12,6,1,0,85.7,85.7,6.0,1.5,0.3,20.7
LONG:macd_x_up+strong_close+vwap_reclaim_v+cvd_up|nk0.5|vm1.2|full_0845_1400,7,0.12,6,1,0,85.7,85.7,6.0,1.5,0.3,20.7
LONG:macd_x_up+strong_close+vwap_reclaim_v+cvd_up|nk0.8|vm0.8|full_0845_1400,7,0.12,6,1,0,85.7,85.7,6.0,1.5,0.3,20.7
LONG:macd_x_up+strong_close+vwap_reclaim_v+cvd_up|nk0.8|vm1.2|full_0845_1400,7,0.12,6,1,0,85.7,85.7,6.0,1.5,0.3,20.7
LONG:macd_x_up+strong_close+vwap_reclaim_v+cvd_up_v|nk0.0|vm0.8|full_0845_1400,7,0.12,6,1,0,85.7,85.7,6.0,1.5,0.3,20.7
LONG:macd_x_up+strong_close+vwap_reclaim_v+cvd_up_v|nk0.0|vm1.2|full_0845_1400,7,0.12,6,1,0,85.7,85.7,6.0,1.5,0.3,20.7
LONG:macd_x_up+strong_close+vwap_reclaim_v+cvd_up_v|nk0.5|vm0.8|full_0845_1400,7,0.12,6,1,0,85.7,85.7,6.0,1.5,0.3,20.7
LONG:macd_x_up+strong_close+vwap_reclaim_v+cvd_up_v|nk0.5|vm1.2|full_0845_1400,7,0.12,6,1,0,85.7,85.7,6.0,1.5,0.3,20.7
LONG:macd_x_up+strong_close+vwap_reclaim_v+cvd_up_v|nk0.8|vm0.8|full_0845_1400,7,0.12,6,1,0,85.7,85.7,6.0,1.5,0.3,20.7
LONG:macd_x_up+strong_close+vwap_reclaim_v+cvd_up_v|nk0.8|vm1.2|full_0845_1400,7,0.12,6,1,0,85.7,85.7,6.0,1.5,0.3,20.7
LONG:macd_x_up+vwap_reclaim_v+cvd_up+cvd_up_v|nk0.0|vm0.8|full_0845_1400,7,0.12,6,1,0,85.7,85.7,6.0,1.5,0.3,20.7
LONG:macd_x_up+vwap_reclaim_v+cvd_up+cvd_up_v|nk0.0|vm1.2|full_0845_1400,7,0.12,6,1,0,85.7,85.7,6.0,1.5,0.3,20.7
LONG:macd_x_up+vwap_reclaim_v+cvd_up+cvd_up_v|nk0.5|vm0.8|full_0845_1400,7,0.12,6,1,0,85.7,85.7,6.0,1.5,0.3,20.7
LONG:macd_x_up+vwap_reclaim_v+cvd_up+cvd_up_v|nk0.5|vm1.2|full_0845_1400,7,0.12,6,1,0,85.7,85.7,6.0,1.5,0.3,20.7
LONG:macd_x_up+vwap_reclaim_v+cvd_up+cvd_up_v|nk0.8|vm0.8|full_0845_1400,7,0.12,6,1,0,85.7,85.7,6.0,1.5,0.3,20.7
LONG:macd_x_up+vwap_reclaim_v+cvd_up+cvd_up_v|nk0.8|vm1.2|full_0845_1400,7,0.12,6,1,0,85.7,85.7,6.0,1.5,0.3,20.7
LONG:macd_x_up_neg+strong_close+vwap_reclaim_v+cvd_up|nk0.0|vm0.8|full_0845_1400,7,0.12,6,1,0,85.7,85.7,6.0,1.5,0.3,20.7
LONG:macd_x_up_neg+strong_close+vwap_reclaim_v+cvd_up|nk0.0|vm1.2|full_0845_1400,7,0.12,6,1,0,85.7,85.7,6.0,1.5,0.3,20.7
LONG:macd_x_up_neg+strong_close+vwap_reclaim_v+cvd_up|nk0.5|vm0.8|full_0845_1400,7,0.12,6,1,0,85.7,85.7,6.0,1.5,0.3,20.7
LONG:macd_x_up_neg+strong_close+vwap_reclaim_v+cvd_up|nk0.5|vm1.2|full_0845_1400,7,0.12,6,1,0,85.7,85.7,6.0,1.5,0.3,20.7
LONG:macd_x_up_neg+strong_close+vwap_reclaim_v+cvd_up|nk0.8|vm0.8|full_0845_1400,7,0.12,6,1,0,85.7,85.7,6.0,1.5,0.3,20.7
LONG:macd_x_up_neg+strong_close+vwap_reclaim_v+cvd_up|nk0.8|vm1.2|full_0845_1400,7,0.12,6,1,0,85.7,85.7,6.0,1.5,0.3,20.7
LONG:macd_x_up_neg+strong_close+vwap_reclaim_v+cvd_up_v|nk0.0|vm0.8|full_0845_1400,7,0.12,6,1,0,85.7,85.7,6.0,1.5,0.3,20.7
LONG:macd_x_up_neg+strong_close+vwap_reclaim_v+cvd_up_v|nk0.0|vm1.2|full_0845_1400,7,0.12,6,1,0,85.7,85.7,6.0,1.5,0.3,20.7
LONG:macd_x_up_neg+strong_close+vwap_reclaim_v+cvd_up_v|nk0.5|vm0.8|full_0845_1400,7,0.12,6,1,0,85.7,85.7,6.0,1.5,0.3,20.7
LONG:macd_x_up_neg+strong_close+vwap_reclaim_v+cvd_up_v|nk0.5|vm1.2|full_0845_1400,7,0.12,6,1,0,85.7,85.7,6.0,1.5,0.3,20.7
LONG:macd_x_up_neg+strong_close+vwap_reclaim_v+cvd_up_v|nk0.8|vm0.8|full_0845_1400,7,0.12,6,1,0,85.7,85.7,6.0,1.5,0.3,20.7
LONG:macd_x_up_neg+strong_close+vwap_reclaim_v+cvd_up_v|nk0.8|vm1.2|full_0845_1400,7,0.12,6,1,0,85.7,85.7,6.0,1.5,0.3,20.7
LONG:macd_x_up_neg+vwap_reclaim_v+cvd_up+cvd_up_v|nk0.0|vm0.8|full_0845_1400,7,0.12,6,1,0,85.7,85.7,6.0,1.5,0.3,20.7
LONG:macd_x_up_neg+vwap_reclaim_v+cvd_up+cvd_up_v|nk0.0|vm1.2|full_0845_1400,7,0.12,6,1,0,85.7,85.7,6.0,1.5,0.3,20.7
LONG:macd_x_up_neg+vwap_reclaim_v+cvd_up+cvd_up_v|nk0.5|vm0.8|full_0845_1400,7,0.12,6,1,0,85.7,85.7,6.0,1.5,0.3,20.7
LONG:macd_x_up_neg+vwap_reclaim_v+cvd_up+cvd_up_v|nk0.5|vm1.2|full_0845_1400,7,0.12,6,1,0,85.7,85.7,6.0,1.5,0.3,20.7
LONG:macd_x_up_neg+vwap_reclaim_v+cvd_up+cvd_up_v|nk0.8|vm0.8|full_0845_1400,7,0.12,6,1,0,85.7,85.7,6.0,1.5,0.3,20.7
LONG:macd_x_up_neg+vwap_reclaim_v+cvd_up+cvd_up_v|nk0.8|vm1.2|full_0845_1400,7,0.12,6,1,0,85.7,85.7,6.0,1.5,0.3,20.7
SHORT:adi_dn+below_pivot+orb_break_dn_v|nk0.8|vm0.8|am_0845_1130,7,0.12,6,1,0,85.7,85.7,6.0,1.5,0.3,5.7
SHORT:adi_dn+below_pivot+orb_break_dn_v|nk0.8|vm1.2|am_0845_1130,7,0.12,6,1,0,85.7,85.7,6.0,1.5,0.3,5.7
SHORT:delta_dump+below_pivot+orb_break_dn_v|nk0.0|vm0.8|am_0845_1130,7,0.12,6,1,0,85.7,85.7,6.0,1.5,0.3,14.3
SHORT:delta_dump+below_pivot+orb_break_dn_v|nk0.0|vm1.2|am_0845_1130,7,0.12,6,1,0,85.7,85.7,6.0,1.5,0.3,14.3
SHORT:delta_dump+below_pivot+orb_break_dn_v|nk0.5|vm0.8|am_0845_1130,7,0.12,6,1,0,85.7,85.7,6.0,1.5,0.3,14.3
SHORT:delta_dump+below_pivot+orb_break_dn_v|nk0.5|vm1.2|am_0845_1130,7,0.12,6,1,0,85.7,85.7,6.0,1.5,0.3,14.3
SHORT:below_pivot+orb_break_dn+rvol_thrust_dn|nk0.8|vm0.8|am_0845_1130,7,0.12,6,1,0,85.7,85.7,6.0,1.5,0.3,5.7
SHORT:below_pivot+orb_break_dn+rvol_thrust_dn|nk0.8|vm1.2|am_0845_1130,7,0.12,6,1,0,85.7,85.7,6.0,1.5,0.3,5.7
SHORT:below_pivot+orb_break_dn+below_vwap_v|nk0.8|vm0.8|am_0845_1130,7,0.12,6,1,0,85.7,85.7,6.0,1.5,0.3,5.7
SHORT:below_pivot+orb_break_dn+below_vwap_v|nk0.8|vm1.2|am_0845_1130,7,0.12,6,1,0,85.7,85.7,6.0,1.5,0.3,5.7
SHORT:below_pivot+orb_break_dn+cvd_dn_v|nk0.8|vm0.8|am_0845_1130,7,0.12,6,1,0,85.7,85.7,6.0,1.5,0.3,5.7
SHORT:below_pivot+orb_break_dn+cvd_dn_v|nk0.8|vm1.2|am_0845_1130,7,0.12,6,1,0,85.7,85.7,6.0,1.5,0.3,5.7
SHORT:below_pivot+orb_break_dn_v+rvol_thrust_dn|nk0.8|vm0.8|am_0845_1130,7,0.12,6,1,0,85.7,85.7,6.0,1.5,0.3,5.7
SHORT:below_pivot+orb_break_dn_v+rvol_thrust_dn|nk0.8|vm1.2|am_0845_1130,7,0.12,6,1,0,85.7,85.7,6.0,1.5,0.3,5.7
SHORT:below_pivot+orb_break_dn_v+below_vwap_v|nk0.8|vm0.8|am_0845_1130,7,0.12,6,1,0,85.7,85.7,6.0,1.5,0.3,5.7
SHORT:below_pivot+orb_break_dn_v+below_vwap_v|nk0.8|vm1.2|am_0845_1130,7,0.12,6,1,0,85.7,85.7,6.0,1.5,0.3,5.7
SHORT:below_pivot+orb_break_dn_v+cvd_dn|nk0.8|vm0.8|am_0845_1130,7,0.12,6,1,0,85.7,85.7,6.0,1.5,0.3,5.7
SHORT:below_pivot+orb_break_dn_v+cvd_dn|nk0.8|vm1.2|am_0845_1130,7,0.12,6,1,0,85.7,85.7,6.0,1.5,0.3,5.7
SHORT:below_pivot+orb_break_dn_v+cvd_dn_v|nk0.8|vm0.8|am_0845_1130,7,0.12,6,1,0,85.7,85.7,6.0,1.5,0.3,5.7
SHORT:below_pivot+orb_break_dn_v+cvd_dn_v|nk0.8|vm1.2|am_0845_1130,7,0.12,6,1,0,85.7,85.7,6.0,1.5,0.3,5.7
SHORT:below_vwap+adi_dn+below_pivot+orb_break_dn_v|nk0.8|vm0.8|am_0845_1130,7,0.12,6,1,0,85.7,85.7,6.0,1.5,0.3,5.7
SHORT:below_vwap+adi_dn+below_pivot+orb_break_dn_v|nk0.8|vm1.2|am_0845_1130,7,0.12,6,1,0,85.7,85.7,6.0,1.5,0.3,5.7
SHORT:below_vwap+delta_dump+below_pivot+orb_break_dn_v|nk0.0|vm0.8|am_0845_1130,7,0.12,6,1,0,85.7,85.7,6.0,1.5,0.3,14.3
SHORT:below_vwap+delta_dump+below_pivot+orb_break_dn_v|nk0.0|vm1.2|am_0845_1130,7,0.12,6,1,0,85.7,85.7,6.0,1.5,0.3,14.3
SHORT:below_vwap+delta_dump+below_pivot+orb_break_dn_v|nk0.5|vm0.8|am_0845_1130,7,0.12,6,1,0,85.7,85.7,6.0,1.5,0.3,14.3
SHORT:below_vwap+delta_dump+below_pivot+orb_break_dn_v|nk0.5|vm1.2|am_0845_1130,7,0.12,6,1,0,85.7,85.7,6.0,1.5,0.3,14.3
SHORT:below_vwap+below_pivot+orb_break_dn+rvol_thrust_dn|nk0.8|vm0.8|am_0845_1130,7,0.12,6,1,0,85.7,85.7,6.0,1.5,0.3,5.7
SHORT:below_vwap+below_pivot+orb_break_dn+rvol_thrust_dn|nk0.8|vm1.2|am_0845_1130,7,0.12,6,1,0,85.7,85.7,6.0,1.5,0.3,5.7
SHORT:below_vwap+below_pivot+orb_break_dn+below_vwap_v|nk0.8|vm0.8|am_0845_1130,7,0.12,6,1,0,85.7,85.7,6.0,1.5,0.3,5.7
SHORT:below_vwap+below_pivot+orb_break_dn+below_vwap_v|nk0.8|vm1.2|am_0845_1130,7,0.12,6,1,0,85.7,85.7,6.0,1.5,0.3,5.7
SHORT:below_vwap+below_pivot+orb_break_dn+cvd_dn_v|nk0.8|vm0.8|am_0845_1130,7,0.12,6,1,0,85.7,85.7,6.0,1.5,0.3,5.7
SHORT:below_vwap+below_pivot+orb_break_dn+cvd_dn_v|nk0.8|vm1.2|am_0845_1130,7,0.12,6,1,0,85.7,85.7,6.0,1.5,0.3,5.7
SHORT:below_vwap+below_pivot+orb_break_dn_v+rvol_thrust_dn|nk0.8|vm0.8|am_0845_1130,7,0.12,6,1,0,85.7,85.7,6.0,1.5,0.3,5.7
SHORT:below_vwap+below_pivot+orb_break_dn_v+rvol_thrust_dn|nk0.8|vm1.2|am_0845_1130,7,0.12,6,1,0,85.7,85.7,6.0,1.5,0.3,5.7
SHORT:below_vwap+below_pivot+orb_break_dn_v+below_vwap_v|nk0.8|vm0.8|am_0845_1130,7,0.12,6,1,0,85.7,85.7,6.0,1.5,0.3,5.7
SHORT:below_vwap+below_pivot+orb_break_dn_v+below_vwap_v|nk0.8|vm1.2|am_0845_1130,7,0.12,6,1,0,85.7,85.7,6.0,1.5,0.3,5.7
SHORT:below_vwap+below_pivot+orb_break_dn_v+cvd_dn|nk0.8|vm0.8|am_0845_1130,7,0.12,6,1,0,85.7,85.7,6.0,1.5,0.3,5.7
SHORT:below_vwap+below_pivot+orb_break_dn_v+cvd_dn|nk0.8|vm1.2|am_0845_1130,7,0.12,6,1,0,85.7,85.7,6.0,1.5,0.3,5.7
SHORT:below_vwap+below_pivot+orb_break_dn_v+cvd_dn_v|nk0.8|vm0.8|am_0845_1130,7,0.12,6,1,0,85.7,85.7,6.0,1.5,0.3,5.7
SHORT:below_vwap+below_pivot+orb_break_dn_v+cvd_dn_v|nk0.8|vm1.2|am_0845_1130,7,0.12,6,1,0,85.7,85.7,6.0,1.5,0.3,5.7
SHORT:adi_dn+delta_dump+below_pivot+orb_break_dn_v|nk0.0|vm0.8|am_0845_1130,7,0.12,6,1,0,85.7,85.7,6.0,1.5,0.3,14.3
SHORT:adi_dn+delta_dump+below_pivot+orb_break_dn_v|nk0.0|vm1.2|am_0845_1130,7,0.12,6,1,0,85.7,85.7,6.0,1.5,0.3,14.3
SHORT:adi_dn+delta_dump+below_pivot+orb_break_dn_v|nk0.5|vm0.8|am_0845_1130,7,0.12,6,1,0,85.7,85.7,6.0,1.5,0.3,14.3
SHORT:adi_dn+delta_dump+below_pivot+orb_break_dn_v|nk0.5|vm1.2|am_0845_1130,7,0.12,6,1,0,85.7,85.7,6.0,1.5,0.3,14.3
SHORT:adi_dn+below_pivot+weak_close+orb_break_dn_v|nk0.8|vm0.8|am_0845_1130,7,0.12,6,1,0,85.7,85.7,6.0,1.5,0.3,5.7
SHORT:adi_dn+below_pivot+weak_close+orb_break_dn_v|nk0.8|vm1.2|am_0845_1130,7,0.12,6,1,0,85.7,85.7,6.0,1.5,0.3,5.7
SHORT:adi_dn+below_pivot+orb_break_dn+orb_break_dn_v|nk0.8|vm0.8|am_0845_1130,7,0.12,6,1,0,85.7,85.7,6.0,1.5,0.3,5.7
SHORT:adi_dn+below_pivot+orb_break_dn+orb_break_dn_v|nk0.8|vm1.2|am_0845_1130,7,0.12,6,1,0,85.7,85.7,6.0,1.5,0.3,5.7
SHORT:adi_dn+below_pivot+orb_break_dn+rvol_thrust_dn|nk0.0|vm0.8|am_0845_1130,7,0.12,6,1,0,85.7,85.7,6.0,1.5,0.3,14.3
SHORT:adi_dn+below_pivot+orb_break_dn+rvol_thrust_dn|nk0.0|vm1.2|am_0845_1130,7,0.12,6,1,0,85.7,85.7,6.0,1.5,0.3,14.3
SHORT:adi_dn+below_pivot+orb_break_dn+rvol_thrust_dn|nk0.5|vm0.8|am_0845_1130,7,0.12,6,1,0,85.7,85.7,6.0,1.5,0.3,14.3
SHORT:adi_dn+below_pivot+orb_break_dn+rvol_thrust_dn|nk0.5|vm1.2|am_0845_1130,7,0.12,6,1,0,85.7,85.7,6.0,1.5,0.3,14.3
SHORT:adi_dn+below_pivot+orb_break_dn+below_vwap_v|nk0.0|vm0.8|am_0845_1130,7,0.12,6,1,0,85.7,85.7,6.0,1.5,0.3,14.3
SHORT:adi_dn+below_pivot+orb_break_dn+below_vwap_v|nk0.0|vm1.2|am_0845_1130,7,0.12,6,1,0,85.7,85.7,6.0,1.5,0.3,14.3
SHORT:adi_dn+below_pivot+orb_break_dn+below_vwap_v|nk0.5|vm0.8|am_0845_1130,7,0.12,6,1,0,85.7,85.7,6.0,1.5,0.3,14.3
SHORT:adi_dn+below_pivot+orb_break_dn+below_vwap_v|nk0.5|vm1.2|am_0845_1130,7,0.12,6,1,0,85.7,85.7,6.0,1.5,0.3,14.3
SHORT:adi_dn+below_pivot+orb_break_dn+cvd_dn_v|nk0.8|vm0.8|am_0845_1130,7,0.12,6,1,0,85.7,85.7,6.0,1.5,0.3,5.7
SHORT:adi_dn+below_pivot+orb_break_dn+cvd_dn_v|nk0.8|vm1.2|am_0845_1130,7,0.12,6,1,0,85.7,85.7,6.0,1.5,0.3,5.7
SHORT:adi_dn+below_pivot+orb_break_dn_v+rvol_thrust_dn|nk0.0|vm0.8|am_0845_1130,7,0.12,6,1,0,85.7,85.7,6.0,1.5,0.3,14.3
SHORT:adi_dn+below_pivot+orb_break_dn_v+rvol_thrust_dn|nk0.0|vm1.2|am_0845_1130,7,0.12,6,1,0,85.7,85.7,6.0,1.5,0.3,14.3
SHORT:adi_dn+below_pivot+orb_break_dn_v+rvol_thrust_dn|nk0.5|vm0.8|am_0845_1130,7,0.12,6,1,0,85.7,85.7,6.0,1.5,0.3,14.3
SHORT:adi_dn+below_pivot+orb_break_dn_v+rvol_thrust_dn|nk0.5|vm1.2|am_0845_1130,7,0.12,6,1,0,85.7,85.7,6.0,1.5,0.3,14.3
SHORT:adi_dn+below_pivot+orb_break_dn_v+below_vwap_v|nk0.0|vm0.8|am_0845_1130,7,0.12,6,1,0,85.7,85.7,6.0,1.5,0.3,14.3
SHORT:adi_dn+below_pivot+orb_break_dn_v+below_vwap_v|nk0.0|vm1.2|am_0845_1130,7,0.12,6,1,0,85.7,85.7,6.0,1.5,0.3,14.3
SHORT:adi_dn+below_pivot+orb_break_dn_v+below_vwap_v|nk0.5|vm0.8|am_0845_1130,7,0.12,6,1,0,85.7,85.7,6.0,1.5,0.3,14.3
SHORT:adi_dn+below_pivot+orb_break_dn_v+below_vwap_v|nk0.5|vm1.2|am_0845_1130,7,0.12,6,1,0,85.7,85.7,6.0,1.5,0.3,14.3
SHORT:adi_dn+below_pivot+orb_break_dn_v+cvd_dn|nk0.8|vm0.8|am_0845_1130,7,0.12,6,1,0,85.7,85.7,6.0,1.5,0.3,5.7
SHORT:adi_dn+below_pivot+orb_break_dn_v+cvd_dn|nk0.8|vm1.2|am_0845_1130,7,0.12,6,1,0,85.7,85.7,6.0,1.5,0.3,5.7
SHORT:adi_dn+below_pivot+orb_break_dn_v+cvd_dn_v|nk0.8|vm0.8|am_0845_1130,7,0.12,6,1,0,85.7,85.7,6.0,1.5,0.3,5.7
SHORT:adi_dn+below_pivot+orb_break_dn_v+cvd_dn_v|nk0.8|vm1.2|am_0845_1130,7,0.12,6,1,0,85.7,85.7,6.0,1.5,0.3,5.7
SHORT:delta_dump+below_pivot+weak_close+orb_break_dn_v|nk0.0|vm0.8|am_0845_1130,7,0.12,6,1,0,85.7,85.7,6.0,1.5,0.3,14.3
SHORT:delta_dump+below_pivot+weak_close+orb_break_dn_v|nk0.0|vm1.2|am_0845_1130,7,0.12,6,1,0,85.7,85.7,6.0,1.5,0.3,14.3
SHORT:delta_dump+below_pivot+weak_close+orb_break_dn_v|nk0.5|vm0.8|am_0845_1130,7,0.12,6,1,0,85.7,85.7,6.0,1.5,0.3,14.3
SHORT:delta_dump+below_pivot+weak_close+orb_break_dn_v|nk0.5|vm1.2|am_0845_1130,7,0.12,6,1,0,85.7,85.7,6.0,1.5,0.3,14.3
SHORT:delta_dump+below_pivot+orb_break_dn+orb_break_dn_v|nk0.0|vm0.8|am_0845_1130,7,0.12,6,1,0,85.7,85.7,6.0,1.5,0.3,14.3
SHORT:delta_dump+below_pivot+orb_break_dn+orb_break_dn_v|nk0.0|vm1.2|am_0845_1130,7,0.12,6,1,0,85.7,85.7,6.0,1.5,0.3,14.3
SHORT:delta_dump+below_pivot+orb_break_dn+orb_break_dn_v|nk0.5|vm0.8|am_0845_1130,7,0.12,6,1,0,85.7,85.7,6.0,1.5,0.3,14.3
SHORT:delta_dump+below_pivot+orb_break_dn+orb_break_dn_v|nk0.5|vm1.2|am_0845_1130,7,0.12,6,1,0,85.7,85.7,6.0,1.5,0.3,14.3
SHORT:delta_dump+below_pivot+orb_break_dn+rvol_thrust_dn|nk0.0|vm0.8|am_0845_1130,7,0.12,6,1,0,85.7,85.7,6.0,1.5,0.3,14.3
SHORT:delta_dump+below_pivot+orb_break_dn+rvol_thrust_dn|nk0.0|vm1.2|am_0845_1130,7,0.12,6,1,0,85.7,85.7,6.0,1.5,0.3,14.3
SHORT:delta_dump+below_pivot+orb_break_dn+rvol_thrust_dn|nk0.5|vm0.8|am_0845_1130,7,0.12,6,1,0,85.7,85.7,6.0,1.5,0.3,14.3
SHORT:delta_dump+below_pivot+orb_break_dn+rvol_thrust_dn|nk0.5|vm1.2|am_0845_1130,7,0.12,6,1,0,85.7,85.7,6.0,1.5,0.3,14.3
SHORT:delta_dump+below_pivot+orb_break_dn+below_vwap_v|nk0.0|vm0.8|am_0845_1130,7,0.12,6,1,0,85.7,85.7,6.0,1.5,0.3,14.3
SHORT:delta_dump+below_pivot+orb_break_dn+below_vwap_v|nk0.0|vm1.2|am_0845_1130,7,0.12,6,1,0,85.7,85.7,6.0,1.5,0.3,14.3
SHORT:delta_dump+below_pivot+orb_break_dn+below_vwap_v|nk0.5|vm0.8|am_0845_1130,7,0.12,6,1,0,85.7,85.7,6.0,1.5,0.3,14.3
SHORT:delta_dump+below_pivot+orb_break_dn+below_vwap_v|nk0.5|vm1.2|am_0845_1130,7,0.12,6,1,0,85.7,85.7,6.0,1.5,0.3,14.3
SHORT:delta_dump+below_pivot+orb_break_dn+cvd_dn_v|nk0.0|vm0.8|am_0845_1130,7,0.12,6,1,0,85.7,85.7,6.0,1.5,0.3,14.3
SHORT:delta_dump+below_pivot+orb_break_dn+cvd_dn_v|nk0.0|vm1.2|am_0845_1130,7,0.12,6,1,0,85.7,85.7,6.0,1.5,0.3,14.3
SHORT:delta_dump+below_pivot+orb_break_dn+cvd_dn_v|nk0.5|vm0.8|am_0845_1130,7,0.12,6,1,0,85.7,85.7,6.0,1.5,0.3,14.3
SHORT:delta_dump+below_pivot+orb_break_dn+cvd_dn_v|nk0.5|vm1.2|am_0845_1130,7,0.12,6,1,0,85.7,85.7,6.0,1.5,0.3,14.3
SHORT:delta_dump+below_pivot+orb_break_dn_v+rvol_thrust_dn|nk0.0|vm0.8|am_0845_1130,7,0.12,6,1,0,85.7,85.7,6.0,1.5,0.3,14.3
SHORT:delta_dump+below_pivot+orb_break_dn_v+rvol_thrust_dn|nk0.0|vm1.2|am_0845_1130,7,0.12,6,1,0,85.7,85.7,6.0,1.5,0.3,14.3
SHORT:delta_dump+below_pivot+orb_break_dn_v+rvol_thrust_dn|nk0.5|vm0.8|am_0845_1130,7,0.12,6,1,0,85.7,85.7,6.0,1.5,0.3,14.3
SHORT:delta_dump+below_pivot+orb_break_dn_v+rvol_thrust_dn|nk0.5|vm1.2|am_0845_1130,7,0.12,6,1,0,85.7,85.7,6.0,1.5,0.3,14.3
SHORT:delta_dump+below_pivot+orb_break_dn_v+below_vwap_v|nk0.0|vm0.8|am_0845_1130,7,0.12,6,1,0,85.7,85.7,6.0,1.5,0.3,14.3
SHORT:delta_dump+below_pivot+orb_break_dn_v+below_vwap_v|nk0.0|vm1.2|am_0845_1130,7,0.12,6,1,0,85.7,85.7,6.0,1.5,0.3,14.3
SHORT:delta_dump+below_pivot+orb_break_dn_v+below_vwap_v|nk0.5|vm0.8|am_0845_1130,7,0.12,6,1,0,85.7,85.7,6.0,1.5,0.3,14.3
SHORT:delta_dump+below_pivot+orb_break_dn_v+below_vwap_v|nk0.5|vm1.2|am_0845_1130,7,0.12,6,1,0,85.7,85.7,6.0,1.5,0.3,14.3
SHORT:delta_dump+below_pivot+orb_break_dn_v+cvd_dn|nk0.0|vm0.8|am_0845_1130,7,0.12,6,1,0,85.7,85.7,6.0,1.5,0.3,14.3
SHORT:delta_dump+below_pivot+orb_break_dn_v+cvd_dn|nk0.0|vm1.2|am_0845_1130,7,0.12,6,1,0,85.7,85.7,6.0,1.5,0.3,14.3
SHORT:delta_dump+below_pivot+orb_break_dn_v+cvd_dn|nk0.5|vm0.8|am_0845_1130,7,0.12,6,1,0,85.7,85.7,6.0,1.5,0.3,14.3
SHORT:delta_dump+below_pivot+orb_break_dn_v+cvd_dn|nk0.5|vm1.2|am_0845_1130,7,0.12,6,1,0,85.7,85.7,6.0,1.5,0.3,14.3
SHORT:delta_dump+below_pivot+orb_break_dn_v+cvd_dn_v|nk0.0|vm0.8|am_0845_1130,7,0.12,6,1,0,85.7,85.7,6.0,1.5,0.3,14.3
SHORT:delta_dump+below_pivot+orb_break_dn_v+cvd_dn_v|nk0.0|vm1.2|am_0845_1130,7,0.12,6,1,0,85.7,85.7,6.0,1.5,0.3,14.3
SHORT:delta_dump+below_pivot+orb_break_dn_v+cvd_dn_v|nk0.5|vm0.8|am_0845_1130,7,0.12,6,1,0,85.7,85.7,6.0,1.5,0.3,14.3
SHORT:delta_dump+below_pivot+orb_break_dn_v+cvd_dn_v|nk0.5|vm1.2|am_0845_1130,7,0.12,6,1,0,85.7,85.7,6.0,1.5,0.3,14.3
SHORT:below_pivot+weak_close+orb_break_dn+rvol_thrust_dn|nk0.8|vm0.8|am_0845_1130,7,0.12,6,1,0,85.7,85.7,6.0,1.5,0.3,5.7
SHORT:below_pivot+weak_close+orb_break_dn+rvol_thrust_dn|nk0.8|vm1.2|am_0845_1130,7,0.12,6,1,0,85.7,85.7,6.0,1.5,0.3,5.7
SHORT:below_pivot+weak_close+orb_break_dn+below_vwap_v|nk0.8|vm0.8|am_0845_1130,7,0.12,6,1,0,85.7,85.7,6.0,1.5,0.3,5.7
SHORT:below_pivot+weak_close+orb_break_dn+below_vwap_v|nk0.8|vm1.2|am_0845_1130,7,0.12,6,1,0,85.7,85.7,6.0,1.5,0.3,5.7
SHORT:below_pivot+weak_close+orb_break_dn+cvd_dn_v|nk0.8|vm0.8|am_0845_1130,7,0.12,6,1,0,85.7,85.7,6.0,1.5,0.3,5.7
SHORT:below_pivot+weak_close+orb_break_dn+cvd_dn_v|nk0.8|vm1.2|am_0845_1130,7,0.12,6,1,0,85.7,85.7,6.0,1.5,0.3,5.7
SHORT:below_pivot+weak_close+orb_break_dn_v+rvol_thrust_dn|nk0.8|vm0.8|am_0845_1130,7,0.12,6,1,0,85.7,85.7,6.0,1.5,0.3,5.7
SHORT:below_pivot+weak_close+orb_break_dn_v+rvol_thrust_dn|nk0.8|vm1.2|am_0845_1130,7,0.12,6,1,0,85.7,85.7,6.0,1.5,0.3,5.7
SHORT:below_pivot+weak_close+orb_break_dn_v+below_vwap_v|nk0.8|vm0.8|am_0845_1130,7,0.12,6,1,0,85.7,85.7,6.0,1.5,0.3,5.7
SHORT:below_pivot+weak_close+orb_break_dn_v+below_vwap_v|nk0.8|vm1.2|am_0845_1130,7,0.12,6,1,0,85.7,85.7,6.0,1.5,0.3,5.7
SHORT:below_pivot+weak_close+orb_break_dn_v+cvd_dn|nk0.8|vm0.8|am_0845_1130,7,0.12,6,1,0,85.7,85.7,6.0,1.5,0.3,5.7
SHORT:below_pivot+weak_close+orb_break_dn_v+cvd_dn|nk0.8|vm1.2|am_0845_1130,7,0.12,6,1,0,85.7,85.7,6.0,1.5,0.3,5.7
SHORT:below_pivot+weak_close+orb_break_dn_v+cvd_dn_v|nk0.8|vm0.8|am_0845_1130,7,0.12,6,1,0,85.7,85.7,6.0,1.5,0.3,5.7
SHORT:below_pivot+weak_close+orb_break_dn_v+cvd_dn_v|nk0.8|vm1.2|am_0845_1130,7,0.12,6,1,0,85.7,85.7,6.0,1.5,0.3,5.7
SHORT:below_pivot+orb_break_dn+orb_break_dn_v+rvol_thrust_dn|nk0.8|vm0.8|am_0845_1130,7,0.12,6,1,0,85.7,85.7,6.0,1.5,0.3,5.7
SHORT:below_pivot+orb_break_dn+orb_break_dn_v+rvol_thrust_dn|nk0.8|vm1.2|am_0845_1130,7,0.12,6,1,0,85.7,85.7,6.0,1.5,0.3,5.7
SHORT:below_pivot+orb_break_dn+orb_break_dn_v+below_vwap_v|nk0.8|vm0.8|am_0845_1130,7,0.12,6,1,0,85.7,85.7,6.0,1.5,0.3,5.7
SHORT:below_pivot+orb_break_dn+orb_break_dn_v+below_vwap_v|nk0.8|vm1.2|am_0845_1130,7,0.12,6,1,0,85.7,85.7,6.0,1.5,0.3,5.7
SHORT:below_pivot+orb_break_dn+orb_break_dn_v+cvd_dn|nk0.8|vm0.8|am_0845_1130,7,0.12,6,1,0,85.7,85.7,6.0,1.5,0.3,5.7
SHORT:below_pivot+orb_break_dn+orb_break_dn_v+cvd_dn|nk0.8|vm1.2|am_0845_1130,7,0.12,6,1,0,85.7,85.7,6.0,1.5,0.3,5.7
SHORT:below_pivot+orb_break_dn+orb_break_dn_v+cvd_dn_v|nk0.8|vm0.8|am_0845_1130,7,0.12,6,1,0,85.7,85.7,6.0,1.5,0.3,5.7
SHORT:below_pivot+orb_break_dn+orb_break_dn_v+cvd_dn_v|nk0.8|vm1.2|am_0845_1130,7,0.12,6,1,0,85.7,85.7,6.0,1.5,0.3,5.7
SHORT:below_pivot+orb_break_dn+rvol_thrust_dn+below_vwap_v|nk0.8|vm0.8|am_0845_1130,7,0.12,6,1,0,85.7,85.7,6.0,1.5,0.3,5.7
SHORT:below_pivot+orb_break_dn+rvol_thrust_dn+below_vwap_v|nk0.8|vm1.2|am_0845_1130,7,0.12,6,1,0,85.7,85.7,6.0,1.5,0.3,5.7
SHORT:below_pivot+orb_break_dn+rvol_thrust_dn+cvd_dn|nk0.0|vm0.8|am_0845_1130,7,0.12,6,1,0,85.7,85.7,6.0,1.5,0.3,14.3
SHORT:below_pivot+orb_break_dn+rvol_thrust_dn+cvd_dn|nk0.0|vm1.2|am_0845_1130,7,0.12,6,1,0,85.7,85.7,6.0,1.5,0.3,14.3
SHORT:below_pivot+orb_break_dn+rvol_thrust_dn+cvd_dn|nk0.5|vm0.8|am_0845_1130,7,0.12,6,1,0,85.7,85.7,6.0,1.5,0.3,14.3
SHORT:below_pivot+orb_break_dn+rvol_thrust_dn+cvd_dn|nk0.5|vm1.2|am_0845_1130,7,0.12,6,1,0,85.7,85.7,6.0,1.5,0.3,14.3
SHORT:below_pivot+orb_break_dn+rvol_thrust_dn+cvd_dn_v|nk0.0|vm0.8|am_0845_1130,7,0.12,6,1,0,85.7,85.7,6.0,1.5,0.3,14.3
SHORT:below_pivot+orb_break_dn+rvol_thrust_dn+cvd_dn_v|nk0.0|vm1.2|am_0845_1130,7,0.12,6,1,0,85.7,85.7,6.0,1.5,0.3,14.3
SHORT:below_pivot+orb_break_dn+rvol_thrust_dn+cvd_dn_v|nk0.5|vm0.8|am_0845_1130,7,0.12,6,1,0,85.7,85.7,6.0,1.5,0.3,14.3
SHORT:below_pivot+orb_break_dn+rvol_thrust_dn+cvd_dn_v|nk0.5|vm1.2|am_0845_1130,7,0.12,6,1,0,85.7,85.7,6.0,1.5,0.3,14.3
SHORT:below_pivot+orb_break_dn+below_vwap_v+cvd_dn|nk0.0|vm0.8|am_0845_1130,7,0.12,6,1,0,85.7,85.7,6.0,1.5,0.3,14.3
SHORT:below_pivot+orb_break_dn+below_vwap_v+cvd_dn|nk0.0|vm1.2|am_0845_1130,7,0.12,6,1,0,85.7,85.7,6.0,1.5,0.3,14.3
SHORT:below_pivot+orb_break_dn+below_vwap_v+cvd_dn|nk0.5|vm0.8|am_0845_1130,7,0.12,6,1,0,85.7,85.7,6.0,1.5,0.3,14.3
SHORT:below_pivot+orb_break_dn+below_vwap_v+cvd_dn|nk0.5|vm1.2|am_0845_1130,7,0.12,6,1,0,85.7,85.7,6.0,1.5,0.3,14.3
SHORT:below_pivot+orb_break_dn+below_vwap_v+cvd_dn_v|nk0.0|vm0.8|am_0845_1130,7,0.12,6,1,0,85.7,85.7,6.0,1.5,0.3,14.3
SHORT:below_pivot+orb_break_dn+below_vwap_v+cvd_dn_v|nk0.0|vm1.2|am_0845_1130,7,0.12,6,1,0,85.7,85.7,6.0,1.5,0.3,14.3
SHORT:below_pivot+orb_break_dn+below_vwap_v+cvd_dn_v|nk0.5|vm0.8|am_0845_1130,7,0.12,6,1,0,85.7,85.7,6.0,1.5,0.3,14.3
SHORT:below_pivot+orb_break_dn+below_vwap_v+cvd_dn_v|nk0.5|vm1.2|am_0845_1130,7,0.12,6,1,0,85.7,85.7,6.0,1.5,0.3,14.3
SHORT:below_pivot+orb_break_dn+cvd_dn+cvd_dn_v|nk0.8|vm0.8|am_0845_1130,7,0.12,6,1,0,85.7,85.7,6.0,1.5,0.3,5.7
SHORT:below_pivot+orb_break_dn+cvd_dn+cvd_dn_v|nk0.8|vm1.2|am_0845_1130,7,0.12,6,1,0,85.7,85.7,6.0,1.5,0.3,5.7
SHORT:below_pivot+orb_break_dn_v+rvol_thrust_dn+below_vwap_v|nk0.8|vm0.8|am_0845_1130,7,0.12,6,1,0,85.7,85.7,6.0,1.5,0.3,5.7
SHORT:below_pivot+orb_break_dn_v+rvol_thrust_dn+below_vwap_v|nk0.8|vm1.2|am_0845_1130,7,0.12,6,1,0,85.7,85.7,6.0,1.5,0.3,5.7
SHORT:below_pivot+orb_break_dn_v+rvol_thrust_dn+cvd_dn|nk0.0|vm0.8|am_0845_1130,7,0.12,6,1,0,85.7,85.7,6.0,1.5,0.3,14.3
SHORT:below_pivot+orb_break_dn_v+rvol_thrust_dn+cvd_dn|nk0.0|vm1.2|am_0845_1130,7,0.12,6,1,0,85.7,85.7,6.0,1.5,0.3,14.3
SHORT:below_pivot+orb_break_dn_v+rvol_thrust_dn+cvd_dn|nk0.5|vm0.8|am_0845_1130,7,0.12,6,1,0,85.7,85.7,6.0,1.5,0.3,14.3
SHORT:below_pivot+orb_break_dn_v+rvol_thrust_dn+cvd_dn|nk0.5|vm1.2|am_0845_1130,7,0.12,6,1,0,85.7,85.7,6.0,1.5,0.3,14.3
SHORT:below_pivot+orb_break_dn_v+rvol_thrust_dn+cvd_dn_v|nk0.0|vm0.8|am_0845_1130,7,0.12,6,1,0,85.7,85.7,6.0,1.5,0.3,14.3
SHORT:below_pivot+orb_break_dn_v+rvol_thrust_dn+cvd_dn_v|nk0.0|vm1.2|am_0845_1130,7,0.12,6,1,0,85.7,85.7,6.0,1.5,0.3,14.3
SHORT:below_pivot+orb_break_dn_v+rvol_thrust_dn+cvd_dn_v|nk0.5|vm0.8|am_0845_1130,7,0.12,6,1,0,85.7,85.7,6.0,1.5,0.3,14.3
SHORT:below_pivot+orb_break_dn_v+rvol_thrust_dn+cvd_dn_v|nk0.5|vm1.2|am_0845_1130,7,0.12,6,1,0,85.7,85.7,6.0,1.5,0.3,14.3
SHORT:below_pivot+orb_break_dn_v+below_vwap_v+cvd_dn|nk0.0|vm0.8|am_0845_1130,7,0.12,6,1,0,85.7,85.7,6.0,1.5,0.3,14.3
SHORT:below_pivot+orb_break_dn_v+below_vwap_v+cvd_dn|nk0.0|vm1.2|am_0845_1130,7,0.12,6,1,0,85.7,85.7,6.0,1.5,0.3,14.3
SHORT:below_pivot+orb_break_dn_v+below_vwap_v+cvd_dn|nk0.5|vm0.8|am_0845_1130,7,0.12,6,1,0,85.7,85.7,6.0,1.5,0.3,14.3
SHORT:below_pivot+orb_break_dn_v+below_vwap_v+cvd_dn|nk0.5|vm1.2|am_0845_1130,7,0.12,6,1,0,85.7,85.7,6.0,1.5,0.3,14.3
SHORT:below_pivot+orb_break_dn_v+below_vwap_v+cvd_dn_v|nk0.0|vm0.8|am_0845_1130,7,0.12,6,1,0,85.7,85.7,6.0,1.5,0.3,14.3
SHORT:below_pivot+orb_break_dn_v+below_vwap_v+cvd_dn_v|nk0.0|vm1.2|am_0845_1130,7,0.12,6,1,0,85.7,85.7,6.0,1.5,0.3,14.3
SHORT:below_pivot+orb_break_dn_v+below_vwap_v+cvd_dn_v|nk0.5|vm0.8|am_0845_1130,7,0.12,6,1,0,85.7,85.7,6.0,1.5,0.3,14.3
SHORT:below_pivot+orb_break_dn_v+below_vwap_v+cvd_dn_v|nk0.5|vm1.2|am_0845_1130,7,0.12,6,1,0,85.7,85.7,6.0,1.5,0.3,14.3
SHORT:below_pivot+orb_break_dn_v+cvd_dn+cvd_dn_v|nk0.8|vm0.8|am_0845_1130,7,0.12,6,1,0,85.7,85.7,6.0,1.5,0.3,5.7
SHORT:below_pivot+orb_break_dn_v+cvd_dn+cvd_dn_v|nk0.8|vm1.2|am_0845_1130,7,0.12,6,1,0,85.7,85.7,6.0,1.5,0.3,5.7
LONG:above_vwap+macd_x_up_neg|nk0.8|vm0.8|full_0845_1400,20,0.33,17,3,0,85.0,85.0,5.67,4.2,0.6,15.8
LONG:adi_up+macd_x_up_neg|nk0.8|vm1.2|full_0845_1400,20,0.33,17,3,0,85.0,85.0,5.67,4.2,0.6,13.2
LONG:above_vwap+macd_x_up+macd_x_up_neg|nk0.8|vm0.8|full_0845_1400,20,0.33,17,3,0,85.0,85.0,5.67,4.2,0.6,15.8
LONG:adi_up+macd_x_up+macd_x_up_neg|nk0.8|vm1.2|full_0845_1400,20,0.33,17,3,0,85.0,85.0,5.67,4.2,0.6,13.2
LONG:above_pivot+macd_x_up_neg|nk0.0|vm1.2|full_0845_1400,13,0.22,11,1,1,84.6,91.7,11.63,3.19,0.3,23.1
LONG:above_pivot+macd_x_up_neg|nk0.5|vm1.2|full_0845_1400,13,0.22,11,1,1,84.6,91.7,11.63,3.19,0.3,23.1
LONG:above_pivot+macd_x_up+macd_x_up_neg|nk0.0|vm1.2|full_0845_1400,13,0.22,11,1,1,84.6,91.7,11.63,3.19,0.3,23.1
LONG:above_pivot+macd_x_up+macd_x_up_neg|nk0.5|vm1.2|full_0845_1400,13,0.22,11,1,1,84.6,91.7,11.63,3.19,0.3,23.1
LONG:adi_up+above_pivot+macd_x_up_neg|nk0.0|vm1.2|full_0845_1400,12,0.2,10,1,1,83.3,90.9,10.63,2.89,0.3,23.3
LONG:adi_up+above_pivot+macd_x_up_neg|nk0.5|vm1.2|full_0845_1400,12,0.2,10,1,1,83.3,90.9,10.63,2.89,0.3,23.3
LONG:adi_up+above_pivot+macd_x_up+macd_x_up_neg|nk0.0|vm1.2|full_0845_1400,12,0.2,10,1,1,83.3,90.9,10.63,2.89,0.3,23.3
LONG:adi_up+above_pivot+macd_x_up+macd_x_up_neg|nk0.5|vm1.2|full_0845_1400,12,0.2,10,1,1,83.3,90.9,10.63,2.89,0.3,23.3
LONG:yhigh_break+hist_turn_up|nk0.0|vm1.2|full_0845_1400,6,0.1,5,0,1,83.3,100.0,inf,1.7,0.0,15.0
LONG:yhigh_break+hist_turn_up|nk0.5|vm1.2|full_0845_1400,6,0.1,5,0,1,83.3,100.0,inf,1.7,0.0,15.0
LONG:yhigh_break+hist_turn_up|nk0.8|vm1.2|full_0845_1400,6,0.1,5,0,1,83.3,100.0,inf,1.7,0.0,15.0
LONG:yhigh_break+above_pivot+hist_turn_up|nk0.0|vm1.2|full_0845_1400,6,0.1,5,0,1,83.3,100.0,inf,1.7,0.0,15.0
LONG:yhigh_break+above_pivot+hist_turn_up|nk0.5|vm1.2|full_0845_1400,6,0.1,5,0,1,83.3,100.0,inf,1.7,0.0,15.0
LONG:yhigh_break+above_pivot+hist_turn_up|nk0.8|vm1.2|full_0845_1400,6,0.1,5,0,1,83.3,100.0,inf,1.7,0.0,15.0
LONG:yhigh_break+hist_turn_up+strong_close|nk0.0|vm1.2|full_0845_1400,6,0.1,5,0,1,83.3,100.0,inf,1.7,0.0,15.0
LONG:yhigh_break+hist_turn_up+strong_close|nk0.5|vm1.2|full_0845_1400,6,0.1,5,0,1,83.3,100.0,inf,1.7,0.0,15.0
LONG:yhigh_break+hist_turn_up+strong_close|nk0.8|vm1.2|full_0845_1400,6,0.1,5,0,1,83.3,100.0,inf,1.7,0.0,15.0
LONG:yhigh_break+above_pivot+hist_turn_up+strong_close|nk0.0|vm1.2|full_0845_1400,6,0.1,5,0,1,83.3,100.0,inf,1.7,0.0,15.0
LONG:yhigh_break+above_pivot+hist_turn_up+strong_close|nk0.5|vm1.2|full_0845_1400,6,0.1,5,0,1,83.3,100.0,inf,1.7,0.0,15.0
LONG:yhigh_break+above_pivot+hist_turn_up+strong_close|nk0.8|vm1.2|full_0845_1400,6,0.1,5,0,1,83.3,100.0,inf,1.7,0.0,15.0
LONG:above_pivot+macd_x_up_neg+strong_close|nk0.0|vm1.2|full_0845_1400,10,0.17,8,1,1,80.0,88.9,8.63,2.29,0.3,26.0
LONG:above_pivot+macd_x_up_neg+strong_close|nk0.5|vm1.2|full_0845_1400,10,0.17,8,1,1,80.0,88.9,8.63,2.29,0.3,26.0
LONG:adi_up+above_pivot+macd_x_up_neg+strong_close|nk0.0|vm1.2|full_0845_1400,10,0.17,8,1,1,80.0,88.9,8.63,2.29,0.3,26.0
LONG:adi_up+above_pivot+macd_x_up_neg+strong_close|nk0.5|vm1.2|full_0845_1400,10,0.17,8,1,1,80.0,88.9,8.63,2.29,0.3,26.0
LONG:above_pivot+macd_x_up+macd_x_up_neg+strong_close|nk0.0|vm1.2|full_0845_1400,10,0.17,8,1,1,80.0,88.9,8.63,2.29,0.3,26.0
LONG:above_pivot+macd_x_up+macd_x_up_neg+strong_close|nk0.5|vm1.2|full_0845_1400,10,0.17,8,1,1,80.0,88.9,8.63,2.29,0.3,26.0
LONG:vwap_reclaim+above_pivot+above_vwap_v|nk0.8|vm0.8|full_0845_1400,9,0.15,7,1,1,77.8,87.5,7.66,2.0,0.3,15.6
LONG:vwap_reclaim+above_pivot+above_vwap_v|nk0.8|vm1.2|full_0845_1400,9,0.15,7,1,1,77.8,87.5,7.66,2.0,0.3,15.6
LONG:above_pivot+vwap_reclaim_v+above_vwap_v|nk0.8|vm0.8|full_0845_1400,9,0.15,7,1,1,77.8,87.5,7.66,2.0,0.3,15.6
LONG:above_pivot+vwap_reclaim_v+above_vwap_v|nk0.8|vm1.2|full_0845_1400,9,0.15,7,1,1,77.8,87.5,7.66,2.0,0.3,15.6
LONG:vwap_reclaim+above_vwap+above_pivot+above_vwap_v|nk0.8|vm0.8|full_0845_1400,9,0.15,7,1,1,77.8,87.5,7.66,2.0,0.3,15.6
LONG:vwap_reclaim+above_vwap+above_pivot+above_vwap_v|nk0.8|vm1.2|full_0845_1400,9,0.15,7,1,1,77.8,87.5,7.66,2.0,0.3,15.6
LONG:vwap_reclaim+above_pivot+vwap_reclaim_v+above_vwap_v|nk0.8|vm0.8|full_0845_1400,9,0.15,7,1,1,77.8,87.5,7.66,2.0,0.3,15.6
LONG:vwap_reclaim+above_pivot+vwap_reclaim_v+above_vwap_v|nk0.8|vm1.2|full_0845_1400,9,0.15,7,1,1,77.8,87.5,7.66,2.0,0.3,15.6
LONG:above_vwap+above_pivot+vwap_reclaim_v+above_vwap_v|nk0.8|vm0.8|full_0845_1400,9,0.15,7,1,1,77.8,87.5,7.66,2.0,0.3,15.6
LONG:above_vwap+above_pivot+vwap_reclaim_v+above_vwap_v|nk0.8|vm1.2|full_0845_1400,9,0.15,7,1,1,77.8,87.5,7.66,2.0,0.3,15.6
LONG:vwap_reclaim+above_pivot+rvol_thrust_up|nk0.8|vm0.8|full_0845_1400,8,0.13,6,1,1,75.0,85.7,6.66,1.7,0.3,15.0
LONG:vwap_reclaim+above_pivot+rvol_thrust_up|nk0.8|vm1.2|full_0845_1400,8,0.13,6,1,1,75.0,85.7,6.66,1.7,0.3,15.0
LONG:above_pivot+vwap_reclaim_v+rvol_thrust_up|nk0.8|vm0.8|full_0845_1400,8,0.13,6,1,1,75.0,85.7,6.66,1.7,0.3,15.0
LONG:above_pivot+vwap_reclaim_v+rvol_thrust_up|nk0.8|vm1.2|full_0845_1400,8,0.13,6,1,1,75.0,85.7,6.66,1.7,0.3,15.0
LONG:vwap_reclaim+above_vwap+above_pivot+rvol_thrust_up|nk0.8|vm0.8|full_0845_1400,8,0.13,6,1,1,75.0,85.7,6.66,1.7,0.3,15.0
LONG:vwap_reclaim+above_vwap+above_pivot+rvol_thrust_up|nk0.8|vm1.2|full_0845_1400,8,0.13,6,1,1,75.0,85.7,6.66,1.7,0.3,15.0
LONG:vwap_reclaim+above_pivot+strong_close+rvol_thrust_up|nk0.8|vm0.8|full_0845_1400,8,0.13,6,1,1,75.0,85.7,6.66,1.7,0.3,15.0
LONG:vwap_reclaim+above_pivot+strong_close+rvol_thrust_up|nk0.8|vm1.2|full_0845_1400,8,0.13,6,1,1,75.0,85.7,6.66,1.7,0.3,15.0
LONG:vwap_reclaim+above_pivot+strong_close+above_vwap_v|nk0.8|vm0.8|full_0845_1400,8,0.13,6,1,1,75.0,85.7,6.66,1.7,0.3,15.0
LONG:vwap_reclaim+above_pivot+strong_close+above_vwap_v|nk0.8|vm1.2|full_0845_1400,8,0.13,6,1,1,75.0,85.7,6.66,1.7,0.3,15.0
LONG:vwap_reclaim+above_pivot+vwap_reclaim_v+rvol_thrust_up|nk0.8|vm0.8|full_0845_1400,8,0.13,6,1,1,75.0,85.7,6.66,1.7,0.3,15.0
LONG:vwap_reclaim+above_pivot+vwap_reclaim_v+rvol_thrust_up|nk0.8|vm1.2|full_0845_1400,8,0.13,6,1,1,75.0,85.7,6.66,1.7,0.3,15.0
LONG:vwap_reclaim+above_pivot+rvol_thrust_up+above_vwap_v|nk0.8|vm0.8|full_0845_1400,8,0.13,6,1,1,75.0,85.7,6.66,1.7,0.3,15.0
LONG:vwap_reclaim+above_pivot+rvol_thrust_up+above_vwap_v|nk0.8|vm1.2|full_0845_1400,8,0.13,6,1,1,75.0,85.7,6.66,1.7,0.3,15.0
LONG:above_vwap+above_pivot+vwap_reclaim_v+rvol_thrust_up|nk0.8|vm0.8|full_0845_1400,8,0.13,6,1,1,75.0,85.7,6.66,1.7,0.3,15.0
LONG:above_vwap+above_pivot+vwap_reclaim_v+rvol_thrust_up|nk0.8|vm1.2|full_0845_1400,8,0.13,6,1,1,75.0,85.7,6.66,1.7,0.3,15.0
LONG:above_pivot+strong_close+vwap_reclaim_v+rvol_thrust_up|nk0.8|vm0.8|full_0845_1400,8,0.13,6,1,1,75.0,85.7,6.66,1.7,0.3,15.0
LONG:above_pivot+strong_close+vwap_reclaim_v+rvol_thrust_up|nk0.8|vm1.2|full_0845_1400,8,0.13,6,1,1,75.0,85.7,6.66,1.7,0.3,15.0
LONG:above_pivot+strong_close+vwap_reclaim_v+above_vwap_v|nk0.8|vm0.8|full_0845_1400,8,0.13,6,1,1,75.0,85.7,6.66,1.7,0.3,15.0
LONG:above_pivot+strong_close+vwap_reclaim_v+above_vwap_v|nk0.8|vm1.2|full_0845_1400,8,0.13,6,1,1,75.0,85.7,6.66,1.7,0.3,15.0
LONG:above_pivot+vwap_reclaim_v+rvol_thrust_up+above_vwap_v|nk0.8|vm0.8|full_0845_1400,8,0.13,6,1,1,75.0,85.7,6.66,1.7,0.3,15.0
LONG:above_pivot+vwap_reclaim_v+rvol_thrust_up+above_vwap_v|nk0.8|vm1.2|full_0845_1400,8,0.13,6,1,1,75.0,85.7,6.66,1.7,0.3,15.0
