config,trades,trades_per_day,wins,stops,scratch,win_rate,tp_before_sl,profit_factor,net_pct,max_drawdown_pct,avg_hold_min
LONG:above_vwap+adi_up+ylow_reclaim|nk0.0|vm1.2|full_0845_1400,9,0.15,9,0,0,100.0,100.0,inf,2.7,0.0,8.3
LONG:above_vwap+adi_up+ylow_reclaim|nk0.5|vm1.2|full_0845_1400,9,0.15,9,0,0,100.0,100.0,inf,2.7,0.0,8.3
LONG:above_vwap+adi_up+ylow_reclaim|nk0.8|vm1.2|full_0845_1400,9,0.15,9,0,0,100.0,100.0,inf,2.7,0.0,8.3
LONG:ylow_reclaim+cvd_up|nk0.0|vm1.2|full_0845_1400,8,0.13,8,0,0,100.0,100.0,inf,2.4,0.0,8.8
LONG:ylow_reclaim+cvd_up|nk0.5|vm1.2|full_0845_1400,8,0.13,8,0,0,100.0,100.0,inf,2.4,0.0,8.8
LONG:ylow_reclaim+cvd_up|nk0.8|vm1.2|full_0845_1400,8,0.13,8,0,0,100.0,100.0,inf,2.4,0.0,8.8
LONG:macd_x_up+rsi_thrust_up|nk0.0|vm0.8|full_0845_1400,8,0.13,8,0,0,100.0,100.0,inf,2.4,0.0,9.4
LONG:macd_x_up+rsi_thrust_up|nk0.0|vm1.2|full_0845_1400,8,0.13,8,0,0,100.0,100.0,inf,2.4,0.0,9.4
LONG:macd_x_up+rsi_thrust_up|nk0.5|vm0.8|full_0845_1400,8,0.13,8,0,0,100.0,100.0,inf,2.4,0.0,9.4
LONG:macd_x_up+rsi_thrust_up|nk0.5|vm1.2|full_0845_1400,8,0.13,8,0,0,100.0,100.0,inf,2.4,0.0,9.4
LONG:macd_x_up+rsi_thrust_up|nk0.8|vm0.8|full_0845_1400,8,0.13,8,0,0,100.0,100.0,inf,2.4,0.0,9.4
LONG:macd_x_up+rsi_thrust_up|nk0.8|vm1.2|full_0845_1400,8,0.13,8,0,0,100.0,100.0,inf,2.4,0.0,9.4
LONG:above_vwap+ylow_reclaim+cvd_up|nk0.0|vm1.2|full_0845_1400,8,0.13,8,0,0,100.0,100.0,inf,2.4,0.0,8.8
LONG:above_vwap+ylow_reclaim+cvd_up|nk0.5|vm1.2|full_0845_1400,8,0.13,8,0,0,100.0,100.0,inf,2.4,0.0,8.8
LONG:above_vwap+ylow_reclaim+cvd_up|nk0.8|vm1.2|full_0845_1400,8,0.13,8,0,0,100.0,100.0,inf,2.4,0.0,8.8
LONG:above_vwap+macd_x_up+rsi_thrust_up|nk0.0|vm0.8|full_0845_1400,8,0.13,8,0,0,100.0,100.0,inf,2.4,0.0,9.4
LONG:above_vwap+macd_x_up+rsi_thrust_up|nk0.0|vm1.2|full_0845_1400,8,0.13,8,0,0,100.0,100.0,inf,2.4,0.0,9.4
LONG:above_vwap+macd_x_up+rsi_thrust_up|nk0.5|vm0.8|full_0845_1400,8,0.13,8,0,0,100.0,100.0,inf,2.4,0.0,9.4
LONG:above_vwap+macd_x_up+rsi_thrust_up|nk0.5|vm1.2|full_0845_1400,8,0.13,8,0,0,100.0,100.0,inf,2.4,0.0,9.4
LONG:above_vwap+macd_x_up+rsi_thrust_up|nk0.8|vm0.8|full_0845_1400,8,0.13,8,0,0,100.0,100.0,inf,2.4,0.0,9.4
LONG:above_vwap+macd_x_up+rsi_thrust_up|nk0.8|vm1.2|full_0845_1400,8,0.13,8,0,0,100.0,100.0,inf,2.4,0.0,9.4
LONG:adi_up+ylow_reclaim+cvd_up|nk0.0|vm1.2|full_0845_1400,8,0.13,8,0,0,100.0,100.0,inf,2.4,0.0,8.8
LONG:adi_up+ylow_reclaim+cvd_up|nk0.5|vm1.2|full_0845_1400,8,0.13,8,0,0,100.0,100.0,inf,2.4,0.0,8.8
LONG:adi_up+ylow_reclaim+cvd_up|nk0.8|vm1.2|full_0845_1400,8,0.13,8,0,0,100.0,100.0,inf,2.4,0.0,8.8
LONG:adi_up+macd_x_up+rsi_thrust_up|nk0.0|vm0.8|full_0845_1400,8,0.13,8,0,0,100.0,100.0,inf,2.4,0.0,9.4
LONG:adi_up+macd_x_up+rsi_thrust_up|nk0.0|vm1.2|full_0845_1400,8,0.13,8,0,0,100.0,100.0,inf,2.4,0.0,9.4
LONG:adi_up+macd_x_up+rsi_thrust_up|nk0.5|vm0.8|full_0845_1400,8,0.13,8,0,0,100.0,100.0,inf,2.4,0.0,9.4
LONG:adi_up+macd_x_up+rsi_thrust_up|nk0.5|vm1.2|full_0845_1400,8,0.13,8,0,0,100.0,100.0,inf,2.4,0.0,9.4
LONG:adi_up+macd_x_up+rsi_thrust_up|nk0.8|vm0.8|full_0845_1400,8,0.13,8,0,0,100.0,100.0,inf,2.4,0.0,9.4
LONG:adi_up+macd_x_up+rsi_thrust_up|nk0.8|vm1.2|full_0845_1400,8,0.13,8,0,0,100.0,100.0,inf,2.4,0.0,9.4
LONG:macd_x_up+strong_close+rsi_thrust_up|nk0.0|vm0.8|full_0845_1400,8,0.13,8,0,0,100.0,100.0,inf,2.4,0.0,9.4
LONG:macd_x_up+strong_close+rsi_thrust_up|nk0.0|vm1.2|full_0845_1400,8,0.13,8,0,0,100.0,100.0,inf,2.4,0.0,9.4
LONG:macd_x_up+strong_close+rsi_thrust_up|nk0.5|vm0.8|full_0845_1400,8,0.13,8,0,0,100.0,100.0,inf,2.4,0.0,9.4
LONG:macd_x_up+strong_close+rsi_thrust_up|nk0.5|vm1.2|full_0845_1400,8,0.13,8,0,0,100.0,100.0,inf,2.4,0.0,9.4
LONG:macd_x_up+strong_close+rsi_thrust_up|nk0.8|vm0.8|full_0845_1400,8,0.13,8,0,0,100.0,100.0,inf,2.4,0.0,9.4
LONG:macd_x_up+strong_close+rsi_thrust_up|nk0.8|vm1.2|full_0845_1400,8,0.13,8,0,0,100.0,100.0,inf,2.4,0.0,9.4
LONG:macd_x_up+cvd_up+rsi_thrust_up|nk0.0|vm0.8|full_0845_1400,8,0.13,8,0,0,100.0,100.0,inf,2.4,0.0,9.4
LONG:macd_x_up+cvd_up+rsi_thrust_up|nk0.0|vm1.2|full_0845_1400,8,0.13,8,0,0,100.0,100.0,inf,2.4,0.0,9.4
LONG:macd_x_up+cvd_up+rsi_thrust_up|nk0.5|vm0.8|full_0845_1400,8,0.13,8,0,0,100.0,100.0,inf,2.4,0.0,9.4
LONG:macd_x_up+cvd_up+rsi_thrust_up|nk0.5|vm1.2|full_0845_1400,8,0.13,8,0,0,100.0,100.0,inf,2.4,0.0,9.4
LONG:macd_x_up+cvd_up+rsi_thrust_up|nk0.8|vm0.8|full_0845_1400,8,0.13,8,0,0,100.0,100.0,inf,2.4,0.0,9.4
LONG:macd_x_up+cvd_up+rsi_thrust_up|nk0.8|vm1.2|full_0845_1400,8,0.13,8,0,0,100.0,100.0,inf,2.4,0.0,9.4
LONG:macd_x_up+cvd_up_v+rsi_thrust_up|nk0.0|vm0.8|full_0845_1400,8,0.13,8,0,0,100.0,100.0,inf,2.4,0.0,9.4
LONG:macd_x_up+cvd_up_v+rsi_thrust_up|nk0.0|vm1.2|full_0845_1400,8,0.13,8,0,0,100.0,100.0,inf,2.4,0.0,9.4
LONG:macd_x_up+cvd_up_v+rsi_thrust_up|nk0.5|vm0.8|full_0845_1400,8,0.13,8,0,0,100.0,100.0,inf,2.4,0.0,9.4
LONG:macd_x_up+cvd_up_v+rsi_thrust_up|nk0.5|vm1.2|full_0845_1400,8,0.13,8,0,0,100.0,100.0,inf,2.4,0.0,9.4
LONG:macd_x_up+cvd_up_v+rsi_thrust_up|nk0.8|vm0.8|full_0845_1400,8,0.13,8,0,0,100.0,100.0,inf,2.4,0.0,9.4
LONG:macd_x_up+cvd_up_v+rsi_thrust_up|nk0.8|vm1.2|full_0845_1400,8,0.13,8,0,0,100.0,100.0,inf,2.4,0.0,9.4
LONG:above_vwap+adi_up+ylow_reclaim+strong_close|nk0.0|vm1.2|full_0845_1400,8,0.13,8,0,0,100.0,100.0,inf,2.4,0.0,8.1
LONG:above_vwap+adi_up+ylow_reclaim+strong_close|nk0.5|vm1.2|full_0845_1400,8,0.13,8,0,0,100.0,100.0,inf,2.4,0.0,8.1
LONG:above_vwap+adi_up+ylow_reclaim+strong_close|nk0.8|vm1.2|full_0845_1400,8,0.13,8,0,0,100.0,100.0,inf,2.4,0.0,8.1
LONG:above_vwap+adi_up+ylow_reclaim+cvd_up|nk0.0|vm1.2|full_0845_1400,8,0.13,8,0,0,100.0,100.0,inf,2.4,0.0,8.8
LONG:above_vwap+adi_up+ylow_reclaim+cvd_up|nk0.5|vm1.2|full_0845_1400,8,0.13,8,0,0,100.0,100.0,inf,2.4,0.0,8.8
LONG:above_vwap+adi_up+ylow_reclaim+cvd_up|nk0.8|vm1.2|full_0845_1400,8,0.13,8,0,0,100.0,100.0,inf,2.4,0.0,8.8
LONG:above_vwap+adi_up+macd_x_up+rsi_thrust_up|nk0.0|vm0.8|full_0845_1400,8,0.13,8,0,0,100.0,100.0,inf,2.4,0.0,9.4
LONG:above_vwap+adi_up+macd_x_up+rsi_thrust_up|nk0.0|vm1.2|full_0845_1400,8,0.13,8,0,0,100.0,100.0,inf,2.4,0.0,9.4
LONG:above_vwap+adi_up+macd_x_up+rsi_thrust_up|nk0.5|vm0.8|full_0845_1400,8,0.13,8,0,0,100.0,100.0,inf,2.4,0.0,9.4
LONG:above_vwap+adi_up+macd_x_up+rsi_thrust_up|nk0.5|vm1.2|full_0845_1400,8,0.13,8,0,0,100.0,100.0,inf,2.4,0.0,9.4
LONG:above_vwap+adi_up+macd_x_up+rsi_thrust_up|nk0.8|vm0.8|full_0845_1400,8,0.13,8,0,0,100.0,100.0,inf,2.4,0.0,9.4
LONG:above_vwap+adi_up+macd_x_up+rsi_thrust_up|nk0.8|vm1.2|full_0845_1400,8,0.13,8,0,0,100.0,100.0,inf,2.4,0.0,9.4
LONG:above_vwap+macd_x_up+strong_close+rsi_thrust_up|nk0.0|vm0.8|full_0845_1400,8,0.13,8,0,0,100.0,100.0,inf,2.4,0.0,9.4
LONG:above_vwap+macd_x_up+strong_close+rsi_thrust_up|nk0.0|vm1.2|full_0845_1400,8,0.13,8,0,0,100.0,100.0,inf,2.4,0.0,9.4
LONG:above_vwap+macd_x_up+strong_close+rsi_thrust_up|nk0.5|vm0.8|full_0845_1400,8,0.13,8,0,0,100.0,100.0,inf,2.4,0.0,9.4
LONG:above_vwap+macd_x_up+strong_close+rsi_thrust_up|nk0.5|vm1.2|full_0845_1400,8,0.13,8,0,0,100.0,100.0,inf,2.4,0.0,9.4
LONG:above_vwap+macd_x_up+strong_close+rsi_thrust_up|nk0.8|vm0.8|full_0845_1400,8,0.13,8,0,0,100.0,100.0,inf,2.4,0.0,9.4
LONG:above_vwap+macd_x_up+strong_close+rsi_thrust_up|nk0.8|vm1.2|full_0845_1400,8,0.13,8,0,0,100.0,100.0,inf,2.4,0.0,9.4
LONG:above_vwap+macd_x_up+cvd_up+rsi_thrust_up|nk0.0|vm0.8|full_0845_1400,8,0.13,8,0,0,100.0,100.0,inf,2.4,0.0,9.4
LONG:above_vwap+macd_x_up+cvd_up+rsi_thrust_up|nk0.0|vm1.2|full_0845_1400,8,0.13,8,0,0,100.0,100.0,inf,2.4,0.0,9.4
LONG:above_vwap+macd_x_up+cvd_up+rsi_thrust_up|nk0.5|vm0.8|full_0845_1400,8,0.13,8,0,0,100.0,100.0,inf,2.4,0.0,9.4
LONG:above_vwap+macd_x_up+cvd_up+rsi_thrust_up|nk0.5|vm1.2|full_0845_1400,8,0.13,8,0,0,100.0,100.0,inf,2.4,0.0,9.4
LONG:above_vwap+macd_x_up+cvd_up+rsi_thrust_up|nk0.8|vm0.8|full_0845_1400,8,0.13,8,0,0,100.0,100.0,inf,2.4,0.0,9.4
LONG:above_vwap+macd_x_up+cvd_up+rsi_thrust_up|nk0.8|vm1.2|full_0845_1400,8,0.13,8,0,0,100.0,100.0,inf,2.4,0.0,9.4
LONG:above_vwap+macd_x_up+cvd_up_v+rsi_thrust_up|nk0.0|vm0.8|full_0845_1400,8,0.13,8,0,0,100.0,100.0,inf,2.4,0.0,9.4
LONG:above_vwap+macd_x_up+cvd_up_v+rsi_thrust_up|nk0.0|vm1.2|full_0845_1400,8,0.13,8,0,0,100.0,100.0,inf,2.4,0.0,9.4
LONG:above_vwap+macd_x_up+cvd_up_v+rsi_thrust_up|nk0.5|vm0.8|full_0845_1400,8,0.13,8,0,0,100.0,100.0,inf,2.4,0.0,9.4
LONG:above_vwap+macd_x_up+cvd_up_v+rsi_thrust_up|nk0.5|vm1.2|full_0845_1400,8,0.13,8,0,0,100.0,100.0,inf,2.4,0.0,9.4
LONG:above_vwap+macd_x_up+cvd_up_v+rsi_thrust_up|nk0.8|vm0.8|full_0845_1400,8,0.13,8,0,0,100.0,100.0,inf,2.4,0.0,9.4
LONG:above_vwap+macd_x_up+cvd_up_v+rsi_thrust_up|nk0.8|vm1.2|full_0845_1400,8,0.13,8,0,0,100.0,100.0,inf,2.4,0.0,9.4
LONG:adi_up+macd_x_up+strong_close+rsi_thrust_up|nk0.0|vm0.8|full_0845_1400,8,0.13,8,0,0,100.0,100.0,inf,2.4,0.0,9.4
LONG:adi_up+macd_x_up+strong_close+rsi_thrust_up|nk0.0|vm1.2|full_0845_1400,8,0.13,8,0,0,100.0,100.0,inf,2.4,0.0,9.4
LONG:adi_up+macd_x_up+strong_close+rsi_thrust_up|nk0.5|vm0.8|full_0845_1400,8,0.13,8,0,0,100.0,100.0,inf,2.4,0.0,9.4
LONG:adi_up+macd_x_up+strong_close+rsi_thrust_up|nk0.5|vm1.2|full_0845_1400,8,0.13,8,0,0,100.0,100.0,inf,2.4,0.0,9.4
LONG:adi_up+macd_x_up+strong_close+rsi_thrust_up|nk0.8|vm0.8|full_0845_1400,8,0.13,8,0,0,100.0,100.0,inf,2.4,0.0,9.4
LONG:adi_up+macd_x_up+strong_close+rsi_thrust_up|nk0.8|vm1.2|full_0845_1400,8,0.13,8,0,0,100.0,100.0,inf,2.4,0.0,9.4
LONG:adi_up+macd_x_up+cvd_up+rsi_thrust_up|nk0.0|vm0.8|full_0845_1400,8,0.13,8,0,0,100.0,100.0,inf,2.4,0.0,9.4
LONG:adi_up+macd_x_up+cvd_up+rsi_thrust_up|nk0.0|vm1.2|full_0845_1400,8,0.13,8,0,0,100.0,100.0,inf,2.4,0.0,9.4
LONG:adi_up+macd_x_up+cvd_up+rsi_thrust_up|nk0.5|vm0.8|full_0845_1400,8,0.13,8,0,0,100.0,100.0,inf,2.4,0.0,9.4
LONG:adi_up+macd_x_up+cvd_up+rsi_thrust_up|nk0.5|vm1.2|full_0845_1400,8,0.13,8,0,0,100.0,100.0,inf,2.4,0.0,9.4
LONG:adi_up+macd_x_up+cvd_up+rsi_thrust_up|nk0.8|vm0.8|full_0845_1400,8,0.13,8,0,0,100.0,100.0,inf,2.4,0.0,9.4
LONG:adi_up+macd_x_up+cvd_up+rsi_thrust_up|nk0.8|vm1.2|full_0845_1400,8,0.13,8,0,0,100.0,100.0,inf,2.4,0.0,9.4
LONG:adi_up+macd_x_up+cvd_up_v+rsi_thrust_up|nk0.0|vm0.8|full_0845_1400,8,0.13,8,0,0,100.0,100.0,inf,2.4,0.0,9.4
LONG:adi_up+macd_x_up+cvd_up_v+rsi_thrust_up|nk0.0|vm1.2|full_0845_1400,8,0.13,8,0,0,100.0,100.0,inf,2.4,0.0,9.4
LONG:adi_up+macd_x_up+cvd_up_v+rsi_thrust_up|nk0.5|vm0.8|full_0845_1400,8,0.13,8,0,0,100.0,100.0,inf,2.4,0.0,9.4
LONG:adi_up+macd_x_up+cvd_up_v+rsi_thrust_up|nk0.5|vm1.2|full_0845_1400,8,0.13,8,0,0,100.0,100.0,inf,2.4,0.0,9.4
LONG:adi_up+macd_x_up+cvd_up_v+rsi_thrust_up|nk0.8|vm0.8|full_0845_1400,8,0.13,8,0,0,100.0,100.0,inf,2.4,0.0,9.4
LONG:adi_up+macd_x_up+cvd_up_v+rsi_thrust_up|nk0.8|vm1.2|full_0845_1400,8,0.13,8,0,0,100.0,100.0,inf,2.4,0.0,9.4
LONG:macd_x_up+strong_close+cvd_up+rsi_thrust_up|nk0.0|vm0.8|full_0845_1400,8,0.13,8,0,0,100.0,100.0,inf,2.4,0.0,9.4
LONG:macd_x_up+strong_close+cvd_up+rsi_thrust_up|nk0.0|vm1.2|full_0845_1400,8,0.13,8,0,0,100.0,100.0,inf,2.4,0.0,9.4
LONG:macd_x_up+strong_close+cvd_up+rsi_thrust_up|nk0.5|vm0.8|full_0845_1400,8,0.13,8,0,0,100.0,100.0,inf,2.4,0.0,9.4
LONG:macd_x_up+strong_close+cvd_up+rsi_thrust_up|nk0.5|vm1.2|full_0845_1400,8,0.13,8,0,0,100.0,100.0,inf,2.4,0.0,9.4
LONG:macd_x_up+strong_close+cvd_up+rsi_thrust_up|nk0.8|vm0.8|full_0845_1400,8,0.13,8,0,0,100.0,100.0,inf,2.4,0.0,9.4
LONG:macd_x_up+strong_close+cvd_up+rsi_thrust_up|nk0.8|vm1.2|full_0845_1400,8,0.13,8,0,0,100.0,100.0,inf,2.4,0.0,9.4
LONG:macd_x_up+strong_close+cvd_up_v+rsi_thrust_up|nk0.0|vm0.8|full_0845_1400,8,0.13,8,0,0,100.0,100.0,inf,2.4,0.0,9.4
LONG:macd_x_up+strong_close+cvd_up_v+rsi_thrust_up|nk0.0|vm1.2|full_0845_1400,8,0.13,8,0,0,100.0,100.0,inf,2.4,0.0,9.4
LONG:macd_x_up+strong_close+cvd_up_v+rsi_thrust_up|nk0.5|vm0.8|full_0845_1400,8,0.13,8,0,0,100.0,100.0,inf,2.4,0.0,9.4
LONG:macd_x_up+strong_close+cvd_up_v+rsi_thrust_up|nk0.5|vm1.2|full_0845_1400,8,0.13,8,0,0,100.0,100.0,inf,2.4,0.0,9.4
LONG:macd_x_up+strong_close+cvd_up_v+rsi_thrust_up|nk0.8|vm0.8|full_0845_1400,8,0.13,8,0,0,100.0,100.0,inf,2.4,0.0,9.4
LONG:macd_x_up+strong_close+cvd_up_v+rsi_thrust_up|nk0.8|vm1.2|full_0845_1400,8,0.13,8,0,0,100.0,100.0,inf,2.4,0.0,9.4
LONG:macd_x_up+cvd_up+cvd_up_v+rsi_thrust_up|nk0.0|vm0.8|full_0845_1400,8,0.13,8,0,0,100.0,100.0,inf,2.4,0.0,9.4
LONG:macd_x_up+cvd_up+cvd_up_v+rsi_thrust_up|nk0.0|vm1.2|full_0845_1400,8,0.13,8,0,0,100.0,100.0,inf,2.4,0.0,9.4
LONG:macd_x_up+cvd_up+cvd_up_v+rsi_thrust_up|nk0.5|vm0.8|full_0845_1400,8,0.13,8,0,0,100.0,100.0,inf,2.4,0.0,9.4
LONG:macd_x_up+cvd_up+cvd_up_v+rsi_thrust_up|nk0.5|vm1.2|full_0845_1400,8,0.13,8,0,0,100.0,100.0,inf,2.4,0.0,9.4
LONG:macd_x_up+cvd_up+cvd_up_v+rsi_thrust_up|nk0.8|vm0.8|full_0845_1400,8,0.13,8,0,0,100.0,100.0,inf,2.4,0.0,9.4
LONG:macd_x_up+cvd_up+cvd_up_v+rsi_thrust_up|nk0.8|vm1.2|full_0845_1400,8,0.13,8,0,0,100.0,100.0,inf,2.4,0.0,9.4
LONG:vwap_reclaim+delta_surge|nk0.0|vm0.8|pm_1130_1400,7,0.12,7,0,0,100.0,100.0,inf,2.1,0.0,22.9
LONG:vwap_reclaim+delta_surge|nk0.0|vm1.2|pm_1130_1400,7,0.12,7,0,0,100.0,100.0,inf,2.1,0.0,22.9
LONG:vwap_reclaim+delta_surge|nk0.5|vm0.8|pm_1130_1400,7,0.12,7,0,0,100.0,100.0,inf,2.1,0.0,22.9
LONG:vwap_reclaim+delta_surge|nk0.5|vm1.2|pm_1130_1400,7,0.12,7,0,0,100.0,100.0,inf,2.1,0.0,22.9
LONG:vwap_reclaim+delta_surge|nk0.8|vm0.8|pm_1130_1400,7,0.12,7,0,0,100.0,100.0,inf,2.1,0.0,22.9
LONG:vwap_reclaim+delta_surge|nk0.8|vm1.2|pm_1130_1400,7,0.12,7,0,0,100.0,100.0,inf,2.1,0.0,22.9
LONG:vwap_reclaim+rvol_thrust_up|nk0.0|vm0.8|pm_1130_1400,7,0.12,7,0,0,100.0,100.0,inf,2.1,0.0,22.9
LONG:vwap_reclaim+rvol_thrust_up|nk0.0|vm1.2|pm_1130_1400,7,0.12,7,0,0,100.0,100.0,inf,2.1,0.0,22.9
LONG:vwap_reclaim+rvol_thrust_up|nk0.5|vm0.8|pm_1130_1400,7,0.12,7,0,0,100.0,100.0,inf,2.1,0.0,22.9
LONG:vwap_reclaim+rvol_thrust_up|nk0.5|vm1.2|pm_1130_1400,7,0.12,7,0,0,100.0,100.0,inf,2.1,0.0,22.9
LONG:vwap_reclaim+rvol_thrust_up|nk0.8|vm0.8|pm_1130_1400,7,0.12,7,0,0,100.0,100.0,inf,2.1,0.0,22.9
LONG:vwap_reclaim+rvol_thrust_up|nk0.8|vm1.2|pm_1130_1400,7,0.12,7,0,0,100.0,100.0,inf,2.1,0.0,22.9
LONG:vwap_reclaim+above_vwap_v|nk0.0|vm0.8|pm_1130_1400,7,0.12,7,0,0,100.0,100.0,inf,2.1,0.0,22.9
LONG:vwap_reclaim+above_vwap_v|nk0.0|vm1.2|pm_1130_1400,7,0.12,7,0,0,100.0,100.0,inf,2.1,0.0,22.9
LONG:vwap_reclaim+above_vwap_v|nk0.5|vm0.8|pm_1130_1400,7,0.12,7,0,0,100.0,100.0,inf,2.1,0.0,22.9
LONG:vwap_reclaim+above_vwap_v|nk0.5|vm1.2|pm_1130_1400,7,0.12,7,0,0,100.0,100.0,inf,2.1,0.0,22.9
LONG:vwap_reclaim+above_vwap_v|nk0.8|vm0.8|pm_1130_1400,7,0.12,7,0,0,100.0,100.0,inf,2.1,0.0,22.9
LONG:vwap_reclaim+above_vwap_v|nk0.8|vm1.2|pm_1130_1400,7,0.12,7,0,0,100.0,100.0,inf,2.1,0.0,22.9
LONG:delta_surge+vwap_reclaim_v|nk0.0|vm0.8|pm_1130_1400,7,0.12,7,0,0,100.0,100.0,inf,2.1,0.0,22.9
LONG:delta_surge+vwap_reclaim_v|nk0.0|vm1.2|pm_1130_1400,7,0.12,7,0,0,100.0,100.0,inf,2.1,0.0,22.9
LONG:delta_surge+vwap_reclaim_v|nk0.5|vm0.8|pm_1130_1400,7,0.12,7,0,0,100.0,100.0,inf,2.1,0.0,22.9
LONG:delta_surge+vwap_reclaim_v|nk0.5|vm1.2|pm_1130_1400,7,0.12,7,0,0,100.0,100.0,inf,2.1,0.0,22.9
LONG:delta_surge+vwap_reclaim_v|nk0.8|vm0.8|pm_1130_1400,7,0.12,7,0,0,100.0,100.0,inf,2.1,0.0,22.9
LONG:delta_surge+vwap_reclaim_v|nk0.8|vm1.2|pm_1130_1400,7,0.12,7,0,0,100.0,100.0,inf,2.1,0.0,22.9
LONG:vwap_reclaim_v+rvol_thrust_up|nk0.0|vm0.8|pm_1130_1400,7,0.12,7,0,0,100.0,100.0,inf,2.1,0.0,22.9
LONG:vwap_reclaim_v+rvol_thrust_up|nk0.0|vm1.2|pm_1130_1400,7,0.12,7,0,0,100.0,100.0,inf,2.1,0.0,22.9
LONG:vwap_reclaim_v+rvol_thrust_up|nk0.5|vm0.8|pm_1130_1400,7,0.12,7,0,0,100.0,100.0,inf,2.1,0.0,22.9
LONG:vwap_reclaim_v+rvol_thrust_up|nk0.5|vm1.2|pm_1130_1400,7,0.12,7,0,0,100.0,100.0,inf,2.1,0.0,22.9
LONG:vwap_reclaim_v+rvol_thrust_up|nk0.8|vm0.8|pm_1130_1400,7,0.12,7,0,0,100.0,100.0,inf,2.1,0.0,22.9
LONG:vwap_reclaim_v+rvol_thrust_up|nk0.8|vm1.2|pm_1130_1400,7,0.12,7,0,0,100.0,100.0,inf,2.1,0.0,22.9
LONG:vwap_reclaim_v+above_vwap_v|nk0.0|vm0.8|pm_1130_1400,7,0.12,7,0,0,100.0,100.0,inf,2.1,0.0,22.9
LONG:vwap_reclaim_v+above_vwap_v|nk0.0|vm1.2|pm_1130_1400,7,0.12,7,0,0,100.0,100.0,inf,2.1,0.0,22.9
LONG:vwap_reclaim_v+above_vwap_v|nk0.5|vm0.8|pm_1130_1400,7,0.12,7,0,0,100.0,100.0,inf,2.1,0.0,22.9
LONG:vwap_reclaim_v+above_vwap_v|nk0.5|vm1.2|pm_1130_1400,7,0.12,7,0,0,100.0,100.0,inf,2.1,0.0,22.9
LONG:vwap_reclaim_v+above_vwap_v|nk0.8|vm0.8|pm_1130_1400,7,0.12,7,0,0,100.0,100.0,inf,2.1,0.0,22.9
LONG:vwap_reclaim_v+above_vwap_v|nk0.8|vm1.2|pm_1130_1400,7,0.12,7,0,0,100.0,100.0,inf,2.1,0.0,22.9
LONG:vwap_reclaim+above_vwap+delta_surge|nk0.0|vm0.8|pm_1130_1400,7,0.12,7,0,0,100.0,100.0,inf,2.1,0.0,22.9
LONG:vwap_reclaim+above_vwap+delta_surge|nk0.0|vm1.2|pm_1130_1400,7,0.12,7,0,0,100.0,100.0,inf,2.1,0.0,22.9
LONG:vwap_reclaim+above_vwap+delta_surge|nk0.5|vm0.8|pm_1130_1400,7,0.12,7,0,0,100.0,100.0,inf,2.1,0.0,22.9
LONG:vwap_reclaim+above_vwap+delta_surge|nk0.5|vm1.2|pm_1130_1400,7,0.12,7,0,0,100.0,100.0,inf,2.1,0.0,22.9
LONG:vwap_reclaim+above_vwap+delta_surge|nk0.8|vm0.8|pm_1130_1400,7,0.12,7,0,0,100.0,100.0,inf,2.1,0.0,22.9
LONG:vwap_reclaim+above_vwap+delta_surge|nk0.8|vm1.2|pm_1130_1400,7,0.12,7,0,0,100.0,100.0,inf,2.1,0.0,22.9
LONG:vwap_reclaim+above_vwap+rvol_thrust_up|nk0.0|vm0.8|pm_1130_1400,7,0.12,7,0,0,100.0,100.0,inf,2.1,0.0,22.9
LONG:vwap_reclaim+above_vwap+rvol_thrust_up|nk0.0|vm1.2|pm_1130_1400,7,0.12,7,0,0,100.0,100.0,inf,2.1,0.0,22.9
LONG:vwap_reclaim+above_vwap+rvol_thrust_up|nk0.5|vm0.8|pm_1130_1400,7,0.12,7,0,0,100.0,100.0,inf,2.1,0.0,22.9
LONG:vwap_reclaim+above_vwap+rvol_thrust_up|nk0.5|vm1.2|pm_1130_1400,7,0.12,7,0,0,100.0,100.0,inf,2.1,0.0,22.9
LONG:vwap_reclaim+above_vwap+rvol_thrust_up|nk0.8|vm0.8|pm_1130_1400,7,0.12,7,0,0,100.0,100.0,inf,2.1,0.0,22.9
LONG:vwap_reclaim+above_vwap+rvol_thrust_up|nk0.8|vm1.2|pm_1130_1400,7,0.12,7,0,0,100.0,100.0,inf,2.1,0.0,22.9
LONG:vwap_reclaim+above_vwap+above_vwap_v|nk0.0|vm0.8|pm_1130_1400,7,0.12,7,0,0,100.0,100.0,inf,2.1,0.0,22.9
LONG:vwap_reclaim+above_vwap+above_vwap_v|nk0.0|vm1.2|pm_1130_1400,7,0.12,7,0,0,100.0,100.0,inf,2.1,0.0,22.9
LONG:vwap_reclaim+above_vwap+above_vwap_v|nk0.5|vm0.8|pm_1130_1400,7,0.12,7,0,0,100.0,100.0,inf,2.1,0.0,22.9
LONG:vwap_reclaim+above_vwap+above_vwap_v|nk0.5|vm1.2|pm_1130_1400,7,0.12,7,0,0,100.0,100.0,inf,2.1,0.0,22.9
LONG:vwap_reclaim+above_vwap+above_vwap_v|nk0.8|vm0.8|pm_1130_1400,7,0.12,7,0,0,100.0,100.0,inf,2.1,0.0,22.9
LONG:vwap_reclaim+above_vwap+above_vwap_v|nk0.8|vm1.2|pm_1130_1400,7,0.12,7,0,0,100.0,100.0,inf,2.1,0.0,22.9
LONG:vwap_reclaim+adi_up+delta_surge|nk0.0|vm0.8|pm_1130_1400,7,0.12,7,0,0,100.0,100.0,inf,2.1,0.0,22.9
LONG:vwap_reclaim+adi_up+delta_surge|nk0.0|vm1.2|pm_1130_1400,7,0.12,7,0,0,100.0,100.0,inf,2.1,0.0,22.9
LONG:vwap_reclaim+adi_up+delta_surge|nk0.5|vm0.8|pm_1130_1400,7,0.12,7,0,0,100.0,100.0,inf,2.1,0.0,22.9
LONG:vwap_reclaim+adi_up+delta_surge|nk0.5|vm1.2|pm_1130_1400,7,0.12,7,0,0,100.0,100.0,inf,2.1,0.0,22.9
LONG:vwap_reclaim+adi_up+delta_surge|nk0.8|vm0.8|pm_1130_1400,7,0.12,7,0,0,100.0,100.0,inf,2.1,0.0,22.9
LONG:vwap_reclaim+adi_up+delta_surge|nk0.8|vm1.2|pm_1130_1400,7,0.12,7,0,0,100.0,100.0,inf,2.1,0.0,22.9
LONG:vwap_reclaim+adi_up+rvol_thrust_up|nk0.0|vm0.8|pm_1130_1400,7,0.12,7,0,0,100.0,100.0,inf,2.1,0.0,22.9
LONG:vwap_reclaim+adi_up+rvol_thrust_up|nk0.0|vm1.2|pm_1130_1400,7,0.12,7,0,0,100.0,100.0,inf,2.1,0.0,22.9
LONG:vwap_reclaim+adi_up+rvol_thrust_up|nk0.5|vm0.8|pm_1130_1400,7,0.12,7,0,0,100.0,100.0,inf,2.1,0.0,22.9
LONG:vwap_reclaim+adi_up+rvol_thrust_up|nk0.5|vm1.2|pm_1130_1400,7,0.12,7,0,0,100.0,100.0,inf,2.1,0.0,22.9
LONG:vwap_reclaim+adi_up+rvol_thrust_up|nk0.8|vm0.8|pm_1130_1400,7,0.12,7,0,0,100.0,100.0,inf,2.1,0.0,22.9
LONG:vwap_reclaim+adi_up+rvol_thrust_up|nk0.8|vm1.2|pm_1130_1400,7,0.12,7,0,0,100.0,100.0,inf,2.1,0.0,22.9
LONG:vwap_reclaim+adi_up+above_vwap_v|nk0.0|vm0.8|pm_1130_1400,7,0.12,7,0,0,100.0,100.0,inf,2.1,0.0,22.9
LONG:vwap_reclaim+adi_up+above_vwap_v|nk0.0|vm1.2|pm_1130_1400,7,0.12,7,0,0,100.0,100.0,inf,2.1,0.0,22.9
LONG:vwap_reclaim+adi_up+above_vwap_v|nk0.5|vm0.8|pm_1130_1400,7,0.12,7,0,0,100.0,100.0,inf,2.1,0.0,22.9
LONG:vwap_reclaim+adi_up+above_vwap_v|nk0.5|vm1.2|pm_1130_1400,7,0.12,7,0,0,100.0,100.0,inf,2.1,0.0,22.9
LONG:vwap_reclaim+adi_up+above_vwap_v|nk0.8|vm0.8|pm_1130_1400,7,0.12,7,0,0,100.0,100.0,inf,2.1,0.0,22.9
LONG:vwap_reclaim+adi_up+above_vwap_v|nk0.8|vm1.2|pm_1130_1400,7,0.12,7,0,0,100.0,100.0,inf,2.1,0.0,22.9
LONG:vwap_reclaim+delta_surge+strong_close|nk0.0|vm0.8|pm_1130_1400,7,0.12,7,0,0,100.0,100.0,inf,2.1,0.0,22.9
LONG:vwap_reclaim+delta_surge+strong_close|nk0.0|vm1.2|pm_1130_1400,7,0.12,7,0,0,100.0,100.0,inf,2.1,0.0,22.9
LONG:vwap_reclaim+delta_surge+strong_close|nk0.5|vm0.8|pm_1130_1400,7,0.12,7,0,0,100.0,100.0,inf,2.1,0.0,22.9
LONG:vwap_reclaim+delta_surge+strong_close|nk0.5|vm1.2|pm_1130_1400,7,0.12,7,0,0,100.0,100.0,inf,2.1,0.0,22.9
LONG:vwap_reclaim+delta_surge+strong_close|nk0.8|vm0.8|pm_1130_1400,7,0.12,7,0,0,100.0,100.0,inf,2.1,0.0,22.9
LONG:vwap_reclaim+delta_surge+strong_close|nk0.8|vm1.2|pm_1130_1400,7,0.12,7,0,0,100.0,100.0,inf,2.1,0.0,22.9
LONG:vwap_reclaim+delta_surge+vwap_reclaim_v|nk0.0|vm0.8|pm_1130_1400,7,0.12,7,0,0,100.0,100.0,inf,2.1,0.0,22.9
LONG:vwap_reclaim+delta_surge+vwap_reclaim_v|nk0.0|vm1.2|pm_1130_1400,7,0.12,7,0,0,100.0,100.0,inf,2.1,0.0,22.9
LONG:vwap_reclaim+delta_surge+vwap_reclaim_v|nk0.5|vm0.8|pm_1130_1400,7,0.12,7,0,0,100.0,100.0,inf,2.1,0.0,22.9
LONG:vwap_reclaim+delta_surge+vwap_reclaim_v|nk0.5|vm1.2|pm_1130_1400,7,0.12,7,0,0,100.0,100.0,inf,2.1,0.0,22.9
LONG:vwap_reclaim+delta_surge+vwap_reclaim_v|nk0.8|vm0.8|pm_1130_1400,7,0.12,7,0,0,100.0,100.0,inf,2.1,0.0,22.9
LONG:vwap_reclaim+delta_surge+vwap_reclaim_v|nk0.8|vm1.2|pm_1130_1400,7,0.12,7,0,0,100.0,100.0,inf,2.1,0.0,22.9
LONG:vwap_reclaim+delta_surge+rvol_thrust_up|nk0.0|vm0.8|pm_1130_1400,7,0.12,7,0,0,100.0,100.0,inf,2.1,0.0,22.9
LONG:vwap_reclaim+delta_surge+rvol_thrust_up|nk0.0|vm1.2|pm_1130_1400,7,0.12,7,0,0,100.0,100.0,inf,2.1,0.0,22.9
LONG:vwap_reclaim+delta_surge+rvol_thrust_up|nk0.5|vm0.8|pm_1130_1400,7,0.12,7,0,0,100.0,100.0,inf,2.1,0.0,22.9
LONG:vwap_reclaim+delta_surge+rvol_thrust_up|nk0.5|vm1.2|pm_1130_1400,7,0.12,7,0,0,100.0,100.0,inf,2.1,0.0,22.9
LONG:vwap_reclaim+delta_surge+rvol_thrust_up|nk0.8|vm0.8|pm_1130_1400,7,0.12,7,0,0,100.0,100.0,inf,2.1,0.0,22.9
LONG:vwap_reclaim+delta_surge+rvol_thrust_up|nk0.8|vm1.2|pm_1130_1400,7,0.12,7,0,0,100.0,100.0,inf,2.1,0.0,22.9
LONG:vwap_reclaim+delta_surge+above_vwap_v|nk0.0|vm0.8|pm_1130_1400,7,0.12,7,0,0,100.0,100.0,inf,2.1,0.0,22.9
LONG:vwap_reclaim+delta_surge+above_vwap_v|nk0.0|vm1.2|pm_1130_1400,7,0.12,7,0,0,100.0,100.0,inf,2.1,0.0,22.9
LONG:vwap_reclaim+delta_surge+above_vwap_v|nk0.5|vm0.8|pm_1130_1400,7,0.12,7,0,0,100.0,100.0,inf,2.1,0.0,22.9
LONG:vwap_reclaim+delta_surge+above_vwap_v|nk0.5|vm1.2|pm_1130_1400,7,0.12,7,0,0,100.0,100.0,inf,2.1,0.0,22.9
LONG:vwap_reclaim+delta_surge+above_vwap_v|nk0.8|vm0.8|pm_1130_1400,7,0.12,7,0,0,100.0,100.0,inf,2.1,0.0,22.9
LONG:vwap_reclaim+delta_surge+above_vwap_v|nk0.8|vm1.2|pm_1130_1400,7,0.12,7,0,0,100.0,100.0,inf,2.1,0.0,22.9
LONG:vwap_reclaim+strong_close+rvol_thrust_up|nk0.0|vm0.8|pm_1130_1400,7,0.12,7,0,0,100.0,100.0,inf,2.1,0.0,22.9
LONG:vwap_reclaim+strong_close+rvol_thrust_up|nk0.0|vm1.2|pm_1130_1400,7,0.12,7,0,0,100.0,100.0,inf,2.1,0.0,22.9
LONG:vwap_reclaim+strong_close+rvol_thrust_up|nk0.5|vm0.8|pm_1130_1400,7,0.12,7,0,0,100.0,100.0,inf,2.1,0.0,22.9
LONG:vwap_reclaim+strong_close+rvol_thrust_up|nk0.5|vm1.2|pm_1130_1400,7,0.12,7,0,0,100.0,100.0,inf,2.1,0.0,22.9
LONG:vwap_reclaim+strong_close+rvol_thrust_up|nk0.8|vm0.8|pm_1130_1400,7,0.12,7,0,0,100.0,100.0,inf,2.1,0.0,22.9
LONG:vwap_reclaim+strong_close+rvol_thrust_up|nk0.8|vm1.2|pm_1130_1400,7,0.12,7,0,0,100.0,100.0,inf,2.1,0.0,22.9
LONG:vwap_reclaim+strong_close+above_vwap_v|nk0.0|vm0.8|pm_1130_1400,7,0.12,7,0,0,100.0,100.0,inf,2.1,0.0,22.9
LONG:vwap_reclaim+strong_close+above_vwap_v|nk0.0|vm1.2|pm_1130_1400,7,0.12,7,0,0,100.0,100.0,inf,2.1,0.0,22.9
LONG:vwap_reclaim+strong_close+above_vwap_v|nk0.5|vm0.8|pm_1130_1400,7,0.12,7,0,0,100.0,100.0,inf,2.1,0.0,22.9
LONG:vwap_reclaim+strong_close+above_vwap_v|nk0.5|vm1.2|pm_1130_1400,7,0.12,7,0,0,100.0,100.0,inf,2.1,0.0,22.9
LONG:vwap_reclaim+strong_close+above_vwap_v|nk0.8|vm0.8|pm_1130_1400,7,0.12,7,0,0,100.0,100.0,inf,2.1,0.0,22.9
LONG:vwap_reclaim+strong_close+above_vwap_v|nk0.8|vm1.2|pm_1130_1400,7,0.12,7,0,0,100.0,100.0,inf,2.1,0.0,22.9
LONG:vwap_reclaim+vwap_reclaim_v+rvol_thrust_up|nk0.0|vm0.8|pm_1130_1400,7,0.12,7,0,0,100.0,100.0,inf,2.1,0.0,22.9
LONG:vwap_reclaim+vwap_reclaim_v+rvol_thrust_up|nk0.0|vm1.2|pm_1130_1400,7,0.12,7,0,0,100.0,100.0,inf,2.1,0.0,22.9
LONG:vwap_reclaim+vwap_reclaim_v+rvol_thrust_up|nk0.5|vm0.8|pm_1130_1400,7,0.12,7,0,0,100.0,100.0,inf,2.1,0.0,22.9
LONG:vwap_reclaim+vwap_reclaim_v+rvol_thrust_up|nk0.5|vm1.2|pm_1130_1400,7,0.12,7,0,0,100.0,100.0,inf,2.1,0.0,22.9
LONG:vwap_reclaim+vwap_reclaim_v+rvol_thrust_up|nk0.8|vm0.8|pm_1130_1400,7,0.12,7,0,0,100.0,100.0,inf,2.1,0.0,22.9
LONG:vwap_reclaim+vwap_reclaim_v+rvol_thrust_up|nk0.8|vm1.2|pm_1130_1400,7,0.12,7,0,0,100.0,100.0,inf,2.1,0.0,22.9
LONG:vwap_reclaim+vwap_reclaim_v+above_vwap_v|nk0.0|vm0.8|pm_1130_1400,7,0.12,7,0,0,100.0,100.0,inf,2.1,0.0,22.9
LONG:vwap_reclaim+vwap_reclaim_v+above_vwap_v|nk0.0|vm1.2|pm_1130_1400,7,0.12,7,0,0,100.0,100.0,inf,2.1,0.0,22.9
LONG:vwap_reclaim+vwap_reclaim_v+above_vwap_v|nk0.5|vm0.8|pm_1130_1400,7,0.12,7,0,0,100.0,100.0,inf,2.1,0.0,22.9
LONG:vwap_reclaim+vwap_reclaim_v+above_vwap_v|nk0.5|vm1.2|pm_1130_1400,7,0.12,7,0,0,100.0,100.0,inf,2.1,0.0,22.9
LONG:vwap_reclaim+vwap_reclaim_v+above_vwap_v|nk0.8|vm0.8|pm_1130_1400,7,0.12,7,0,0,100.0,100.0,inf,2.1,0.0,22.9
LONG:vwap_reclaim+vwap_reclaim_v+above_vwap_v|nk0.8|vm1.2|pm_1130_1400,7,0.12,7,0,0,100.0,100.0,inf,2.1,0.0,22.9
LONG:vwap_reclaim+rvol_thrust_up+above_vwap_v|nk0.0|vm0.8|pm_1130_1400,7,0.12,7,0,0,100.0,100.0,inf,2.1,0.0,22.9
LONG:vwap_reclaim+rvol_thrust_up+above_vwap_v|nk0.0|vm1.2|pm_1130_1400,7,0.12,7,0,0,100.0,100.0,inf,2.1,0.0,22.9
LONG:vwap_reclaim+rvol_thrust_up+above_vwap_v|nk0.5|vm0.8|pm_1130_1400,7,0.12,7,0,0,100.0,100.0,inf,2.1,0.0,22.9
LONG:vwap_reclaim+rvol_thrust_up+above_vwap_v|nk0.5|vm1.2|pm_1130_1400,7,0.12,7,0,0,100.0,100.0,inf,2.1,0.0,22.9
LONG:vwap_reclaim+rvol_thrust_up+above_vwap_v|nk0.8|vm0.8|pm_1130_1400,7,0.12,7,0,0,100.0,100.0,inf,2.1,0.0,22.9
LONG:vwap_reclaim+rvol_thrust_up+above_vwap_v|nk0.8|vm1.2|pm_1130_1400,7,0.12,7,0,0,100.0,100.0,inf,2.1,0.0,22.9
LONG:above_vwap+delta_surge+vwap_reclaim_v|nk0.0|vm0.8|pm_1130_1400,7,0.12,7,0,0,100.0,100.0,inf,2.1,0.0,22.9
LONG:above_vwap+delta_surge+vwap_reclaim_v|nk0.0|vm1.2|pm_1130_1400,7,0.12,7,0,0,100.0,100.0,inf,2.1,0.0,22.9
LONG:above_vwap+delta_surge+vwap_reclaim_v|nk0.5|vm0.8|pm_1130_1400,7,0.12,7,0,0,100.0,100.0,inf,2.1,0.0,22.9
LONG:above_vwap+delta_surge+vwap_reclaim_v|nk0.5|vm1.2|pm_1130_1400,7,0.12,7,0,0,100.0,100.0,inf,2.1,0.0,22.9
LONG:above_vwap+delta_surge+vwap_reclaim_v|nk0.8|vm0.8|pm_1130_1400,7,0.12,7,0,0,100.0,100.0,inf,2.1,0.0,22.9
LONG:above_vwap+delta_surge+vwap_reclaim_v|nk0.8|vm1.2|pm_1130_1400,7,0.12,7,0,0,100.0,100.0,inf,2.1,0.0,22.9
LONG:above_vwap+vwap_reclaim_v+rvol_thrust_up|nk0.0|vm0.8|pm_1130_1400,7,0.12,7,0,0,100.0,100.0,inf,2.1,0.0,22.9
LONG:above_vwap+vwap_reclaim_v+rvol_thrust_up|nk0.0|vm1.2|pm_1130_1400,7,0.12,7,0,0,100.0,100.0,inf,2.1,0.0,22.9
LONG:above_vwap+vwap_reclaim_v+rvol_thrust_up|nk0.5|vm0.8|pm_1130_1400,7,0.12,7,0,0,100.0,100.0,inf,2.1,0.0,22.9
LONG:above_vwap+vwap_reclaim_v+rvol_thrust_up|nk0.5|vm1.2|pm_1130_1400,7,0.12,7,0,0,100.0,100.0,inf,2.1,0.0,22.9
LONG:above_vwap+vwap_reclaim_v+rvol_thrust_up|nk0.8|vm0.8|pm_1130_1400,7,0.12,7,0,0,100.0,100.0,inf,2.1,0.0,22.9
LONG:above_vwap+vwap_reclaim_v+rvol_thrust_up|nk0.8|vm1.2|pm_1130_1400,7,0.12,7,0,0,100.0,100.0,inf,2.1,0.0,22.9
LONG:above_vwap+vwap_reclaim_v+above_vwap_v|nk0.0|vm0.8|pm_1130_1400,7,0.12,7,0,0,100.0,100.0,inf,2.1,0.0,22.9
LONG:above_vwap+vwap_reclaim_v+above_vwap_v|nk0.0|vm1.2|pm_1130_1400,7,0.12,7,0,0,100.0,100.0,inf,2.1,0.0,22.9
LONG:above_vwap+vwap_reclaim_v+above_vwap_v|nk0.5|vm0.8|pm_1130_1400,7,0.12,7,0,0,100.0,100.0,inf,2.1,0.0,22.9
LONG:above_vwap+vwap_reclaim_v+above_vwap_v|nk0.5|vm1.2|pm_1130_1400,7,0.12,7,0,0,100.0,100.0,inf,2.1,0.0,22.9
LONG:above_vwap+vwap_reclaim_v+above_vwap_v|nk0.8|vm0.8|pm_1130_1400,7,0.12,7,0,0,100.0,100.0,inf,2.1,0.0,22.9
LONG:above_vwap+vwap_reclaim_v+above_vwap_v|nk0.8|vm1.2|pm_1130_1400,7,0.12,7,0,0,100.0,100.0,inf,2.1,0.0,22.9
LONG:adi_up+delta_surge+vwap_reclaim_v|nk0.0|vm0.8|pm_1130_1400,7,0.12,7,0,0,100.0,100.0,inf,2.1,0.0,22.9
LONG:adi_up+delta_surge+vwap_reclaim_v|nk0.0|vm1.2|pm_1130_1400,7,0.12,7,0,0,100.0,100.0,inf,2.1,0.0,22.9
LONG:adi_up+delta_surge+vwap_reclaim_v|nk0.5|vm0.8|pm_1130_1400,7,0.12,7,0,0,100.0,100.0,inf,2.1,0.0,22.9
LONG:adi_up+delta_surge+vwap_reclaim_v|nk0.5|vm1.2|pm_1130_1400,7,0.12,7,0,0,100.0,100.0,inf,2.1,0.0,22.9
LONG:adi_up+delta_surge+vwap_reclaim_v|nk0.8|vm0.8|pm_1130_1400,7,0.12,7,0,0,100.0,100.0,inf,2.1,0.0,22.9
LONG:adi_up+delta_surge+vwap_reclaim_v|nk0.8|vm1.2|pm_1130_1400,7,0.12,7,0,0,100.0,100.0,inf,2.1,0.0,22.9
LONG:adi_up+vwap_reclaim_v+rvol_thrust_up|nk0.0|vm0.8|pm_1130_1400,7,0.12,7,0,0,100.0,100.0,inf,2.1,0.0,22.9
LONG:adi_up+vwap_reclaim_v+rvol_thrust_up|nk0.0|vm1.2|pm_1130_1400,7,0.12,7,0,0,100.0,100.0,inf,2.1,0.0,22.9
LONG:adi_up+vwap_reclaim_v+rvol_thrust_up|nk0.5|vm0.8|pm_1130_1400,7,0.12,7,0,0,100.0,100.0,inf,2.1,0.0,22.9
LONG:adi_up+vwap_reclaim_v+rvol_thrust_up|nk0.5|vm1.2|pm_1130_1400,7,0.12,7,0,0,100.0,100.0,inf,2.1,0.0,22.9
LONG:adi_up+vwap_reclaim_v+rvol_thrust_up|nk0.8|vm0.8|pm_1130_1400,7,0.12,7,0,0,100.0,100.0,inf,2.1,0.0,22.9
LONG:adi_up+vwap_reclaim_v+rvol_thrust_up|nk0.8|vm1.2|pm_1130_1400,7,0.12,7,0,0,100.0,100.0,inf,2.1,0.0,22.9
LONG:adi_up+vwap_reclaim_v+above_vwap_v|nk0.0|vm0.8|pm_1130_1400,7,0.12,7,0,0,100.0,100.0,inf,2.1,0.0,22.9
LONG:adi_up+vwap_reclaim_v+above_vwap_v|nk0.0|vm1.2|pm_1130_1400,7,0.12,7,0,0,100.0,100.0,inf,2.1,0.0,22.9
LONG:adi_up+vwap_reclaim_v+above_vwap_v|nk0.5|vm0.8|pm_1130_1400,7,0.12,7,0,0,100.0,100.0,inf,2.1,0.0,22.9
LONG:adi_up+vwap_reclaim_v+above_vwap_v|nk0.5|vm1.2|pm_1130_1400,7,0.12,7,0,0,100.0,100.0,inf,2.1,0.0,22.9
LONG:adi_up+vwap_reclaim_v+above_vwap_v|nk0.8|vm0.8|pm_1130_1400,7,0.12,7,0,0,100.0,100.0,inf,2.1,0.0,22.9
LONG:adi_up+vwap_reclaim_v+above_vwap_v|nk0.8|vm1.2|pm_1130_1400,7,0.12,7,0,0,100.0,100.0,inf,2.1,0.0,22.9
LONG:delta_surge+strong_close+vwap_reclaim_v|nk0.0|vm0.8|pm_1130_1400,7,0.12,7,0,0,100.0,100.0,inf,2.1,0.0,22.9
LONG:delta_surge+strong_close+vwap_reclaim_v|nk0.0|vm1.2|pm_1130_1400,7,0.12,7,0,0,100.0,100.0,inf,2.1,0.0,22.9
LONG:delta_surge+strong_close+vwap_reclaim_v|nk0.5|vm0.8|pm_1130_1400,7,0.12,7,0,0,100.0,100.0,inf,2.1,0.0,22.9
LONG:delta_surge+strong_close+vwap_reclaim_v|nk0.5|vm1.2|pm_1130_1400,7,0.12,7,0,0,100.0,100.0,inf,2.1,0.0,22.9
LONG:delta_surge+strong_close+vwap_reclaim_v|nk0.8|vm0.8|pm_1130_1400,7,0.12,7,0,0,100.0,100.0,inf,2.1,0.0,22.9
LONG:delta_surge+strong_close+vwap_reclaim_v|nk0.8|vm1.2|pm_1130_1400,7,0.12,7,0,0,100.0,100.0,inf,2.1,0.0,22.9
LONG:delta_surge+vwap_reclaim_v+rvol_thrust_up|nk0.0|vm0.8|pm_1130_1400,7,0.12,7,0,0,100.0,100.0,inf,2.1,0.0,22.9
LONG:delta_surge+vwap_reclaim_v+rvol_thrust_up|nk0.0|vm1.2|pm_1130_1400,7,0.12,7,0,0,100.0,100.0,inf,2.1,0.0,22.9
LONG:delta_surge+vwap_reclaim_v+rvol_thrust_up|nk0.5|vm0.8|pm_1130_1400,7,0.12,7,0,0,100.0,100.0,inf,2.1,0.0,22.9
LONG:delta_surge+vwap_reclaim_v+rvol_thrust_up|nk0.5|vm1.2|pm_1130_1400,7,0.12,7,0,0,100.0,100.0,inf,2.1,0.0,22.9
LONG:delta_surge+vwap_reclaim_v+rvol_thrust_up|nk0.8|vm0.8|pm_1130_1400,7,0.12,7,0,0,100.0,100.0,inf,2.1,0.0,22.9
LONG:delta_surge+vwap_reclaim_v+rvol_thrust_up|nk0.8|vm1.2|pm_1130_1400,7,0.12,7,0,0,100.0,100.0,inf,2.1,0.0,22.9
LONG:delta_surge+vwap_reclaim_v+above_vwap_v|nk0.0|vm0.8|pm_1130_1400,7,0.12,7,0,0,100.0,100.0,inf,2.1,0.0,22.9
LONG:delta_surge+vwap_reclaim_v+above_vwap_v|nk0.0|vm1.2|pm_1130_1400,7,0.12,7,0,0,100.0,100.0,inf,2.1,0.0,22.9
LONG:delta_surge+vwap_reclaim_v+above_vwap_v|nk0.5|vm0.8|pm_1130_1400,7,0.12,7,0,0,100.0,100.0,inf,2.1,0.0,22.9
LONG:delta_surge+vwap_reclaim_v+above_vwap_v|nk0.5|vm1.2|pm_1130_1400,7,0.12,7,0,0,100.0,100.0,inf,2.1,0.0,22.9
LONG:delta_surge+vwap_reclaim_v+above_vwap_v|nk0.8|vm0.8|pm_1130_1400,7,0.12,7,0,0,100.0,100.0,inf,2.1,0.0,22.9
LONG:delta_surge+vwap_reclaim_v+above_vwap_v|nk0.8|vm1.2|pm_1130_1400,7,0.12,7,0,0,100.0,100.0,inf,2.1,0.0,22.9
LONG:ylow_reclaim+strong_close+cvd_up|nk0.0|vm1.2|full_0845_1400,7,0.12,7,0,0,100.0,100.0,inf,2.1,0.0,8.6
LONG:ylow_reclaim+strong_close+cvd_up|nk0.5|vm1.2|full_0845_1400,7,0.12,7,0,0,100.0,100.0,inf,2.1,0.0,8.6
LONG:ylow_reclaim+strong_close+cvd_up|nk0.8|vm1.2|full_0845_1400,7,0.12,7,0,0,100.0,100.0,inf,2.1,0.0,8.6
LONG:strong_close+vwap_reclaim_v+rvol_thrust_up|nk0.0|vm0.8|pm_1130_1400,7,0.12,7,0,0,100.0,100.0,inf,2.1,0.0,22.9
LONG:strong_close+vwap_reclaim_v+rvol_thrust_up|nk0.0|vm1.2|pm_1130_1400,7,0.12,7,0,0,100.0,100.0,inf,2.1,0.0,22.9
LONG:strong_close+vwap_reclaim_v+rvol_thrust_up|nk0.5|vm0.8|pm_1130_1400,7,0.12,7,0,0,100.0,100.0,inf,2.1,0.0,22.9
LONG:strong_close+vwap_reclaim_v+rvol_thrust_up|nk0.5|vm1.2|pm_1130_1400,7,0.12,7,0,0,100.0,100.0,inf,2.1,0.0,22.9
LONG:strong_close+vwap_reclaim_v+rvol_thrust_up|nk0.8|vm0.8|pm_1130_1400,7,0.12,7,0,0,100.0,100.0,inf,2.1,0.0,22.9
LONG:strong_close+vwap_reclaim_v+rvol_thrust_up|nk0.8|vm1.2|pm_1130_1400,7,0.12,7,0,0,100.0,100.0,inf,2.1,0.0,22.9
LONG:strong_close+vwap_reclaim_v+above_vwap_v|nk0.0|vm0.8|pm_1130_1400,7,0.12,7,0,0,100.0,100.0,inf,2.1,0.0,22.9
LONG:strong_close+vwap_reclaim_v+above_vwap_v|nk0.0|vm1.2|pm_1130_1400,7,0.12,7,0,0,100.0,100.0,inf,2.1,0.0,22.9
LONG:strong_close+vwap_reclaim_v+above_vwap_v|nk0.5|vm0.8|pm_1130_1400,7,0.12,7,0,0,100.0,100.0,inf,2.1,0.0,22.9
LONG:strong_close+vwap_reclaim_v+above_vwap_v|nk0.5|vm1.2|pm_1130_1400,7,0.12,7,0,0,100.0,100.0,inf,2.1,0.0,22.9
LONG:strong_close+vwap_reclaim_v+above_vwap_v|nk0.8|vm0.8|pm_1130_1400,7,0.12,7,0,0,100.0,100.0,inf,2.1,0.0,22.9
LONG:strong_close+vwap_reclaim_v+above_vwap_v|nk0.8|vm1.2|pm_1130_1400,7,0.12,7,0,0,100.0,100.0,inf,2.1,0.0,22.9
LONG:vwap_reclaim_v+rvol_thrust_up+above_vwap_v|nk0.0|vm0.8|pm_1130_1400,7,0.12,7,0,0,100.0,100.0,inf,2.1,0.0,22.9
LONG:vwap_reclaim_v+rvol_thrust_up+above_vwap_v|nk0.0|vm1.2|pm_1130_1400,7,0.12,7,0,0,100.0,100.0,inf,2.1,0.0,22.9
LONG:vwap_reclaim_v+rvol_thrust_up+above_vwap_v|nk0.5|vm0.8|pm_1130_1400,7,0.12,7,0,0,100.0,100.0,inf,2.1,0.0,22.9
LONG:vwap_reclaim_v+rvol_thrust_up+above_vwap_v|nk0.5|vm1.2|pm_1130_1400,7,0.12,7,0,0,100.0,100.0,inf,2.1,0.0,22.9
LONG:vwap_reclaim_v+rvol_thrust_up+above_vwap_v|nk0.8|vm0.8|pm_1130_1400,7,0.12,7,0,0,100.0,100.0,inf,2.1,0.0,22.9
LONG:vwap_reclaim_v+rvol_thrust_up+above_vwap_v|nk0.8|vm1.2|pm_1130_1400,7,0.12,7,0,0,100.0,100.0,inf,2.1,0.0,22.9
LONG:vwap_reclaim+above_vwap+adi_up+delta_surge|nk0.0|vm0.8|pm_1130_1400,7,0.12,7,0,0,100.0,100.0,inf,2.1,0.0,22.9
LONG:vwap_reclaim+above_vwap+adi_up+delta_surge|nk0.0|vm1.2|pm_1130_1400,7,0.12,7,0,0,100.0,100.0,inf,2.1,0.0,22.9
LONG:vwap_reclaim+above_vwap+adi_up+delta_surge|nk0.5|vm0.8|pm_1130_1400,7,0.12,7,0,0,100.0,100.0,inf,2.1,0.0,22.9
LONG:vwap_reclaim+above_vwap+adi_up+delta_surge|nk0.5|vm1.2|pm_1130_1400,7,0.12,7,0,0,100.0,100.0,inf,2.1,0.0,22.9
LONG:vwap_reclaim+above_vwap+adi_up+delta_surge|nk0.8|vm0.8|pm_1130_1400,7,0.12,7,0,0,100.0,100.0,inf,2.1,0.0,22.9
LONG:vwap_reclaim+above_vwap+adi_up+delta_surge|nk0.8|vm1.2|pm_1130_1400,7,0.12,7,0,0,100.0,100.0,inf,2.1,0.0,22.9
LONG:vwap_reclaim+above_vwap+adi_up+rvol_thrust_up|nk0.0|vm0.8|pm_1130_1400,7,0.12,7,0,0,100.0,100.0,inf,2.1,0.0,22.9
LONG:vwap_reclaim+above_vwap+adi_up+rvol_thrust_up|nk0.0|vm1.2|pm_1130_1400,7,0.12,7,0,0,100.0,100.0,inf,2.1,0.0,22.9
LONG:vwap_reclaim+above_vwap+adi_up+rvol_thrust_up|nk0.5|vm0.8|pm_1130_1400,7,0.12,7,0,0,100.0,100.0,inf,2.1,0.0,22.9
LONG:vwap_reclaim+above_vwap+adi_up+rvol_thrust_up|nk0.5|vm1.2|pm_1130_1400,7,0.12,7,0,0,100.0,100.0,inf,2.1,0.0,22.9
LONG:vwap_reclaim+above_vwap+adi_up+rvol_thrust_up|nk0.8|vm0.8|pm_1130_1400,7,0.12,7,0,0,100.0,100.0,inf,2.1,0.0,22.9
LONG:vwap_reclaim+above_vwap+adi_up+rvol_thrust_up|nk0.8|vm1.2|pm_1130_1400,7,0.12,7,0,0,100.0,100.0,inf,2.1,0.0,22.9
LONG:vwap_reclaim+above_vwap+adi_up+above_vwap_v|nk0.0|vm0.8|pm_1130_1400,7,0.12,7,0,0,100.0,100.0,inf,2.1,0.0,22.9
LONG:vwap_reclaim+above_vwap+adi_up+above_vwap_v|nk0.0|vm1.2|pm_1130_1400,7,0.12,7,0,0,100.0,100.0,inf,2.1,0.0,22.9
LONG:vwap_reclaim+above_vwap+adi_up+above_vwap_v|nk0.5|vm0.8|pm_1130_1400,7,0.12,7,0,0,100.0,100.0,inf,2.1,0.0,22.9
LONG:vwap_reclaim+above_vwap+adi_up+above_vwap_v|nk0.5|vm1.2|pm_1130_1400,7,0.12,7,0,0,100.0,100.0,inf,2.1,0.0,22.9
LONG:vwap_reclaim+above_vwap+adi_up+above_vwap_v|nk0.8|vm0.8|pm_1130_1400,7,0.12,7,0,0,100.0,100.0,inf,2.1,0.0,22.9
LONG:vwap_reclaim+above_vwap+adi_up+above_vwap_v|nk0.8|vm1.2|pm_1130_1400,7,0.12,7,0,0,100.0,100.0,inf,2.1,0.0,22.9
LONG:vwap_reclaim+above_vwap+delta_surge+strong_close|nk0.0|vm0.8|pm_1130_1400,7,0.12,7,0,0,100.0,100.0,inf,2.1,0.0,22.9
LONG:vwap_reclaim+above_vwap+delta_surge+strong_close|nk0.0|vm1.2|pm_1130_1400,7,0.12,7,0,0,100.0,100.0,inf,2.1,0.0,22.9
LONG:vwap_reclaim+above_vwap+delta_surge+strong_close|nk0.5|vm0.8|pm_1130_1400,7,0.12,7,0,0,100.0,100.0,inf,2.1,0.0,22.9
LONG:vwap_reclaim+above_vwap+delta_surge+strong_close|nk0.5|vm1.2|pm_1130_1400,7,0.12,7,0,0,100.0,100.0,inf,2.1,0.0,22.9
LONG:vwap_reclaim+above_vwap+delta_surge+strong_close|nk0.8|vm0.8|pm_1130_1400,7,0.12,7,0,0,100.0,100.0,inf,2.1,0.0,22.9
LONG:vwap_reclaim+above_vwap+delta_surge+strong_close|nk0.8|vm1.2|pm_1130_1400,7,0.12,7,0,0,100.0,100.0,inf,2.1,0.0,22.9
LONG:vwap_reclaim+above_vwap+delta_surge+vwap_reclaim_v|nk0.0|vm0.8|pm_1130_1400,7,0.12,7,0,0,100.0,100.0,inf,2.1,0.0,22.9
LONG:vwap_reclaim+above_vwap+delta_surge+vwap_reclaim_v|nk0.0|vm1.2|pm_1130_1400,7,0.12,7,0,0,100.0,100.0,inf,2.1,0.0,22.9
LONG:vwap_reclaim+above_vwap+delta_surge+vwap_reclaim_v|nk0.5|vm0.8|pm_1130_1400,7,0.12,7,0,0,100.0,100.0,inf,2.1,0.0,22.9
LONG:vwap_reclaim+above_vwap+delta_surge+vwap_reclaim_v|nk0.5|vm1.2|pm_1130_1400,7,0.12,7,0,0,100.0,100.0,inf,2.1,0.0,22.9
LONG:vwap_reclaim+above_vwap+delta_surge+vwap_reclaim_v|nk0.8|vm0.8|pm_1130_1400,7,0.12,7,0,0,100.0,100.0,inf,2.1,0.0,22.9
LONG:vwap_reclaim+above_vwap+delta_surge+vwap_reclaim_v|nk0.8|vm1.2|pm_1130_1400,7,0.12,7,0,0,100.0,100.0,inf,2.1,0.0,22.9
LONG:vwap_reclaim+above_vwap+delta_surge+rvol_thrust_up|nk0.0|vm0.8|pm_1130_1400,7,0.12,7,0,0,100.0,100.0,inf,2.1,0.0,22.9
LONG:vwap_reclaim+above_vwap+delta_surge+rvol_thrust_up|nk0.0|vm1.2|pm_1130_1400,7,0.12,7,0,0,100.0,100.0,inf,2.1,0.0,22.9
LONG:vwap_reclaim+above_vwap+delta_surge+rvol_thrust_up|nk0.5|vm0.8|pm_1130_1400,7,0.12,7,0,0,100.0,100.0,inf,2.1,0.0,22.9
LONG:vwap_reclaim+above_vwap+delta_surge+rvol_thrust_up|nk0.5|vm1.2|pm_1130_1400,7,0.12,7,0,0,100.0,100.0,inf,2.1,0.0,22.9
LONG:vwap_reclaim+above_vwap+delta_surge+rvol_thrust_up|nk0.8|vm0.8|pm_1130_1400,7,0.12,7,0,0,100.0,100.0,inf,2.1,0.0,22.9
LONG:vwap_reclaim+above_vwap+delta_surge+rvol_thrust_up|nk0.8|vm1.2|pm_1130_1400,7,0.12,7,0,0,100.0,100.0,inf,2.1,0.0,22.9
LONG:vwap_reclaim+above_vwap+delta_surge+above_vwap_v|nk0.0|vm0.8|pm_1130_1400,7,0.12,7,0,0,100.0,100.0,inf,2.1,0.0,22.9
LONG:vwap_reclaim+above_vwap+delta_surge+above_vwap_v|nk0.0|vm1.2|pm_1130_1400,7,0.12,7,0,0,100.0,100.0,inf,2.1,0.0,22.9
LONG:vwap_reclaim+above_vwap+delta_surge+above_vwap_v|nk0.5|vm0.8|pm_1130_1400,7,0.12,7,0,0,100.0,100.0,inf,2.1,0.0,22.9
LONG:vwap_reclaim+above_vwap+delta_surge+above_vwap_v|nk0.5|vm1.2|pm_1130_1400,7,0.12,7,0,0,100.0,100.0,inf,2.1,0.0,22.9
LONG:vwap_reclaim+above_vwap+delta_surge+above_vwap_v|nk0.8|vm0.8|pm_1130_1400,7,0.12,7,0,0,100.0,100.0,inf,2.1,0.0,22.9
LONG:vwap_reclaim+above_vwap+delta_surge+above_vwap_v|nk0.8|vm1.2|pm_1130_1400,7,0.12,7,0,0,100.0,100.0,inf,2.1,0.0,22.9
LONG:vwap_reclaim+above_vwap+strong_close+rvol_thrust_up|nk0.0|vm0.8|pm_1130_1400,7,0.12,7,0,0,100.0,100.0,inf,2.1,0.0,22.9
LONG:vwap_reclaim+above_vwap+strong_close+rvol_thrust_up|nk0.0|vm1.2|pm_1130_1400,7,0.12,7,0,0,100.0,100.0,inf,2.1,0.0,22.9
LONG:vwap_reclaim+above_vwap+strong_close+rvol_thrust_up|nk0.5|vm0.8|pm_1130_1400,7,0.12,7,0,0,100.0,100.0,inf,2.1,0.0,22.9
LONG:vwap_reclaim+above_vwap+strong_close+rvol_thrust_up|nk0.5|vm1.2|pm_1130_1400,7,0.12,7,0,0,100.0,100.0,inf,2.1,0.0,22.9
LONG:vwap_reclaim+above_vwap+strong_close+rvol_thrust_up|nk0.8|vm0.8|pm_1130_1400,7,0.12,7,0,0,100.0,100.0,inf,2.1,0.0,22.9
LONG:vwap_reclaim+above_vwap+strong_close+rvol_thrust_up|nk0.8|vm1.2|pm_1130_1400,7,0.12,7,0,0,100.0,100.0,inf,2.1,0.0,22.9
LONG:vwap_reclaim+above_vwap+strong_close+above_vwap_v|nk0.0|vm0.8|pm_1130_1400,7,0.12,7,0,0,100.0,100.0,inf,2.1,0.0,22.9
LONG:vwap_reclaim+above_vwap+strong_close+above_vwap_v|nk0.0|vm1.2|pm_1130_1400,7,0.12,7,0,0,100.0,100.0,inf,2.1,0.0,22.9
LONG:vwap_reclaim+above_vwap+strong_close+above_vwap_v|nk0.5|vm0.8|pm_1130_1400,7,0.12,7,0,0,100.0,100.0,inf,2.1,0.0,22.9
LONG:vwap_reclaim+above_vwap+strong_close+above_vwap_v|nk0.5|vm1.2|pm_1130_1400,7,0.12,7,0,0,100.0,100.0,inf,2.1,0.0,22.9
LONG:vwap_reclaim+above_vwap+strong_close+above_vwap_v|nk0.8|vm0.8|pm_1130_1400,7,0.12,7,0,0,100.0,100.0,inf,2.1,0.0,22.9
LONG:vwap_reclaim+above_vwap+strong_close+above_vwap_v|nk0.8|vm1.2|pm_1130_1400,7,0.12,7,0,0,100.0,100.0,inf,2.1,0.0,22.9
LONG:vwap_reclaim+above_vwap+vwap_reclaim_v+rvol_thrust_up|nk0.0|vm0.8|pm_1130_1400,7,0.12,7,0,0,100.0,100.0,inf,2.1,0.0,22.9
LONG:vwap_reclaim+above_vwap+vwap_reclaim_v+rvol_thrust_up|nk0.0|vm1.2|pm_1130_1400,7,0.12,7,0,0,100.0,100.0,inf,2.1,0.0,22.9
LONG:vwap_reclaim+above_vwap+vwap_reclaim_v+rvol_thrust_up|nk0.5|vm0.8|pm_1130_1400,7,0.12,7,0,0,100.0,100.0,inf,2.1,0.0,22.9
LONG:vwap_reclaim+above_vwap+vwap_reclaim_v+rvol_thrust_up|nk0.5|vm1.2|pm_1130_1400,7,0.12,7,0,0,100.0,100.0,inf,2.1,0.0,22.9
LONG:vwap_reclaim+above_vwap+vwap_reclaim_v+rvol_thrust_up|nk0.8|vm0.8|pm_1130_1400,7,0.12,7,0,0,100.0,100.0,inf,2.1,0.0,22.9
LONG:vwap_reclaim+above_vwap+vwap_reclaim_v+rvol_thrust_up|nk0.8|vm1.2|pm_1130_1400,7,0.12,7,0,0,100.0,100.0,inf,2.1,0.0,22.9
LONG:vwap_reclaim+above_vwap+vwap_reclaim_v+above_vwap_v|nk0.0|vm0.8|pm_1130_1400,7,0.12,7,0,0,100.0,100.0,inf,2.1,0.0,22.9
LONG:vwap_reclaim+above_vwap+vwap_reclaim_v+above_vwap_v|nk0.0|vm1.2|pm_1130_1400,7,0.12,7,0,0,100.0,100.0,inf,2.1,0.0,22.9
LONG:vwap_reclaim+above_vwap+vwap_reclaim_v+above_vwap_v|nk0.5|vm0.8|pm_1130_1400,7,0.12,7,0,0,100.0,100.0,inf,2.1,0.0,22.9
LONG:vwap_reclaim+above_vwap+vwap_reclaim_v+above_vwap_v|nk0.5|vm1.2|pm_1130_1400,7,0.12,7,0,0,100.0,100.0,inf,2.1,0.0,22.9
LONG:vwap_reclaim+above_vwap+vwap_reclaim_v+above_vwap_v|nk0.8|vm0.8|pm_1130_1400,7,0.12,7,0,0,100.0,100.0,inf,2.1,0.0,22.9
LONG:vwap_reclaim+above_vwap+vwap_reclaim_v+above_vwap_v|nk0.8|vm1.2|pm_1130_1400,7,0.12,7,0,0,100.0,100.0,inf,2.1,0.0,22.9
LONG:vwap_reclaim+above_vwap+rvol_thrust_up+above_vwap_v|nk0.0|vm0.8|pm_1130_1400,7,0.12,7,0,0,100.0,100.0,inf,2.1,0.0,22.9
LONG:vwap_reclaim+above_vwap+rvol_thrust_up+above_vwap_v|nk0.0|vm1.2|pm_1130_1400,7,0.12,7,0,0,100.0,100.0,inf,2.1,0.0,22.9
LONG:vwap_reclaim+above_vwap+rvol_thrust_up+above_vwap_v|nk0.5|vm0.8|pm_1130_1400,7,0.12,7,0,0,100.0,100.0,inf,2.1,0.0,22.9
LONG:vwap_reclaim+above_vwap+rvol_thrust_up+above_vwap_v|nk0.5|vm1.2|pm_1130_1400,7,0.12,7,0,0,100.0,100.0,inf,2.1,0.0,22.9
LONG:vwap_reclaim+above_vwap+rvol_thrust_up+above_vwap_v|nk0.8|vm0.8|pm_1130_1400,7,0.12,7,0,0,100.0,100.0,inf,2.1,0.0,22.9
LONG:vwap_reclaim+above_vwap+rvol_thrust_up+above_vwap_v|nk0.8|vm1.2|pm_1130_1400,7,0.12,7,0,0,100.0,100.0,inf,2.1,0.0,22.9
LONG:vwap_reclaim+adi_up+delta_surge+strong_close|nk0.0|vm0.8|pm_1130_1400,7,0.12,7,0,0,100.0,100.0,inf,2.1,0.0,22.9
LONG:vwap_reclaim+adi_up+delta_surge+strong_close|nk0.0|vm1.2|pm_1130_1400,7,0.12,7,0,0,100.0,100.0,inf,2.1,0.0,22.9
LONG:vwap_reclaim+adi_up+delta_surge+strong_close|nk0.5|vm0.8|pm_1130_1400,7,0.12,7,0,0,100.0,100.0,inf,2.1,0.0,22.9
LONG:vwap_reclaim+adi_up+delta_surge+strong_close|nk0.5|vm1.2|pm_1130_1400,7,0.12,7,0,0,100.0,100.0,inf,2.1,0.0,22.9
LONG:vwap_reclaim+adi_up+delta_surge+strong_close|nk0.8|vm0.8|pm_1130_1400,7,0.12,7,0,0,100.0,100.0,inf,2.1,0.0,22.9
LONG:vwap_reclaim+adi_up+delta_surge+strong_close|nk0.8|vm1.2|pm_1130_1400,7,0.12,7,0,0,100.0,100.0,inf,2.1,0.0,22.9
LONG:vwap_reclaim+adi_up+delta_surge+vwap_reclaim_v|nk0.0|vm0.8|pm_1130_1400,7,0.12,7,0,0,100.0,100.0,inf,2.1,0.0,22.9
LONG:vwap_reclaim+adi_up+delta_surge+vwap_reclaim_v|nk0.0|vm1.2|pm_1130_1400,7,0.12,7,0,0,100.0,100.0,inf,2.1,0.0,22.9
LONG:vwap_reclaim+adi_up+delta_surge+vwap_reclaim_v|nk0.5|vm0.8|pm_1130_1400,7,0.12,7,0,0,100.0,100.0,inf,2.1,0.0,22.9
LONG:vwap_reclaim+adi_up+delta_surge+vwap_reclaim_v|nk0.5|vm1.2|pm_1130_1400,7,0.12,7,0,0,100.0,100.0,inf,2.1,0.0,22.9
LONG:vwap_reclaim+adi_up+delta_surge+vwap_reclaim_v|nk0.8|vm0.8|pm_1130_1400,7,0.12,7,0,0,100.0,100.0,inf,2.1,0.0,22.9
LONG:vwap_reclaim+adi_up+delta_surge+vwap_reclaim_v|nk0.8|vm1.2|pm_1130_1400,7,0.12,7,0,0,100.0,100.0,inf,2.1,0.0,22.9
LONG:vwap_reclaim+adi_up+delta_surge+rvol_thrust_up|nk0.0|vm0.8|pm_1130_1400,7,0.12,7,0,0,100.0,100.0,inf,2.1,0.0,22.9
LONG:vwap_reclaim+adi_up+delta_surge+rvol_thrust_up|nk0.0|vm1.2|pm_1130_1400,7,0.12,7,0,0,100.0,100.0,inf,2.1,0.0,22.9
LONG:vwap_reclaim+adi_up+delta_surge+rvol_thrust_up|nk0.5|vm0.8|pm_1130_1400,7,0.12,7,0,0,100.0,100.0,inf,2.1,0.0,22.9
LONG:vwap_reclaim+adi_up+delta_surge+rvol_thrust_up|nk0.5|vm1.2|pm_1130_1400,7,0.12,7,0,0,100.0,100.0,inf,2.1,0.0,22.9
LONG:vwap_reclaim+adi_up+delta_surge+rvol_thrust_up|nk0.8|vm0.8|pm_1130_1400,7,0.12,7,0,0,100.0,100.0,inf,2.1,0.0,22.9
LONG:vwap_reclaim+adi_up+delta_surge+rvol_thrust_up|nk0.8|vm1.2|pm_1130_1400,7,0.12,7,0,0,100.0,100.0,inf,2.1,0.0,22.9
LONG:vwap_reclaim+adi_up+delta_surge+above_vwap_v|nk0.0|vm0.8|pm_1130_1400,7,0.12,7,0,0,100.0,100.0,inf,2.1,0.0,22.9
LONG:vwap_reclaim+adi_up+delta_surge+above_vwap_v|nk0.0|vm1.2|pm_1130_1400,7,0.12,7,0,0,100.0,100.0,inf,2.1,0.0,22.9
LONG:vwap_reclaim+adi_up+delta_surge+above_vwap_v|nk0.5|vm0.8|pm_1130_1400,7,0.12,7,0,0,100.0,100.0,inf,2.1,0.0,22.9
LONG:vwap_reclaim+adi_up+delta_surge+above_vwap_v|nk0.5|vm1.2|pm_1130_1400,7,0.12,7,0,0,100.0,100.0,inf,2.1,0.0,22.9
LONG:vwap_reclaim+adi_up+delta_surge+above_vwap_v|nk0.8|vm0.8|pm_1130_1400,7,0.12,7,0,0,100.0,100.0,inf,2.1,0.0,22.9
LONG:vwap_reclaim+adi_up+delta_surge+above_vwap_v|nk0.8|vm1.2|pm_1130_1400,7,0.12,7,0,0,100.0,100.0,inf,2.1,0.0,22.9
LONG:vwap_reclaim+adi_up+strong_close+rvol_thrust_up|nk0.0|vm0.8|pm_1130_1400,7,0.12,7,0,0,100.0,100.0,inf,2.1,0.0,22.9
LONG:vwap_reclaim+adi_up+strong_close+rvol_thrust_up|nk0.0|vm1.2|pm_1130_1400,7,0.12,7,0,0,100.0,100.0,inf,2.1,0.0,22.9
LONG:vwap_reclaim+adi_up+strong_close+rvol_thrust_up|nk0.5|vm0.8|pm_1130_1400,7,0.12,7,0,0,100.0,100.0,inf,2.1,0.0,22.9
LONG:vwap_reclaim+adi_up+strong_close+rvol_thrust_up|nk0.5|vm1.2|pm_1130_1400,7,0.12,7,0,0,100.0,100.0,inf,2.1,0.0,22.9
LONG:vwap_reclaim+adi_up+strong_close+rvol_thrust_up|nk0.8|vm0.8|pm_1130_1400,7,0.12,7,0,0,100.0,100.0,inf,2.1,0.0,22.9
LONG:vwap_reclaim+adi_up+strong_close+rvol_thrust_up|nk0.8|vm1.2|pm_1130_1400,7,0.12,7,0,0,100.0,100.0,inf,2.1,0.0,22.9
LONG:vwap_reclaim+adi_up+strong_close+above_vwap_v|nk0.0|vm0.8|pm_1130_1400,7,0.12,7,0,0,100.0,100.0,inf,2.1,0.0,22.9
LONG:vwap_reclaim+adi_up+strong_close+above_vwap_v|nk0.0|vm1.2|pm_1130_1400,7,0.12,7,0,0,100.0,100.0,inf,2.1,0.0,22.9
LONG:vwap_reclaim+adi_up+strong_close+above_vwap_v|nk0.5|vm0.8|pm_1130_1400,7,0.12,7,0,0,100.0,100.0,inf,2.1,0.0,22.9
LONG:vwap_reclaim+adi_up+strong_close+above_vwap_v|nk0.5|vm1.2|pm_1130_1400,7,0.12,7,0,0,100.0,100.0,inf,2.1,0.0,22.9
LONG:vwap_reclaim+adi_up+strong_close+above_vwap_v|nk0.8|vm0.8|pm_1130_1400,7,0.12,7,0,0,100.0,100.0,inf,2.1,0.0,22.9
LONG:vwap_reclaim+adi_up+strong_close+above_vwap_v|nk0.8|vm1.2|pm_1130_1400,7,0.12,7,0,0,100.0,100.0,inf,2.1,0.0,22.9
LONG:vwap_reclaim+adi_up+vwap_reclaim_v+rvol_thrust_up|nk0.0|vm0.8|pm_1130_1400,7,0.12,7,0,0,100.0,100.0,inf,2.1,0.0,22.9
LONG:vwap_reclaim+adi_up+vwap_reclaim_v+rvol_thrust_up|nk0.0|vm1.2|pm_1130_1400,7,0.12,7,0,0,100.0,100.0,inf,2.1,0.0,22.9
LONG:vwap_reclaim+adi_up+vwap_reclaim_v+rvol_thrust_up|nk0.5|vm0.8|pm_1130_1400,7,0.12,7,0,0,100.0,100.0,inf,2.1,0.0,22.9
LONG:vwap_reclaim+adi_up+vwap_reclaim_v+rvol_thrust_up|nk0.5|vm1.2|pm_1130_1400,7,0.12,7,0,0,100.0,100.0,inf,2.1,0.0,22.9
LONG:vwap_reclaim+adi_up+vwap_reclaim_v+rvol_thrust_up|nk0.8|vm0.8|pm_1130_1400,7,0.12,7,0,0,100.0,100.0,inf,2.1,0.0,22.9
LONG:vwap_reclaim+adi_up+vwap_reclaim_v+rvol_thrust_up|nk0.8|vm1.2|pm_1130_1400,7,0.12,7,0,0,100.0,100.0,inf,2.1,0.0,22.9
LONG:vwap_reclaim+adi_up+vwap_reclaim_v+above_vwap_v|nk0.0|vm0.8|pm_1130_1400,7,0.12,7,0,0,100.0,100.0,inf,2.1,0.0,22.9
LONG:vwap_reclaim+adi_up+vwap_reclaim_v+above_vwap_v|nk0.0|vm1.2|pm_1130_1400,7,0.12,7,0,0,100.0,100.0,inf,2.1,0.0,22.9
LONG:vwap_reclaim+adi_up+vwap_reclaim_v+above_vwap_v|nk0.5|vm0.8|pm_1130_1400,7,0.12,7,0,0,100.0,100.0,inf,2.1,0.0,22.9
LONG:vwap_reclaim+adi_up+vwap_reclaim_v+above_vwap_v|nk0.5|vm1.2|pm_1130_1400,7,0.12,7,0,0,100.0,100.0,inf,2.1,0.0,22.9
LONG:vwap_reclaim+adi_up+vwap_reclaim_v+above_vwap_v|nk0.8|vm0.8|pm_1130_1400,7,0.12,7,0,0,100.0,100.0,inf,2.1,0.0,22.9
LONG:vwap_reclaim+adi_up+vwap_reclaim_v+above_vwap_v|nk0.8|vm1.2|pm_1130_1400,7,0.12,7,0,0,100.0,100.0,inf,2.1,0.0,22.9
LONG:vwap_reclaim+adi_up+rvol_thrust_up+above_vwap_v|nk0.0|vm0.8|pm_1130_1400,7,0.12,7,0,0,100.0,100.0,inf,2.1,0.0,22.9
LONG:vwap_reclaim+adi_up+rvol_thrust_up+above_vwap_v|nk0.0|vm1.2|pm_1130_1400,7,0.12,7,0,0,100.0,100.0,inf,2.1,0.0,22.9
LONG:vwap_reclaim+adi_up+rvol_thrust_up+above_vwap_v|nk0.5|vm0.8|pm_1130_1400,7,0.12,7,0,0,100.0,100.0,inf,2.1,0.0,22.9
LONG:vwap_reclaim+adi_up+rvol_thrust_up+above_vwap_v|nk0.5|vm1.2|pm_1130_1400,7,0.12,7,0,0,100.0,100.0,inf,2.1,0.0,22.9
LONG:vwap_reclaim+adi_up+rvol_thrust_up+above_vwap_v|nk0.8|vm0.8|pm_1130_1400,7,0.12,7,0,0,100.0,100.0,inf,2.1,0.0,22.9
LONG:vwap_reclaim+adi_up+rvol_thrust_up+above_vwap_v|nk0.8|vm1.2|pm_1130_1400,7,0.12,7,0,0,100.0,100.0,inf,2.1,0.0,22.9
LONG:vwap_reclaim+delta_surge+strong_close+vwap_reclaim_v|nk0.0|vm0.8|pm_1130_1400,7,0.12,7,0,0,100.0,100.0,inf,2.1,0.0,22.9
LONG:vwap_reclaim+delta_surge+strong_close+vwap_reclaim_v|nk0.0|vm1.2|pm_1130_1400,7,0.12,7,0,0,100.0,100.0,inf,2.1,0.0,22.9
LONG:vwap_reclaim+delta_surge+strong_close+vwap_reclaim_v|nk0.5|vm0.8|pm_1130_1400,7,0.12,7,0,0,100.0,100.0,inf,2.1,0.0,22.9
LONG:vwap_reclaim+delta_surge+strong_close+vwap_reclaim_v|nk0.5|vm1.2|pm_1130_1400,7,0.12,7,0,0,100.0,100.0,inf,2.1,0.0,22.9
LONG:vwap_reclaim+delta_surge+strong_close+vwap_reclaim_v|nk0.8|vm0.8|pm_1130_1400,7,0.12,7,0,0,100.0,100.0,inf,2.1,0.0,22.9
LONG:vwap_reclaim+delta_surge+strong_close+vwap_reclaim_v|nk0.8|vm1.2|pm_1130_1400,7,0.12,7,0,0,100.0,100.0,inf,2.1,0.0,22.9
LONG:vwap_reclaim+delta_surge+strong_close+rvol_thrust_up|nk0.0|vm0.8|pm_1130_1400,7,0.12,7,0,0,100.0,100.0,inf,2.1,0.0,22.9
LONG:vwap_reclaim+delta_surge+strong_close+rvol_thrust_up|nk0.0|vm1.2|pm_1130_1400,7,0.12,7,0,0,100.0,100.0,inf,2.1,0.0,22.9
LONG:vwap_reclaim+delta_surge+strong_close+rvol_thrust_up|nk0.5|vm0.8|pm_1130_1400,7,0.12,7,0,0,100.0,100.0,inf,2.1,0.0,22.9
LONG:vwap_reclaim+delta_surge+strong_close+rvol_thrust_up|nk0.5|vm1.2|pm_1130_1400,7,0.12,7,0,0,100.0,100.0,inf,2.1,0.0,22.9
LONG:vwap_reclaim+delta_surge+strong_close+rvol_thrust_up|nk0.8|vm0.8|pm_1130_1400,7,0.12,7,0,0,100.0,100.0,inf,2.1,0.0,22.9
LONG:vwap_reclaim+delta_surge+strong_close+rvol_thrust_up|nk0.8|vm1.2|pm_1130_1400,7,0.12,7,0,0,100.0,100.0,inf,2.1,0.0,22.9
LONG:vwap_reclaim+delta_surge+strong_close+above_vwap_v|nk0.0|vm0.8|pm_1130_1400,7,0.12,7,0,0,100.0,100.0,inf,2.1,0.0,22.9
LONG:vwap_reclaim+delta_surge+strong_close+above_vwap_v|nk0.0|vm1.2|pm_1130_1400,7,0.12,7,0,0,100.0,100.0,inf,2.1,0.0,22.9
LONG:vwap_reclaim+delta_surge+strong_close+above_vwap_v|nk0.5|vm0.8|pm_1130_1400,7,0.12,7,0,0,100.0,100.0,inf,2.1,0.0,22.9
LONG:vwap_reclaim+delta_surge+strong_close+above_vwap_v|nk0.5|vm1.2|pm_1130_1400,7,0.12,7,0,0,100.0,100.0,inf,2.1,0.0,22.9
LONG:vwap_reclaim+delta_surge+strong_close+above_vwap_v|nk0.8|vm0.8|pm_1130_1400,7,0.12,7,0,0,100.0,100.0,inf,2.1,0.0,22.9
LONG:vwap_reclaim+delta_surge+strong_close+above_vwap_v|nk0.8|vm1.2|pm_1130_1400,7,0.12,7,0,0,100.0,100.0,inf,2.1,0.0,22.9
LONG:vwap_reclaim+delta_surge+vwap_reclaim_v+rvol_thrust_up|nk0.0|vm0.8|pm_1130_1400,7,0.12,7,0,0,100.0,100.0,inf,2.1,0.0,22.9
LONG:vwap_reclaim+delta_surge+vwap_reclaim_v+rvol_thrust_up|nk0.0|vm1.2|pm_1130_1400,7,0.12,7,0,0,100.0,100.0,inf,2.1,0.0,22.9
LONG:vwap_reclaim+delta_surge+vwap_reclaim_v+rvol_thrust_up|nk0.5|vm0.8|pm_1130_1400,7,0.12,7,0,0,100.0,100.0,inf,2.1,0.0,22.9
LONG:vwap_reclaim+delta_surge+vwap_reclaim_v+rvol_thrust_up|nk0.5|vm1.2|pm_1130_1400,7,0.12,7,0,0,100.0,100.0,inf,2.1,0.0,22.9
LONG:vwap_reclaim+delta_surge+vwap_reclaim_v+rvol_thrust_up|nk0.8|vm0.8|pm_1130_1400,7,0.12,7,0,0,100.0,100.0,inf,2.1,0.0,22.9
LONG:vwap_reclaim+delta_surge+vwap_reclaim_v+rvol_thrust_up|nk0.8|vm1.2|pm_1130_1400,7,0.12,7,0,0,100.0,100.0,inf,2.1,0.0,22.9
LONG:vwap_reclaim+delta_surge+vwap_reclaim_v+above_vwap_v|nk0.0|vm0.8|pm_1130_1400,7,0.12,7,0,0,100.0,100.0,inf,2.1,0.0,22.9
LONG:vwap_reclaim+delta_surge+vwap_reclaim_v+above_vwap_v|nk0.0|vm1.2|pm_1130_1400,7,0.12,7,0,0,100.0,100.0,inf,2.1,0.0,22.9
LONG:vwap_reclaim+delta_surge+vwap_reclaim_v+above_vwap_v|nk0.5|vm0.8|pm_1130_1400,7,0.12,7,0,0,100.0,100.0,inf,2.1,0.0,22.9
LONG:vwap_reclaim+delta_surge+vwap_reclaim_v+above_vwap_v|nk0.5|vm1.2|pm_1130_1400,7,0.12,7,0,0,100.0,100.0,inf,2.1,0.0,22.9
LONG:vwap_reclaim+delta_surge+vwap_reclaim_v+above_vwap_v|nk0.8|vm0.8|pm_1130_1400,7,0.12,7,0,0,100.0,100.0,inf,2.1,0.0,22.9
LONG:vwap_reclaim+delta_surge+vwap_reclaim_v+above_vwap_v|nk0.8|vm1.2|pm_1130_1400,7,0.12,7,0,0,100.0,100.0,inf,2.1,0.0,22.9
LONG:vwap_reclaim+delta_surge+rvol_thrust_up+above_vwap_v|nk0.0|vm0.8|pm_1130_1400,7,0.12,7,0,0,100.0,100.0,inf,2.1,0.0,22.9
LONG:vwap_reclaim+delta_surge+rvol_thrust_up+above_vwap_v|nk0.0|vm1.2|pm_1130_1400,7,0.12,7,0,0,100.0,100.0,inf,2.1,0.0,22.9
LONG:vwap_reclaim+delta_surge+rvol_thrust_up+above_vwap_v|nk0.5|vm0.8|pm_1130_1400,7,0.12,7,0,0,100.0,100.0,inf,2.1,0.0,22.9
LONG:vwap_reclaim+delta_surge+rvol_thrust_up+above_vwap_v|nk0.5|vm1.2|pm_1130_1400,7,0.12,7,0,0,100.0,100.0,inf,2.1,0.0,22.9
LONG:vwap_reclaim+delta_surge+rvol_thrust_up+above_vwap_v|nk0.8|vm0.8|pm_1130_1400,7,0.12,7,0,0,100.0,100.0,inf,2.1,0.0,22.9
LONG:vwap_reclaim+delta_surge+rvol_thrust_up+above_vwap_v|nk0.8|vm1.2|pm_1130_1400,7,0.12,7,0,0,100.0,100.0,inf,2.1,0.0,22.9
LONG:vwap_reclaim+strong_close+vwap_reclaim_v+rvol_thrust_up|nk0.0|vm0.8|pm_1130_1400,7,0.12,7,0,0,100.0,100.0,inf,2.1,0.0,22.9
LONG:vwap_reclaim+strong_close+vwap_reclaim_v+rvol_thrust_up|nk0.0|vm1.2|pm_1130_1400,7,0.12,7,0,0,100.0,100.0,inf,2.1,0.0,22.9
LONG:vwap_reclaim+strong_close+vwap_reclaim_v+rvol_thrust_up|nk0.5|vm0.8|pm_1130_1400,7,0.12,7,0,0,100.0,100.0,inf,2.1,0.0,22.9
LONG:vwap_reclaim+strong_close+vwap_reclaim_v+rvol_thrust_up|nk0.5|vm1.2|pm_1130_1400,7,0.12,7,0,0,100.0,100.0,inf,2.1,0.0,22.9
LONG:vwap_reclaim+strong_close+vwap_reclaim_v+rvol_thrust_up|nk0.8|vm0.8|pm_1130_1400,7,0.12,7,0,0,100.0,100.0,inf,2.1,0.0,22.9
LONG:vwap_reclaim+strong_close+vwap_reclaim_v+rvol_thrust_up|nk0.8|vm1.2|pm_1130_1400,7,0.12,7,0,0,100.0,100.0,inf,2.1,0.0,22.9
LONG:vwap_reclaim+strong_close+vwap_reclaim_v+above_vwap_v|nk0.0|vm0.8|pm_1130_1400,7,0.12,7,0,0,100.0,100.0,inf,2.1,0.0,22.9
LONG:vwap_reclaim+strong_close+vwap_reclaim_v+above_vwap_v|nk0.0|vm1.2|pm_1130_1400,7,0.12,7,0,0,100.0,100.0,inf,2.1,0.0,22.9
LONG:vwap_reclaim+strong_close+vwap_reclaim_v+above_vwap_v|nk0.5|vm0.8|pm_1130_1400,7,0.12,7,0,0,100.0,100.0,inf,2.1,0.0,22.9
LONG:vwap_reclaim+strong_close+vwap_reclaim_v+above_vwap_v|nk0.5|vm1.2|pm_1130_1400,7,0.12,7,0,0,100.0,100.0,inf,2.1,0.0,22.9
LONG:vwap_reclaim+strong_close+vwap_reclaim_v+above_vwap_v|nk0.8|vm0.8|pm_1130_1400,7,0.12,7,0,0,100.0,100.0,inf,2.1,0.0,22.9
LONG:vwap_reclaim+strong_close+vwap_reclaim_v+above_vwap_v|nk0.8|vm1.2|pm_1130_1400,7,0.12,7,0,0,100.0,100.0,inf,2.1,0.0,22.9
LONG:vwap_reclaim+strong_close+rvol_thrust_up+above_vwap_v|nk0.0|vm0.8|pm_1130_1400,7,0.12,7,0,0,100.0,100.0,inf,2.1,0.0,22.9
LONG:vwap_reclaim+strong_close+rvol_thrust_up+above_vwap_v|nk0.0|vm1.2|pm_1130_1400,7,0.12,7,0,0,100.0,100.0,inf,2.1,0.0,22.9
LONG:vwap_reclaim+strong_close+rvol_thrust_up+above_vwap_v|nk0.5|vm0.8|pm_1130_1400,7,0.12,7,0,0,100.0,100.0,inf,2.1,0.0,22.9
LONG:vwap_reclaim+strong_close+rvol_thrust_up+above_vwap_v|nk0.5|vm1.2|pm_1130_1400,7,0.12,7,0,0,100.0,100.0,inf,2.1,0.0,22.9
LONG:vwap_reclaim+strong_close+rvol_thrust_up+above_vwap_v|nk0.8|vm0.8|pm_1130_1400,7,0.12,7,0,0,100.0,100.0,inf,2.1,0.0,22.9
LONG:vwap_reclaim+strong_close+rvol_thrust_up+above_vwap_v|nk0.8|vm1.2|pm_1130_1400,7,0.12,7,0,0,100.0,100.0,inf,2.1,0.0,22.9
LONG:vwap_reclaim+vwap_reclaim_v+rvol_thrust_up+above_vwap_v|nk0.0|vm0.8|pm_1130_1400,7,0.12,7,0,0,100.0,100.0,inf,2.1,0.0,22.9
LONG:vwap_reclaim+vwap_reclaim_v+rvol_thrust_up+above_vwap_v|nk0.0|vm1.2|pm_1130_1400,7,0.12,7,0,0,100.0,100.0,inf,2.1,0.0,22.9
LONG:vwap_reclaim+vwap_reclaim_v+rvol_thrust_up+above_vwap_v|nk0.5|vm0.8|pm_1130_1400,7,0.12,7,0,0,100.0,100.0,inf,2.1,0.0,22.9
LONG:vwap_reclaim+vwap_reclaim_v+rvol_thrust_up+above_vwap_v|nk0.5|vm1.2|pm_1130_1400,7,0.12,7,0,0,100.0,100.0,inf,2.1,0.0,22.9
LONG:vwap_reclaim+vwap_reclaim_v+rvol_thrust_up+above_vwap_v|nk0.8|vm0.8|pm_1130_1400,7,0.12,7,0,0,100.0,100.0,inf,2.1,0.0,22.9
LONG:vwap_reclaim+vwap_reclaim_v+rvol_thrust_up+above_vwap_v|nk0.8|vm1.2|pm_1130_1400,7,0.12,7,0,0,100.0,100.0,inf,2.1,0.0,22.9
LONG:above_vwap+adi_up+delta_surge+vwap_reclaim_v|nk0.0|vm0.8|pm_1130_1400,7,0.12,7,0,0,100.0,100.0,inf,2.1,0.0,22.9
LONG:above_vwap+adi_up+delta_surge+vwap_reclaim_v|nk0.0|vm1.2|pm_1130_1400,7,0.12,7,0,0,100.0,100.0,inf,2.1,0.0,22.9
LONG:above_vwap+adi_up+delta_surge+vwap_reclaim_v|nk0.5|vm0.8|pm_1130_1400,7,0.12,7,0,0,100.0,100.0,inf,2.1,0.0,22.9
LONG:above_vwap+adi_up+delta_surge+vwap_reclaim_v|nk0.5|vm1.2|pm_1130_1400,7,0.12,7,0,0,100.0,100.0,inf,2.1,0.0,22.9
LONG:above_vwap+adi_up+delta_surge+vwap_reclaim_v|nk0.8|vm0.8|pm_1130_1400,7,0.12,7,0,0,100.0,100.0,inf,2.1,0.0,22.9
LONG:above_vwap+adi_up+delta_surge+vwap_reclaim_v|nk0.8|vm1.2|pm_1130_1400,7,0.12,7,0,0,100.0,100.0,inf,2.1,0.0,22.9
LONG:above_vwap+adi_up+vwap_reclaim_v+rvol_thrust_up|nk0.0|vm0.8|pm_1130_1400,7,0.12,7,0,0,100.0,100.0,inf,2.1,0.0,22.9
LONG:above_vwap+adi_up+vwap_reclaim_v+rvol_thrust_up|nk0.0|vm1.2|pm_1130_1400,7,0.12,7,0,0,100.0,100.0,inf,2.1,0.0,22.9
LONG:above_vwap+adi_up+vwap_reclaim_v+rvol_thrust_up|nk0.5|vm0.8|pm_1130_1400,7,0.12,7,0,0,100.0,100.0,inf,2.1,0.0,22.9
LONG:above_vwap+adi_up+vwap_reclaim_v+rvol_thrust_up|nk0.5|vm1.2|pm_1130_1400,7,0.12,7,0,0,100.0,100.0,inf,2.1,0.0,22.9
LONG:above_vwap+adi_up+vwap_reclaim_v+rvol_thrust_up|nk0.8|vm0.8|pm_1130_1400,7,0.12,7,0,0,100.0,100.0,inf,2.1,0.0,22.9
LONG:above_vwap+adi_up+vwap_reclaim_v+rvol_thrust_up|nk0.8|vm1.2|pm_1130_1400,7,0.12,7,0,0,100.0,100.0,inf,2.1,0.0,22.9
LONG:above_vwap+adi_up+vwap_reclaim_v+above_vwap_v|nk0.0|vm0.8|pm_1130_1400,7,0.12,7,0,0,100.0,100.0,inf,2.1,0.0,22.9
LONG:above_vwap+adi_up+vwap_reclaim_v+above_vwap_v|nk0.0|vm1.2|pm_1130_1400,7,0.12,7,0,0,100.0,100.0,inf,2.1,0.0,22.9
LONG:above_vwap+adi_up+vwap_reclaim_v+above_vwap_v|nk0.5|vm0.8|pm_1130_1400,7,0.12,7,0,0,100.0,100.0,inf,2.1,0.0,22.9
LONG:above_vwap+adi_up+vwap_reclaim_v+above_vwap_v|nk0.5|vm1.2|pm_1130_1400,7,0.12,7,0,0,100.0,100.0,inf,2.1,0.0,22.9
LONG:above_vwap+adi_up+vwap_reclaim_v+above_vwap_v|nk0.8|vm0.8|pm_1130_1400,7,0.12,7,0,0,100.0,100.0,inf,2.1,0.0,22.9
LONG:above_vwap+adi_up+vwap_reclaim_v+above_vwap_v|nk0.8|vm1.2|pm_1130_1400,7,0.12,7,0,0,100.0,100.0,inf,2.1,0.0,22.9
LONG:above_vwap+delta_surge+strong_close+vwap_reclaim_v|nk0.0|vm0.8|pm_1130_1400,7,0.12,7,0,0,100.0,100.0,inf,2.1,0.0,22.9
LONG:above_vwap+delta_surge+strong_close+vwap_reclaim_v|nk0.0|vm1.2|pm_1130_1400,7,0.12,7,0,0,100.0,100.0,inf,2.1,0.0,22.9
LONG:above_vwap+delta_surge+strong_close+vwap_reclaim_v|nk0.5|vm0.8|pm_1130_1400,7,0.12,7,0,0,100.0,100.0,inf,2.1,0.0,22.9
LONG:above_vwap+delta_surge+strong_close+vwap_reclaim_v|nk0.5|vm1.2|pm_1130_1400,7,0.12,7,0,0,100.0,100.0,inf,2.1,0.0,22.9
LONG:above_vwap+delta_surge+strong_close+vwap_reclaim_v|nk0.8|vm0.8|pm_1130_1400,7,0.12,7,0,0,100.0,100.0,inf,2.1,0.0,22.9
LONG:above_vwap+delta_surge+strong_close+vwap_reclaim_v|nk0.8|vm1.2|pm_1130_1400,7,0.12,7,0,0,100.0,100.0,inf,2.1,0.0,22.9
LONG:above_vwap+delta_surge+vwap_reclaim_v+rvol_thrust_up|nk0.0|vm0.8|pm_1130_1400,7,0.12,7,0,0,100.0,100.0,inf,2.1,0.0,22.9
LONG:above_vwap+delta_surge+vwap_reclaim_v+rvol_thrust_up|nk0.0|vm1.2|pm_1130_1400,7,0.12,7,0,0,100.0,100.0,inf,2.1,0.0,22.9
LONG:above_vwap+delta_surge+vwap_reclaim_v+rvol_thrust_up|nk0.5|vm0.8|pm_1130_1400,7,0.12,7,0,0,100.0,100.0,inf,2.1,0.0,22.9
LONG:above_vwap+delta_surge+vwap_reclaim_v+rvol_thrust_up|nk0.5|vm1.2|pm_1130_1400,7,0.12,7,0,0,100.0,100.0,inf,2.1,0.0,22.9
LONG:above_vwap+delta_surge+vwap_reclaim_v+rvol_thrust_up|nk0.8|vm0.8|pm_1130_1400,7,0.12,7,0,0,100.0,100.0,inf,2.1,0.0,22.9
LONG:above_vwap+delta_surge+vwap_reclaim_v+rvol_thrust_up|nk0.8|vm1.2|pm_1130_1400,7,0.12,7,0,0,100.0,100.0,inf,2.1,0.0,22.9
LONG:above_vwap+delta_surge+vwap_reclaim_v+above_vwap_v|nk0.0|vm0.8|pm_1130_1400,7,0.12,7,0,0,100.0,100.0,inf,2.1,0.0,22.9
LONG:above_vwap+delta_surge+vwap_reclaim_v+above_vwap_v|nk0.0|vm1.2|pm_1130_1400,7,0.12,7,0,0,100.0,100.0,inf,2.1,0.0,22.9
LONG:above_vwap+delta_surge+vwap_reclaim_v+above_vwap_v|nk0.5|vm0.8|pm_1130_1400,7,0.12,7,0,0,100.0,100.0,inf,2.1,0.0,22.9
LONG:above_vwap+delta_surge+vwap_reclaim_v+above_vwap_v|nk0.5|vm1.2|pm_1130_1400,7,0.12,7,0,0,100.0,100.0,inf,2.1,0.0,22.9
LONG:above_vwap+delta_surge+vwap_reclaim_v+above_vwap_v|nk0.8|vm0.8|pm_1130_1400,7,0.12,7,0,0,100.0,100.0,inf,2.1,0.0,22.9
LONG:above_vwap+delta_surge+vwap_reclaim_v+above_vwap_v|nk0.8|vm1.2|pm_1130_1400,7,0.12,7,0,0,100.0,100.0,inf,2.1,0.0,22.9
LONG:above_vwap+ylow_reclaim+strong_close+cvd_up|nk0.0|vm1.2|full_0845_1400,7,0.12,7,0,0,100.0,100.0,inf,2.1,0.0,8.6
LONG:above_vwap+ylow_reclaim+strong_close+cvd_up|nk0.5|vm1.2|full_0845_1400,7,0.12,7,0,0,100.0,100.0,inf,2.1,0.0,8.6
LONG:above_vwap+ylow_reclaim+strong_close+cvd_up|nk0.8|vm1.2|full_0845_1400,7,0.12,7,0,0,100.0,100.0,inf,2.1,0.0,8.6
LONG:above_vwap+strong_close+vwap_reclaim_v+rvol_thrust_up|nk0.0|vm0.8|pm_1130_1400,7,0.12,7,0,0,100.0,100.0,inf,2.1,0.0,22.9
LONG:above_vwap+strong_close+vwap_reclaim_v+rvol_thrust_up|nk0.0|vm1.2|pm_1130_1400,7,0.12,7,0,0,100.0,100.0,inf,2.1,0.0,22.9
LONG:above_vwap+strong_close+vwap_reclaim_v+rvol_thrust_up|nk0.5|vm0.8|pm_1130_1400,7,0.12,7,0,0,100.0,100.0,inf,2.1,0.0,22.9
LONG:above_vwap+strong_close+vwap_reclaim_v+rvol_thrust_up|nk0.5|vm1.2|pm_1130_1400,7,0.12,7,0,0,100.0,100.0,inf,2.1,0.0,22.9
LONG:above_vwap+strong_close+vwap_reclaim_v+rvol_thrust_up|nk0.8|vm0.8|pm_1130_1400,7,0.12,7,0,0,100.0,100.0,inf,2.1,0.0,22.9
LONG:above_vwap+strong_close+vwap_reclaim_v+rvol_thrust_up|nk0.8|vm1.2|pm_1130_1400,7,0.12,7,0,0,100.0,100.0,inf,2.1,0.0,22.9
LONG:above_vwap+strong_close+vwap_reclaim_v+above_vwap_v|nk0.0|vm0.8|pm_1130_1400,7,0.12,7,0,0,100.0,100.0,inf,2.1,0.0,22.9
LONG:above_vwap+strong_close+vwap_reclaim_v+above_vwap_v|nk0.0|vm1.2|pm_1130_1400,7,0.12,7,0,0,100.0,100.0,inf,2.1,0.0,22.9
LONG:above_vwap+strong_close+vwap_reclaim_v+above_vwap_v|nk0.5|vm0.8|pm_1130_1400,7,0.12,7,0,0,100.0,100.0,inf,2.1,0.0,22.9
LONG:above_vwap+strong_close+vwap_reclaim_v+above_vwap_v|nk0.5|vm1.2|pm_1130_1400,7,0.12,7,0,0,100.0,100.0,inf,2.1,0.0,22.9
LONG:above_vwap+strong_close+vwap_reclaim_v+above_vwap_v|nk0.8|vm0.8|pm_1130_1400,7,0.12,7,0,0,100.0,100.0,inf,2.1,0.0,22.9
LONG:above_vwap+strong_close+vwap_reclaim_v+above_vwap_v|nk0.8|vm1.2|pm_1130_1400,7,0.12,7,0,0,100.0,100.0,inf,2.1,0.0,22.9
LONG:above_vwap+vwap_reclaim_v+rvol_thrust_up+above_vwap_v|nk0.0|vm0.8|pm_1130_1400,7,0.12,7,0,0,100.0,100.0,inf,2.1,0.0,22.9
LONG:above_vwap+vwap_reclaim_v+rvol_thrust_up+above_vwap_v|nk0.0|vm1.2|pm_1130_1400,7,0.12,7,0,0,100.0,100.0,inf,2.1,0.0,22.9
LONG:above_vwap+vwap_reclaim_v+rvol_thrust_up+above_vwap_v|nk0.5|vm0.8|pm_1130_1400,7,0.12,7,0,0,100.0,100.0,inf,2.1,0.0,22.9
LONG:above_vwap+vwap_reclaim_v+rvol_thrust_up+above_vwap_v|nk0.5|vm1.2|pm_1130_1400,7,0.12,7,0,0,100.0,100.0,inf,2.1,0.0,22.9
LONG:above_vwap+vwap_reclaim_v+rvol_thrust_up+above_vwap_v|nk0.8|vm0.8|pm_1130_1400,7,0.12,7,0,0,100.0,100.0,inf,2.1,0.0,22.9
LONG:above_vwap+vwap_reclaim_v+rvol_thrust_up+above_vwap_v|nk0.8|vm1.2|pm_1130_1400,7,0.12,7,0,0,100.0,100.0,inf,2.1,0.0,22.9
LONG:adi_up+delta_surge+strong_close+vwap_reclaim_v|nk0.0|vm0.8|pm_1130_1400,7,0.12,7,0,0,100.0,100.0,inf,2.1,0.0,22.9
LONG:adi_up+delta_surge+strong_close+vwap_reclaim_v|nk0.0|vm1.2|pm_1130_1400,7,0.12,7,0,0,100.0,100.0,inf,2.1,0.0,22.9
LONG:adi_up+delta_surge+strong_close+vwap_reclaim_v|nk0.5|vm0.8|pm_1130_1400,7,0.12,7,0,0,100.0,100.0,inf,2.1,0.0,22.9
LONG:adi_up+delta_surge+strong_close+vwap_reclaim_v|nk0.5|vm1.2|pm_1130_1400,7,0.12,7,0,0,100.0,100.0,inf,2.1,0.0,22.9
LONG:adi_up+delta_surge+strong_close+vwap_reclaim_v|nk0.8|vm0.8|pm_1130_1400,7,0.12,7,0,0,100.0,100.0,inf,2.1,0.0,22.9
LONG:adi_up+delta_surge+strong_close+vwap_reclaim_v|nk0.8|vm1.2|pm_1130_1400,7,0.12,7,0,0,100.0,100.0,inf,2.1,0.0,22.9
LONG:adi_up+delta_surge+vwap_reclaim_v+rvol_thrust_up|nk0.0|vm0.8|pm_1130_1400,7,0.12,7,0,0,100.0,100.0,inf,2.1,0.0,22.9
LONG:adi_up+delta_surge+vwap_reclaim_v+rvol_thrust_up|nk0.0|vm1.2|pm_1130_1400,7,0.12,7,0,0,100.0,100.0,inf,2.1,0.0,22.9
LONG:adi_up+delta_surge+vwap_reclaim_v+rvol_thrust_up|nk0.5|vm0.8|pm_1130_1400,7,0.12,7,0,0,100.0,100.0,inf,2.1,0.0,22.9
LONG:adi_up+delta_surge+vwap_reclaim_v+rvol_thrust_up|nk0.5|vm1.2|pm_1130_1400,7,0.12,7,0,0,100.0,100.0,inf,2.1,0.0,22.9
LONG:adi_up+delta_surge+vwap_reclaim_v+rvol_thrust_up|nk0.8|vm0.8|pm_1130_1400,7,0.12,7,0,0,100.0,100.0,inf,2.1,0.0,22.9
LONG:adi_up+delta_surge+vwap_reclaim_v+rvol_thrust_up|nk0.8|vm1.2|pm_1130_1400,7,0.12,7,0,0,100.0,100.0,inf,2.1,0.0,22.9
LONG:adi_up+delta_surge+vwap_reclaim_v+above_vwap_v|nk0.0|vm0.8|pm_1130_1400,7,0.12,7,0,0,100.0,100.0,inf,2.1,0.0,22.9
LONG:adi_up+delta_surge+vwap_reclaim_v+above_vwap_v|nk0.0|vm1.2|pm_1130_1400,7,0.12,7,0,0,100.0,100.0,inf,2.1,0.0,22.9
LONG:adi_up+delta_surge+vwap_reclaim_v+above_vwap_v|nk0.5|vm0.8|pm_1130_1400,7,0.12,7,0,0,100.0,100.0,inf,2.1,0.0,22.9
LONG:adi_up+delta_surge+vwap_reclaim_v+above_vwap_v|nk0.5|vm1.2|pm_1130_1400,7,0.12,7,0,0,100.0,100.0,inf,2.1,0.0,22.9
LONG:adi_up+delta_surge+vwap_reclaim_v+above_vwap_v|nk0.8|vm0.8|pm_1130_1400,7,0.12,7,0,0,100.0,100.0,inf,2.1,0.0,22.9
LONG:adi_up+delta_surge+vwap_reclaim_v+above_vwap_v|nk0.8|vm1.2|pm_1130_1400,7,0.12,7,0,0,100.0,100.0,inf,2.1,0.0,22.9
LONG:adi_up+ylow_reclaim+strong_close+cvd_up|nk0.0|vm1.2|full_0845_1400,7,0.12,7,0,0,100.0,100.0,inf,2.1,0.0,8.6
LONG:adi_up+ylow_reclaim+strong_close+cvd_up|nk0.5|vm1.2|full_0845_1400,7,0.12,7,0,0,100.0,100.0,inf,2.1,0.0,8.6
LONG:adi_up+ylow_reclaim+strong_close+cvd_up|nk0.8|vm1.2|full_0845_1400,7,0.12,7,0,0,100.0,100.0,inf,2.1,0.0,8.6
LONG:adi_up+strong_close+vwap_reclaim_v+rvol_thrust_up|nk0.0|vm0.8|pm_1130_1400,7,0.12,7,0,0,100.0,100.0,inf,2.1,0.0,22.9
LONG:adi_up+strong_close+vwap_reclaim_v+rvol_thrust_up|nk0.0|vm1.2|pm_1130_1400,7,0.12,7,0,0,100.0,100.0,inf,2.1,0.0,22.9
LONG:adi_up+strong_close+vwap_reclaim_v+rvol_thrust_up|nk0.5|vm0.8|pm_1130_1400,7,0.12,7,0,0,100.0,100.0,inf,2.1,0.0,22.9
LONG:adi_up+strong_close+vwap_reclaim_v+rvol_thrust_up|nk0.5|vm1.2|pm_1130_1400,7,0.12,7,0,0,100.0,100.0,inf,2.1,0.0,22.9
LONG:adi_up+strong_close+vwap_reclaim_v+rvol_thrust_up|nk0.8|vm0.8|pm_1130_1400,7,0.12,7,0,0,100.0,100.0,inf,2.1,0.0,22.9
LONG:adi_up+strong_close+vwap_reclaim_v+rvol_thrust_up|nk0.8|vm1.2|pm_1130_1400,7,0.12,7,0,0,100.0,100.0,inf,2.1,0.0,22.9
LONG:adi_up+strong_close+vwap_reclaim_v+above_vwap_v|nk0.0|vm0.8|pm_1130_1400,7,0.12,7,0,0,100.0,100.0,inf,2.1,0.0,22.9
LONG:adi_up+strong_close+vwap_reclaim_v+above_vwap_v|nk0.0|vm1.2|pm_1130_1400,7,0.12,7,0,0,100.0,100.0,inf,2.1,0.0,22.9
LONG:adi_up+strong_close+vwap_reclaim_v+above_vwap_v|nk0.5|vm0.8|pm_1130_1400,7,0.12,7,0,0,100.0,100.0,inf,2.1,0.0,22.9
LONG:adi_up+strong_close+vwap_reclaim_v+above_vwap_v|nk0.5|vm1.2|pm_1130_1400,7,0.12,7,0,0,100.0,100.0,inf,2.1,0.0,22.9
LONG:adi_up+strong_close+vwap_reclaim_v+above_vwap_v|nk0.8|vm0.8|pm_1130_1400,7,0.12,7,0,0,100.0,100.0,inf,2.1,0.0,22.9
LONG:adi_up+strong_close+vwap_reclaim_v+above_vwap_v|nk0.8|vm1.2|pm_1130_1400,7,0.12,7,0,0,100.0,100.0,inf,2.1,0.0,22.9
LONG:adi_up+vwap_reclaim_v+rvol_thrust_up+above_vwap_v|nk0.0|vm0.8|pm_1130_1400,7,0.12,7,0,0,100.0,100.0,inf,2.1,0.0,22.9
LONG:adi_up+vwap_reclaim_v+rvol_thrust_up+above_vwap_v|nk0.0|vm1.2|pm_1130_1400,7,0.12,7,0,0,100.0,100.0,inf,2.1,0.0,22.9
LONG:adi_up+vwap_reclaim_v+rvol_thrust_up+above_vwap_v|nk0.5|vm0.8|pm_1130_1400,7,0.12,7,0,0,100.0,100.0,inf,2.1,0.0,22.9
LONG:adi_up+vwap_reclaim_v+rvol_thrust_up+above_vwap_v|nk0.5|vm1.2|pm_1130_1400,7,0.12,7,0,0,100.0,100.0,inf,2.1,0.0,22.9
LONG:adi_up+vwap_reclaim_v+rvol_thrust_up+above_vwap_v|nk0.8|vm0.8|pm_1130_1400,7,0.12,7,0,0,100.0,100.0,inf,2.1,0.0,22.9
LONG:adi_up+vwap_reclaim_v+rvol_thrust_up+above_vwap_v|nk0.8|vm1.2|pm_1130_1400,7,0.12,7,0,0,100.0,100.0,inf,2.1,0.0,22.9
LONG:delta_surge+strong_close+vwap_reclaim_v+rvol_thrust_up|nk0.0|vm0.8|pm_1130_1400,7,0.12,7,0,0,100.0,100.0,inf,2.1,0.0,22.9
LONG:delta_surge+strong_close+vwap_reclaim_v+rvol_thrust_up|nk0.0|vm1.2|pm_1130_1400,7,0.12,7,0,0,100.0,100.0,inf,2.1,0.0,22.9
LONG:delta_surge+strong_close+vwap_reclaim_v+rvol_thrust_up|nk0.5|vm0.8|pm_1130_1400,7,0.12,7,0,0,100.0,100.0,inf,2.1,0.0,22.9
LONG:delta_surge+strong_close+vwap_reclaim_v+rvol_thrust_up|nk0.5|vm1.2|pm_1130_1400,7,0.12,7,0,0,100.0,100.0,inf,2.1,0.0,22.9
LONG:delta_surge+strong_close+vwap_reclaim_v+rvol_thrust_up|nk0.8|vm0.8|pm_1130_1400,7,0.12,7,0,0,100.0,100.0,inf,2.1,0.0,22.9
LONG:delta_surge+strong_close+vwap_reclaim_v+rvol_thrust_up|nk0.8|vm1.2|pm_1130_1400,7,0.12,7,0,0,100.0,100.0,inf,2.1,0.0,22.9
LONG:delta_surge+strong_close+vwap_reclaim_v+above_vwap_v|nk0.0|vm0.8|pm_1130_1400,7,0.12,7,0,0,100.0,100.0,inf,2.1,0.0,22.9
LONG:delta_surge+strong_close+vwap_reclaim_v+above_vwap_v|nk0.0|vm1.2|pm_1130_1400,7,0.12,7,0,0,100.0,100.0,inf,2.1,0.0,22.9
LONG:delta_surge+strong_close+vwap_reclaim_v+above_vwap_v|nk0.5|vm0.8|pm_1130_1400,7,0.12,7,0,0,100.0,100.0,inf,2.1,0.0,22.9
LONG:delta_surge+strong_close+vwap_reclaim_v+above_vwap_v|nk0.5|vm1.2|pm_1130_1400,7,0.12,7,0,0,100.0,100.0,inf,2.1,0.0,22.9
LONG:delta_surge+strong_close+vwap_reclaim_v+above_vwap_v|nk0.8|vm0.8|pm_1130_1400,7,0.12,7,0,0,100.0,100.0,inf,2.1,0.0,22.9
LONG:delta_surge+strong_close+vwap_reclaim_v+above_vwap_v|nk0.8|vm1.2|pm_1130_1400,7,0.12,7,0,0,100.0,100.0,inf,2.1,0.0,22.9
LONG:delta_surge+vwap_reclaim_v+rvol_thrust_up+above_vwap_v|nk0.0|vm0.8|pm_1130_1400,7,0.12,7,0,0,100.0,100.0,inf,2.1,0.0,22.9
LONG:delta_surge+vwap_reclaim_v+rvol_thrust_up+above_vwap_v|nk0.0|vm1.2|pm_1130_1400,7,0.12,7,0,0,100.0,100.0,inf,2.1,0.0,22.9
LONG:delta_surge+vwap_reclaim_v+rvol_thrust_up+above_vwap_v|nk0.5|vm0.8|pm_1130_1400,7,0.12,7,0,0,100.0,100.0,inf,2.1,0.0,22.9
LONG:delta_surge+vwap_reclaim_v+rvol_thrust_up+above_vwap_v|nk0.5|vm1.2|pm_1130_1400,7,0.12,7,0,0,100.0,100.0,inf,2.1,0.0,22.9
LONG:delta_surge+vwap_reclaim_v+rvol_thrust_up+above_vwap_v|nk0.8|vm0.8|pm_1130_1400,7,0.12,7,0,0,100.0,100.0,inf,2.1,0.0,22.9
LONG:delta_surge+vwap_reclaim_v+rvol_thrust_up+above_vwap_v|nk0.8|vm1.2|pm_1130_1400,7,0.12,7,0,0,100.0,100.0,inf,2.1,0.0,22.9
LONG:strong_close+vwap_reclaim_v+rvol_thrust_up+above_vwap_v|nk0.0|vm0.8|pm_1130_1400,7,0.12,7,0,0,100.0,100.0,inf,2.1,0.0,22.9
LONG:strong_close+vwap_reclaim_v+rvol_thrust_up+above_vwap_v|nk0.0|vm1.2|pm_1130_1400,7,0.12,7,0,0,100.0,100.0,inf,2.1,0.0,22.9
LONG:strong_close+vwap_reclaim_v+rvol_thrust_up+above_vwap_v|nk0.5|vm0.8|pm_1130_1400,7,0.12,7,0,0,100.0,100.0,inf,2.1,0.0,22.9
LONG:strong_close+vwap_reclaim_v+rvol_thrust_up+above_vwap_v|nk0.5|vm1.2|pm_1130_1400,7,0.12,7,0,0,100.0,100.0,inf,2.1,0.0,22.9
LONG:strong_close+vwap_reclaim_v+rvol_thrust_up+above_vwap_v|nk0.8|vm0.8|pm_1130_1400,7,0.12,7,0,0,100.0,100.0,inf,2.1,0.0,22.9
LONG:strong_close+vwap_reclaim_v+rvol_thrust_up+above_vwap_v|nk0.8|vm1.2|pm_1130_1400,7,0.12,7,0,0,100.0,100.0,inf,2.1,0.0,22.9
LONG:above_vwap+ylow_reclaim|nk0.0|vm0.8|mid_1030_1300,6,0.1,6,0,0,100.0,100.0,inf,1.8,0.0,14.2
LONG:above_vwap+ylow_reclaim|nk0.5|vm0.8|mid_1030_1300,6,0.1,6,0,0,100.0,100.0,inf,1.8,0.0,14.2
LONG:s1_bounce+cvd_up|nk0.8|vm1.2|full_0845_1400,6,0.1,6,0,0,100.0,100.0,inf,1.8,0.0,10.0
LONG:ylow_reclaim+cvd_up|nk0.0|vm1.2|am_0845_1130,6,0.1,6,0,0,100.0,100.0,inf,1.8,0.0,10.0
LONG:ylow_reclaim+cvd_up|nk0.5|vm1.2|am_0845_1130,6,0.1,6,0,0,100.0,100.0,inf,1.8,0.0,10.0
LONG:ylow_reclaim+cvd_up|nk0.8|vm1.2|am_0845_1130,6,0.1,6,0,0,100.0,100.0,inf,1.8,0.0,10.0
LONG:above_pivot+macd_x_up_neg|nk0.0|vm1.2|am_0845_1130,6,0.1,6,0,0,100.0,100.0,inf,1.8,0.0,5.0
LONG:above_pivot+macd_x_up_neg|nk0.5|vm1.2|am_0845_1130,6,0.1,6,0,0,100.0,100.0,inf,1.8,0.0,5.0
LONG:above_pivot+macd_x_up_neg|nk0.8|vm1.2|am_0845_1130,6,0.1,6,0,0,100.0,100.0,inf,1.8,0.0,5.0
LONG:mom_ignite_up+rsi_thrust_up|nk0.0|vm0.8|full_0845_1400,6,0.1,6,0,0,100.0,100.0,inf,1.8,0.0,10.8
LONG:mom_ignite_up+rsi_thrust_up|nk0.0|vm1.2|full_0845_1400,6,0.1,6,0,0,100.0,100.0,inf,1.8,0.0,10.8
LONG:mom_ignite_up+rsi_thrust_up|nk0.5|vm0.8|full_0845_1400,6,0.1,6,0,0,100.0,100.0,inf,1.8,0.0,10.8
LONG:mom_ignite_up+rsi_thrust_up|nk0.5|vm1.2|full_0845_1400,6,0.1,6,0,0,100.0,100.0,inf,1.8,0.0,10.8
LONG:mom_ignite_up+rsi_thrust_up|nk0.8|vm0.8|full_0845_1400,6,0.1,6,0,0,100.0,100.0,inf,1.8,0.0,10.8
LONG:mom_ignite_up+rsi_thrust_up|nk0.8|vm1.2|full_0845_1400,6,0.1,6,0,0,100.0,100.0,inf,1.8,0.0,10.8
LONG:vwap_reclaim+delta_surge+cvd_up|nk0.0|vm0.8|pm_1130_1400,6,0.1,6,0,0,100.0,100.0,inf,1.8,0.0,25.8
LONG:vwap_reclaim+delta_surge+cvd_up|nk0.0|vm1.2|pm_1130_1400,6,0.1,6,0,0,100.0,100.0,inf,1.8,0.0,25.8
LONG:vwap_reclaim+delta_surge+cvd_up|nk0.5|vm0.8|pm_1130_1400,6,0.1,6,0,0,100.0,100.0,inf,1.8,0.0,25.8
LONG:vwap_reclaim+delta_surge+cvd_up|nk0.5|vm1.2|pm_1130_1400,6,0.1,6,0,0,100.0,100.0,inf,1.8,0.0,25.8
LONG:vwap_reclaim+delta_surge+cvd_up|nk0.8|vm0.8|pm_1130_1400,6,0.1,6,0,0,100.0,100.0,inf,1.8,0.0,25.8
LONG:vwap_reclaim+delta_surge+cvd_up|nk0.8|vm1.2|pm_1130_1400,6,0.1,6,0,0,100.0,100.0,inf,1.8,0.0,25.8
LONG:vwap_reclaim+delta_surge+cvd_up_v|nk0.0|vm0.8|pm_1130_1400,6,0.1,6,0,0,100.0,100.0,inf,1.8,0.0,25.8
LONG:vwap_reclaim+delta_surge+cvd_up_v|nk0.0|vm1.2|pm_1130_1400,6,0.1,6,0,0,100.0,100.0,inf,1.8,0.0,25.8
LONG:vwap_reclaim+delta_surge+cvd_up_v|nk0.5|vm0.8|pm_1130_1400,6,0.1,6,0,0,100.0,100.0,inf,1.8,0.0,25.8
LONG:vwap_reclaim+delta_surge+cvd_up_v|nk0.5|vm1.2|pm_1130_1400,6,0.1,6,0,0,100.0,100.0,inf,1.8,0.0,25.8
LONG:vwap_reclaim+delta_surge+cvd_up_v|nk0.8|vm0.8|pm_1130_1400,6,0.1,6,0,0,100.0,100.0,inf,1.8,0.0,25.8
LONG:vwap_reclaim+delta_surge+cvd_up_v|nk0.8|vm1.2|pm_1130_1400,6,0.1,6,0,0,100.0,100.0,inf,1.8,0.0,25.8
LONG:vwap_reclaim+rvol_thrust_up+cvd_up|nk0.0|vm0.8|pm_1130_1400,6,0.1,6,0,0,100.0,100.0,inf,1.8,0.0,25.8
LONG:vwap_reclaim+rvol_thrust_up+cvd_up|nk0.0|vm1.2|pm_1130_1400,6,0.1,6,0,0,100.0,100.0,inf,1.8,0.0,25.8
LONG:vwap_reclaim+rvol_thrust_up+cvd_up|nk0.5|vm0.8|pm_1130_1400,6,0.1,6,0,0,100.0,100.0,inf,1.8,0.0,25.8
LONG:vwap_reclaim+rvol_thrust_up+cvd_up|nk0.5|vm1.2|pm_1130_1400,6,0.1,6,0,0,100.0,100.0,inf,1.8,0.0,25.8
LONG:vwap_reclaim+rvol_thrust_up+cvd_up|nk0.8|vm0.8|pm_1130_1400,6,0.1,6,0,0,100.0,100.0,inf,1.8,0.0,25.8
LONG:vwap_reclaim+rvol_thrust_up+cvd_up|nk0.8|vm1.2|pm_1130_1400,6,0.1,6,0,0,100.0,100.0,inf,1.8,0.0,25.8
LONG:vwap_reclaim+rvol_thrust_up+cvd_up_v|nk0.0|vm0.8|pm_1130_1400,6,0.1,6,0,0,100.0,100.0,inf,1.8,0.0,25.8
LONG:vwap_reclaim+rvol_thrust_up+cvd_up_v|nk0.0|vm1.2|pm_1130_1400,6,0.1,6,0,0,100.0,100.0,inf,1.8,0.0,25.8
LONG:vwap_reclaim+rvol_thrust_up+cvd_up_v|nk0.5|vm0.8|pm_1130_1400,6,0.1,6,0,0,100.0,100.0,inf,1.8,0.0,25.8
LONG:vwap_reclaim+rvol_thrust_up+cvd_up_v|nk0.5|vm1.2|pm_1130_1400,6,0.1,6,0,0,100.0,100.0,inf,1.8,0.0,25.8
LONG:vwap_reclaim+rvol_thrust_up+cvd_up_v|nk0.8|vm0.8|pm_1130_1400,6,0.1,6,0,0,100.0,100.0,inf,1.8,0.0,25.8
LONG:vwap_reclaim+rvol_thrust_up+cvd_up_v|nk0.8|vm1.2|pm_1130_1400,6,0.1,6,0,0,100.0,100.0,inf,1.8,0.0,25.8
LONG:vwap_reclaim+above_vwap_v+cvd_up|nk0.0|vm0.8|pm_1130_1400,6,0.1,6,0,0,100.0,100.0,inf,1.8,0.0,25.8
LONG:vwap_reclaim+above_vwap_v+cvd_up|nk0.0|vm1.2|pm_1130_1400,6,0.1,6,0,0,100.0,100.0,inf,1.8,0.0,25.8
LONG:vwap_reclaim+above_vwap_v+cvd_up|nk0.5|vm0.8|pm_1130_1400,6,0.1,6,0,0,100.0,100.0,inf,1.8,0.0,25.8
LONG:vwap_reclaim+above_vwap_v+cvd_up|nk0.5|vm1.2|pm_1130_1400,6,0.1,6,0,0,100.0,100.0,inf,1.8,0.0,25.8
LONG:vwap_reclaim+above_vwap_v+cvd_up|nk0.8|vm0.8|pm_1130_1400,6,0.1,6,0,0,100.0,100.0,inf,1.8,0.0,25.8
LONG:vwap_reclaim+above_vwap_v+cvd_up|nk0.8|vm1.2|pm_1130_1400,6,0.1,6,0,0,100.0,100.0,inf,1.8,0.0,25.8
LONG:vwap_reclaim+above_vwap_v+cvd_up_v|nk0.0|vm0.8|pm_1130_1400,6,0.1,6,0,0,100.0,100.0,inf,1.8,0.0,25.8
LONG:vwap_reclaim+above_vwap_v+cvd_up_v|nk0.0|vm1.2|pm_1130_1400,6,0.1,6,0,0,100.0,100.0,inf,1.8,0.0,25.8
LONG:vwap_reclaim+above_vwap_v+cvd_up_v|nk0.5|vm0.8|pm_1130_1400,6,0.1,6,0,0,100.0,100.0,inf,1.8,0.0,25.8
LONG:vwap_reclaim+above_vwap_v+cvd_up_v|nk0.5|vm1.2|pm_1130_1400,6,0.1,6,0,0,100.0,100.0,inf,1.8,0.0,25.8
LONG:vwap_reclaim+above_vwap_v+cvd_up_v|nk0.8|vm0.8|pm_1130_1400,6,0.1,6,0,0,100.0,100.0,inf,1.8,0.0,25.8
LONG:vwap_reclaim+above_vwap_v+cvd_up_v|nk0.8|vm1.2|pm_1130_1400,6,0.1,6,0,0,100.0,100.0,inf,1.8,0.0,25.8
LONG:above_vwap+adi_up+s1_bounce|nk0.8|vm1.2|full_0845_1400,6,0.1,6,0,0,100.0,100.0,inf,1.8,0.0,10.0
LONG:above_vwap+adi_up+ylow_reclaim|nk0.0|vm1.2|am_0845_1130,6,0.1,6,0,0,100.0,100.0,inf,1.8,0.0,10.0
LONG:above_vwap+adi_up+ylow_reclaim|nk0.5|vm1.2|am_0845_1130,6,0.1,6,0,0,100.0,100.0,inf,1.8,0.0,10.0
LONG:above_vwap+adi_up+ylow_reclaim|nk0.8|vm1.2|am_0845_1130,6,0.1,6,0,0,100.0,100.0,inf,1.8,0.0,10.0
LONG:above_vwap+s1_bounce+strong_close|nk0.8|vm1.2|full_0845_1400,6,0.1,6,0,0,100.0,100.0,inf,1.8,0.0,9.2
LONG:above_vwap+s1_bounce+cvd_up|nk0.8|vm1.2|full_0845_1400,6,0.1,6,0,0,100.0,100.0,inf,1.8,0.0,10.0
LONG:above_vwap+ylow_reclaim+strong_close|nk0.0|vm0.8|mid_1030_1300,6,0.1,6,0,0,100.0,100.0,inf,1.8,0.0,14.2
LONG:above_vwap+ylow_reclaim+strong_close|nk0.5|vm0.8|mid_1030_1300,6,0.1,6,0,0,100.0,100.0,inf,1.8,0.0,14.2
LONG:above_vwap+ylow_reclaim+cvd_up|nk0.0|vm1.2|am_0845_1130,6,0.1,6,0,0,100.0,100.0,inf,1.8,0.0,10.0
LONG:above_vwap+ylow_reclaim+cvd_up|nk0.5|vm1.2|am_0845_1130,6,0.1,6,0,0,100.0,100.0,inf,1.8,0.0,10.0
LONG:above_vwap+ylow_reclaim+cvd_up|nk0.8|vm1.2|am_0845_1130,6,0.1,6,0,0,100.0,100.0,inf,1.8,0.0,10.0
LONG:adi_up+s1_bounce+cvd_up|nk0.8|vm1.2|full_0845_1400,6,0.1,6,0,0,100.0,100.0,inf,1.8,0.0,10.0
LONG:adi_up+ylow_reclaim+cvd_up|nk0.0|vm1.2|am_0845_1130,6,0.1,6,0,0,100.0,100.0,inf,1.8,0.0,10.0
LONG:adi_up+ylow_reclaim+cvd_up|nk0.5|vm1.2|am_0845_1130,6,0.1,6,0,0,100.0,100.0,inf,1.8,0.0,10.0
LONG:adi_up+ylow_reclaim+cvd_up|nk0.8|vm1.2|am_0845_1130,6,0.1,6,0,0,100.0,100.0,inf,1.8,0.0,10.0
LONG:adi_up+above_pivot+macd_x_up_neg|nk0.0|vm1.2|am_0845_1130,6,0.1,6,0,0,100.0,100.0,inf,1.8,0.0,5.0
LONG:adi_up+above_pivot+macd_x_up_neg|nk0.5|vm1.2|am_0845_1130,6,0.1,6,0,0,100.0,100.0,inf,1.8,0.0,5.0
LONG:adi_up+above_pivot+macd_x_up_neg|nk0.8|vm1.2|am_0845_1130,6,0.1,6,0,0,100.0,100.0,inf,1.8,0.0,5.0
LONG:adi_up+mom_ignite_up+rsi_thrust_up|nk0.0|vm0.8|full_0845_1400,6,0.1,6,0,0,100.0,100.0,inf,1.8,0.0,10.8
LONG:adi_up+mom_ignite_up+rsi_thrust_up|nk0.0|vm1.2|full_0845_1400,6,0.1,6,0,0,100.0,100.0,inf,1.8,0.0,10.8
LONG:adi_up+mom_ignite_up+rsi_thrust_up|nk0.5|vm0.8|full_0845_1400,6,0.1,6,0,0,100.0,100.0,inf,1.8,0.0,10.8
LONG:adi_up+mom_ignite_up+rsi_thrust_up|nk0.5|vm1.2|full_0845_1400,6,0.1,6,0,0,100.0,100.0,inf,1.8,0.0,10.8
LONG:adi_up+mom_ignite_up+rsi_thrust_up|nk0.8|vm0.8|full_0845_1400,6,0.1,6,0,0,100.0,100.0,inf,1.8,0.0,10.8
LONG:adi_up+mom_ignite_up+rsi_thrust_up|nk0.8|vm1.2|full_0845_1400,6,0.1,6,0,0,100.0,100.0,inf,1.8,0.0,10.8
LONG:delta_surge+vwap_reclaim_v+cvd_up|nk0.0|vm0.8|pm_1130_1400,6,0.1,6,0,0,100.0,100.0,inf,1.8,0.0,25.8
LONG:delta_surge+vwap_reclaim_v+cvd_up|nk0.0|vm1.2|pm_1130_1400,6,0.1,6,0,0,100.0,100.0,inf,1.8,0.0,25.8
LONG:delta_surge+vwap_reclaim_v+cvd_up|nk0.5|vm0.8|pm_1130_1400,6,0.1,6,0,0,100.0,100.0,inf,1.8,0.0,25.8
LONG:delta_surge+vwap_reclaim_v+cvd_up|nk0.5|vm1.2|pm_1130_1400,6,0.1,6,0,0,100.0,100.0,inf,1.8,0.0,25.8
LONG:delta_surge+vwap_reclaim_v+cvd_up|nk0.8|vm0.8|pm_1130_1400,6,0.1,6,0,0,100.0,100.0,inf,1.8,0.0,25.8
LONG:delta_surge+vwap_reclaim_v+cvd_up|nk0.8|vm1.2|pm_1130_1400,6,0.1,6,0,0,100.0,100.0,inf,1.8,0.0,25.8
LONG:delta_surge+vwap_reclaim_v+cvd_up_v|nk0.0|vm0.8|pm_1130_1400,6,0.1,6,0,0,100.0,100.0,inf,1.8,0.0,25.8
LONG:delta_surge+vwap_reclaim_v+cvd_up_v|nk0.0|vm1.2|pm_1130_1400,6,0.1,6,0,0,100.0,100.0,inf,1.8,0.0,25.8
LONG:delta_surge+vwap_reclaim_v+cvd_up_v|nk0.5|vm0.8|pm_1130_1400,6,0.1,6,0,0,100.0,100.0,inf,1.8,0.0,25.8
LONG:delta_surge+vwap_reclaim_v+cvd_up_v|nk0.5|vm1.2|pm_1130_1400,6,0.1,6,0,0,100.0,100.0,inf,1.8,0.0,25.8
LONG:delta_surge+vwap_reclaim_v+cvd_up_v|nk0.8|vm0.8|pm_1130_1400,6,0.1,6,0,0,100.0,100.0,inf,1.8,0.0,25.8
LONG:delta_surge+vwap_reclaim_v+cvd_up_v|nk0.8|vm1.2|pm_1130_1400,6,0.1,6,0,0,100.0,100.0,inf,1.8,0.0,25.8
LONG:above_pivot+macd_x_up+macd_x_up_neg|nk0.0|vm1.2|am_0845_1130,6,0.1,6,0,0,100.0,100.0,inf,1.8,0.0,5.0
LONG:above_pivot+macd_x_up+macd_x_up_neg|nk0.5|vm1.2|am_0845_1130,6,0.1,6,0,0,100.0,100.0,inf,1.8,0.0,5.0
LONG:above_pivot+macd_x_up+macd_x_up_neg|nk0.8|vm1.2|am_0845_1130,6,0.1,6,0,0,100.0,100.0,inf,1.8,0.0,5.0
LONG:above_pivot+macd_x_up+rsi_thrust_up|nk0.0|vm0.8|full_0845_1400,6,0.1,6,0,0,100.0,100.0,inf,1.8,0.0,10.0
LONG:above_pivot+macd_x_up+rsi_thrust_up|nk0.0|vm1.2|full_0845_1400,6,0.1,6,0,0,100.0,100.0,inf,1.8,0.0,10.0
LONG:above_pivot+macd_x_up+rsi_thrust_up|nk0.5|vm0.8|full_0845_1400,6,0.1,6,0,0,100.0,100.0,inf,1.8,0.0,10.0
LONG:above_pivot+macd_x_up+rsi_thrust_up|nk0.5|vm1.2|full_0845_1400,6,0.1,6,0,0,100.0,100.0,inf,1.8,0.0,10.0
LONG:above_pivot+macd_x_up+rsi_thrust_up|nk0.8|vm0.8|full_0845_1400,6,0.1,6,0,0,100.0,100.0,inf,1.8,0.0,10.0
LONG:above_pivot+macd_x_up+rsi_thrust_up|nk0.8|vm1.2|full_0845_1400,6,0.1,6,0,0,100.0,100.0,inf,1.8,0.0,10.0
LONG:above_pivot+macd_x_up_neg+strong_close|nk0.0|vm1.2|am_0845_1130,6,0.1,6,0,0,100.0,100.0,inf,1.8,0.0,5.0
LONG:above_pivot+macd_x_up_neg+strong_close|nk0.5|vm1.2|am_0845_1130,6,0.1,6,0,0,100.0,100.0,inf,1.8,0.0,5.0
LONG:above_pivot+macd_x_up_neg+strong_close|nk0.8|vm1.2|am_0845_1130,6,0.1,6,0,0,100.0,100.0,inf,1.8,0.0,5.0
LONG:strong_close+mom_ignite_up+rsi_thrust_up|nk0.0|vm0.8|full_0845_1400,6,0.1,6,0,0,100.0,100.0,inf,1.8,0.0,10.8
LONG:strong_close+mom_ignite_up+rsi_thrust_up|nk0.0|vm1.2|full_0845_1400,6,0.1,6,0,0,100.0,100.0,inf,1.8,0.0,10.8
LONG:strong_close+mom_ignite_up+rsi_thrust_up|nk0.5|vm0.8|full_0845_1400,6,0.1,6,0,0,100.0,100.0,inf,1.8,0.0,10.8
LONG:strong_close+mom_ignite_up+rsi_thrust_up|nk0.5|vm1.2|full_0845_1400,6,0.1,6,0,0,100.0,100.0,inf,1.8,0.0,10.8
LONG:strong_close+mom_ignite_up+rsi_thrust_up|nk0.8|vm0.8|full_0845_1400,6,0.1,6,0,0,100.0,100.0,inf,1.8,0.0,10.8
LONG:strong_close+mom_ignite_up+rsi_thrust_up|nk0.8|vm1.2|full_0845_1400,6,0.1,6,0,0,100.0,100.0,inf,1.8,0.0,10.8
LONG:vwap_reclaim_v+rvol_thrust_up+cvd_up|nk0.0|vm0.8|pm_1130_1400,6,0.1,6,0,0,100.0,100.0,inf,1.8,0.0,25.8
LONG:vwap_reclaim_v+rvol_thrust_up+cvd_up|nk0.0|vm1.2|pm_1130_1400,6,0.1,6,0,0,100.0,100.0,inf,1.8,0.0,25.8
LONG:vwap_reclaim_v+rvol_thrust_up+cvd_up|nk0.5|vm0.8|pm_1130_1400,6,0.1,6,0,0,100.0,100.0,inf,1.8,0.0,25.8
LONG:vwap_reclaim_v+rvol_thrust_up+cvd_up|nk0.5|vm1.2|pm_1130_1400,6,0.1,6,0,0,100.0,100.0,inf,1.8,0.0,25.8
LONG:vwap_reclaim_v+rvol_thrust_up+cvd_up|nk0.8|vm0.8|pm_1130_1400,6,0.1,6,0,0,100.0,100.0,inf,1.8,0.0,25.8
LONG:vwap_reclaim_v+rvol_thrust_up+cvd_up|nk0.8|vm1.2|pm_1130_1400,6,0.1,6,0,0,100.0,100.0,inf,1.8,0.0,25.8
LONG:vwap_reclaim_v+rvol_thrust_up+cvd_up_v|nk0.0|vm0.8|pm_1130_1400,6,0.1,6,0,0,100.0,100.0,inf,1.8,0.0,25.8
LONG:vwap_reclaim_v+rvol_thrust_up+cvd_up_v|nk0.0|vm1.2|pm_1130_1400,6,0.1,6,0,0,100.0,100.0,inf,1.8,0.0,25.8
LONG:vwap_reclaim_v+rvol_thrust_up+cvd_up_v|nk0.5|vm0.8|pm_1130_1400,6,0.1,6,0,0,100.0,100.0,inf,1.8,0.0,25.8
LONG:vwap_reclaim_v+rvol_thrust_up+cvd_up_v|nk0.5|vm1.2|pm_1130_1400,6,0.1,6,0,0,100.0,100.0,inf,1.8,0.0,25.8
LONG:vwap_reclaim_v+rvol_thrust_up+cvd_up_v|nk0.8|vm0.8|pm_1130_1400,6,0.1,6,0,0,100.0,100.0,inf,1.8,0.0,25.8
LONG:vwap_reclaim_v+rvol_thrust_up+cvd_up_v|nk0.8|vm1.2|pm_1130_1400,6,0.1,6,0,0,100.0,100.0,inf,1.8,0.0,25.8
LONG:vwap_reclaim_v+above_vwap_v+cvd_up|nk0.0|vm0.8|pm_1130_1400,6,0.1,6,0,0,100.0,100.0,inf,1.8,0.0,25.8
LONG:vwap_reclaim_v+above_vwap_v+cvd_up|nk0.0|vm1.2|pm_1130_1400,6,0.1,6,0,0,100.0,100.0,inf,1.8,0.0,25.8
LONG:vwap_reclaim_v+above_vwap_v+cvd_up|nk0.5|vm0.8|pm_1130_1400,6,0.1,6,0,0,100.0,100.0,inf,1.8,0.0,25.8
LONG:vwap_reclaim_v+above_vwap_v+cvd_up|nk0.5|vm1.2|pm_1130_1400,6,0.1,6,0,0,100.0,100.0,inf,1.8,0.0,25.8
LONG:vwap_reclaim_v+above_vwap_v+cvd_up|nk0.8|vm0.8|pm_1130_1400,6,0.1,6,0,0,100.0,100.0,inf,1.8,0.0,25.8
LONG:vwap_reclaim_v+above_vwap_v+cvd_up|nk0.8|vm1.2|pm_1130_1400,6,0.1,6,0,0,100.0,100.0,inf,1.8,0.0,25.8
LONG:vwap_reclaim_v+above_vwap_v+cvd_up_v|nk0.0|vm0.8|pm_1130_1400,6,0.1,6,0,0,100.0,100.0,inf,1.8,0.0,25.8
LONG:vwap_reclaim_v+above_vwap_v+cvd_up_v|nk0.0|vm1.2|pm_1130_1400,6,0.1,6,0,0,100.0,100.0,inf,1.8,0.0,25.8
LONG:vwap_reclaim_v+above_vwap_v+cvd_up_v|nk0.5|vm0.8|pm_1130_1400,6,0.1,6,0,0,100.0,100.0,inf,1.8,0.0,25.8
LONG:vwap_reclaim_v+above_vwap_v+cvd_up_v|nk0.5|vm1.2|pm_1130_1400,6,0.1,6,0,0,100.0,100.0,inf,1.8,0.0,25.8
LONG:vwap_reclaim_v+above_vwap_v+cvd_up_v|nk0.8|vm0.8|pm_1130_1400,6,0.1,6,0,0,100.0,100.0,inf,1.8,0.0,25.8
LONG:vwap_reclaim_v+above_vwap_v+cvd_up_v|nk0.8|vm1.2|pm_1130_1400,6,0.1,6,0,0,100.0,100.0,inf,1.8,0.0,25.8
LONG:vwap_reclaim+above_vwap+delta_surge+cvd_up|nk0.0|vm0.8|pm_1130_1400,6,0.1,6,0,0,100.0,100.0,inf,1.8,0.0,25.8
LONG:vwap_reclaim+above_vwap+delta_surge+cvd_up|nk0.0|vm1.2|pm_1130_1400,6,0.1,6,0,0,100.0,100.0,inf,1.8,0.0,25.8
LONG:vwap_reclaim+above_vwap+delta_surge+cvd_up|nk0.5|vm0.8|pm_1130_1400,6,0.1,6,0,0,100.0,100.0,inf,1.8,0.0,25.8
LONG:vwap_reclaim+above_vwap+delta_surge+cvd_up|nk0.5|vm1.2|pm_1130_1400,6,0.1,6,0,0,100.0,100.0,inf,1.8,0.0,25.8
LONG:vwap_reclaim+above_vwap+delta_surge+cvd_up|nk0.8|vm0.8|pm_1130_1400,6,0.1,6,0,0,100.0,100.0,inf,1.8,0.0,25.8
LONG:vwap_reclaim+above_vwap+delta_surge+cvd_up|nk0.8|vm1.2|pm_1130_1400,6,0.1,6,0,0,100.0,100.0,inf,1.8,0.0,25.8
LONG:vwap_reclaim+above_vwap+delta_surge+cvd_up_v|nk0.0|vm0.8|pm_1130_1400,6,0.1,6,0,0,100.0,100.0,inf,1.8,0.0,25.8
LONG:vwap_reclaim+above_vwap+delta_surge+cvd_up_v|nk0.0|vm1.2|pm_1130_1400,6,0.1,6,0,0,100.0,100.0,inf,1.8,0.0,25.8
LONG:vwap_reclaim+above_vwap+delta_surge+cvd_up_v|nk0.5|vm0.8|pm_1130_1400,6,0.1,6,0,0,100.0,100.0,inf,1.8,0.0,25.8
LONG:vwap_reclaim+above_vwap+delta_surge+cvd_up_v|nk0.5|vm1.2|pm_1130_1400,6,0.1,6,0,0,100.0,100.0,inf,1.8,0.0,25.8
LONG:vwap_reclaim+above_vwap+delta_surge+cvd_up_v|nk0.8|vm0.8|pm_1130_1400,6,0.1,6,0,0,100.0,100.0,inf,1.8,0.0,25.8
LONG:vwap_reclaim+above_vwap+delta_surge+cvd_up_v|nk0.8|vm1.2|pm_1130_1400,6,0.1,6,0,0,100.0,100.0,inf,1.8,0.0,25.8
LONG:vwap_reclaim+above_vwap+rvol_thrust_up+cvd_up|nk0.0|vm0.8|pm_1130_1400,6,0.1,6,0,0,100.0,100.0,inf,1.8,0.0,25.8
LONG:vwap_reclaim+above_vwap+rvol_thrust_up+cvd_up|nk0.0|vm1.2|pm_1130_1400,6,0.1,6,0,0,100.0,100.0,inf,1.8,0.0,25.8
LONG:vwap_reclaim+above_vwap+rvol_thrust_up+cvd_up|nk0.5|vm0.8|pm_1130_1400,6,0.1,6,0,0,100.0,100.0,inf,1.8,0.0,25.8
LONG:vwap_reclaim+above_vwap+rvol_thrust_up+cvd_up|nk0.5|vm1.2|pm_1130_1400,6,0.1,6,0,0,100.0,100.0,inf,1.8,0.0,25.8
LONG:vwap_reclaim+above_vwap+rvol_thrust_up+cvd_up|nk0.8|vm0.8|pm_1130_1400,6,0.1,6,0,0,100.0,100.0,inf,1.8,0.0,25.8
LONG:vwap_reclaim+above_vwap+rvol_thrust_up+cvd_up|nk0.8|vm1.2|pm_1130_1400,6,0.1,6,0,0,100.0,100.0,inf,1.8,0.0,25.8
LONG:vwap_reclaim+above_vwap+rvol_thrust_up+cvd_up_v|nk0.0|vm0.8|pm_1130_1400,6,0.1,6,0,0,100.0,100.0,inf,1.8,0.0,25.8
LONG:vwap_reclaim+above_vwap+rvol_thrust_up+cvd_up_v|nk0.0|vm1.2|pm_1130_1400,6,0.1,6,0,0,100.0,100.0,inf,1.8,0.0,25.8
LONG:vwap_reclaim+above_vwap+rvol_thrust_up+cvd_up_v|nk0.5|vm0.8|pm_1130_1400,6,0.1,6,0,0,100.0,100.0,inf,1.8,0.0,25.8
LONG:vwap_reclaim+above_vwap+rvol_thrust_up+cvd_up_v|nk0.5|vm1.2|pm_1130_1400,6,0.1,6,0,0,100.0,100.0,inf,1.8,0.0,25.8
LONG:vwap_reclaim+above_vwap+rvol_thrust_up+cvd_up_v|nk0.8|vm0.8|pm_1130_1400,6,0.1,6,0,0,100.0,100.0,inf,1.8,0.0,25.8
LONG:vwap_reclaim+above_vwap+rvol_thrust_up+cvd_up_v|nk0.8|vm1.2|pm_1130_1400,6,0.1,6,0,0,100.0,100.0,inf,1.8,0.0,25.8
LONG:vwap_reclaim+above_vwap+above_vwap_v+cvd_up|nk0.0|vm0.8|pm_1130_1400,6,0.1,6,0,0,100.0,100.0,inf,1.8,0.0,25.8
LONG:vwap_reclaim+above_vwap+above_vwap_v+cvd_up|nk0.0|vm1.2|pm_1130_1400,6,0.1,6,0,0,100.0,100.0,inf,1.8,0.0,25.8
LONG:vwap_reclaim+above_vwap+above_vwap_v+cvd_up|nk0.5|vm0.8|pm_1130_1400,6,0.1,6,0,0,100.0,100.0,inf,1.8,0.0,25.8
LONG:vwap_reclaim+above_vwap+above_vwap_v+cvd_up|nk0.5|vm1.2|pm_1130_1400,6,0.1,6,0,0,100.0,100.0,inf,1.8,0.0,25.8
LONG:vwap_reclaim+above_vwap+above_vwap_v+cvd_up|nk0.8|vm0.8|pm_1130_1400,6,0.1,6,0,0,100.0,100.0,inf,1.8,0.0,25.8
LONG:vwap_reclaim+above_vwap+above_vwap_v+cvd_up|nk0.8|vm1.2|pm_1130_1400,6,0.1,6,0,0,100.0,100.0,inf,1.8,0.0,25.8
LONG:vwap_reclaim+above_vwap+above_vwap_v+cvd_up_v|nk0.0|vm0.8|pm_1130_1400,6,0.1,6,0,0,100.0,100.0,inf,1.8,0.0,25.8
LONG:vwap_reclaim+above_vwap+above_vwap_v+cvd_up_v|nk0.0|vm1.2|pm_1130_1400,6,0.1,6,0,0,100.0,100.0,inf,1.8,0.0,25.8
LONG:vwap_reclaim+above_vwap+above_vwap_v+cvd_up_v|nk0.5|vm0.8|pm_1130_1400,6,0.1,6,0,0,100.0,100.0,inf,1.8,0.0,25.8
LONG:vwap_reclaim+above_vwap+above_vwap_v+cvd_up_v|nk0.5|vm1.2|pm_1130_1400,6,0.1,6,0,0,100.0,100.0,inf,1.8,0.0,25.8
LONG:vwap_reclaim+above_vwap+above_vwap_v+cvd_up_v|nk0.8|vm0.8|pm_1130_1400,6,0.1,6,0,0,100.0,100.0,inf,1.8,0.0,25.8
LONG:vwap_reclaim+above_vwap+above_vwap_v+cvd_up_v|nk0.8|vm1.2|pm_1130_1400,6,0.1,6,0,0,100.0,100.0,inf,1.8,0.0,25.8
LONG:vwap_reclaim+adi_up+delta_surge+cvd_up|nk0.0|vm0.8|pm_1130_1400,6,0.1,6,0,0,100.0,100.0,inf,1.8,0.0,25.8
LONG:vwap_reclaim+adi_up+delta_surge+cvd_up|nk0.0|vm1.2|pm_1130_1400,6,0.1,6,0,0,100.0,100.0,inf,1.8,0.0,25.8
LONG:vwap_reclaim+adi_up+delta_surge+cvd_up|nk0.5|vm0.8|pm_1130_1400,6,0.1,6,0,0,100.0,100.0,inf,1.8,0.0,25.8
LONG:vwap_reclaim+adi_up+delta_surge+cvd_up|nk0.5|vm1.2|pm_1130_1400,6,0.1,6,0,0,100.0,100.0,inf,1.8,0.0,25.8
LONG:vwap_reclaim+adi_up+delta_surge+cvd_up|nk0.8|vm0.8|pm_1130_1400,6,0.1,6,0,0,100.0,100.0,inf,1.8,0.0,25.8
LONG:vwap_reclaim+adi_up+delta_surge+cvd_up|nk0.8|vm1.2|pm_1130_1400,6,0.1,6,0,0,100.0,100.0,inf,1.8,0.0,25.8
LONG:vwap_reclaim+adi_up+delta_surge+cvd_up_v|nk0.0|vm0.8|pm_1130_1400,6,0.1,6,0,0,100.0,100.0,inf,1.8,0.0,25.8
LONG:vwap_reclaim+adi_up+delta_surge+cvd_up_v|nk0.0|vm1.2|pm_1130_1400,6,0.1,6,0,0,100.0,100.0,inf,1.8,0.0,25.8
LONG:vwap_reclaim+adi_up+delta_surge+cvd_up_v|nk0.5|vm0.8|pm_1130_1400,6,0.1,6,0,0,100.0,100.0,inf,1.8,0.0,25.8
LONG:vwap_reclaim+adi_up+delta_surge+cvd_up_v|nk0.5|vm1.2|pm_1130_1400,6,0.1,6,0,0,100.0,100.0,inf,1.8,0.0,25.8
LONG:vwap_reclaim+adi_up+delta_surge+cvd_up_v|nk0.8|vm0.8|pm_1130_1400,6,0.1,6,0,0,100.0,100.0,inf,1.8,0.0,25.8
LONG:vwap_reclaim+adi_up+delta_surge+cvd_up_v|nk0.8|vm1.2|pm_1130_1400,6,0.1,6,0,0,100.0,100.0,inf,1.8,0.0,25.8
LONG:vwap_reclaim+adi_up+rvol_thrust_up+cvd_up|nk0.0|vm0.8|pm_1130_1400,6,0.1,6,0,0,100.0,100.0,inf,1.8,0.0,25.8
LONG:vwap_reclaim+adi_up+rvol_thrust_up+cvd_up|nk0.0|vm1.2|pm_1130_1400,6,0.1,6,0,0,100.0,100.0,inf,1.8,0.0,25.8
LONG:vwap_reclaim+adi_up+rvol_thrust_up+cvd_up|nk0.5|vm0.8|pm_1130_1400,6,0.1,6,0,0,100.0,100.0,inf,1.8,0.0,25.8
LONG:vwap_reclaim+adi_up+rvol_thrust_up+cvd_up|nk0.5|vm1.2|pm_1130_1400,6,0.1,6,0,0,100.0,100.0,inf,1.8,0.0,25.8
LONG:vwap_reclaim+adi_up+rvol_thrust_up+cvd_up|nk0.8|vm0.8|pm_1130_1400,6,0.1,6,0,0,100.0,100.0,inf,1.8,0.0,25.8
LONG:vwap_reclaim+adi_up+rvol_thrust_up+cvd_up|nk0.8|vm1.2|pm_1130_1400,6,0.1,6,0,0,100.0,100.0,inf,1.8,0.0,25.8
LONG:vwap_reclaim+adi_up+rvol_thrust_up+cvd_up_v|nk0.0|vm0.8|pm_1130_1400,6,0.1,6,0,0,100.0,100.0,inf,1.8,0.0,25.8
LONG:vwap_reclaim+adi_up+rvol_thrust_up+cvd_up_v|nk0.0|vm1.2|pm_1130_1400,6,0.1,6,0,0,100.0,100.0,inf,1.8,0.0,25.8
LONG:vwap_reclaim+adi_up+rvol_thrust_up+cvd_up_v|nk0.5|vm0.8|pm_1130_1400,6,0.1,6,0,0,100.0,100.0,inf,1.8,0.0,25.8
LONG:vwap_reclaim+adi_up+rvol_thrust_up+cvd_up_v|nk0.5|vm1.2|pm_1130_1400,6,0.1,6,0,0,100.0,100.0,inf,1.8,0.0,25.8
LONG:vwap_reclaim+adi_up+rvol_thrust_up+cvd_up_v|nk0.8|vm0.8|pm_1130_1400,6,0.1,6,0,0,100.0,100.0,inf,1.8,0.0,25.8
LONG:vwap_reclaim+adi_up+rvol_thrust_up+cvd_up_v|nk0.8|vm1.2|pm_1130_1400,6,0.1,6,0,0,100.0,100.0,inf,1.8,0.0,25.8
LONG:vwap_reclaim+adi_up+above_vwap_v+cvd_up|nk0.0|vm0.8|pm_1130_1400,6,0.1,6,0,0,100.0,100.0,inf,1.8,0.0,25.8
LONG:vwap_reclaim+adi_up+above_vwap_v+cvd_up|nk0.0|vm1.2|pm_1130_1400,6,0.1,6,0,0,100.0,100.0,inf,1.8,0.0,25.8
LONG:vwap_reclaim+adi_up+above_vwap_v+cvd_up|nk0.5|vm0.8|pm_1130_1400,6,0.1,6,0,0,100.0,100.0,inf,1.8,0.0,25.8
LONG:vwap_reclaim+adi_up+above_vwap_v+cvd_up|nk0.5|vm1.2|pm_1130_1400,6,0.1,6,0,0,100.0,100.0,inf,1.8,0.0,25.8
LONG:vwap_reclaim+adi_up+above_vwap_v+cvd_up|nk0.8|vm0.8|pm_1130_1400,6,0.1,6,0,0,100.0,100.0,inf,1.8,0.0,25.8
LONG:vwap_reclaim+adi_up+above_vwap_v+cvd_up|nk0.8|vm1.2|pm_1130_1400,6,0.1,6,0,0,100.0,100.0,inf,1.8,0.0,25.8
LONG:vwap_reclaim+adi_up+above_vwap_v+cvd_up_v|nk0.0|vm0.8|pm_1130_1400,6,0.1,6,0,0,100.0,100.0,inf,1.8,0.0,25.8
LONG:vwap_reclaim+adi_up+above_vwap_v+cvd_up_v|nk0.0|vm1.2|pm_1130_1400,6,0.1,6,0,0,100.0,100.0,inf,1.8,0.0,25.8
LONG:vwap_reclaim+adi_up+above_vwap_v+cvd_up_v|nk0.5|vm0.8|pm_1130_1400,6,0.1,6,0,0,100.0,100.0,inf,1.8,0.0,25.8
LONG:vwap_reclaim+adi_up+above_vwap_v+cvd_up_v|nk0.5|vm1.2|pm_1130_1400,6,0.1,6,0,0,100.0,100.0,inf,1.8,0.0,25.8
LONG:vwap_reclaim+adi_up+above_vwap_v+cvd_up_v|nk0.8|vm0.8|pm_1130_1400,6,0.1,6,0,0,100.0,100.0,inf,1.8,0.0,25.8
LONG:vwap_reclaim+adi_up+above_vwap_v+cvd_up_v|nk0.8|vm1.2|pm_1130_1400,6,0.1,6,0,0,100.0,100.0,inf,1.8,0.0,25.8
LONG:vwap_reclaim+delta_surge+strong_close+cvd_up|nk0.0|vm0.8|pm_1130_1400,6,0.1,6,0,0,100.0,100.0,inf,1.8,0.0,25.8
LONG:vwap_reclaim+delta_surge+strong_close+cvd_up|nk0.0|vm1.2|pm_1130_1400,6,0.1,6,0,0,100.0,100.0,inf,1.8,0.0,25.8
LONG:vwap_reclaim+delta_surge+strong_close+cvd_up|nk0.5|vm0.8|pm_1130_1400,6,0.1,6,0,0,100.0,100.0,inf,1.8,0.0,25.8
LONG:vwap_reclaim+delta_surge+strong_close+cvd_up|nk0.5|vm1.2|pm_1130_1400,6,0.1,6,0,0,100.0,100.0,inf,1.8,0.0,25.8
LONG:vwap_reclaim+delta_surge+strong_close+cvd_up|nk0.8|vm0.8|pm_1130_1400,6,0.1,6,0,0,100.0,100.0,inf,1.8,0.0,25.8
LONG:vwap_reclaim+delta_surge+strong_close+cvd_up|nk0.8|vm1.2|pm_1130_1400,6,0.1,6,0,0,100.0,100.0,inf,1.8,0.0,25.8
LONG:vwap_reclaim+delta_surge+strong_close+cvd_up_v|nk0.0|vm0.8|pm_1130_1400,6,0.1,6,0,0,100.0,100.0,inf,1.8,0.0,25.8
LONG:vwap_reclaim+delta_surge+strong_close+cvd_up_v|nk0.0|vm1.2|pm_1130_1400,6,0.1,6,0,0,100.0,100.0,inf,1.8,0.0,25.8
LONG:vwap_reclaim+delta_surge+strong_close+cvd_up_v|nk0.5|vm0.8|pm_1130_1400,6,0.1,6,0,0,100.0,100.0,inf,1.8,0.0,25.8
LONG:vwap_reclaim+delta_surge+strong_close+cvd_up_v|nk0.5|vm1.2|pm_1130_1400,6,0.1,6,0,0,100.0,100.0,inf,1.8,0.0,25.8
LONG:vwap_reclaim+delta_surge+strong_close+cvd_up_v|nk0.8|vm0.8|pm_1130_1400,6,0.1,6,0,0,100.0,100.0,inf,1.8,0.0,25.8
LONG:vwap_reclaim+delta_surge+strong_close+cvd_up_v|nk0.8|vm1.2|pm_1130_1400,6,0.1,6,0,0,100.0,100.0,inf,1.8,0.0,25.8
LONG:vwap_reclaim+delta_surge+vwap_reclaim_v+cvd_up|nk0.0|vm0.8|pm_1130_1400,6,0.1,6,0,0,100.0,100.0,inf,1.8,0.0,25.8
LONG:vwap_reclaim+delta_surge+vwap_reclaim_v+cvd_up|nk0.0|vm1.2|pm_1130_1400,6,0.1,6,0,0,100.0,100.0,inf,1.8,0.0,25.8
LONG:vwap_reclaim+delta_surge+vwap_reclaim_v+cvd_up|nk0.5|vm0.8|pm_1130_1400,6,0.1,6,0,0,100.0,100.0,inf,1.8,0.0,25.8
LONG:vwap_reclaim+delta_surge+vwap_reclaim_v+cvd_up|nk0.5|vm1.2|pm_1130_1400,6,0.1,6,0,0,100.0,100.0,inf,1.8,0.0,25.8
LONG:vwap_reclaim+delta_surge+vwap_reclaim_v+cvd_up|nk0.8|vm0.8|pm_1130_1400,6,0.1,6,0,0,100.0,100.0,inf,1.8,0.0,25.8
LONG:vwap_reclaim+delta_surge+vwap_reclaim_v+cvd_up|nk0.8|vm1.2|pm_1130_1400,6,0.1,6,0,0,100.0,100.0,inf,1.8,0.0,25.8
LONG:vwap_reclaim+delta_surge+vwap_reclaim_v+cvd_up_v|nk0.0|vm0.8|pm_1130_1400,6,0.1,6,0,0,100.0,100.0,inf,1.8,0.0,25.8
LONG:vwap_reclaim+delta_surge+vwap_reclaim_v+cvd_up_v|nk0.0|vm1.2|pm_1130_1400,6,0.1,6,0,0,100.0,100.0,inf,1.8,0.0,25.8
LONG:vwap_reclaim+delta_surge+vwap_reclaim_v+cvd_up_v|nk0.5|vm0.8|pm_1130_1400,6,0.1,6,0,0,100.0,100.0,inf,1.8,0.0,25.8
LONG:vwap_reclaim+delta_surge+vwap_reclaim_v+cvd_up_v|nk0.5|vm1.2|pm_1130_1400,6,0.1,6,0,0,100.0,100.0,inf,1.8,0.0,25.8
LONG:vwap_reclaim+delta_surge+vwap_reclaim_v+cvd_up_v|nk0.8|vm0.8|pm_1130_1400,6,0.1,6,0,0,100.0,100.0,inf,1.8,0.0,25.8
LONG:vwap_reclaim+delta_surge+vwap_reclaim_v+cvd_up_v|nk0.8|vm1.2|pm_1130_1400,6,0.1,6,0,0,100.0,100.0,inf,1.8,0.0,25.8
LONG:vwap_reclaim+delta_surge+rvol_thrust_up+cvd_up|nk0.0|vm0.8|pm_1130_1400,6,0.1,6,0,0,100.0,100.0,inf,1.8,0.0,25.8
LONG:vwap_reclaim+delta_surge+rvol_thrust_up+cvd_up|nk0.0|vm1.2|pm_1130_1400,6,0.1,6,0,0,100.0,100.0,inf,1.8,0.0,25.8
LONG:vwap_reclaim+delta_surge+rvol_thrust_up+cvd_up|nk0.5|vm0.8|pm_1130_1400,6,0.1,6,0,0,100.0,100.0,inf,1.8,0.0,25.8
LONG:vwap_reclaim+delta_surge+rvol_thrust_up+cvd_up|nk0.5|vm1.2|pm_1130_1400,6,0.1,6,0,0,100.0,100.0,inf,1.8,0.0,25.8
LONG:vwap_reclaim+delta_surge+rvol_thrust_up+cvd_up|nk0.8|vm0.8|pm_1130_1400,6,0.1,6,0,0,100.0,100.0,inf,1.8,0.0,25.8
LONG:vwap_reclaim+delta_surge+rvol_thrust_up+cvd_up|nk0.8|vm1.2|pm_1130_1400,6,0.1,6,0,0,100.0,100.0,inf,1.8,0.0,25.8
LONG:vwap_reclaim+delta_surge+rvol_thrust_up+cvd_up_v|nk0.0|vm0.8|pm_1130_1400,6,0.1,6,0,0,100.0,100.0,inf,1.8,0.0,25.8
LONG:vwap_reclaim+delta_surge+rvol_thrust_up+cvd_up_v|nk0.0|vm1.2|pm_1130_1400,6,0.1,6,0,0,100.0,100.0,inf,1.8,0.0,25.8
LONG:vwap_reclaim+delta_surge+rvol_thrust_up+cvd_up_v|nk0.5|vm0.8|pm_1130_1400,6,0.1,6,0,0,100.0,100.0,inf,1.8,0.0,25.8
LONG:vwap_reclaim+delta_surge+rvol_thrust_up+cvd_up_v|nk0.5|vm1.2|pm_1130_1400,6,0.1,6,0,0,100.0,100.0,inf,1.8,0.0,25.8
LONG:vwap_reclaim+delta_surge+rvol_thrust_up+cvd_up_v|nk0.8|vm0.8|pm_1130_1400,6,0.1,6,0,0,100.0,100.0,inf,1.8,0.0,25.8
LONG:vwap_reclaim+delta_surge+rvol_thrust_up+cvd_up_v|nk0.8|vm1.2|pm_1130_1400,6,0.1,6,0,0,100.0,100.0,inf,1.8,0.0,25.8
LONG:vwap_reclaim+delta_surge+above_vwap_v+cvd_up|nk0.0|vm0.8|pm_1130_1400,6,0.1,6,0,0,100.0,100.0,inf,1.8,0.0,25.8
LONG:vwap_reclaim+delta_surge+above_vwap_v+cvd_up|nk0.0|vm1.2|pm_1130_1400,6,0.1,6,0,0,100.0,100.0,inf,1.8,0.0,25.8
LONG:vwap_reclaim+delta_surge+above_vwap_v+cvd_up|nk0.5|vm0.8|pm_1130_1400,6,0.1,6,0,0,100.0,100.0,inf,1.8,0.0,25.8
LONG:vwap_reclaim+delta_surge+above_vwap_v+cvd_up|nk0.5|vm1.2|pm_1130_1400,6,0.1,6,0,0,100.0,100.0,inf,1.8,0.0,25.8
LONG:vwap_reclaim+delta_surge+above_vwap_v+cvd_up|nk0.8|vm0.8|pm_1130_1400,6,0.1,6,0,0,100.0,100.0,inf,1.8,0.0,25.8
LONG:vwap_reclaim+delta_surge+above_vwap_v+cvd_up|nk0.8|vm1.2|pm_1130_1400,6,0.1,6,0,0,100.0,100.0,inf,1.8,0.0,25.8
LONG:vwap_reclaim+delta_surge+above_vwap_v+cvd_up_v|nk0.0|vm0.8|pm_1130_1400,6,0.1,6,0,0,100.0,100.0,inf,1.8,0.0,25.8
LONG:vwap_reclaim+delta_surge+above_vwap_v+cvd_up_v|nk0.0|vm1.2|pm_1130_1400,6,0.1,6,0,0,100.0,100.0,inf,1.8,0.0,25.8
LONG:vwap_reclaim+delta_surge+above_vwap_v+cvd_up_v|nk0.5|vm0.8|pm_1130_1400,6,0.1,6,0,0,100.0,100.0,inf,1.8,0.0,25.8
LONG:vwap_reclaim+delta_surge+above_vwap_v+cvd_up_v|nk0.5|vm1.2|pm_1130_1400,6,0.1,6,0,0,100.0,100.0,inf,1.8,0.0,25.8
LONG:vwap_reclaim+delta_surge+above_vwap_v+cvd_up_v|nk0.8|vm0.8|pm_1130_1400,6,0.1,6,0,0,100.0,100.0,inf,1.8,0.0,25.8
LONG:vwap_reclaim+delta_surge+above_vwap_v+cvd_up_v|nk0.8|vm1.2|pm_1130_1400,6,0.1,6,0,0,100.0,100.0,inf,1.8,0.0,25.8
LONG:vwap_reclaim+delta_surge+cvd_up+cvd_up_v|nk0.0|vm0.8|pm_1130_1400,6,0.1,6,0,0,100.0,100.0,inf,1.8,0.0,25.8
LONG:vwap_reclaim+delta_surge+cvd_up+cvd_up_v|nk0.0|vm1.2|pm_1130_1400,6,0.1,6,0,0,100.0,100.0,inf,1.8,0.0,25.8
LONG:vwap_reclaim+delta_surge+cvd_up+cvd_up_v|nk0.5|vm0.8|pm_1130_1400,6,0.1,6,0,0,100.0,100.0,inf,1.8,0.0,25.8
LONG:vwap_reclaim+delta_surge+cvd_up+cvd_up_v|nk0.5|vm1.2|pm_1130_1400,6,0.1,6,0,0,100.0,100.0,inf,1.8,0.0,25.8
LONG:vwap_reclaim+delta_surge+cvd_up+cvd_up_v|nk0.8|vm0.8|pm_1130_1400,6,0.1,6,0,0,100.0,100.0,inf,1.8,0.0,25.8
LONG:vwap_reclaim+delta_surge+cvd_up+cvd_up_v|nk0.8|vm1.2|pm_1130_1400,6,0.1,6,0,0,100.0,100.0,inf,1.8,0.0,25.8
LONG:vwap_reclaim+strong_close+rvol_thrust_up+cvd_up|nk0.0|vm0.8|pm_1130_1400,6,0.1,6,0,0,100.0,100.0,inf,1.8,0.0,25.8
LONG:vwap_reclaim+strong_close+rvol_thrust_up+cvd_up|nk0.0|vm1.2|pm_1130_1400,6,0.1,6,0,0,100.0,100.0,inf,1.8,0.0,25.8
LONG:vwap_reclaim+strong_close+rvol_thrust_up+cvd_up|nk0.5|vm0.8|pm_1130_1400,6,0.1,6,0,0,100.0,100.0,inf,1.8,0.0,25.8
LONG:vwap_reclaim+strong_close+rvol_thrust_up+cvd_up|nk0.5|vm1.2|pm_1130_1400,6,0.1,6,0,0,100.0,100.0,inf,1.8,0.0,25.8
LONG:vwap_reclaim+strong_close+rvol_thrust_up+cvd_up|nk0.8|vm0.8|pm_1130_1400,6,0.1,6,0,0,100.0,100.0,inf,1.8,0.0,25.8
LONG:vwap_reclaim+strong_close+rvol_thrust_up+cvd_up|nk0.8|vm1.2|pm_1130_1400,6,0.1,6,0,0,100.0,100.0,inf,1.8,0.0,25.8
LONG:vwap_reclaim+strong_close+rvol_thrust_up+cvd_up_v|nk0.0|vm0.8|pm_1130_1400,6,0.1,6,0,0,100.0,100.0,inf,1.8,0.0,25.8
LONG:vwap_reclaim+strong_close+rvol_thrust_up+cvd_up_v|nk0.0|vm1.2|pm_1130_1400,6,0.1,6,0,0,100.0,100.0,inf,1.8,0.0,25.8
LONG:vwap_reclaim+strong_close+rvol_thrust_up+cvd_up_v|nk0.5|vm0.8|pm_1130_1400,6,0.1,6,0,0,100.0,100.0,inf,1.8,0.0,25.8
LONG:vwap_reclaim+strong_close+rvol_thrust_up+cvd_up_v|nk0.5|vm1.2|pm_1130_1400,6,0.1,6,0,0,100.0,100.0,inf,1.8,0.0,25.8
LONG:vwap_reclaim+strong_close+rvol_thrust_up+cvd_up_v|nk0.8|vm0.8|pm_1130_1400,6,0.1,6,0,0,100.0,100.0,inf,1.8,0.0,25.8
LONG:vwap_reclaim+strong_close+rvol_thrust_up+cvd_up_v|nk0.8|vm1.2|pm_1130_1400,6,0.1,6,0,0,100.0,100.0,inf,1.8,0.0,25.8
LONG:vwap_reclaim+strong_close+above_vwap_v+cvd_up|nk0.0|vm0.8|pm_1130_1400,6,0.1,6,0,0,100.0,100.0,inf,1.8,0.0,25.8
LONG:vwap_reclaim+strong_close+above_vwap_v+cvd_up|nk0.0|vm1.2|pm_1130_1400,6,0.1,6,0,0,100.0,100.0,inf,1.8,0.0,25.8
LONG:vwap_reclaim+strong_close+above_vwap_v+cvd_up|nk0.5|vm0.8|pm_1130_1400,6,0.1,6,0,0,100.0,100.0,inf,1.8,0.0,25.8
LONG:vwap_reclaim+strong_close+above_vwap_v+cvd_up|nk0.5|vm1.2|pm_1130_1400,6,0.1,6,0,0,100.0,100.0,inf,1.8,0.0,25.8
LONG:vwap_reclaim+strong_close+above_vwap_v+cvd_up|nk0.8|vm0.8|pm_1130_1400,6,0.1,6,0,0,100.0,100.0,inf,1.8,0.0,25.8
LONG:vwap_reclaim+strong_close+above_vwap_v+cvd_up|nk0.8|vm1.2|pm_1130_1400,6,0.1,6,0,0,100.0,100.0,inf,1.8,0.0,25.8
LONG:vwap_reclaim+strong_close+above_vwap_v+cvd_up_v|nk0.0|vm0.8|pm_1130_1400,6,0.1,6,0,0,100.0,100.0,inf,1.8,0.0,25.8
LONG:vwap_reclaim+strong_close+above_vwap_v+cvd_up_v|nk0.0|vm1.2|pm_1130_1400,6,0.1,6,0,0,100.0,100.0,inf,1.8,0.0,25.8
LONG:vwap_reclaim+strong_close+above_vwap_v+cvd_up_v|nk0.5|vm0.8|pm_1130_1400,6,0.1,6,0,0,100.0,100.0,inf,1.8,0.0,25.8
LONG:vwap_reclaim+strong_close+above_vwap_v+cvd_up_v|nk0.5|vm1.2|pm_1130_1400,6,0.1,6,0,0,100.0,100.0,inf,1.8,0.0,25.8
LONG:vwap_reclaim+strong_close+above_vwap_v+cvd_up_v|nk0.8|vm0.8|pm_1130_1400,6,0.1,6,0,0,100.0,100.0,inf,1.8,0.0,25.8
LONG:vwap_reclaim+strong_close+above_vwap_v+cvd_up_v|nk0.8|vm1.2|pm_1130_1400,6,0.1,6,0,0,100.0,100.0,inf,1.8,0.0,25.8
LONG:vwap_reclaim+vwap_reclaim_v+rvol_thrust_up+cvd_up|nk0.0|vm0.8|pm_1130_1400,6,0.1,6,0,0,100.0,100.0,inf,1.8,0.0,25.8
LONG:vwap_reclaim+vwap_reclaim_v+rvol_thrust_up+cvd_up|nk0.0|vm1.2|pm_1130_1400,6,0.1,6,0,0,100.0,100.0,inf,1.8,0.0,25.8
LONG:vwap_reclaim+vwap_reclaim_v+rvol_thrust_up+cvd_up|nk0.5|vm0.8|pm_1130_1400,6,0.1,6,0,0,100.0,100.0,inf,1.8,0.0,25.8
LONG:vwap_reclaim+vwap_reclaim_v+rvol_thrust_up+cvd_up|nk0.5|vm1.2|pm_1130_1400,6,0.1,6,0,0,100.0,100.0,inf,1.8,0.0,25.8
LONG:vwap_reclaim+vwap_reclaim_v+rvol_thrust_up+cvd_up|nk0.8|vm0.8|pm_1130_1400,6,0.1,6,0,0,100.0,100.0,inf,1.8,0.0,25.8
LONG:vwap_reclaim+vwap_reclaim_v+rvol_thrust_up+cvd_up|nk0.8|vm1.2|pm_1130_1400,6,0.1,6,0,0,100.0,100.0,inf,1.8,0.0,25.8
LONG:vwap_reclaim+vwap_reclaim_v+rvol_thrust_up+cvd_up_v|nk0.0|vm0.8|pm_1130_1400,6,0.1,6,0,0,100.0,100.0,inf,1.8,0.0,25.8
LONG:vwap_reclaim+vwap_reclaim_v+rvol_thrust_up+cvd_up_v|nk0.0|vm1.2|pm_1130_1400,6,0.1,6,0,0,100.0,100.0,inf,1.8,0.0,25.8
LONG:vwap_reclaim+vwap_reclaim_v+rvol_thrust_up+cvd_up_v|nk0.5|vm0.8|pm_1130_1400,6,0.1,6,0,0,100.0,100.0,inf,1.8,0.0,25.8
LONG:vwap_reclaim+vwap_reclaim_v+rvol_thrust_up+cvd_up_v|nk0.5|vm1.2|pm_1130_1400,6,0.1,6,0,0,100.0,100.0,inf,1.8,0.0,25.8
LONG:vwap_reclaim+vwap_reclaim_v+rvol_thrust_up+cvd_up_v|nk0.8|vm0.8|pm_1130_1400,6,0.1,6,0,0,100.0,100.0,inf,1.8,0.0,25.8
LONG:vwap_reclaim+vwap_reclaim_v+rvol_thrust_up+cvd_up_v|nk0.8|vm1.2|pm_1130_1400,6,0.1,6,0,0,100.0,100.0,inf,1.8,0.0,25.8
LONG:vwap_reclaim+vwap_reclaim_v+above_vwap_v+cvd_up|nk0.0|vm0.8|pm_1130_1400,6,0.1,6,0,0,100.0,100.0,inf,1.8,0.0,25.8
LONG:vwap_reclaim+vwap_reclaim_v+above_vwap_v+cvd_up|nk0.0|vm1.2|pm_1130_1400,6,0.1,6,0,0,100.0,100.0,inf,1.8,0.0,25.8
LONG:vwap_reclaim+vwap_reclaim_v+above_vwap_v+cvd_up|nk0.5|vm0.8|pm_1130_1400,6,0.1,6,0,0,100.0,100.0,inf,1.8,0.0,25.8
LONG:vwap_reclaim+vwap_reclaim_v+above_vwap_v+cvd_up|nk0.5|vm1.2|pm_1130_1400,6,0.1,6,0,0,100.0,100.0,inf,1.8,0.0,25.8
LONG:vwap_reclaim+vwap_reclaim_v+above_vwap_v+cvd_up|nk0.8|vm0.8|pm_1130_1400,6,0.1,6,0,0,100.0,100.0,inf,1.8,0.0,25.8
LONG:vwap_reclaim+vwap_reclaim_v+above_vwap_v+cvd_up|nk0.8|vm1.2|pm_1130_1400,6,0.1,6,0,0,100.0,100.0,inf,1.8,0.0,25.8
LONG:vwap_reclaim+vwap_reclaim_v+above_vwap_v+cvd_up_v|nk0.0|vm0.8|pm_1130_1400,6,0.1,6,0,0,100.0,100.0,inf,1.8,0.0,25.8
LONG:vwap_reclaim+vwap_reclaim_v+above_vwap_v+cvd_up_v|nk0.0|vm1.2|pm_1130_1400,6,0.1,6,0,0,100.0,100.0,inf,1.8,0.0,25.8
LONG:vwap_reclaim+vwap_reclaim_v+above_vwap_v+cvd_up_v|nk0.5|vm0.8|pm_1130_1400,6,0.1,6,0,0,100.0,100.0,inf,1.8,0.0,25.8
LONG:vwap_reclaim+vwap_reclaim_v+above_vwap_v+cvd_up_v|nk0.5|vm1.2|pm_1130_1400,6,0.1,6,0,0,100.0,100.0,inf,1.8,0.0,25.8
LONG:vwap_reclaim+vwap_reclaim_v+above_vwap_v+cvd_up_v|nk0.8|vm0.8|pm_1130_1400,6,0.1,6,0,0,100.0,100.0,inf,1.8,0.0,25.8
LONG:vwap_reclaim+vwap_reclaim_v+above_vwap_v+cvd_up_v|nk0.8|vm1.2|pm_1130_1400,6,0.1,6,0,0,100.0,100.0,inf,1.8,0.0,25.8
LONG:vwap_reclaim+rvol_thrust_up+above_vwap_v+cvd_up|nk0.0|vm0.8|pm_1130_1400,6,0.1,6,0,0,100.0,100.0,inf,1.8,0.0,25.8
LONG:vwap_reclaim+rvol_thrust_up+above_vwap_v+cvd_up|nk0.0|vm1.2|pm_1130_1400,6,0.1,6,0,0,100.0,100.0,inf,1.8,0.0,25.8
LONG:vwap_reclaim+rvol_thrust_up+above_vwap_v+cvd_up|nk0.5|vm0.8|pm_1130_1400,6,0.1,6,0,0,100.0,100.0,inf,1.8,0.0,25.8
LONG:vwap_reclaim+rvol_thrust_up+above_vwap_v+cvd_up|nk0.5|vm1.2|pm_1130_1400,6,0.1,6,0,0,100.0,100.0,inf,1.8,0.0,25.8
LONG:vwap_reclaim+rvol_thrust_up+above_vwap_v+cvd_up|nk0.8|vm0.8|pm_1130_1400,6,0.1,6,0,0,100.0,100.0,inf,1.8,0.0,25.8
LONG:vwap_reclaim+rvol_thrust_up+above_vwap_v+cvd_up|nk0.8|vm1.2|pm_1130_1400,6,0.1,6,0,0,100.0,100.0,inf,1.8,0.0,25.8
LONG:vwap_reclaim+rvol_thrust_up+above_vwap_v+cvd_up_v|nk0.0|vm0.8|pm_1130_1400,6,0.1,6,0,0,100.0,100.0,inf,1.8,0.0,25.8
LONG:vwap_reclaim+rvol_thrust_up+above_vwap_v+cvd_up_v|nk0.0|vm1.2|pm_1130_1400,6,0.1,6,0,0,100.0,100.0,inf,1.8,0.0,25.8
LONG:vwap_reclaim+rvol_thrust_up+above_vwap_v+cvd_up_v|nk0.5|vm0.8|pm_1130_1400,6,0.1,6,0,0,100.0,100.0,inf,1.8,0.0,25.8
LONG:vwap_reclaim+rvol_thrust_up+above_vwap_v+cvd_up_v|nk0.5|vm1.2|pm_1130_1400,6,0.1,6,0,0,100.0,100.0,inf,1.8,0.0,25.8
LONG:vwap_reclaim+rvol_thrust_up+above_vwap_v+cvd_up_v|nk0.8|vm0.8|pm_1130_1400,6,0.1,6,0,0,100.0,100.0,inf,1.8,0.0,25.8
LONG:vwap_reclaim+rvol_thrust_up+above_vwap_v+cvd_up_v|nk0.8|vm1.2|pm_1130_1400,6,0.1,6,0,0,100.0,100.0,inf,1.8,0.0,25.8
LONG:vwap_reclaim+rvol_thrust_up+cvd_up+cvd_up_v|nk0.0|vm0.8|pm_1130_1400,6,0.1,6,0,0,100.0,100.0,inf,1.8,0.0,25.8
LONG:vwap_reclaim+rvol_thrust_up+cvd_up+cvd_up_v|nk0.0|vm1.2|pm_1130_1400,6,0.1,6,0,0,100.0,100.0,inf,1.8,0.0,25.8
LONG:vwap_reclaim+rvol_thrust_up+cvd_up+cvd_up_v|nk0.5|vm0.8|pm_1130_1400,6,0.1,6,0,0,100.0,100.0,inf,1.8,0.0,25.8
LONG:vwap_reclaim+rvol_thrust_up+cvd_up+cvd_up_v|nk0.5|vm1.2|pm_1130_1400,6,0.1,6,0,0,100.0,100.0,inf,1.8,0.0,25.8
LONG:vwap_reclaim+rvol_thrust_up+cvd_up+cvd_up_v|nk0.8|vm0.8|pm_1130_1400,6,0.1,6,0,0,100.0,100.0,inf,1.8,0.0,25.8
LONG:vwap_reclaim+rvol_thrust_up+cvd_up+cvd_up_v|nk0.8|vm1.2|pm_1130_1400,6,0.1,6,0,0,100.0,100.0,inf,1.8,0.0,25.8
LONG:vwap_reclaim+above_vwap_v+cvd_up+cvd_up_v|nk0.0|vm0.8|pm_1130_1400,6,0.1,6,0,0,100.0,100.0,inf,1.8,0.0,25.8
LONG:vwap_reclaim+above_vwap_v+cvd_up+cvd_up_v|nk0.0|vm1.2|pm_1130_1400,6,0.1,6,0,0,100.0,100.0,inf,1.8,0.0,25.8
LONG:vwap_reclaim+above_vwap_v+cvd_up+cvd_up_v|nk0.5|vm0.8|pm_1130_1400,6,0.1,6,0,0,100.0,100.0,inf,1.8,0.0,25.8
LONG:vwap_reclaim+above_vwap_v+cvd_up+cvd_up_v|nk0.5|vm1.2|pm_1130_1400,6,0.1,6,0,0,100.0,100.0,inf,1.8,0.0,25.8
LONG:vwap_reclaim+above_vwap_v+cvd_up+cvd_up_v|nk0.8|vm0.8|pm_1130_1400,6,0.1,6,0,0,100.0,100.0,inf,1.8,0.0,25.8
LONG:vwap_reclaim+above_vwap_v+cvd_up+cvd_up_v|nk0.8|vm1.2|pm_1130_1400,6,0.1,6,0,0,100.0,100.0,inf,1.8,0.0,25.8
LONG:above_vwap+adi_up+s1_bounce+cvd_up|nk0.8|vm1.2|full_0845_1400,6,0.1,6,0,0,100.0,100.0,inf,1.8,0.0,10.0
LONG:above_vwap+adi_up+ylow_reclaim+cvd_up|nk0.0|vm1.2|am_0845_1130,6,0.1,6,0,0,100.0,100.0,inf,1.8,0.0,10.0
LONG:above_vwap+adi_up+ylow_reclaim+cvd_up|nk0.5|vm1.2|am_0845_1130,6,0.1,6,0,0,100.0,100.0,inf,1.8,0.0,10.0
LONG:above_vwap+adi_up+ylow_reclaim+cvd_up|nk0.8|vm1.2|am_0845_1130,6,0.1,6,0,0,100.0,100.0,inf,1.8,0.0,10.0
LONG:above_vwap+delta_surge+vwap_reclaim_v+cvd_up|nk0.0|vm0.8|pm_1130_1400,6,0.1,6,0,0,100.0,100.0,inf,1.8,0.0,25.8
LONG:above_vwap+delta_surge+vwap_reclaim_v+cvd_up|nk0.0|vm1.2|pm_1130_1400,6,0.1,6,0,0,100.0,100.0,inf,1.8,0.0,25.8
LONG:above_vwap+delta_surge+vwap_reclaim_v+cvd_up|nk0.5|vm0.8|pm_1130_1400,6,0.1,6,0,0,100.0,100.0,inf,1.8,0.0,25.8
LONG:above_vwap+delta_surge+vwap_reclaim_v+cvd_up|nk0.5|vm1.2|pm_1130_1400,6,0.1,6,0,0,100.0,100.0,inf,1.8,0.0,25.8
LONG:above_vwap+delta_surge+vwap_reclaim_v+cvd_up|nk0.8|vm0.8|pm_1130_1400,6,0.1,6,0,0,100.0,100.0,inf,1.8,0.0,25.8
LONG:above_vwap+delta_surge+vwap_reclaim_v+cvd_up|nk0.8|vm1.2|pm_1130_1400,6,0.1,6,0,0,100.0,100.0,inf,1.8,0.0,25.8
LONG:above_vwap+delta_surge+vwap_reclaim_v+cvd_up_v|nk0.0|vm0.8|pm_1130_1400,6,0.1,6,0,0,100.0,100.0,inf,1.8,0.0,25.8
LONG:above_vwap+delta_surge+vwap_reclaim_v+cvd_up_v|nk0.0|vm1.2|pm_1130_1400,6,0.1,6,0,0,100.0,100.0,inf,1.8,0.0,25.8
LONG:above_vwap+delta_surge+vwap_reclaim_v+cvd_up_v|nk0.5|vm0.8|pm_1130_1400,6,0.1,6,0,0,100.0,100.0,inf,1.8,0.0,25.8
LONG:above_vwap+delta_surge+vwap_reclaim_v+cvd_up_v|nk0.5|vm1.2|pm_1130_1400,6,0.1,6,0,0,100.0,100.0,inf,1.8,0.0,25.8
LONG:above_vwap+delta_surge+vwap_reclaim_v+cvd_up_v|nk0.8|vm0.8|pm_1130_1400,6,0.1,6,0,0,100.0,100.0,inf,1.8,0.0,25.8
LONG:above_vwap+delta_surge+vwap_reclaim_v+cvd_up_v|nk0.8|vm1.2|pm_1130_1400,6,0.1,6,0,0,100.0,100.0,inf,1.8,0.0,25.8
LONG:above_vwap+above_pivot+macd_x_up+rsi_thrust_up|nk0.0|vm0.8|full_0845_1400,6,0.1,6,0,0,100.0,100.0,inf,1.8,0.0,10.0
LONG:above_vwap+above_pivot+macd_x_up+rsi_thrust_up|nk0.0|vm1.2|full_0845_1400,6,0.1,6,0,0,100.0,100.0,inf,1.8,0.0,10.0
LONG:above_vwap+above_pivot+macd_x_up+rsi_thrust_up|nk0.5|vm0.8|full_0845_1400,6,0.1,6,0,0,100.0,100.0,inf,1.8,0.0,10.0
LONG:above_vwap+above_pivot+macd_x_up+rsi_thrust_up|nk0.5|vm1.2|full_0845_1400,6,0.1,6,0,0,100.0,100.0,inf,1.8,0.0,10.0
LONG:above_vwap+above_pivot+macd_x_up+rsi_thrust_up|nk0.8|vm0.8|full_0845_1400,6,0.1,6,0,0,100.0,100.0,inf,1.8,0.0,10.0
LONG:above_vwap+above_pivot+macd_x_up+rsi_thrust_up|nk0.8|vm1.2|full_0845_1400,6,0.1,6,0,0,100.0,100.0,inf,1.8,0.0,10.0
LONG:above_vwap+vwap_reclaim_v+rvol_thrust_up+cvd_up|nk0.0|vm0.8|pm_1130_1400,6,0.1,6,0,0,100.0,100.0,inf,1.8,0.0,25.8
LONG:above_vwap+vwap_reclaim_v+rvol_thrust_up+cvd_up|nk0.0|vm1.2|pm_1130_1400,6,0.1,6,0,0,100.0,100.0,inf,1.8,0.0,25.8
LONG:above_vwap+vwap_reclaim_v+rvol_thrust_up+cvd_up|nk0.5|vm0.8|pm_1130_1400,6,0.1,6,0,0,100.0,100.0,inf,1.8,0.0,25.8
LONG:above_vwap+vwap_reclaim_v+rvol_thrust_up+cvd_up|nk0.5|vm1.2|pm_1130_1400,6,0.1,6,0,0,100.0,100.0,inf,1.8,0.0,25.8
LONG:above_vwap+vwap_reclaim_v+rvol_thrust_up+cvd_up|nk0.8|vm0.8|pm_1130_1400,6,0.1,6,0,0,100.0,100.0,inf,1.8,0.0,25.8
LONG:above_vwap+vwap_reclaim_v+rvol_thrust_up+cvd_up|nk0.8|vm1.2|pm_1130_1400,6,0.1,6,0,0,100.0,100.0,inf,1.8,0.0,25.8
LONG:above_vwap+vwap_reclaim_v+rvol_thrust_up+cvd_up_v|nk0.0|vm0.8|pm_1130_1400,6,0.1,6,0,0,100.0,100.0,inf,1.8,0.0,25.8
LONG:above_vwap+vwap_reclaim_v+rvol_thrust_up+cvd_up_v|nk0.0|vm1.2|pm_1130_1400,6,0.1,6,0,0,100.0,100.0,inf,1.8,0.0,25.8
LONG:above_vwap+vwap_reclaim_v+rvol_thrust_up+cvd_up_v|nk0.5|vm0.8|pm_1130_1400,6,0.1,6,0,0,100.0,100.0,inf,1.8,0.0,25.8
LONG:above_vwap+vwap_reclaim_v+rvol_thrust_up+cvd_up_v|nk0.5|vm1.2|pm_1130_1400,6,0.1,6,0,0,100.0,100.0,inf,1.8,0.0,25.8
LONG:above_vwap+vwap_reclaim_v+rvol_thrust_up+cvd_up_v|nk0.8|vm0.8|pm_1130_1400,6,0.1,6,0,0,100.0,100.0,inf,1.8,0.0,25.8
LONG:above_vwap+vwap_reclaim_v+rvol_thrust_up+cvd_up_v|nk0.8|vm1.2|pm_1130_1400,6,0.1,6,0,0,100.0,100.0,inf,1.8,0.0,25.8
LONG:above_vwap+vwap_reclaim_v+above_vwap_v+cvd_up|nk0.0|vm0.8|pm_1130_1400,6,0.1,6,0,0,100.0,100.0,inf,1.8,0.0,25.8
LONG:above_vwap+vwap_reclaim_v+above_vwap_v+cvd_up|nk0.0|vm1.2|pm_1130_1400,6,0.1,6,0,0,100.0,100.0,inf,1.8,0.0,25.8
LONG:above_vwap+vwap_reclaim_v+above_vwap_v+cvd_up|nk0.5|vm0.8|pm_1130_1400,6,0.1,6,0,0,100.0,100.0,inf,1.8,0.0,25.8
LONG:above_vwap+vwap_reclaim_v+above_vwap_v+cvd_up|nk0.5|vm1.2|pm_1130_1400,6,0.1,6,0,0,100.0,100.0,inf,1.8,0.0,25.8
LONG:above_vwap+vwap_reclaim_v+above_vwap_v+cvd_up|nk0.8|vm0.8|pm_1130_1400,6,0.1,6,0,0,100.0,100.0,inf,1.8,0.0,25.8
LONG:above_vwap+vwap_reclaim_v+above_vwap_v+cvd_up|nk0.8|vm1.2|pm_1130_1400,6,0.1,6,0,0,100.0,100.0,inf,1.8,0.0,25.8
LONG:above_vwap+vwap_reclaim_v+above_vwap_v+cvd_up_v|nk0.0|vm0.8|pm_1130_1400,6,0.1,6,0,0,100.0,100.0,inf,1.8,0.0,25.8
LONG:above_vwap+vwap_reclaim_v+above_vwap_v+cvd_up_v|nk0.0|vm1.2|pm_1130_1400,6,0.1,6,0,0,100.0,100.0,inf,1.8,0.0,25.8
LONG:above_vwap+vwap_reclaim_v+above_vwap_v+cvd_up_v|nk0.5|vm0.8|pm_1130_1400,6,0.1,6,0,0,100.0,100.0,inf,1.8,0.0,25.8
LONG:above_vwap+vwap_reclaim_v+above_vwap_v+cvd_up_v|nk0.5|vm1.2|pm_1130_1400,6,0.1,6,0,0,100.0,100.0,inf,1.8,0.0,25.8
LONG:above_vwap+vwap_reclaim_v+above_vwap_v+cvd_up_v|nk0.8|vm0.8|pm_1130_1400,6,0.1,6,0,0,100.0,100.0,inf,1.8,0.0,25.8
LONG:above_vwap+vwap_reclaim_v+above_vwap_v+cvd_up_v|nk0.8|vm1.2|pm_1130_1400,6,0.1,6,0,0,100.0,100.0,inf,1.8,0.0,25.8
LONG:adi_up+delta_surge+vwap_reclaim_v+cvd_up|nk0.0|vm0.8|pm_1130_1400,6,0.1,6,0,0,100.0,100.0,inf,1.8,0.0,25.8
LONG:adi_up+delta_surge+vwap_reclaim_v+cvd_up|nk0.0|vm1.2|pm_1130_1400,6,0.1,6,0,0,100.0,100.0,inf,1.8,0.0,25.8
LONG:adi_up+delta_surge+vwap_reclaim_v+cvd_up|nk0.5|vm0.8|pm_1130_1400,6,0.1,6,0,0,100.0,100.0,inf,1.8,0.0,25.8
LONG:adi_up+delta_surge+vwap_reclaim_v+cvd_up|nk0.5|vm1.2|pm_1130_1400,6,0.1,6,0,0,100.0,100.0,inf,1.8,0.0,25.8
LONG:adi_up+delta_surge+vwap_reclaim_v+cvd_up|nk0.8|vm0.8|pm_1130_1400,6,0.1,6,0,0,100.0,100.0,inf,1.8,0.0,25.8
LONG:adi_up+delta_surge+vwap_reclaim_v+cvd_up|nk0.8|vm1.2|pm_1130_1400,6,0.1,6,0,0,100.0,100.0,inf,1.8,0.0,25.8
LONG:adi_up+delta_surge+vwap_reclaim_v+cvd_up_v|nk0.0|vm0.8|pm_1130_1400,6,0.1,6,0,0,100.0,100.0,inf,1.8,0.0,25.8
LONG:adi_up+delta_surge+vwap_reclaim_v+cvd_up_v|nk0.0|vm1.2|pm_1130_1400,6,0.1,6,0,0,100.0,100.0,inf,1.8,0.0,25.8
LONG:adi_up+delta_surge+vwap_reclaim_v+cvd_up_v|nk0.5|vm0.8|pm_1130_1400,6,0.1,6,0,0,100.0,100.0,inf,1.8,0.0,25.8
LONG:adi_up+delta_surge+vwap_reclaim_v+cvd_up_v|nk0.5|vm1.2|pm_1130_1400,6,0.1,6,0,0,100.0,100.0,inf,1.8,0.0,25.8
LONG:adi_up+delta_surge+vwap_reclaim_v+cvd_up_v|nk0.8|vm0.8|pm_1130_1400,6,0.1,6,0,0,100.0,100.0,inf,1.8,0.0,25.8
LONG:adi_up+delta_surge+vwap_reclaim_v+cvd_up_v|nk0.8|vm1.2|pm_1130_1400,6,0.1,6,0,0,100.0,100.0,inf,1.8,0.0,25.8
LONG:adi_up+above_pivot+macd_x_up+macd_x_up_neg|nk0.0|vm1.2|am_0845_1130,6,0.1,6,0,0,100.0,100.0,inf,1.8,0.0,5.0
LONG:adi_up+above_pivot+macd_x_up+macd_x_up_neg|nk0.5|vm1.2|am_0845_1130,6,0.1,6,0,0,100.0,100.0,inf,1.8,0.0,5.0
LONG:adi_up+above_pivot+macd_x_up+macd_x_up_neg|nk0.8|vm1.2|am_0845_1130,6,0.1,6,0,0,100.0,100.0,inf,1.8,0.0,5.0
LONG:adi_up+above_pivot+macd_x_up+rsi_thrust_up|nk0.0|vm0.8|full_0845_1400,6,0.1,6,0,0,100.0,100.0,inf,1.8,0.0,10.0
LONG:adi_up+above_pivot+macd_x_up+rsi_thrust_up|nk0.0|vm1.2|full_0845_1400,6,0.1,6,0,0,100.0,100.0,inf,1.8,0.0,10.0
LONG:adi_up+above_pivot+macd_x_up+rsi_thrust_up|nk0.5|vm0.8|full_0845_1400,6,0.1,6,0,0,100.0,100.0,inf,1.8,0.0,10.0
LONG:adi_up+above_pivot+macd_x_up+rsi_thrust_up|nk0.5|vm1.2|full_0845_1400,6,0.1,6,0,0,100.0,100.0,inf,1.8,0.0,10.0
LONG:adi_up+above_pivot+macd_x_up+rsi_thrust_up|nk0.8|vm0.8|full_0845_1400,6,0.1,6,0,0,100.0,100.0,inf,1.8,0.0,10.0
LONG:adi_up+above_pivot+macd_x_up+rsi_thrust_up|nk0.8|vm1.2|full_0845_1400,6,0.1,6,0,0,100.0,100.0,inf,1.8,0.0,10.0
LONG:adi_up+above_pivot+macd_x_up_neg+strong_close|nk0.0|vm1.2|am_0845_1130,6,0.1,6,0,0,100.0,100.0,inf,1.8,0.0,5.0
LONG:adi_up+above_pivot+macd_x_up_neg+strong_close|nk0.5|vm1.2|am_0845_1130,6,0.1,6,0,0,100.0,100.0,inf,1.8,0.0,5.0
LONG:adi_up+above_pivot+macd_x_up_neg+strong_close|nk0.8|vm1.2|am_0845_1130,6,0.1,6,0,0,100.0,100.0,inf,1.8,0.0,5.0
LONG:adi_up+strong_close+mom_ignite_up+rsi_thrust_up|nk0.0|vm0.8|full_0845_1400,6,0.1,6,0,0,100.0,100.0,inf,1.8,0.0,10.8
LONG:adi_up+strong_close+mom_ignite_up+rsi_thrust_up|nk0.0|vm1.2|full_0845_1400,6,0.1,6,0,0,100.0,100.0,inf,1.8,0.0,10.8
LONG:adi_up+strong_close+mom_ignite_up+rsi_thrust_up|nk0.5|vm0.8|full_0845_1400,6,0.1,6,0,0,100.0,100.0,inf,1.8,0.0,10.8
LONG:adi_up+strong_close+mom_ignite_up+rsi_thrust_up|nk0.5|vm1.2|full_0845_1400,6,0.1,6,0,0,100.0,100.0,inf,1.8,0.0,10.8
LONG:adi_up+strong_close+mom_ignite_up+rsi_thrust_up|nk0.8|vm0.8|full_0845_1400,6,0.1,6,0,0,100.0,100.0,inf,1.8,0.0,10.8
LONG:adi_up+strong_close+mom_ignite_up+rsi_thrust_up|nk0.8|vm1.2|full_0845_1400,6,0.1,6,0,0,100.0,100.0,inf,1.8,0.0,10.8
LONG:adi_up+vwap_reclaim_v+rvol_thrust_up+cvd_up|nk0.0|vm0.8|pm_1130_1400,6,0.1,6,0,0,100.0,100.0,inf,1.8,0.0,25.8
LONG:adi_up+vwap_reclaim_v+rvol_thrust_up+cvd_up|nk0.0|vm1.2|pm_1130_1400,6,0.1,6,0,0,100.0,100.0,inf,1.8,0.0,25.8
LONG:adi_up+vwap_reclaim_v+rvol_thrust_up+cvd_up|nk0.5|vm0.8|pm_1130_1400,6,0.1,6,0,0,100.0,100.0,inf,1.8,0.0,25.8
LONG:adi_up+vwap_reclaim_v+rvol_thrust_up+cvd_up|nk0.5|vm1.2|pm_1130_1400,6,0.1,6,0,0,100.0,100.0,inf,1.8,0.0,25.8
LONG:adi_up+vwap_reclaim_v+rvol_thrust_up+cvd_up|nk0.8|vm0.8|pm_1130_1400,6,0.1,6,0,0,100.0,100.0,inf,1.8,0.0,25.8
LONG:adi_up+vwap_reclaim_v+rvol_thrust_up+cvd_up|nk0.8|vm1.2|pm_1130_1400,6,0.1,6,0,0,100.0,100.0,inf,1.8,0.0,25.8
LONG:adi_up+vwap_reclaim_v+rvol_thrust_up+cvd_up_v|nk0.0|vm0.8|pm_1130_1400,6,0.1,6,0,0,100.0,100.0,inf,1.8,0.0,25.8
LONG:adi_up+vwap_reclaim_v+rvol_thrust_up+cvd_up_v|nk0.0|vm1.2|pm_1130_1400,6,0.1,6,0,0,100.0,100.0,inf,1.8,0.0,25.8
LONG:adi_up+vwap_reclaim_v+rvol_thrust_up+cvd_up_v|nk0.5|vm0.8|pm_1130_1400,6,0.1,6,0,0,100.0,100.0,inf,1.8,0.0,25.8
LONG:adi_up+vwap_reclaim_v+rvol_thrust_up+cvd_up_v|nk0.5|vm1.2|pm_1130_1400,6,0.1,6,0,0,100.0,100.0,inf,1.8,0.0,25.8
LONG:adi_up+vwap_reclaim_v+rvol_thrust_up+cvd_up_v|nk0.8|vm0.8|pm_1130_1400,6,0.1,6,0,0,100.0,100.0,inf,1.8,0.0,25.8
LONG:adi_up+vwap_reclaim_v+rvol_thrust_up+cvd_up_v|nk0.8|vm1.2|pm_1130_1400,6,0.1,6,0,0,100.0,100.0,inf,1.8,0.0,25.8
LONG:adi_up+vwap_reclaim_v+above_vwap_v+cvd_up|nk0.0|vm0.8|pm_1130_1400,6,0.1,6,0,0,100.0,100.0,inf,1.8,0.0,25.8
LONG:adi_up+vwap_reclaim_v+above_vwap_v+cvd_up|nk0.0|vm1.2|pm_1130_1400,6,0.1,6,0,0,100.0,100.0,inf,1.8,0.0,25.8
LONG:adi_up+vwap_reclaim_v+above_vwap_v+cvd_up|nk0.5|vm0.8|pm_1130_1400,6,0.1,6,0,0,100.0,100.0,inf,1.8,0.0,25.8
LONG:adi_up+vwap_reclaim_v+above_vwap_v+cvd_up|nk0.5|vm1.2|pm_1130_1400,6,0.1,6,0,0,100.0,100.0,inf,1.8,0.0,25.8
LONG:adi_up+vwap_reclaim_v+above_vwap_v+cvd_up|nk0.8|vm0.8|pm_1130_1400,6,0.1,6,0,0,100.0,100.0,inf,1.8,0.0,25.8
LONG:adi_up+vwap_reclaim_v+above_vwap_v+cvd_up|nk0.8|vm1.2|pm_1130_1400,6,0.1,6,0,0,100.0,100.0,inf,1.8,0.0,25.8
LONG:adi_up+vwap_reclaim_v+above_vwap_v+cvd_up_v|nk0.0|vm0.8|pm_1130_1400,6,0.1,6,0,0,100.0,100.0,inf,1.8,0.0,25.8
LONG:adi_up+vwap_reclaim_v+above_vwap_v+cvd_up_v|nk0.0|vm1.2|pm_1130_1400,6,0.1,6,0,0,100.0,100.0,inf,1.8,0.0,25.8
LONG:adi_up+vwap_reclaim_v+above_vwap_v+cvd_up_v|nk0.5|vm0.8|pm_1130_1400,6,0.1,6,0,0,100.0,100.0,inf,1.8,0.0,25.8
LONG:adi_up+vwap_reclaim_v+above_vwap_v+cvd_up_v|nk0.5|vm1.2|pm_1130_1400,6,0.1,6,0,0,100.0,100.0,inf,1.8,0.0,25.8
LONG:adi_up+vwap_reclaim_v+above_vwap_v+cvd_up_v|nk0.8|vm0.8|pm_1130_1400,6,0.1,6,0,0,100.0,100.0,inf,1.8,0.0,25.8
LONG:adi_up+vwap_reclaim_v+above_vwap_v+cvd_up_v|nk0.8|vm1.2|pm_1130_1400,6,0.1,6,0,0,100.0,100.0,inf,1.8,0.0,25.8
LONG:delta_surge+strong_close+vwap_reclaim_v+cvd_up|nk0.0|vm0.8|pm_1130_1400,6,0.1,6,0,0,100.0,100.0,inf,1.8,0.0,25.8
LONG:delta_surge+strong_close+vwap_reclaim_v+cvd_up|nk0.0|vm1.2|pm_1130_1400,6,0.1,6,0,0,100.0,100.0,inf,1.8,0.0,25.8
LONG:delta_surge+strong_close+vwap_reclaim_v+cvd_up|nk0.5|vm0.8|pm_1130_1400,6,0.1,6,0,0,100.0,100.0,inf,1.8,0.0,25.8
LONG:delta_surge+strong_close+vwap_reclaim_v+cvd_up|nk0.5|vm1.2|pm_1130_1400,6,0.1,6,0,0,100.0,100.0,inf,1.8,0.0,25.8
LONG:delta_surge+strong_close+vwap_reclaim_v+cvd_up|nk0.8|vm0.8|pm_1130_1400,6,0.1,6,0,0,100.0,100.0,inf,1.8,0.0,25.8
LONG:delta_surge+strong_close+vwap_reclaim_v+cvd_up|nk0.8|vm1.2|pm_1130_1400,6,0.1,6,0,0,100.0,100.0,inf,1.8,0.0,25.8
LONG:delta_surge+strong_close+vwap_reclaim_v+cvd_up_v|nk0.0|vm0.8|pm_1130_1400,6,0.1,6,0,0,100.0,100.0,inf,1.8,0.0,25.8
LONG:delta_surge+strong_close+vwap_reclaim_v+cvd_up_v|nk0.0|vm1.2|pm_1130_1400,6,0.1,6,0,0,100.0,100.0,inf,1.8,0.0,25.8
LONG:delta_surge+strong_close+vwap_reclaim_v+cvd_up_v|nk0.5|vm0.8|pm_1130_1400,6,0.1,6,0,0,100.0,100.0,inf,1.8,0.0,25.8
LONG:delta_surge+strong_close+vwap_reclaim_v+cvd_up_v|nk0.5|vm1.2|pm_1130_1400,6,0.1,6,0,0,100.0,100.0,inf,1.8,0.0,25.8
LONG:delta_surge+strong_close+vwap_reclaim_v+cvd_up_v|nk0.8|vm0.8|pm_1130_1400,6,0.1,6,0,0,100.0,100.0,inf,1.8,0.0,25.8
LONG:delta_surge+strong_close+vwap_reclaim_v+cvd_up_v|nk0.8|vm1.2|pm_1130_1400,6,0.1,6,0,0,100.0,100.0,inf,1.8,0.0,25.8
LONG:delta_surge+vwap_reclaim_v+rvol_thrust_up+cvd_up|nk0.0|vm0.8|pm_1130_1400,6,0.1,6,0,0,100.0,100.0,inf,1.8,0.0,25.8
LONG:delta_surge+vwap_reclaim_v+rvol_thrust_up+cvd_up|nk0.0|vm1.2|pm_1130_1400,6,0.1,6,0,0,100.0,100.0,inf,1.8,0.0,25.8
LONG:delta_surge+vwap_reclaim_v+rvol_thrust_up+cvd_up|nk0.5|vm0.8|pm_1130_1400,6,0.1,6,0,0,100.0,100.0,inf,1.8,0.0,25.8
LONG:delta_surge+vwap_reclaim_v+rvol_thrust_up+cvd_up|nk0.5|vm1.2|pm_1130_1400,6,0.1,6,0,0,100.0,100.0,inf,1.8,0.0,25.8
LONG:delta_surge+vwap_reclaim_v+rvol_thrust_up+cvd_up|nk0.8|vm0.8|pm_1130_1400,6,0.1,6,0,0,100.0,100.0,inf,1.8,0.0,25.8
LONG:delta_surge+vwap_reclaim_v+rvol_thrust_up+cvd_up|nk0.8|vm1.2|pm_1130_1400,6,0.1,6,0,0,100.0,100.0,inf,1.8,0.0,25.8
LONG:delta_surge+vwap_reclaim_v+rvol_thrust_up+cvd_up_v|nk0.0|vm0.8|pm_1130_1400,6,0.1,6,0,0,100.0,100.0,inf,1.8,0.0,25.8
LONG:delta_surge+vwap_reclaim_v+rvol_thrust_up+cvd_up_v|nk0.0|vm1.2|pm_1130_1400,6,0.1,6,0,0,100.0,100.0,inf,1.8,0.0,25.8
LONG:delta_surge+vwap_reclaim_v+rvol_thrust_up+cvd_up_v|nk0.5|vm0.8|pm_1130_1400,6,0.1,6,0,0,100.0,100.0,inf,1.8,0.0,25.8
LONG:delta_surge+vwap_reclaim_v+rvol_thrust_up+cvd_up_v|nk0.5|vm1.2|pm_1130_1400,6,0.1,6,0,0,100.0,100.0,inf,1.8,0.0,25.8
LONG:delta_surge+vwap_reclaim_v+rvol_thrust_up+cvd_up_v|nk0.8|vm0.8|pm_1130_1400,6,0.1,6,0,0,100.0,100.0,inf,1.8,0.0,25.8
LONG:delta_surge+vwap_reclaim_v+rvol_thrust_up+cvd_up_v|nk0.8|vm1.2|pm_1130_1400,6,0.1,6,0,0,100.0,100.0,inf,1.8,0.0,25.8
LONG:delta_surge+vwap_reclaim_v+above_vwap_v+cvd_up|nk0.0|vm0.8|pm_1130_1400,6,0.1,6,0,0,100.0,100.0,inf,1.8,0.0,25.8
LONG:delta_surge+vwap_reclaim_v+above_vwap_v+cvd_up|nk0.0|vm1.2|pm_1130_1400,6,0.1,6,0,0,100.0,100.0,inf,1.8,0.0,25.8
LONG:delta_surge+vwap_reclaim_v+above_vwap_v+cvd_up|nk0.5|vm0.8|pm_1130_1400,6,0.1,6,0,0,100.0,100.0,inf,1.8,0.0,25.8
LONG:delta_surge+vwap_reclaim_v+above_vwap_v+cvd_up|nk0.5|vm1.2|pm_1130_1400,6,0.1,6,0,0,100.0,100.0,inf,1.8,0.0,25.8
LONG:delta_surge+vwap_reclaim_v+above_vwap_v+cvd_up|nk0.8|vm0.8|pm_1130_1400,6,0.1,6,0,0,100.0,100.0,inf,1.8,0.0,25.8
LONG:delta_surge+vwap_reclaim_v+above_vwap_v+cvd_up|nk0.8|vm1.2|pm_1130_1400,6,0.1,6,0,0,100.0,100.0,inf,1.8,0.0,25.8
LONG:delta_surge+vwap_reclaim_v+above_vwap_v+cvd_up_v|nk0.0|vm0.8|pm_1130_1400,6,0.1,6,0,0,100.0,100.0,inf,1.8,0.0,25.8
LONG:delta_surge+vwap_reclaim_v+above_vwap_v+cvd_up_v|nk0.0|vm1.2|pm_1130_1400,6,0.1,6,0,0,100.0,100.0,inf,1.8,0.0,25.8
LONG:delta_surge+vwap_reclaim_v+above_vwap_v+cvd_up_v|nk0.5|vm0.8|pm_1130_1400,6,0.1,6,0,0,100.0,100.0,inf,1.8,0.0,25.8
LONG:delta_surge+vwap_reclaim_v+above_vwap_v+cvd_up_v|nk0.5|vm1.2|pm_1130_1400,6,0.1,6,0,0,100.0,100.0,inf,1.8,0.0,25.8
LONG:delta_surge+vwap_reclaim_v+above_vwap_v+cvd_up_v|nk0.8|vm0.8|pm_1130_1400,6,0.1,6,0,0,100.0,100.0,inf,1.8,0.0,25.8
LONG:delta_surge+vwap_reclaim_v+above_vwap_v+cvd_up_v|nk0.8|vm1.2|pm_1130_1400,6,0.1,6,0,0,100.0,100.0,inf,1.8,0.0,25.8
LONG:delta_surge+vwap_reclaim_v+cvd_up+cvd_up_v|nk0.0|vm0.8|pm_1130_1400,6,0.1,6,0,0,100.0,100.0,inf,1.8,0.0,25.8
LONG:delta_surge+vwap_reclaim_v+cvd_up+cvd_up_v|nk0.0|vm1.2|pm_1130_1400,6,0.1,6,0,0,100.0,100.0,inf,1.8,0.0,25.8
LONG:delta_surge+vwap_reclaim_v+cvd_up+cvd_up_v|nk0.5|vm0.8|pm_1130_1400,6,0.1,6,0,0,100.0,100.0,inf,1.8,0.0,25.8
LONG:delta_surge+vwap_reclaim_v+cvd_up+cvd_up_v|nk0.5|vm1.2|pm_1130_1400,6,0.1,6,0,0,100.0,100.0,inf,1.8,0.0,25.8
LONG:delta_surge+vwap_reclaim_v+cvd_up+cvd_up_v|nk0.8|vm0.8|pm_1130_1400,6,0.1,6,0,0,100.0,100.0,inf,1.8,0.0,25.8
LONG:delta_surge+vwap_reclaim_v+cvd_up+cvd_up_v|nk0.8|vm1.2|pm_1130_1400,6,0.1,6,0,0,100.0,100.0,inf,1.8,0.0,25.8
LONG:above_pivot+macd_x_up+macd_x_up_neg+strong_close|nk0.0|vm1.2|am_0845_1130,6,0.1,6,0,0,100.0,100.0,inf,1.8,0.0,5.0
LONG:above_pivot+macd_x_up+macd_x_up_neg+strong_close|nk0.5|vm1.2|am_0845_1130,6,0.1,6,0,0,100.0,100.0,inf,1.8,0.0,5.0
LONG:above_pivot+macd_x_up+macd_x_up_neg+strong_close|nk0.8|vm1.2|am_0845_1130,6,0.1,6,0,0,100.0,100.0,inf,1.8,0.0,5.0
LONG:above_pivot+macd_x_up+strong_close+rsi_thrust_up|nk0.0|vm0.8|full_0845_1400,6,0.1,6,0,0,100.0,100.0,inf,1.8,0.0,10.0
LONG:above_pivot+macd_x_up+strong_close+rsi_thrust_up|nk0.0|vm1.2|full_0845_1400,6,0.1,6,0,0,100.0,100.0,inf,1.8,0.0,10.0
LONG:above_pivot+macd_x_up+strong_close+rsi_thrust_up|nk0.5|vm0.8|full_0845_1400,6,0.1,6,0,0,100.0,100.0,inf,1.8,0.0,10.0
LONG:above_pivot+macd_x_up+strong_close+rsi_thrust_up|nk0.5|vm1.2|full_0845_1400,6,0.1,6,0,0,100.0,100.0,inf,1.8,0.0,10.0
LONG:above_pivot+macd_x_up+strong_close+rsi_thrust_up|nk0.8|vm0.8|full_0845_1400,6,0.1,6,0,0,100.0,100.0,inf,1.8,0.0,10.0
LONG:above_pivot+macd_x_up+strong_close+rsi_thrust_up|nk0.8|vm1.2|full_0845_1400,6,0.1,6,0,0,100.0,100.0,inf,1.8,0.0,10.0
LONG:above_pivot+macd_x_up+cvd_up+rsi_thrust_up|nk0.0|vm0.8|full_0845_1400,6,0.1,6,0,0,100.0,100.0,inf,1.8,0.0,10.0
LONG:above_pivot+macd_x_up+cvd_up+rsi_thrust_up|nk0.0|vm1.2|full_0845_1400,6,0.1,6,0,0,100.0,100.0,inf,1.8,0.0,10.0
LONG:above_pivot+macd_x_up+cvd_up+rsi_thrust_up|nk0.5|vm0.8|full_0845_1400,6,0.1,6,0,0,100.0,100.0,inf,1.8,0.0,10.0
LONG:above_pivot+macd_x_up+cvd_up+rsi_thrust_up|nk0.5|vm1.2|full_0845_1400,6,0.1,6,0,0,100.0,100.0,inf,1.8,0.0,10.0
LONG:above_pivot+macd_x_up+cvd_up+rsi_thrust_up|nk0.8|vm0.8|full_0845_1400,6,0.1,6,0,0,100.0,100.0,inf,1.8,0.0,10.0
LONG:above_pivot+macd_x_up+cvd_up+rsi_thrust_up|nk0.8|vm1.2|full_0845_1400,6,0.1,6,0,0,100.0,100.0,inf,1.8,0.0,10.0
LONG:above_pivot+macd_x_up+cvd_up_v+rsi_thrust_up|nk0.0|vm0.8|full_0845_1400,6,0.1,6,0,0,100.0,100.0,inf,1.8,0.0,10.0
LONG:above_pivot+macd_x_up+cvd_up_v+rsi_thrust_up|nk0.0|vm1.2|full_0845_1400,6,0.1,6,0,0,100.0,100.0,inf,1.8,0.0,10.0
LONG:above_pivot+macd_x_up+cvd_up_v+rsi_thrust_up|nk0.5|vm0.8|full_0845_1400,6,0.1,6,0,0,100.0,100.0,inf,1.8,0.0,10.0
LONG:above_pivot+macd_x_up+cvd_up_v+rsi_thrust_up|nk0.5|vm1.2|full_0845_1400,6,0.1,6,0,0,100.0,100.0,inf,1.8,0.0,10.0
LONG:above_pivot+macd_x_up+cvd_up_v+rsi_thrust_up|nk0.8|vm0.8|full_0845_1400,6,0.1,6,0,0,100.0,100.0,inf,1.8,0.0,10.0
LONG:above_pivot+macd_x_up+cvd_up_v+rsi_thrust_up|nk0.8|vm1.2|full_0845_1400,6,0.1,6,0,0,100.0,100.0,inf,1.8,0.0,10.0
LONG:strong_close+vwap_reclaim_v+rvol_thrust_up+cvd_up|nk0.0|vm0.8|pm_1130_1400,6,0.1,6,0,0,100.0,100.0,inf,1.8,0.0,25.8
LONG:strong_close+vwap_reclaim_v+rvol_thrust_up+cvd_up|nk0.0|vm1.2|pm_1130_1400,6,0.1,6,0,0,100.0,100.0,inf,1.8,0.0,25.8
LONG:strong_close+vwap_reclaim_v+rvol_thrust_up+cvd_up|nk0.5|vm0.8|pm_1130_1400,6,0.1,6,0,0,100.0,100.0,inf,1.8,0.0,25.8
LONG:strong_close+vwap_reclaim_v+rvol_thrust_up+cvd_up|nk0.5|vm1.2|pm_1130_1400,6,0.1,6,0,0,100.0,100.0,inf,1.8,0.0,25.8
LONG:strong_close+vwap_reclaim_v+rvol_thrust_up+cvd_up|nk0.8|vm0.8|pm_1130_1400,6,0.1,6,0,0,100.0,100.0,inf,1.8,0.0,25.8
LONG:strong_close+vwap_reclaim_v+rvol_thrust_up+cvd_up|nk0.8|vm1.2|pm_1130_1400,6,0.1,6,0,0,100.0,100.0,inf,1.8,0.0,25.8
LONG:strong_close+vwap_reclaim_v+rvol_thrust_up+cvd_up_v|nk0.0|vm0.8|pm_1130_1400,6,0.1,6,0,0,100.0,100.0,inf,1.8,0.0,25.8
LONG:strong_close+vwap_reclaim_v+rvol_thrust_up+cvd_up_v|nk0.0|vm1.2|pm_1130_1400,6,0.1,6,0,0,100.0,100.0,inf,1.8,0.0,25.8
LONG:strong_close+vwap_reclaim_v+rvol_thrust_up+cvd_up_v|nk0.5|vm0.8|pm_1130_1400,6,0.1,6,0,0,100.0,100.0,inf,1.8,0.0,25.8
LONG:strong_close+vwap_reclaim_v+rvol_thrust_up+cvd_up_v|nk0.5|vm1.2|pm_1130_1400,6,0.1,6,0,0,100.0,100.0,inf,1.8,0.0,25.8
LONG:strong_close+vwap_reclaim_v+rvol_thrust_up+cvd_up_v|nk0.8|vm0.8|pm_1130_1400,6,0.1,6,0,0,100.0,100.0,inf,1.8,0.0,25.8
LONG:strong_close+vwap_reclaim_v+rvol_thrust_up+cvd_up_v|nk0.8|vm1.2|pm_1130_1400,6,0.1,6,0,0,100.0,100.0,inf,1.8,0.0,25.8
LONG:strong_close+vwap_reclaim_v+above_vwap_v+cvd_up|nk0.0|vm0.8|pm_1130_1400,6,0.1,6,0,0,100.0,100.0,inf,1.8,0.0,25.8
LONG:strong_close+vwap_reclaim_v+above_vwap_v+cvd_up|nk0.0|vm1.2|pm_1130_1400,6,0.1,6,0,0,100.0,100.0,inf,1.8,0.0,25.8
LONG:strong_close+vwap_reclaim_v+above_vwap_v+cvd_up|nk0.5|vm0.8|pm_1130_1400,6,0.1,6,0,0,100.0,100.0,inf,1.8,0.0,25.8
LONG:strong_close+vwap_reclaim_v+above_vwap_v+cvd_up|nk0.5|vm1.2|pm_1130_1400,6,0.1,6,0,0,100.0,100.0,inf,1.8,0.0,25.8
LONG:strong_close+vwap_reclaim_v+above_vwap_v+cvd_up|nk0.8|vm0.8|pm_1130_1400,6,0.1,6,0,0,100.0,100.0,inf,1.8,0.0,25.8
LONG:strong_close+vwap_reclaim_v+above_vwap_v+cvd_up|nk0.8|vm1.2|pm_1130_1400,6,0.1,6,0,0,100.0,100.0,inf,1.8,0.0,25.8
LONG:strong_close+vwap_reclaim_v+above_vwap_v+cvd_up_v|nk0.0|vm0.8|pm_1130_1400,6,0.1,6,0,0,100.0,100.0,inf,1.8,0.0,25.8
LONG:strong_close+vwap_reclaim_v+above_vwap_v+cvd_up_v|nk0.0|vm1.2|pm_1130_1400,6,0.1,6,0,0,100.0,100.0,inf,1.8,0.0,25.8
LONG:strong_close+vwap_reclaim_v+above_vwap_v+cvd_up_v|nk0.5|vm0.8|pm_1130_1400,6,0.1,6,0,0,100.0,100.0,inf,1.8,0.0,25.8
LONG:strong_close+vwap_reclaim_v+above_vwap_v+cvd_up_v|nk0.5|vm1.2|pm_1130_1400,6,0.1,6,0,0,100.0,100.0,inf,1.8,0.0,25.8
LONG:strong_close+vwap_reclaim_v+above_vwap_v+cvd_up_v|nk0.8|vm0.8|pm_1130_1400,6,0.1,6,0,0,100.0,100.0,inf,1.8,0.0,25.8
LONG:strong_close+vwap_reclaim_v+above_vwap_v+cvd_up_v|nk0.8|vm1.2|pm_1130_1400,6,0.1,6,0,0,100.0,100.0,inf,1.8,0.0,25.8
LONG:vwap_reclaim_v+rvol_thrust_up+above_vwap_v+cvd_up|nk0.0|vm0.8|pm_1130_1400,6,0.1,6,0,0,100.0,100.0,inf,1.8,0.0,25.8
LONG:vwap_reclaim_v+rvol_thrust_up+above_vwap_v+cvd_up|nk0.0|vm1.2|pm_1130_1400,6,0.1,6,0,0,100.0,100.0,inf,1.8,0.0,25.8
LONG:vwap_reclaim_v+rvol_thrust_up+above_vwap_v+cvd_up|nk0.5|vm0.8|pm_1130_1400,6,0.1,6,0,0,100.0,100.0,inf,1.8,0.0,25.8
LONG:vwap_reclaim_v+rvol_thrust_up+above_vwap_v+cvd_up|nk0.5|vm1.2|pm_1130_1400,6,0.1,6,0,0,100.0,100.0,inf,1.8,0.0,25.8
LONG:vwap_reclaim_v+rvol_thrust_up+above_vwap_v+cvd_up|nk0.8|vm0.8|pm_1130_1400,6,0.1,6,0,0,100.0,100.0,inf,1.8,0.0,25.8
LONG:vwap_reclaim_v+rvol_thrust_up+above_vwap_v+cvd_up|nk0.8|vm1.2|pm_1130_1400,6,0.1,6,0,0,100.0,100.0,inf,1.8,0.0,25.8
LONG:vwap_reclaim_v+rvol_thrust_up+above_vwap_v+cvd_up_v|nk0.0|vm0.8|pm_1130_1400,6,0.1,6,0,0,100.0,100.0,inf,1.8,0.0,25.8
LONG:vwap_reclaim_v+rvol_thrust_up+above_vwap_v+cvd_up_v|nk0.0|vm1.2|pm_1130_1400,6,0.1,6,0,0,100.0,100.0,inf,1.8,0.0,25.8
LONG:vwap_reclaim_v+rvol_thrust_up+above_vwap_v+cvd_up_v|nk0.5|vm0.8|pm_1130_1400,6,0.1,6,0,0,100.0,100.0,inf,1.8,0.0,25.8
LONG:vwap_reclaim_v+rvol_thrust_up+above_vwap_v+cvd_up_v|nk0.5|vm1.2|pm_1130_1400,6,0.1,6,0,0,100.0,100.0,inf,1.8,0.0,25.8
LONG:vwap_reclaim_v+rvol_thrust_up+above_vwap_v+cvd_up_v|nk0.8|vm0.8|pm_1130_1400,6,0.1,6,0,0,100.0,100.0,inf,1.8,0.0,25.8
LONG:vwap_reclaim_v+rvol_thrust_up+above_vwap_v+cvd_up_v|nk0.8|vm1.2|pm_1130_1400,6,0.1,6,0,0,100.0,100.0,inf,1.8,0.0,25.8
LONG:vwap_reclaim_v+rvol_thrust_up+cvd_up+cvd_up_v|nk0.0|vm0.8|pm_1130_1400,6,0.1,6,0,0,100.0,100.0,inf,1.8,0.0,25.8
LONG:vwap_reclaim_v+rvol_thrust_up+cvd_up+cvd_up_v|nk0.0|vm1.2|pm_1130_1400,6,0.1,6,0,0,100.0,100.0,inf,1.8,0.0,25.8
LONG:vwap_reclaim_v+rvol_thrust_up+cvd_up+cvd_up_v|nk0.5|vm0.8|pm_1130_1400,6,0.1,6,0,0,100.0,100.0,inf,1.8,0.0,25.8
LONG:vwap_reclaim_v+rvol_thrust_up+cvd_up+cvd_up_v|nk0.5|vm1.2|pm_1130_1400,6,0.1,6,0,0,100.0,100.0,inf,1.8,0.0,25.8
LONG:vwap_reclaim_v+rvol_thrust_up+cvd_up+cvd_up_v|nk0.8|vm0.8|pm_1130_1400,6,0.1,6,0,0,100.0,100.0,inf,1.8,0.0,25.8
LONG:vwap_reclaim_v+rvol_thrust_up+cvd_up+cvd_up_v|nk0.8|vm1.2|pm_1130_1400,6,0.1,6,0,0,100.0,100.0,inf,1.8,0.0,25.8
LONG:vwap_reclaim_v+above_vwap_v+cvd_up+cvd_up_v|nk0.0|vm0.8|pm_1130_1400,6,0.1,6,0,0,100.0,100.0,inf,1.8,0.0,25.8
LONG:vwap_reclaim_v+above_vwap_v+cvd_up+cvd_up_v|nk0.0|vm1.2|pm_1130_1400,6,0.1,6,0,0,100.0,100.0,inf,1.8,0.0,25.8
LONG:vwap_reclaim_v+above_vwap_v+cvd_up+cvd_up_v|nk0.5|vm0.8|pm_1130_1400,6,0.1,6,0,0,100.0,100.0,inf,1.8,0.0,25.8
LONG:vwap_reclaim_v+above_vwap_v+cvd_up+cvd_up_v|nk0.5|vm1.2|pm_1130_1400,6,0.1,6,0,0,100.0,100.0,inf,1.8,0.0,25.8
LONG:vwap_reclaim_v+above_vwap_v+cvd_up+cvd_up_v|nk0.8|vm0.8|pm_1130_1400,6,0.1,6,0,0,100.0,100.0,inf,1.8,0.0,25.8
LONG:vwap_reclaim_v+above_vwap_v+cvd_up+cvd_up_v|nk0.8|vm1.2|pm_1130_1400,6,0.1,6,0,0,100.0,100.0,inf,1.8,0.0,25.8
SHORT:vwap_loss+below_pivot+macd_x_dn+cvd_dn|nk0.0|vm0.8|full_0845_1400,6,0.1,6,0,0,100.0,100.0,inf,1.8,0.0,10.0
SHORT:vwap_loss+below_pivot+macd_x_dn+cvd_dn|nk0.5|vm0.8|full_0845_1400,6,0.1,6,0,0,100.0,100.0,inf,1.8,0.0,10.0
SHORT:vwap_loss+below_pivot+macd_x_dn+cvd_dn|nk0.8|vm0.8|full_0845_1400,6,0.1,6,0,0,100.0,100.0,inf,1.8,0.0,10.0
LONG:above_vwap+ylow_reclaim+strong_close|nk0.0|vm1.2|full_0845_1400,11,0.18,10,1,0,90.9,90.9,10.0,2.7,0.3,8.2
LONG:above_vwap+ylow_reclaim+strong_close|nk0.5|vm1.2|full_0845_1400,11,0.18,10,1,0,90.9,90.9,10.0,2.7,0.3,8.2
LONG:vwap_reclaim+adi_up+cvd_up|nk0.0|vm1.2|pm_1130_1400,10,0.17,9,1,0,90.0,90.0,9.0,2.4,0.3,26.5
LONG:vwap_reclaim+adi_up+cvd_up|nk0.5|vm1.2|pm_1130_1400,10,0.17,9,1,0,90.0,90.0,9.0,2.4,0.3,26.5
LONG:vwap_reclaim+adi_up+cvd_up|nk0.8|vm1.2|pm_1130_1400,10,0.17,9,1,0,90.0,90.0,9.0,2.4,0.3,26.5
LONG:vwap_reclaim+adi_up+cvd_up_v|nk0.0|vm0.8|pm_1130_1400,10,0.17,9,1,0,90.0,90.0,9.0,2.4,0.3,26.5
LONG:vwap_reclaim+adi_up+cvd_up_v|nk0.0|vm1.2|pm_1130_1400,10,0.17,9,1,0,90.0,90.0,9.0,2.4,0.3,26.5
LONG:vwap_reclaim+adi_up+cvd_up_v|nk0.5|vm0.8|pm_1130_1400,10,0.17,9,1,0,90.0,90.0,9.0,2.4,0.3,26.5
LONG:vwap_reclaim+adi_up+cvd_up_v|nk0.5|vm1.2|pm_1130_1400,10,0.17,9,1,0,90.0,90.0,9.0,2.4,0.3,26.5
LONG:vwap_reclaim+adi_up+cvd_up_v|nk0.8|vm0.8|pm_1130_1400,10,0.17,9,1,0,90.0,90.0,9.0,2.4,0.3,26.5
LONG:vwap_reclaim+adi_up+cvd_up_v|nk0.8|vm1.2|pm_1130_1400,10,0.17,9,1,0,90.0,90.0,9.0,2.4,0.3,26.5
LONG:above_vwap+ylow_reclaim+strong_close|nk0.8|vm1.2|full_0845_1400,10,0.17,9,1,0,90.0,90.0,9.0,2.4,0.3,8.0
LONG:adi_up+vwap_reclaim_v+cvd_up|nk0.0|vm0.8|pm_1130_1400,10,0.17,9,1,0,90.0,90.0,9.0,2.4,0.3,26.5
LONG:adi_up+vwap_reclaim_v+cvd_up|nk0.0|vm1.2|pm_1130_1400,10,0.17,9,1,0,90.0,90.0,9.0,2.4,0.3,26.5
LONG:adi_up+vwap_reclaim_v+cvd_up|nk0.5|vm0.8|pm_1130_1400,10,0.17,9,1,0,90.0,90.0,9.0,2.4,0.3,26.5
LONG:adi_up+vwap_reclaim_v+cvd_up|nk0.5|vm1.2|pm_1130_1400,10,0.17,9,1,0,90.0,90.0,9.0,2.4,0.3,26.5
LONG:adi_up+vwap_reclaim_v+cvd_up|nk0.8|vm0.8|pm_1130_1400,10,0.17,9,1,0,90.0,90.0,9.0,2.4,0.3,26.5
LONG:adi_up+vwap_reclaim_v+cvd_up|nk0.8|vm1.2|pm_1130_1400,10,0.17,9,1,0,90.0,90.0,9.0,2.4,0.3,26.5
LONG:adi_up+vwap_reclaim_v+cvd_up_v|nk0.0|vm0.8|pm_1130_1400,10,0.17,9,1,0,90.0,90.0,9.0,2.4,0.3,26.5
LONG:adi_up+vwap_reclaim_v+cvd_up_v|nk0.0|vm1.2|pm_1130_1400,10,0.17,9,1,0,90.0,90.0,9.0,2.4,0.3,26.5
LONG:adi_up+vwap_reclaim_v+cvd_up_v|nk0.5|vm0.8|pm_1130_1400,10,0.17,9,1,0,90.0,90.0,9.0,2.4,0.3,26.5
LONG:adi_up+vwap_reclaim_v+cvd_up_v|nk0.5|vm1.2|pm_1130_1400,10,0.17,9,1,0,90.0,90.0,9.0,2.4,0.3,26.5
LONG:adi_up+vwap_reclaim_v+cvd_up_v|nk0.8|vm0.8|pm_1130_1400,10,0.17,9,1,0,90.0,90.0,9.0,2.4,0.3,26.5
LONG:adi_up+vwap_reclaim_v+cvd_up_v|nk0.8|vm1.2|pm_1130_1400,10,0.17,9,1,0,90.0,90.0,9.0,2.4,0.3,26.5
LONG:vwap_reclaim+above_vwap+adi_up+cvd_up|nk0.0|vm1.2|pm_1130_1400,10,0.17,9,1,0,90.0,90.0,9.0,2.4,0.3,26.5
LONG:vwap_reclaim+above_vwap+adi_up+cvd_up|nk0.5|vm1.2|pm_1130_1400,10,0.17,9,1,0,90.0,90.0,9.0,2.4,0.3,26.5
LONG:vwap_reclaim+above_vwap+adi_up+cvd_up|nk0.8|vm1.2|pm_1130_1400,10,0.17,9,1,0,90.0,90.0,9.0,2.4,0.3,26.5
LONG:vwap_reclaim+above_vwap+adi_up+cvd_up_v|nk0.0|vm0.8|pm_1130_1400,10,0.17,9,1,0,90.0,90.0,9.0,2.4,0.3,26.5
LONG:vwap_reclaim+above_vwap+adi_up+cvd_up_v|nk0.0|vm1.2|pm_1130_1400,10,0.17,9,1,0,90.0,90.0,9.0,2.4,0.3,26.5
LONG:vwap_reclaim+above_vwap+adi_up+cvd_up_v|nk0.5|vm0.8|pm_1130_1400,10,0.17,9,1,0,90.0,90.0,9.0,2.4,0.3,26.5
LONG:vwap_reclaim+above_vwap+adi_up+cvd_up_v|nk0.5|vm1.2|pm_1130_1400,10,0.17,9,1,0,90.0,90.0,9.0,2.4,0.3,26.5
LONG:vwap_reclaim+above_vwap+adi_up+cvd_up_v|nk0.8|vm0.8|pm_1130_1400,10,0.17,9,1,0,90.0,90.0,9.0,2.4,0.3,26.5
LONG:vwap_reclaim+above_vwap+adi_up+cvd_up_v|nk0.8|vm1.2|pm_1130_1400,10,0.17,9,1,0,90.0,90.0,9.0,2.4,0.3,26.5
LONG:vwap_reclaim+adi_up+vwap_reclaim_v+cvd_up|nk0.0|vm0.8|pm_1130_1400,10,0.17,9,1,0,90.0,90.0,9.0,2.4,0.3,26.5
LONG:vwap_reclaim+adi_up+vwap_reclaim_v+cvd_up|nk0.0|vm1.2|pm_1130_1400,10,0.17,9,1,0,90.0,90.0,9.0,2.4,0.3,26.5
LONG:vwap_reclaim+adi_up+vwap_reclaim_v+cvd_up|nk0.5|vm0.8|pm_1130_1400,10,0.17,9,1,0,90.0,90.0,9.0,2.4,0.3,26.5
LONG:vwap_reclaim+adi_up+vwap_reclaim_v+cvd_up|nk0.5|vm1.2|pm_1130_1400,10,0.17,9,1,0,90.0,90.0,9.0,2.4,0.3,26.5
LONG:vwap_reclaim+adi_up+vwap_reclaim_v+cvd_up|nk0.8|vm0.8|pm_1130_1400,10,0.17,9,1,0,90.0,90.0,9.0,2.4,0.3,26.5
LONG:vwap_reclaim+adi_up+vwap_reclaim_v+cvd_up|nk0.8|vm1.2|pm_1130_1400,10,0.17,9,1,0,90.0,90.0,9.0,2.4,0.3,26.5
LONG:vwap_reclaim+adi_up+vwap_reclaim_v+cvd_up_v|nk0.0|vm0.8|pm_1130_1400,10,0.17,9,1,0,90.0,90.0,9.0,2.4,0.3,26.5
LONG:vwap_reclaim+adi_up+vwap_reclaim_v+cvd_up_v|nk0.0|vm1.2|pm_1130_1400,10,0.17,9,1,0,90.0,90.0,9.0,2.4,0.3,26.5
LONG:vwap_reclaim+adi_up+vwap_reclaim_v+cvd_up_v|nk0.5|vm0.8|pm_1130_1400,10,0.17,9,1,0,90.0,90.0,9.0,2.4,0.3,26.5
LONG:vwap_reclaim+adi_up+vwap_reclaim_v+cvd_up_v|nk0.5|vm1.2|pm_1130_1400,10,0.17,9,1,0,90.0,90.0,9.0,2.4,0.3,26.5
LONG:vwap_reclaim+adi_up+vwap_reclaim_v+cvd_up_v|nk0.8|vm0.8|pm_1130_1400,10,0.17,9,1,0,90.0,90.0,9.0,2.4,0.3,26.5
LONG:vwap_reclaim+adi_up+vwap_reclaim_v+cvd_up_v|nk0.8|vm1.2|pm_1130_1400,10,0.17,9,1,0,90.0,90.0,9.0,2.4,0.3,26.5
LONG:vwap_reclaim+adi_up+cvd_up+cvd_up_v|nk0.0|vm0.8|pm_1130_1400,10,0.17,9,1,0,90.0,90.0,9.0,2.4,0.3,26.5
LONG:vwap_reclaim+adi_up+cvd_up+cvd_up_v|nk0.0|vm1.2|pm_1130_1400,10,0.17,9,1,0,90.0,90.0,9.0,2.4,0.3,26.5
LONG:vwap_reclaim+adi_up+cvd_up+cvd_up_v|nk0.5|vm0.8|pm_1130_1400,10,0.17,9,1,0,90.0,90.0,9.0,2.4,0.3,26.5
LONG:vwap_reclaim+adi_up+cvd_up+cvd_up_v|nk0.5|vm1.2|pm_1130_1400,10,0.17,9,1,0,90.0,90.0,9.0,2.4,0.3,26.5
LONG:vwap_reclaim+adi_up+cvd_up+cvd_up_v|nk0.8|vm0.8|pm_1130_1400,10,0.17,9,1,0,90.0,90.0,9.0,2.4,0.3,26.5
LONG:vwap_reclaim+adi_up+cvd_up+cvd_up_v|nk0.8|vm1.2|pm_1130_1400,10,0.17,9,1,0,90.0,90.0,9.0,2.4,0.3,26.5
LONG:above_vwap+adi_up+vwap_reclaim_v+cvd_up|nk0.0|vm0.8|pm_1130_1400,10,0.17,9,1,0,90.0,90.0,9.0,2.4,0.3,26.5
LONG:above_vwap+adi_up+vwap_reclaim_v+cvd_up|nk0.0|vm1.2|pm_1130_1400,10,0.17,9,1,0,90.0,90.0,9.0,2.4,0.3,26.5
LONG:above_vwap+adi_up+vwap_reclaim_v+cvd_up|nk0.5|vm0.8|pm_1130_1400,10,0.17,9,1,0,90.0,90.0,9.0,2.4,0.3,26.5
LONG:above_vwap+adi_up+vwap_reclaim_v+cvd_up|nk0.5|vm1.2|pm_1130_1400,10,0.17,9,1,0,90.0,90.0,9.0,2.4,0.3,26.5
LONG:above_vwap+adi_up+vwap_reclaim_v+cvd_up|nk0.8|vm0.8|pm_1130_1400,10,0.17,9,1,0,90.0,90.0,9.0,2.4,0.3,26.5
LONG:above_vwap+adi_up+vwap_reclaim_v+cvd_up|nk0.8|vm1.2|pm_1130_1400,10,0.17,9,1,0,90.0,90.0,9.0,2.4,0.3,26.5
LONG:above_vwap+adi_up+vwap_reclaim_v+cvd_up_v|nk0.0|vm0.8|pm_1130_1400,10,0.17,9,1,0,90.0,90.0,9.0,2.4,0.3,26.5
LONG:above_vwap+adi_up+vwap_reclaim_v+cvd_up_v|nk0.0|vm1.2|pm_1130_1400,10,0.17,9,1,0,90.0,90.0,9.0,2.4,0.3,26.5
LONG:above_vwap+adi_up+vwap_reclaim_v+cvd_up_v|nk0.5|vm0.8|pm_1130_1400,10,0.17,9,1,0,90.0,90.0,9.0,2.4,0.3,26.5
LONG:above_vwap+adi_up+vwap_reclaim_v+cvd_up_v|nk0.5|vm1.2|pm_1130_1400,10,0.17,9,1,0,90.0,90.0,9.0,2.4,0.3,26.5
LONG:above_vwap+adi_up+vwap_reclaim_v+cvd_up_v|nk0.8|vm0.8|pm_1130_1400,10,0.17,9,1,0,90.0,90.0,9.0,2.4,0.3,26.5
LONG:above_vwap+adi_up+vwap_reclaim_v+cvd_up_v|nk0.8|vm1.2|pm_1130_1400,10,0.17,9,1,0,90.0,90.0,9.0,2.4,0.3,26.5
LONG:adi_up+vwap_reclaim_v+cvd_up+cvd_up_v|nk0.0|vm0.8|pm_1130_1400,10,0.17,9,1,0,90.0,90.0,9.0,2.4,0.3,26.5
LONG:adi_up+vwap_reclaim_v+cvd_up+cvd_up_v|nk0.0|vm1.2|pm_1130_1400,10,0.17,9,1,0,90.0,90.0,9.0,2.4,0.3,26.5
LONG:adi_up+vwap_reclaim_v+cvd_up+cvd_up_v|nk0.5|vm0.8|pm_1130_1400,10,0.17,9,1,0,90.0,90.0,9.0,2.4,0.3,26.5
LONG:adi_up+vwap_reclaim_v+cvd_up+cvd_up_v|nk0.5|vm1.2|pm_1130_1400,10,0.17,9,1,0,90.0,90.0,9.0,2.4,0.3,26.5
LONG:adi_up+vwap_reclaim_v+cvd_up+cvd_up_v|nk0.8|vm0.8|pm_1130_1400,10,0.17,9,1,0,90.0,90.0,9.0,2.4,0.3,26.5
LONG:adi_up+vwap_reclaim_v+cvd_up+cvd_up_v|nk0.8|vm1.2|pm_1130_1400,10,0.17,9,1,0,90.0,90.0,9.0,2.4,0.3,26.5
LONG:delta_surge+macd_x_up_neg|nk0.8|vm0.8|am_0845_1130,9,0.15,8,1,0,88.9,88.9,8.0,2.1,0.0,5.6
LONG:delta_surge+macd_x_up_neg|nk0.8|vm1.2|am_0845_1130,9,0.15,8,1,0,88.9,88.9,8.0,2.1,0.0,5.6
LONG:yhigh_break+above_pivot|nk0.8|vm0.8|pm_1130_1400,9,0.15,8,1,0,88.9,88.9,8.0,2.1,0.3,23.3
LONG:yhigh_break+strong_close|nk0.8|vm0.8|pm_1130_1400,9,0.15,8,1,0,88.9,88.9,8.0,2.1,0.3,23.3
LONG:adi_up+delta_surge+macd_x_up_neg|nk0.8|vm0.8|am_0845_1130,9,0.15,8,1,0,88.9,88.9,8.0,2.1,0.0,5.6
LONG:adi_up+delta_surge+macd_x_up_neg|nk0.8|vm1.2|am_0845_1130,9,0.15,8,1,0,88.9,88.9,8.0,2.1,0.0,5.6
LONG:delta_surge+macd_x_up+macd_x_up_neg|nk0.8|vm0.8|am_0845_1130,9,0.15,8,1,0,88.9,88.9,8.0,2.1,0.0,5.6
LONG:delta_surge+macd_x_up+macd_x_up_neg|nk0.8|vm1.2|am_0845_1130,9,0.15,8,1,0,88.9,88.9,8.0,2.1,0.0,5.6
LONG:delta_surge+macd_x_up_neg+strong_close|nk0.8|vm0.8|am_0845_1130,9,0.15,8,1,0,88.9,88.9,8.0,2.1,0.0,5.6
LONG:delta_surge+macd_x_up_neg+strong_close|nk0.8|vm1.2|am_0845_1130,9,0.15,8,1,0,88.9,88.9,8.0,2.1,0.0,5.6
LONG:yhigh_break+above_pivot+strong_close|nk0.8|vm0.8|pm_1130_1400,9,0.15,8,1,0,88.9,88.9,8.0,2.1,0.3,23.3
LONG:vwap_reclaim+adi_up+strong_close+cvd_up|nk0.0|vm1.2|pm_1130_1400,9,0.15,8,1,0,88.9,88.9,8.0,2.1,0.3,27.2
LONG:vwap_reclaim+adi_up+strong_close+cvd_up|nk0.5|vm1.2|pm_1130_1400,9,0.15,8,1,0,88.9,88.9,8.0,2.1,0.3,27.2
LONG:vwap_reclaim+adi_up+strong_close+cvd_up|nk0.8|vm1.2|pm_1130_1400,9,0.15,8,1,0,88.9,88.9,8.0,2.1,0.3,27.2
LONG:vwap_reclaim+adi_up+strong_close+cvd_up_v|nk0.0|vm0.8|pm_1130_1400,9,0.15,8,1,0,88.9,88.9,8.0,2.1,0.3,27.2
LONG:vwap_reclaim+adi_up+strong_close+cvd_up_v|nk0.0|vm1.2|pm_1130_1400,9,0.15,8,1,0,88.9,88.9,8.0,2.1,0.3,27.2
LONG:vwap_reclaim+adi_up+strong_close+cvd_up_v|nk0.5|vm0.8|pm_1130_1400,9,0.15,8,1,0,88.9,88.9,8.0,2.1,0.3,27.2
LONG:vwap_reclaim+adi_up+strong_close+cvd_up_v|nk0.5|vm1.2|pm_1130_1400,9,0.15,8,1,0,88.9,88.9,8.0,2.1,0.3,27.2
LONG:vwap_reclaim+adi_up+strong_close+cvd_up_v|nk0.8|vm0.8|pm_1130_1400,9,0.15,8,1,0,88.9,88.9,8.0,2.1,0.3,27.2
LONG:vwap_reclaim+adi_up+strong_close+cvd_up_v|nk0.8|vm1.2|pm_1130_1400,9,0.15,8,1,0,88.9,88.9,8.0,2.1,0.3,27.2
LONG:adi_up+delta_surge+macd_x_up+macd_x_up_neg|nk0.8|vm0.8|am_0845_1130,9,0.15,8,1,0,88.9,88.9,8.0,2.1,0.0,5.6
LONG:adi_up+delta_surge+macd_x_up+macd_x_up_neg|nk0.8|vm1.2|am_0845_1130,9,0.15,8,1,0,88.9,88.9,8.0,2.1,0.0,5.6
LONG:adi_up+delta_surge+macd_x_up_neg+strong_close|nk0.8|vm0.8|am_0845_1130,9,0.15,8,1,0,88.9,88.9,8.0,2.1,0.0,5.6
LONG:adi_up+delta_surge+macd_x_up_neg+strong_close|nk0.8|vm1.2|am_0845_1130,9,0.15,8,1,0,88.9,88.9,8.0,2.1,0.0,5.6
LONG:adi_up+strong_close+vwap_reclaim_v+cvd_up|nk0.0|vm0.8|pm_1130_1400,9,0.15,8,1,0,88.9,88.9,8.0,2.1,0.3,27.2
LONG:adi_up+strong_close+vwap_reclaim_v+cvd_up|nk0.0|vm1.2|pm_1130_1400,9,0.15,8,1,0,88.9,88.9,8.0,2.1,0.3,27.2
LONG:adi_up+strong_close+vwap_reclaim_v+cvd_up|nk0.5|vm0.8|pm_1130_1400,9,0.15,8,1,0,88.9,88.9,8.0,2.1,0.3,27.2
LONG:adi_up+strong_close+vwap_reclaim_v+cvd_up|nk0.5|vm1.2|pm_1130_1400,9,0.15,8,1,0,88.9,88.9,8.0,2.1,0.3,27.2
LONG:adi_up+strong_close+vwap_reclaim_v+cvd_up|nk0.8|vm0.8|pm_1130_1400,9,0.15,8,1,0,88.9,88.9,8.0,2.1,0.3,27.2
LONG:adi_up+strong_close+vwap_reclaim_v+cvd_up|nk0.8|vm1.2|pm_1130_1400,9,0.15,8,1,0,88.9,88.9,8.0,2.1,0.3,27.2
LONG:adi_up+strong_close+vwap_reclaim_v+cvd_up_v|nk0.0|vm0.8|pm_1130_1400,9,0.15,8,1,0,88.9,88.9,8.0,2.1,0.3,27.2
LONG:adi_up+strong_close+vwap_reclaim_v+cvd_up_v|nk0.0|vm1.2|pm_1130_1400,9,0.15,8,1,0,88.9,88.9,8.0,2.1,0.3,27.2
LONG:adi_up+strong_close+vwap_reclaim_v+cvd_up_v|nk0.5|vm0.8|pm_1130_1400,9,0.15,8,1,0,88.9,88.9,8.0,2.1,0.3,27.2
LONG:adi_up+strong_close+vwap_reclaim_v+cvd_up_v|nk0.5|vm1.2|pm_1130_1400,9,0.15,8,1,0,88.9,88.9,8.0,2.1,0.3,27.2
LONG:adi_up+strong_close+vwap_reclaim_v+cvd_up_v|nk0.8|vm0.8|pm_1130_1400,9,0.15,8,1,0,88.9,88.9,8.0,2.1,0.3,27.2
LONG:adi_up+strong_close+vwap_reclaim_v+cvd_up_v|nk0.8|vm1.2|pm_1130_1400,9,0.15,8,1,0,88.9,88.9,8.0,2.1,0.3,27.2
LONG:delta_surge+macd_x_up+macd_x_up_neg+strong_close|nk0.8|vm0.8|am_0845_1130,9,0.15,8,1,0,88.9,88.9,8.0,2.1,0.0,5.6
LONG:delta_surge+macd_x_up+macd_x_up_neg+strong_close|nk0.8|vm1.2|am_0845_1130,9,0.15,8,1,0,88.9,88.9,8.0,2.1,0.0,5.6
LONG:above_vwap+s1_bounce|nk0.8|vm1.2|full_0845_1400,8,0.13,7,1,0,87.5,87.5,7.0,1.8,0.3,8.8
LONG:delta_surge+rsi_thrust_up|nk0.0|vm0.8|mid_1030_1300,8,0.13,7,1,0,87.5,87.5,7.0,1.8,0.3,25.0
LONG:delta_surge+rsi_thrust_up|nk0.0|vm1.2|mid_1030_1300,8,0.13,7,1,0,87.5,87.5,7.0,1.8,0.3,25.0
LONG:delta_surge+rsi_thrust_up|nk0.5|vm0.8|mid_1030_1300,8,0.13,7,1,0,87.5,87.5,7.0,1.8,0.3,25.0
LONG:delta_surge+rsi_thrust_up|nk0.5|vm1.2|mid_1030_1300,8,0.13,7,1,0,87.5,87.5,7.0,1.8,0.3,25.0
LONG:delta_surge+rsi_thrust_up|nk0.8|vm0.8|mid_1030_1300,8,0.13,7,1,0,87.5,87.5,7.0,1.8,0.3,25.0
LONG:delta_surge+rsi_thrust_up|nk0.8|vm1.2|mid_1030_1300,8,0.13,7,1,0,87.5,87.5,7.0,1.8,0.3,25.0
LONG:vwap_reclaim+cvd_up+rsi_thrust_up|nk0.0|vm0.8|full_0845_1400,8,0.13,7,1,0,87.5,87.5,7.0,1.8,0.3,26.9
LONG:vwap_reclaim+cvd_up+rsi_thrust_up|nk0.0|vm1.2|full_0845_1400,8,0.13,7,1,0,87.5,87.5,7.0,1.8,0.3,26.9
LONG:vwap_reclaim+cvd_up+rsi_thrust_up|nk0.5|vm0.8|full_0845_1400,8,0.13,7,1,0,87.5,87.5,7.0,1.8,0.3,26.9
LONG:vwap_reclaim+cvd_up+rsi_thrust_up|nk0.5|vm1.2|full_0845_1400,8,0.13,7,1,0,87.5,87.5,7.0,1.8,0.3,26.9
LONG:vwap_reclaim+cvd_up+rsi_thrust_up|nk0.8|vm0.8|full_0845_1400,8,0.13,7,1,0,87.5,87.5,7.0,1.8,0.3,26.9
LONG:vwap_reclaim+cvd_up+rsi_thrust_up|nk0.8|vm1.2|full_0845_1400,8,0.13,7,1,0,87.5,87.5,7.0,1.8,0.3,26.9
LONG:vwap_reclaim+cvd_up_v+rsi_thrust_up|nk0.0|vm0.8|full_0845_1400,8,0.13,7,1,0,87.5,87.5,7.0,1.8,0.3,26.9
LONG:vwap_reclaim+cvd_up_v+rsi_thrust_up|nk0.0|vm1.2|full_0845_1400,8,0.13,7,1,0,87.5,87.5,7.0,1.8,0.3,26.9
LONG:vwap_reclaim+cvd_up_v+rsi_thrust_up|nk0.5|vm0.8|full_0845_1400,8,0.13,7,1,0,87.5,87.5,7.0,1.8,0.3,26.9
LONG:vwap_reclaim+cvd_up_v+rsi_thrust_up|nk0.5|vm1.2|full_0845_1400,8,0.13,7,1,0,87.5,87.5,7.0,1.8,0.3,26.9
LONG:vwap_reclaim+cvd_up_v+rsi_thrust_up|nk0.8|vm0.8|full_0845_1400,8,0.13,7,1,0,87.5,87.5,7.0,1.8,0.3,26.9
LONG:vwap_reclaim+cvd_up_v+rsi_thrust_up|nk0.8|vm1.2|full_0845_1400,8,0.13,7,1,0,87.5,87.5,7.0,1.8,0.3,26.9
LONG:above_vwap+delta_surge+macd_x_up_neg|nk0.8|vm0.8|full_0845_1400,8,0.13,7,1,0,87.5,87.5,7.0,1.8,0.0,5.6
LONG:above_vwap+delta_surge+macd_x_up_neg|nk0.8|vm0.8|am_0845_1130,8,0.13,7,1,0,87.5,87.5,7.0,1.8,0.0,5.6
LONG:above_vwap+delta_surge+macd_x_up_neg|nk0.8|vm1.2|full_0845_1400,8,0.13,7,1,0,87.5,87.5,7.0,1.8,0.0,5.6
LONG:above_vwap+delta_surge+macd_x_up_neg|nk0.8|vm1.2|am_0845_1130,8,0.13,7,1,0,87.5,87.5,7.0,1.8,0.0,5.6
LONG:above_vwap+above_pivot+macd_x_up_neg|nk0.8|vm0.8|full_0845_1400,8,0.13,7,1,0,87.5,87.5,7.0,1.8,0.3,13.8
LONG:adi_up+delta_surge+rsi_thrust_up|nk0.0|vm0.8|mid_1030_1300,8,0.13,7,1,0,87.5,87.5,7.0,1.8,0.3,25.0
LONG:adi_up+delta_surge+rsi_thrust_up|nk0.0|vm1.2|mid_1030_1300,8,0.13,7,1,0,87.5,87.5,7.0,1.8,0.3,25.0
LONG:adi_up+delta_surge+rsi_thrust_up|nk0.5|vm0.8|mid_1030_1300,8,0.13,7,1,0,87.5,87.5,7.0,1.8,0.3,25.0
LONG:adi_up+delta_surge+rsi_thrust_up|nk0.5|vm1.2|mid_1030_1300,8,0.13,7,1,0,87.5,87.5,7.0,1.8,0.3,25.0
LONG:adi_up+delta_surge+rsi_thrust_up|nk0.8|vm0.8|mid_1030_1300,8,0.13,7,1,0,87.5,87.5,7.0,1.8,0.3,25.0
LONG:adi_up+delta_surge+rsi_thrust_up|nk0.8|vm1.2|mid_1030_1300,8,0.13,7,1,0,87.5,87.5,7.0,1.8,0.3,25.0
LONG:delta_surge+strong_close+rsi_thrust_up|nk0.0|vm0.8|mid_1030_1300,8,0.13,7,1,0,87.5,87.5,7.0,1.8,0.3,25.0
LONG:delta_surge+strong_close+rsi_thrust_up|nk0.0|vm1.2|mid_1030_1300,8,0.13,7,1,0,87.5,87.5,7.0,1.8,0.3,25.0
LONG:delta_surge+strong_close+rsi_thrust_up|nk0.5|vm0.8|mid_1030_1300,8,0.13,7,1,0,87.5,87.5,7.0,1.8,0.3,25.0
LONG:delta_surge+strong_close+rsi_thrust_up|nk0.5|vm1.2|mid_1030_1300,8,0.13,7,1,0,87.5,87.5,7.0,1.8,0.3,25.0
LONG:delta_surge+strong_close+rsi_thrust_up|nk0.8|vm0.8|mid_1030_1300,8,0.13,7,1,0,87.5,87.5,7.0,1.8,0.3,25.0
LONG:delta_surge+strong_close+rsi_thrust_up|nk0.8|vm1.2|mid_1030_1300,8,0.13,7,1,0,87.5,87.5,7.0,1.8,0.3,25.0
LONG:above_pivot+macd_x_up+cvd_up_v|nk0.0|vm0.8|am_0845_1130,8,0.13,7,1,0,87.5,87.5,7.0,1.8,0.3,12.5
LONG:above_pivot+macd_x_up+cvd_up_v|nk0.0|vm1.2|am_0845_1130,8,0.13,7,1,0,87.5,87.5,7.0,1.8,0.3,12.5
LONG:above_pivot+macd_x_up+cvd_up_v|nk0.5|vm0.8|am_0845_1130,8,0.13,7,1,0,87.5,87.5,7.0,1.8,0.3,12.5
LONG:above_pivot+macd_x_up+cvd_up_v|nk0.5|vm1.2|am_0845_1130,8,0.13,7,1,0,87.5,87.5,7.0,1.8,0.3,12.5
LONG:above_pivot+macd_x_up+cvd_up_v|nk0.8|vm0.8|am_0845_1130,8,0.13,7,1,0,87.5,87.5,7.0,1.8,0.3,12.5
LONG:above_pivot+macd_x_up+cvd_up_v|nk0.8|vm1.2|am_0845_1130,8,0.13,7,1,0,87.5,87.5,7.0,1.8,0.3,12.5
LONG:vwap_reclaim_v+cvd_up+rsi_thrust_up|nk0.0|vm0.8|full_0845_1400,8,0.13,7,1,0,87.5,87.5,7.0,1.8,0.3,26.9
LONG:vwap_reclaim_v+cvd_up+rsi_thrust_up|nk0.0|vm1.2|full_0845_1400,8,0.13,7,1,0,87.5,87.5,7.0,1.8,0.3,26.9
LONG:vwap_reclaim_v+cvd_up+rsi_thrust_up|nk0.5|vm0.8|full_0845_1400,8,0.13,7,1,0,87.5,87.5,7.0,1.8,0.3,26.9
LONG:vwap_reclaim_v+cvd_up+rsi_thrust_up|nk0.5|vm1.2|full_0845_1400,8,0.13,7,1,0,87.5,87.5,7.0,1.8,0.3,26.9
LONG:vwap_reclaim_v+cvd_up+rsi_thrust_up|nk0.8|vm0.8|full_0845_1400,8,0.13,7,1,0,87.5,87.5,7.0,1.8,0.3,26.9
LONG:vwap_reclaim_v+cvd_up+rsi_thrust_up|nk0.8|vm1.2|full_0845_1400,8,0.13,7,1,0,87.5,87.5,7.0,1.8,0.3,26.9
LONG:vwap_reclaim_v+cvd_up_v+rsi_thrust_up|nk0.0|vm0.8|full_0845_1400,8,0.13,7,1,0,87.5,87.5,7.0,1.8,0.3,26.9
LONG:vwap_reclaim_v+cvd_up_v+rsi_thrust_up|nk0.0|vm1.2|full_0845_1400,8,0.13,7,1,0,87.5,87.5,7.0,1.8,0.3,26.9
LONG:vwap_reclaim_v+cvd_up_v+rsi_thrust_up|nk0.5|vm0.8|full_0845_1400,8,0.13,7,1,0,87.5,87.5,7.0,1.8,0.3,26.9
LONG:vwap_reclaim_v+cvd_up_v+rsi_thrust_up|nk0.5|vm1.2|full_0845_1400,8,0.13,7,1,0,87.5,87.5,7.0,1.8,0.3,26.9
LONG:vwap_reclaim_v+cvd_up_v+rsi_thrust_up|nk0.8|vm0.8|full_0845_1400,8,0.13,7,1,0,87.5,87.5,7.0,1.8,0.3,26.9
LONG:vwap_reclaim_v+cvd_up_v+rsi_thrust_up|nk0.8|vm1.2|full_0845_1400,8,0.13,7,1,0,87.5,87.5,7.0,1.8,0.3,26.9
LONG:vwap_reclaim+above_vwap+cvd_up+rsi_thrust_up|nk0.0|vm0.8|full_0845_1400,8,0.13,7,1,0,87.5,87.5,7.0,1.8,0.3,26.9
LONG:vwap_reclaim+above_vwap+cvd_up+rsi_thrust_up|nk0.0|vm1.2|full_0845_1400,8,0.13,7,1,0,87.5,87.5,7.0,1.8,0.3,26.9
LONG:vwap_reclaim+above_vwap+cvd_up+rsi_thrust_up|nk0.5|vm0.8|full_0845_1400,8,0.13,7,1,0,87.5,87.5,7.0,1.8,0.3,26.9
LONG:vwap_reclaim+above_vwap+cvd_up+rsi_thrust_up|nk0.5|vm1.2|full_0845_1400,8,0.13,7,1,0,87.5,87.5,7.0,1.8,0.3,26.9
LONG:vwap_reclaim+above_vwap+cvd_up+rsi_thrust_up|nk0.8|vm0.8|full_0845_1400,8,0.13,7,1,0,87.5,87.5,7.0,1.8,0.3,26.9
LONG:vwap_reclaim+above_vwap+cvd_up+rsi_thrust_up|nk0.8|vm1.2|full_0845_1400,8,0.13,7,1,0,87.5,87.5,7.0,1.8,0.3,26.9
LONG:vwap_reclaim+above_vwap+cvd_up_v+rsi_thrust_up|nk0.0|vm0.8|full_0845_1400,8,0.13,7,1,0,87.5,87.5,7.0,1.8,0.3,26.9
LONG:vwap_reclaim+above_vwap+cvd_up_v+rsi_thrust_up|nk0.0|vm1.2|full_0845_1400,8,0.13,7,1,0,87.5,87.5,7.0,1.8,0.3,26.9
LONG:vwap_reclaim+above_vwap+cvd_up_v+rsi_thrust_up|nk0.5|vm0.8|full_0845_1400,8,0.13,7,1,0,87.5,87.5,7.0,1.8,0.3,26.9
LONG:vwap_reclaim+above_vwap+cvd_up_v+rsi_thrust_up|nk0.5|vm1.2|full_0845_1400,8,0.13,7,1,0,87.5,87.5,7.0,1.8,0.3,26.9
LONG:vwap_reclaim+above_vwap+cvd_up_v+rsi_thrust_up|nk0.8|vm0.8|full_0845_1400,8,0.13,7,1,0,87.5,87.5,7.0,1.8,0.3,26.9
LONG:vwap_reclaim+above_vwap+cvd_up_v+rsi_thrust_up|nk0.8|vm1.2|full_0845_1400,8,0.13,7,1,0,87.5,87.5,7.0,1.8,0.3,26.9
LONG:vwap_reclaim+adi_up+cvd_up+rsi_thrust_up|nk0.0|vm0.8|full_0845_1400,8,0.13,7,1,0,87.5,87.5,7.0,1.8,0.3,26.9
LONG:vwap_reclaim+adi_up+cvd_up+rsi_thrust_up|nk0.0|vm1.2|full_0845_1400,8,0.13,7,1,0,87.5,87.5,7.0,1.8,0.3,26.9
LONG:vwap_reclaim+adi_up+cvd_up+rsi_thrust_up|nk0.5|vm0.8|full_0845_1400,8,0.13,7,1,0,87.5,87.5,7.0,1.8,0.3,26.9
LONG:vwap_reclaim+adi_up+cvd_up+rsi_thrust_up|nk0.5|vm1.2|full_0845_1400,8,0.13,7,1,0,87.5,87.5,7.0,1.8,0.3,26.9
LONG:vwap_reclaim+adi_up+cvd_up+rsi_thrust_up|nk0.8|vm0.8|full_0845_1400,8,0.13,7,1,0,87.5,87.5,7.0,1.8,0.3,26.9
LONG:vwap_reclaim+adi_up+cvd_up+rsi_thrust_up|nk0.8|vm1.2|full_0845_1400,8,0.13,7,1,0,87.5,87.5,7.0,1.8,0.3,26.9
LONG:vwap_reclaim+adi_up+cvd_up_v+rsi_thrust_up|nk0.0|vm0.8|full_0845_1400,8,0.13,7,1,0,87.5,87.5,7.0,1.8,0.3,26.9
LONG:vwap_reclaim+adi_up+cvd_up_v+rsi_thrust_up|nk0.0|vm1.2|full_0845_1400,8,0.13,7,1,0,87.5,87.5,7.0,1.8,0.3,26.9
LONG:vwap_reclaim+adi_up+cvd_up_v+rsi_thrust_up|nk0.5|vm0.8|full_0845_1400,8,0.13,7,1,0,87.5,87.5,7.0,1.8,0.3,26.9
LONG:vwap_reclaim+adi_up+cvd_up_v+rsi_thrust_up|nk0.5|vm1.2|full_0845_1400,8,0.13,7,1,0,87.5,87.5,7.0,1.8,0.3,26.9
LONG:vwap_reclaim+adi_up+cvd_up_v+rsi_thrust_up|nk0.8|vm0.8|full_0845_1400,8,0.13,7,1,0,87.5,87.5,7.0,1.8,0.3,26.9
LONG:vwap_reclaim+adi_up+cvd_up_v+rsi_thrust_up|nk0.8|vm1.2|full_0845_1400,8,0.13,7,1,0,87.5,87.5,7.0,1.8,0.3,26.9
LONG:vwap_reclaim+strong_close+cvd_up+rsi_thrust_up|nk0.0|vm0.8|full_0845_1400,8,0.13,7,1,0,87.5,87.5,7.0,1.8,0.3,26.9
LONG:vwap_reclaim+strong_close+cvd_up+rsi_thrust_up|nk0.0|vm1.2|full_0845_1400,8,0.13,7,1,0,87.5,87.5,7.0,1.8,0.3,26.9
LONG:vwap_reclaim+strong_close+cvd_up+rsi_thrust_up|nk0.5|vm0.8|full_0845_1400,8,0.13,7,1,0,87.5,87.5,7.0,1.8,0.3,26.9
LONG:vwap_reclaim+strong_close+cvd_up+rsi_thrust_up|nk0.5|vm1.2|full_0845_1400,8,0.13,7,1,0,87.5,87.5,7.0,1.8,0.3,26.9
LONG:vwap_reclaim+strong_close+cvd_up+rsi_thrust_up|nk0.8|vm0.8|full_0845_1400,8,0.13,7,1,0,87.5,87.5,7.0,1.8,0.3,26.9
LONG:vwap_reclaim+strong_close+cvd_up+rsi_thrust_up|nk0.8|vm1.2|full_0845_1400,8,0.13,7,1,0,87.5,87.5,7.0,1.8,0.3,26.9
LONG:vwap_reclaim+strong_close+cvd_up_v+rsi_thrust_up|nk0.0|vm0.8|full_0845_1400,8,0.13,7,1,0,87.5,87.5,7.0,1.8,0.3,26.9
LONG:vwap_reclaim+strong_close+cvd_up_v+rsi_thrust_up|nk0.0|vm1.2|full_0845_1400,8,0.13,7,1,0,87.5,87.5,7.0,1.8,0.3,26.9
LONG:vwap_reclaim+strong_close+cvd_up_v+rsi_thrust_up|nk0.5|vm0.8|full_0845_1400,8,0.13,7,1,0,87.5,87.5,7.0,1.8,0.3,26.9
LONG:vwap_reclaim+strong_close+cvd_up_v+rsi_thrust_up|nk0.5|vm1.2|full_0845_1400,8,0.13,7,1,0,87.5,87.5,7.0,1.8,0.3,26.9
LONG:vwap_reclaim+strong_close+cvd_up_v+rsi_thrust_up|nk0.8|vm0.8|full_0845_1400,8,0.13,7,1,0,87.5,87.5,7.0,1.8,0.3,26.9
LONG:vwap_reclaim+strong_close+cvd_up_v+rsi_thrust_up|nk0.8|vm1.2|full_0845_1400,8,0.13,7,1,0,87.5,87.5,7.0,1.8,0.3,26.9
LONG:vwap_reclaim+vwap_reclaim_v+cvd_up+rsi_thrust_up|nk0.0|vm0.8|full_0845_1400,8,0.13,7,1,0,87.5,87.5,7.0,1.8,0.3,26.9
LONG:vwap_reclaim+vwap_reclaim_v+cvd_up+rsi_thrust_up|nk0.0|vm1.2|full_0845_1400,8,0.13,7,1,0,87.5,87.5,7.0,1.8,0.3,26.9
LONG:vwap_reclaim+vwap_reclaim_v+cvd_up+rsi_thrust_up|nk0.5|vm0.8|full_0845_1400,8,0.13,7,1,0,87.5,87.5,7.0,1.8,0.3,26.9
LONG:vwap_reclaim+vwap_reclaim_v+cvd_up+rsi_thrust_up|nk0.5|vm1.2|full_0845_1400,8,0.13,7,1,0,87.5,87.5,7.0,1.8,0.3,26.9
LONG:vwap_reclaim+vwap_reclaim_v+cvd_up+rsi_thrust_up|nk0.8|vm0.8|full_0845_1400,8,0.13,7,1,0,87.5,87.5,7.0,1.8,0.3,26.9
LONG:vwap_reclaim+vwap_reclaim_v+cvd_up+rsi_thrust_up|nk0.8|vm1.2|full_0845_1400,8,0.13,7,1,0,87.5,87.5,7.0,1.8,0.3,26.9
LONG:vwap_reclaim+vwap_reclaim_v+cvd_up_v+rsi_thrust_up|nk0.0|vm0.8|full_0845_1400,8,0.13,7,1,0,87.5,87.5,7.0,1.8,0.3,26.9
LONG:vwap_reclaim+vwap_reclaim_v+cvd_up_v+rsi_thrust_up|nk0.0|vm1.2|full_0845_1400,8,0.13,7,1,0,87.5,87.5,7.0,1.8,0.3,26.9
LONG:vwap_reclaim+vwap_reclaim_v+cvd_up_v+rsi_thrust_up|nk0.5|vm0.8|full_0845_1400,8,0.13,7,1,0,87.5,87.5,7.0,1.8,0.3,26.9
LONG:vwap_reclaim+vwap_reclaim_v+cvd_up_v+rsi_thrust_up|nk0.5|vm1.2|full_0845_1400,8,0.13,7,1,0,87.5,87.5,7.0,1.8,0.3,26.9
LONG:vwap_reclaim+vwap_reclaim_v+cvd_up_v+rsi_thrust_up|nk0.8|vm0.8|full_0845_1400,8,0.13,7,1,0,87.5,87.5,7.0,1.8,0.3,26.9
LONG:vwap_reclaim+vwap_reclaim_v+cvd_up_v+rsi_thrust_up|nk0.8|vm1.2|full_0845_1400,8,0.13,7,1,0,87.5,87.5,7.0,1.8,0.3,26.9
LONG:vwap_reclaim+cvd_up+cvd_up_v+rsi_thrust_up|nk0.0|vm0.8|full_0845_1400,8,0.13,7,1,0,87.5,87.5,7.0,1.8,0.3,26.9
LONG:vwap_reclaim+cvd_up+cvd_up_v+rsi_thrust_up|nk0.0|vm1.2|full_0845_1400,8,0.13,7,1,0,87.5,87.5,7.0,1.8,0.3,26.9
LONG:vwap_reclaim+cvd_up+cvd_up_v+rsi_thrust_up|nk0.5|vm0.8|full_0845_1400,8,0.13,7,1,0,87.5,87.5,7.0,1.8,0.3,26.9
LONG:vwap_reclaim+cvd_up+cvd_up_v+rsi_thrust_up|nk0.5|vm1.2|full_0845_1400,8,0.13,7,1,0,87.5,87.5,7.0,1.8,0.3,26.9
LONG:vwap_reclaim+cvd_up+cvd_up_v+rsi_thrust_up|nk0.8|vm0.8|full_0845_1400,8,0.13,7,1,0,87.5,87.5,7.0,1.8,0.3,26.9
LONG:vwap_reclaim+cvd_up+cvd_up_v+rsi_thrust_up|nk0.8|vm1.2|full_0845_1400,8,0.13,7,1,0,87.5,87.5,7.0,1.8,0.3,26.9
LONG:above_vwap+adi_up+delta_surge+macd_x_up_neg|nk0.8|vm0.8|full_0845_1400,8,0.13,7,1,0,87.5,87.5,7.0,1.8,0.0,5.6
LONG:above_vwap+adi_up+delta_surge+macd_x_up_neg|nk0.8|vm0.8|am_0845_1130,8,0.13,7,1,0,87.5,87.5,7.0,1.8,0.0,5.6
LONG:above_vwap+adi_up+delta_surge+macd_x_up_neg|nk0.8|vm1.2|full_0845_1400,8,0.13,7,1,0,87.5,87.5,7.0,1.8,0.0,5.6
LONG:above_vwap+adi_up+delta_surge+macd_x_up_neg|nk0.8|vm1.2|am_0845_1130,8,0.13,7,1,0,87.5,87.5,7.0,1.8,0.0,5.6
LONG:above_vwap+adi_up+above_pivot+macd_x_up_neg|nk0.8|vm0.8|full_0845_1400,8,0.13,7,1,0,87.5,87.5,7.0,1.8,0.3,13.8
LONG:above_vwap+delta_surge+macd_x_up+macd_x_up_neg|nk0.8|vm0.8|full_0845_1400,8,0.13,7,1,0,87.5,87.5,7.0,1.8,0.0,5.6
LONG:above_vwap+delta_surge+macd_x_up+macd_x_up_neg|nk0.8|vm0.8|am_0845_1130,8,0.13,7,1,0,87.5,87.5,7.0,1.8,0.0,5.6
LONG:above_vwap+delta_surge+macd_x_up+macd_x_up_neg|nk0.8|vm1.2|full_0845_1400,8,0.13,7,1,0,87.5,87.5,7.0,1.8,0.0,5.6
LONG:above_vwap+delta_surge+macd_x_up+macd_x_up_neg|nk0.8|vm1.2|am_0845_1130,8,0.13,7,1,0,87.5,87.5,7.0,1.8,0.0,5.6
LONG:above_vwap+delta_surge+macd_x_up_neg+strong_close|nk0.8|vm0.8|full_0845_1400,8,0.13,7,1,0,87.5,87.5,7.0,1.8,0.0,5.6
LONG:above_vwap+delta_surge+macd_x_up_neg+strong_close|nk0.8|vm0.8|am_0845_1130,8,0.13,7,1,0,87.5,87.5,7.0,1.8,0.0,5.6
LONG:above_vwap+delta_surge+macd_x_up_neg+strong_close|nk0.8|vm1.2|full_0845_1400,8,0.13,7,1,0,87.5,87.5,7.0,1.8,0.0,5.6
LONG:above_vwap+delta_surge+macd_x_up_neg+strong_close|nk0.8|vm1.2|am_0845_1130,8,0.13,7,1,0,87.5,87.5,7.0,1.8,0.0,5.6
LONG:above_vwap+above_pivot+macd_x_up+macd_x_up_neg|nk0.8|vm0.8|full_0845_1400,8,0.13,7,1,0,87.5,87.5,7.0,1.8,0.3,13.8
LONG:above_vwap+above_pivot+macd_x_up+cvd_up_v|nk0.0|vm0.8|am_0845_1130,8,0.13,7,1,0,87.5,87.5,7.0,1.8,0.3,12.5
LONG:above_vwap+above_pivot+macd_x_up+cvd_up_v|nk0.0|vm1.2|am_0845_1130,8,0.13,7,1,0,87.5,87.5,7.0,1.8,0.3,12.5
LONG:above_vwap+above_pivot+macd_x_up+cvd_up_v|nk0.5|vm0.8|am_0845_1130,8,0.13,7,1,0,87.5,87.5,7.0,1.8,0.3,12.5
LONG:above_vwap+above_pivot+macd_x_up+cvd_up_v|nk0.5|vm1.2|am_0845_1130,8,0.13,7,1,0,87.5,87.5,7.0,1.8,0.3,12.5
LONG:above_vwap+above_pivot+macd_x_up+cvd_up_v|nk0.8|vm0.8|am_0845_1130,8,0.13,7,1,0,87.5,87.5,7.0,1.8,0.3,12.5
LONG:above_vwap+above_pivot+macd_x_up+cvd_up_v|nk0.8|vm1.2|am_0845_1130,8,0.13,7,1,0,87.5,87.5,7.0,1.8,0.3,12.5
LONG:above_vwap+vwap_reclaim_v+cvd_up+rsi_thrust_up|nk0.0|vm0.8|full_0845_1400,8,0.13,7,1,0,87.5,87.5,7.0,1.8,0.3,26.9
LONG:above_vwap+vwap_reclaim_v+cvd_up+rsi_thrust_up|nk0.0|vm1.2|full_0845_1400,8,0.13,7,1,0,87.5,87.5,7.0,1.8,0.3,26.9
LONG:above_vwap+vwap_reclaim_v+cvd_up+rsi_thrust_up|nk0.5|vm0.8|full_0845_1400,8,0.13,7,1,0,87.5,87.5,7.0,1.8,0.3,26.9
LONG:above_vwap+vwap_reclaim_v+cvd_up+rsi_thrust_up|nk0.5|vm1.2|full_0845_1400,8,0.13,7,1,0,87.5,87.5,7.0,1.8,0.3,26.9
LONG:above_vwap+vwap_reclaim_v+cvd_up+rsi_thrust_up|nk0.8|vm0.8|full_0845_1400,8,0.13,7,1,0,87.5,87.5,7.0,1.8,0.3,26.9
LONG:above_vwap+vwap_reclaim_v+cvd_up+rsi_thrust_up|nk0.8|vm1.2|full_0845_1400,8,0.13,7,1,0,87.5,87.5,7.0,1.8,0.3,26.9
LONG:above_vwap+vwap_reclaim_v+cvd_up_v+rsi_thrust_up|nk0.0|vm0.8|full_0845_1400,8,0.13,7,1,0,87.5,87.5,7.0,1.8,0.3,26.9
LONG:above_vwap+vwap_reclaim_v+cvd_up_v+rsi_thrust_up|nk0.0|vm1.2|full_0845_1400,8,0.13,7,1,0,87.5,87.5,7.0,1.8,0.3,26.9
LONG:above_vwap+vwap_reclaim_v+cvd_up_v+rsi_thrust_up|nk0.5|vm0.8|full_0845_1400,8,0.13,7,1,0,87.5,87.5,7.0,1.8,0.3,26.9
LONG:above_vwap+vwap_reclaim_v+cvd_up_v+rsi_thrust_up|nk0.5|vm1.2|full_0845_1400,8,0.13,7,1,0,87.5,87.5,7.0,1.8,0.3,26.9
LONG:above_vwap+vwap_reclaim_v+cvd_up_v+rsi_thrust_up|nk0.8|vm0.8|full_0845_1400,8,0.13,7,1,0,87.5,87.5,7.0,1.8,0.3,26.9
LONG:above_vwap+vwap_reclaim_v+cvd_up_v+rsi_thrust_up|nk0.8|vm1.2|full_0845_1400,8,0.13,7,1,0,87.5,87.5,7.0,1.8,0.3,26.9
LONG:adi_up+delta_surge+strong_close+rsi_thrust_up|nk0.0|vm0.8|mid_1030_1300,8,0.13,7,1,0,87.5,87.5,7.0,1.8,0.3,25.0
LONG:adi_up+delta_surge+strong_close+rsi_thrust_up|nk0.0|vm1.2|mid_1030_1300,8,0.13,7,1,0,87.5,87.5,7.0,1.8,0.3,25.0
LONG:adi_up+delta_surge+strong_close+rsi_thrust_up|nk0.5|vm0.8|mid_1030_1300,8,0.13,7,1,0,87.5,87.5,7.0,1.8,0.3,25.0
LONG:adi_up+delta_surge+strong_close+rsi_thrust_up|nk0.5|vm1.2|mid_1030_1300,8,0.13,7,1,0,87.5,87.5,7.0,1.8,0.3,25.0
LONG:adi_up+delta_surge+strong_close+rsi_thrust_up|nk0.8|vm0.8|mid_1030_1300,8,0.13,7,1,0,87.5,87.5,7.0,1.8,0.3,25.0
LONG:adi_up+delta_surge+strong_close+rsi_thrust_up|nk0.8|vm1.2|mid_1030_1300,8,0.13,7,1,0,87.5,87.5,7.0,1.8,0.3,25.0
LONG:adi_up+vwap_reclaim_v+cvd_up+rsi_thrust_up|nk0.0|vm0.8|full_0845_1400,8,0.13,7,1,0,87.5,87.5,7.0,1.8,0.3,26.9
LONG:adi_up+vwap_reclaim_v+cvd_up+rsi_thrust_up|nk0.0|vm1.2|full_0845_1400,8,0.13,7,1,0,87.5,87.5,7.0,1.8,0.3,26.9
LONG:adi_up+vwap_reclaim_v+cvd_up+rsi_thrust_up|nk0.5|vm0.8|full_0845_1400,8,0.13,7,1,0,87.5,87.5,7.0,1.8,0.3,26.9
LONG:adi_up+vwap_reclaim_v+cvd_up+rsi_thrust_up|nk0.5|vm1.2|full_0845_1400,8,0.13,7,1,0,87.5,87.5,7.0,1.8,0.3,26.9
LONG:adi_up+vwap_reclaim_v+cvd_up+rsi_thrust_up|nk0.8|vm0.8|full_0845_1400,8,0.13,7,1,0,87.5,87.5,7.0,1.8,0.3,26.9
LONG:adi_up+vwap_reclaim_v+cvd_up+rsi_thrust_up|nk0.8|vm1.2|full_0845_1400,8,0.13,7,1,0,87.5,87.5,7.0,1.8,0.3,26.9
LONG:adi_up+vwap_reclaim_v+cvd_up_v+rsi_thrust_up|nk0.0|vm0.8|full_0845_1400,8,0.13,7,1,0,87.5,87.5,7.0,1.8,0.3,26.9
LONG:adi_up+vwap_reclaim_v+cvd_up_v+rsi_thrust_up|nk0.0|vm1.2|full_0845_1400,8,0.13,7,1,0,87.5,87.5,7.0,1.8,0.3,26.9
LONG:adi_up+vwap_reclaim_v+cvd_up_v+rsi_thrust_up|nk0.5|vm0.8|full_0845_1400,8,0.13,7,1,0,87.5,87.5,7.0,1.8,0.3,26.9
LONG:adi_up+vwap_reclaim_v+cvd_up_v+rsi_thrust_up|nk0.5|vm1.2|full_0845_1400,8,0.13,7,1,0,87.5,87.5,7.0,1.8,0.3,26.9
LONG:adi_up+vwap_reclaim_v+cvd_up_v+rsi_thrust_up|nk0.8|vm0.8|full_0845_1400,8,0.13,7,1,0,87.5,87.5,7.0,1.8,0.3,26.9
LONG:adi_up+vwap_reclaim_v+cvd_up_v+rsi_thrust_up|nk0.8|vm1.2|full_0845_1400,8,0.13,7,1,0,87.5,87.5,7.0,1.8,0.3,26.9
LONG:above_pivot+macd_x_up+cvd_up+cvd_up_v|nk0.0|vm0.8|am_0845_1130,8,0.13,7,1,0,87.5,87.5,7.0,1.8,0.3,12.5
LONG:above_pivot+macd_x_up+cvd_up+cvd_up_v|nk0.0|vm1.2|am_0845_1130,8,0.13,7,1,0,87.5,87.5,7.0,1.8,0.3,12.5
LONG:above_pivot+macd_x_up+cvd_up+cvd_up_v|nk0.5|vm0.8|am_0845_1130,8,0.13,7,1,0,87.5,87.5,7.0,1.8,0.3,12.5
LONG:above_pivot+macd_x_up+cvd_up+cvd_up_v|nk0.5|vm1.2|am_0845_1130,8,0.13,7,1,0,87.5,87.5,7.0,1.8,0.3,12.5
LONG:above_pivot+macd_x_up+cvd_up+cvd_up_v|nk0.8|vm0.8|am_0845_1130,8,0.13,7,1,0,87.5,87.5,7.0,1.8,0.3,12.5
LONG:above_pivot+macd_x_up+cvd_up+cvd_up_v|nk0.8|vm1.2|am_0845_1130,8,0.13,7,1,0,87.5,87.5,7.0,1.8,0.3,12.5
LONG:strong_close+vwap_reclaim_v+cvd_up+rsi_thrust_up|nk0.0|vm0.8|full_0845_1400,8,0.13,7,1,0,87.5,87.5,7.0,1.8,0.3,26.9
LONG:strong_close+vwap_reclaim_v+cvd_up+rsi_thrust_up|nk0.0|vm1.2|full_0845_1400,8,0.13,7,1,0,87.5,87.5,7.0,1.8,0.3,26.9
LONG:strong_close+vwap_reclaim_v+cvd_up+rsi_thrust_up|nk0.5|vm0.8|full_0845_1400,8,0.13,7,1,0,87.5,87.5,7.0,1.8,0.3,26.9
LONG:strong_close+vwap_reclaim_v+cvd_up+rsi_thrust_up|nk0.5|vm1.2|full_0845_1400,8,0.13,7,1,0,87.5,87.5,7.0,1.8,0.3,26.9
LONG:strong_close+vwap_reclaim_v+cvd_up+rsi_thrust_up|nk0.8|vm0.8|full_0845_1400,8,0.13,7,1,0,87.5,87.5,7.0,1.8,0.3,26.9
LONG:strong_close+vwap_reclaim_v+cvd_up+rsi_thrust_up|nk0.8|vm1.2|full_0845_1400,8,0.13,7,1,0,87.5,87.5,7.0,1.8,0.3,26.9
LONG:strong_close+vwap_reclaim_v+cvd_up_v+rsi_thrust_up|nk0.0|vm0.8|full_0845_1400,8,0.13,7,1,0,87.5,87.5,7.0,1.8,0.3,26.9
LONG:strong_close+vwap_reclaim_v+cvd_up_v+rsi_thrust_up|nk0.0|vm1.2|full_0845_1400,8,0.13,7,1,0,87.5,87.5,7.0,1.8,0.3,26.9
LONG:strong_close+vwap_reclaim_v+cvd_up_v+rsi_thrust_up|nk0.5|vm0.8|full_0845_1400,8,0.13,7,1,0,87.5,87.5,7.0,1.8,0.3,26.9
LONG:strong_close+vwap_reclaim_v+cvd_up_v+rsi_thrust_up|nk0.5|vm1.2|full_0845_1400,8,0.13,7,1,0,87.5,87.5,7.0,1.8,0.3,26.9
LONG:strong_close+vwap_reclaim_v+cvd_up_v+rsi_thrust_up|nk0.8|vm0.8|full_0845_1400,8,0.13,7,1,0,87.5,87.5,7.0,1.8,0.3,26.9
LONG:strong_close+vwap_reclaim_v+cvd_up_v+rsi_thrust_up|nk0.8|vm1.2|full_0845_1400,8,0.13,7,1,0,87.5,87.5,7.0,1.8,0.3,26.9
LONG:vwap_reclaim_v+cvd_up+cvd_up_v+rsi_thrust_up|nk0.0|vm0.8|full_0845_1400,8,0.13,7,1,0,87.5,87.5,7.0,1.8,0.3,26.9
LONG:vwap_reclaim_v+cvd_up+cvd_up_v+rsi_thrust_up|nk0.0|vm1.2|full_0845_1400,8,0.13,7,1,0,87.5,87.5,7.0,1.8,0.3,26.9
LONG:vwap_reclaim_v+cvd_up+cvd_up_v+rsi_thrust_up|nk0.5|vm0.8|full_0845_1400,8,0.13,7,1,0,87.5,87.5,7.0,1.8,0.3,26.9
LONG:vwap_reclaim_v+cvd_up+cvd_up_v+rsi_thrust_up|nk0.5|vm1.2|full_0845_1400,8,0.13,7,1,0,87.5,87.5,7.0,1.8,0.3,26.9
LONG:vwap_reclaim_v+cvd_up+cvd_up_v+rsi_thrust_up|nk0.8|vm0.8|full_0845_1400,8,0.13,7,1,0,87.5,87.5,7.0,1.8,0.3,26.9
LONG:vwap_reclaim_v+cvd_up+cvd_up_v+rsi_thrust_up|nk0.8|vm1.2|full_0845_1400,8,0.13,7,1,0,87.5,87.5,7.0,1.8,0.3,26.9
SHORT:below_pivot+macd_x_dn|nk0.0|vm1.2|pm_1130_1400,8,0.13,7,1,0,87.5,87.5,7.0,1.8,0.3,18.1
SHORT:below_pivot+macd_x_dn|nk0.5|vm1.2|pm_1130_1400,8,0.13,7,1,0,87.5,87.5,7.0,1.8,0.3,18.1
LONG:adi_up+macd_x_up_neg|nk0.8|vm1.2|am_0845_1130,15,0.25,13,2,0,86.7,86.7,6.5,3.3,0.3,9.0
LONG:above_vwap+adi_up+macd_x_up_neg|nk0.8|vm1.2|full_0845_1400,15,0.25,13,2,0,86.7,86.7,6.5,3.3,0.3,9.0
LONG:adi_up+macd_x_up+macd_x_up_neg|nk0.8|vm1.2|am_0845_1130,15,0.25,13,2,0,86.7,86.7,6.5,3.3,0.3,9.0
LONG:above_vwap+adi_up+macd_x_up+macd_x_up_neg|nk0.8|vm1.2|full_0845_1400,15,0.25,13,2,0,86.7,86.7,6.5,3.3,0.3,9.0
LONG:macd_x_up_neg+cvd_up|nk0.8|vm1.2|full_0845_1400,14,0.23,12,2,0,85.7,85.7,6.0,3.0,0.3,9.3
LONG:above_vwap+adi_up+macd_x_up_neg|nk0.8|vm1.2|am_0845_1130,14,0.23,12,2,0,85.7,85.7,6.0,3.0,0.3,9.3
LONG:above_vwap+macd_x_up_neg+cvd_up|nk0.8|vm1.2|full_0845_1400,14,0.23,12,2,0,85.7,85.7,6.0,3.0,0.3,9.3
LONG:adi_up+ylow_reclaim+strong_close|nk0.0|vm1.2|full_0845_1400,14,0.23,12,2,0,85.7,85.7,6.0,3.0,0.3,7.9
LONG:adi_up+ylow_reclaim+strong_close|nk0.5|vm1.2|full_0845_1400,14,0.23,12,2,0,85.7,85.7,6.0,3.0,0.3,7.9
LONG:adi_up+ylow_reclaim+strong_close|nk0.8|vm1.2|full_0845_1400,14,0.23,12,2,0,85.7,85.7,6.0,3.0,0.3,7.9
LONG:adi_up+macd_x_up_neg+strong_close|nk0.8|vm1.2|am_0845_1130,14,0.23,12,2,0,85.7,85.7,6.0,3.0,0.3,8.9
LONG:adi_up+macd_x_up_neg+cvd_up|nk0.8|vm1.2|full_0845_1400,14,0.23,12,2,0,85.7,85.7,6.0,3.0,0.3,9.3
LONG:macd_x_up+macd_x_up_neg+cvd_up|nk0.8|vm1.2|full_0845_1400,14,0.23,12,2,0,85.7,85.7,6.0,3.0,0.3,9.3
LONG:above_vwap+adi_up+macd_x_up+macd_x_up_neg|nk0.8|vm1.2|am_0845_1130,14,0.23,12,2,0,85.7,85.7,6.0,3.0,0.3,9.3
LONG:above_vwap+adi_up+macd_x_up_neg+strong_close|nk0.8|vm1.2|full_0845_1400,14,0.23,12,2,0,85.7,85.7,6.0,3.0,0.3,8.9
LONG:above_vwap+adi_up+macd_x_up_neg+cvd_up|nk0.8|vm1.2|full_0845_1400,14,0.23,12,2,0,85.7,85.7,6.0,3.0,0.3,9.3
LONG:above_vwap+macd_x_up+macd_x_up_neg+cvd_up|nk0.8|vm1.2|full_0845_1400,14,0.23,12,2,0,85.7,85.7,6.0,3.0,0.3,9.3
LONG:adi_up+macd_x_up+macd_x_up_neg+strong_close|nk0.8|vm1.2|am_0845_1130,14,0.23,12,2,0,85.7,85.7,6.0,3.0,0.3,8.9
LONG:adi_up+macd_x_up+macd_x_up_neg+cvd_up|nk0.8|vm1.2|full_0845_1400,14,0.23,12,2,0,85.7,85.7,6.0,3.0,0.3,9.3
LONG:vwap_reclaim+delta_surge|nk0.0|vm0.8|mid_1030_1300,7,0.12,6,1,0,85.7,85.7,6.0,1.5,0.0,33.6
LONG:vwap_reclaim+delta_surge|nk0.0|vm1.2|mid_1030_1300,7,0.12,6,1,0,85.7,85.7,6.0,1.5,0.0,33.6
LONG:vwap_reclaim+delta_surge|nk0.5|vm0.8|mid_1030_1300,7,0.12,6,1,0,85.7,85.7,6.0,1.5,0.0,33.6
LONG:vwap_reclaim+delta_surge|nk0.5|vm1.2|mid_1030_1300,7,0.12,6,1,0,85.7,85.7,6.0,1.5,0.0,33.6
LONG:vwap_reclaim+delta_surge|nk0.8|vm0.8|mid_1030_1300,7,0.12,6,1,0,85.7,85.7,6.0,1.5,0.0,33.6
LONG:vwap_reclaim+delta_surge|nk0.8|vm1.2|mid_1030_1300,7,0.12,6,1,0,85.7,85.7,6.0,1.5,0.0,33.6
LONG:vwap_reclaim+rvol_thrust_up|nk0.0|vm0.8|mid_1030_1300,7,0.12,6,1,0,85.7,85.7,6.0,1.5,0.0,33.6
LONG:vwap_reclaim+rvol_thrust_up|nk0.0|vm1.2|mid_1030_1300,7,0.12,6,1,0,85.7,85.7,6.0,1.5,0.0,33.6
LONG:vwap_reclaim+rvol_thrust_up|nk0.5|vm0.8|mid_1030_1300,7,0.12,6,1,0,85.7,85.7,6.0,1.5,0.0,33.6
LONG:vwap_reclaim+rvol_thrust_up|nk0.5|vm1.2|mid_1030_1300,7,0.12,6,1,0,85.7,85.7,6.0,1.5,0.0,33.6
LONG:vwap_reclaim+rvol_thrust_up|nk0.8|vm0.8|mid_1030_1300,7,0.12,6,1,0,85.7,85.7,6.0,1.5,0.0,33.6
LONG:vwap_reclaim+rvol_thrust_up|nk0.8|vm1.2|mid_1030_1300,7,0.12,6,1,0,85.7,85.7,6.0,1.5,0.0,33.6
LONG:vwap_reclaim+above_vwap_v|nk0.0|vm0.8|mid_1030_1300,7,0.12,6,1,0,85.7,85.7,6.0,1.5,0.0,33.6
LONG:vwap_reclaim+above_vwap_v|nk0.0|vm1.2|mid_1030_1300,7,0.12,6,1,0,85.7,85.7,6.0,1.5,0.0,33.6
LONG:vwap_reclaim+above_vwap_v|nk0.5|vm0.8|mid_1030_1300,7,0.12,6,1,0,85.7,85.7,6.0,1.5,0.0,33.6
LONG:vwap_reclaim+above_vwap_v|nk0.5|vm1.2|mid_1030_1300,7,0.12,6,1,0,85.7,85.7,6.0,1.5,0.0,33.6
LONG:vwap_reclaim+above_vwap_v|nk0.8|vm0.8|mid_1030_1300,7,0.12,6,1,0,85.7,85.7,6.0,1.5,0.0,33.6
LONG:vwap_reclaim+above_vwap_v|nk0.8|vm1.2|mid_1030_1300,7,0.12,6,1,0,85.7,85.7,6.0,1.5,0.0,33.6
LONG:above_vwap+yhigh_break|nk0.0|vm0.8|mid_1030_1300,7,0.12,6,1,0,85.7,85.7,6.0,1.5,0.3,20.7
LONG:above_vwap+yhigh_break|nk0.0|vm0.8|pm_1130_1400,7,0.12,6,1,0,85.7,85.7,6.0,1.5,0.3,20.0
LONG:above_vwap+yhigh_break|nk0.5|vm0.8|mid_1030_1300,7,0.12,6,1,0,85.7,85.7,6.0,1.5,0.3,20.7
LONG:above_vwap+yhigh_break|nk0.5|vm0.8|pm_1130_1400,7,0.12,6,1,0,85.7,85.7,6.0,1.5,0.3,20.0
LONG:adi_up+ylow_reclaim|nk0.0|vm1.2|pm_1130_1400,7,0.12,6,1,0,85.7,85.7,6.0,1.5,0.0,7.1
LONG:adi_up+ylow_reclaim|nk0.5|vm1.2|pm_1130_1400,7,0.12,6,1,0,85.7,85.7,6.0,1.5,0.0,7.1
LONG:adi_up+ylow_reclaim|nk0.8|vm1.2|pm_1130_1400,7,0.12,6,1,0,85.7,85.7,6.0,1.5,0.0,7.1
LONG:delta_surge+s1_bounce|nk0.8|vm0.8|full_0845_1400,7,0.12,6,1,0,85.7,85.7,6.0,1.5,0.0,8.6
LONG:delta_surge+s1_bounce|nk0.8|vm1.2|full_0845_1400,7,0.12,6,1,0,85.7,85.7,6.0,1.5,0.0,8.6
LONG:delta_surge+vwap_reclaim_v|nk0.0|vm0.8|mid_1030_1300,7,0.12,6,1,0,85.7,85.7,6.0,1.5,0.0,33.6
LONG:delta_surge+vwap_reclaim_v|nk0.0|vm1.2|mid_1030_1300,7,0.12,6,1,0,85.7,85.7,6.0,1.5,0.0,33.6
LONG:delta_surge+vwap_reclaim_v|nk0.5|vm0.8|mid_1030_1300,7,0.12,6,1,0,85.7,85.7,6.0,1.5,0.0,33.6
LONG:delta_surge+vwap_reclaim_v|nk0.5|vm1.2|mid_1030_1300,7,0.12,6,1,0,85.7,85.7,6.0,1.5,0.0,33.6
LONG:delta_surge+vwap_reclaim_v|nk0.8|vm0.8|mid_1030_1300,7,0.12,6,1,0,85.7,85.7,6.0,1.5,0.0,33.6
LONG:delta_surge+vwap_reclaim_v|nk0.8|vm1.2|mid_1030_1300,7,0.12,6,1,0,85.7,85.7,6.0,1.5,0.0,33.6
LONG:s1_bounce+cvd_up|nk0.0|vm1.2|full_0845_1400,7,0.12,6,1,0,85.7,85.7,6.0,1.5,0.3,9.3
LONG:s1_bounce+cvd_up|nk0.5|vm1.2|full_0845_1400,7,0.12,6,1,0,85.7,85.7,6.0,1.5,0.3,9.3
LONG:above_pivot+macd_x_up_neg|nk0.0|vm1.2|full_0845_1400,7,0.12,6,0,1,85.7,100.0,inf,1.9,0.0,9.3
LONG:above_pivot+macd_x_up_neg|nk0.5|vm1.2|full_0845_1400,7,0.12,6,0,1,85.7,100.0,inf,1.9,0.0,9.3
LONG:above_pivot+macd_x_up_neg|nk0.8|vm1.2|full_0845_1400,7,0.12,6,0,1,85.7,100.0,inf,1.9,0.0,9.3
LONG:macd_x_up_neg+mom_ignite_up|nk0.5|vm0.8|full_0845_1400,7,0.12,6,1,0,85.7,85.7,6.0,1.5,0.3,19.3
LONG:vwap_reclaim_v+rvol_thrust_up|nk0.0|vm0.8|mid_1030_1300,7,0.12,6,1,0,85.7,85.7,6.0,1.5,0.0,33.6
LONG:vwap_reclaim_v+rvol_thrust_up|nk0.0|vm1.2|mid_1030_1300,7,0.12,6,1,0,85.7,85.7,6.0,1.5,0.0,33.6
LONG:vwap_reclaim_v+rvol_thrust_up|nk0.5|vm0.8|mid_1030_1300,7,0.12,6,1,0,85.7,85.7,6.0,1.5,0.0,33.6
LONG:vwap_reclaim_v+rvol_thrust_up|nk0.5|vm1.2|mid_1030_1300,7,0.12,6,1,0,85.7,85.7,6.0,1.5,0.0,33.6
LONG:vwap_reclaim_v+rvol_thrust_up|nk0.8|vm0.8|mid_1030_1300,7,0.12,6,1,0,85.7,85.7,6.0,1.5,0.0,33.6
LONG:vwap_reclaim_v+rvol_thrust_up|nk0.8|vm1.2|mid_1030_1300,7,0.12,6,1,0,85.7,85.7,6.0,1.5,0.0,33.6
LONG:vwap_reclaim_v+above_vwap_v|nk0.0|vm0.8|mid_1030_1300,7,0.12,6,1,0,85.7,85.7,6.0,1.5,0.0,33.6
LONG:vwap_reclaim_v+above_vwap_v|nk0.0|vm1.2|mid_1030_1300,7,0.12,6,1,0,85.7,85.7,6.0,1.5,0.0,33.6
LONG:vwap_reclaim_v+above_vwap_v|nk0.5|vm0.8|mid_1030_1300,7,0.12,6,1,0,85.7,85.7,6.0,1.5,0.0,33.6
LONG:vwap_reclaim_v+above_vwap_v|nk0.5|vm1.2|mid_1030_1300,7,0.12,6,1,0,85.7,85.7,6.0,1.5,0.0,33.6
LONG:vwap_reclaim_v+above_vwap_v|nk0.8|vm0.8|mid_1030_1300,7,0.12,6,1,0,85.7,85.7,6.0,1.5,0.0,33.6
LONG:vwap_reclaim_v+above_vwap_v|nk0.8|vm1.2|mid_1030_1300,7,0.12,6,1,0,85.7,85.7,6.0,1.5,0.0,33.6
LONG:rvol_thrust_up+rsi_thrust_up|nk0.0|vm0.8|mid_1030_1300,7,0.12,6,1,0,85.7,85.7,6.0,1.5,0.3,27.9
LONG:rvol_thrust_up+rsi_thrust_up|nk0.0|vm1.2|mid_1030_1300,7,0.12,6,1,0,85.7,85.7,6.0,1.5,0.3,27.9
LONG:rvol_thrust_up+rsi_thrust_up|nk0.5|vm0.8|mid_1030_1300,7,0.12,6,1,0,85.7,85.7,6.0,1.5,0.3,27.9
LONG:rvol_thrust_up+rsi_thrust_up|nk0.5|vm1.2|mid_1030_1300,7,0.12,6,1,0,85.7,85.7,6.0,1.5,0.3,27.9
LONG:rvol_thrust_up+rsi_thrust_up|nk0.8|vm0.8|mid_1030_1300,7,0.12,6,1,0,85.7,85.7,6.0,1.5,0.3,27.9
LONG:rvol_thrust_up+rsi_thrust_up|nk0.8|vm1.2|mid_1030_1300,7,0.12,6,1,0,85.7,85.7,6.0,1.5,0.3,27.9
LONG:above_vwap_v+rsi_thrust_up|nk0.0|vm0.8|mid_1030_1300,7,0.12,6,1,0,85.7,85.7,6.0,1.5,0.3,27.9
LONG:above_vwap_v+rsi_thrust_up|nk0.0|vm1.2|mid_1030_1300,7,0.12,6,1,0,85.7,85.7,6.0,1.5,0.3,27.9
LONG:above_vwap_v+rsi_thrust_up|nk0.5|vm0.8|mid_1030_1300,7,0.12,6,1,0,85.7,85.7,6.0,1.5,0.3,27.9
LONG:above_vwap_v+rsi_thrust_up|nk0.5|vm1.2|mid_1030_1300,7,0.12,6,1,0,85.7,85.7,6.0,1.5,0.3,27.9
LONG:above_vwap_v+rsi_thrust_up|nk0.8|vm0.8|mid_1030_1300,7,0.12,6,1,0,85.7,85.7,6.0,1.5,0.3,27.9
LONG:above_vwap_v+rsi_thrust_up|nk0.8|vm1.2|mid_1030_1300,7,0.12,6,1,0,85.7,85.7,6.0,1.5,0.3,27.9
LONG:vwap_reclaim+above_vwap+delta_surge|nk0.0|vm0.8|mid_1030_1300,7,0.12,6,1,0,85.7,85.7,6.0,1.5,0.0,33.6
LONG:vwap_reclaim+above_vwap+delta_surge|nk0.0|vm1.2|mid_1030_1300,7,0.12,6,1,0,85.7,85.7,6.0,1.5,0.0,33.6
LONG:vwap_reclaim+above_vwap+delta_surge|nk0.5|vm0.8|mid_1030_1300,7,0.12,6,1,0,85.7,85.7,6.0,1.5,0.0,33.6
LONG:vwap_reclaim+above_vwap+delta_surge|nk0.5|vm1.2|mid_1030_1300,7,0.12,6,1,0,85.7,85.7,6.0,1.5,0.0,33.6
LONG:vwap_reclaim+above_vwap+delta_surge|nk0.8|vm0.8|mid_1030_1300,7,0.12,6,1,0,85.7,85.7,6.0,1.5,0.0,33.6
LONG:vwap_reclaim+above_vwap+delta_surge|nk0.8|vm1.2|mid_1030_1300,7,0.12,6,1,0,85.7,85.7,6.0,1.5,0.0,33.6
LONG:vwap_reclaim+above_vwap+rvol_thrust_up|nk0.0|vm0.8|mid_1030_1300,7,0.12,6,1,0,85.7,85.7,6.0,1.5,0.0,33.6
LONG:vwap_reclaim+above_vwap+rvol_thrust_up|nk0.0|vm1.2|mid_1030_1300,7,0.12,6,1,0,85.7,85.7,6.0,1.5,0.0,33.6
LONG:vwap_reclaim+above_vwap+rvol_thrust_up|nk0.5|vm0.8|mid_1030_1300,7,0.12,6,1,0,85.7,85.7,6.0,1.5,0.0,33.6
LONG:vwap_reclaim+above_vwap+rvol_thrust_up|nk0.5|vm1.2|mid_1030_1300,7,0.12,6,1,0,85.7,85.7,6.0,1.5,0.0,33.6
LONG:vwap_reclaim+above_vwap+rvol_thrust_up|nk0.8|vm0.8|mid_1030_1300,7,0.12,6,1,0,85.7,85.7,6.0,1.5,0.0,33.6
LONG:vwap_reclaim+above_vwap+rvol_thrust_up|nk0.8|vm1.2|mid_1030_1300,7,0.12,6,1,0,85.7,85.7,6.0,1.5,0.0,33.6
LONG:vwap_reclaim+above_vwap+above_vwap_v|nk0.0|vm0.8|mid_1030_1300,7,0.12,6,1,0,85.7,85.7,6.0,1.5,0.0,33.6
LONG:vwap_reclaim+above_vwap+above_vwap_v|nk0.0|vm1.2|mid_1030_1300,7,0.12,6,1,0,85.7,85.7,6.0,1.5,0.0,33.6
LONG:vwap_reclaim+above_vwap+above_vwap_v|nk0.5|vm0.8|mid_1030_1300,7,0.12,6,1,0,85.7,85.7,6.0,1.5,0.0,33.6
LONG:vwap_reclaim+above_vwap+above_vwap_v|nk0.5|vm1.2|mid_1030_1300,7,0.12,6,1,0,85.7,85.7,6.0,1.5,0.0,33.6
LONG:vwap_reclaim+above_vwap+above_vwap_v|nk0.8|vm0.8|mid_1030_1300,7,0.12,6,1,0,85.7,85.7,6.0,1.5,0.0,33.6
LONG:vwap_reclaim+above_vwap+above_vwap_v|nk0.8|vm1.2|mid_1030_1300,7,0.12,6,1,0,85.7,85.7,6.0,1.5,0.0,33.6
LONG:vwap_reclaim+adi_up+delta_surge|nk0.0|vm0.8|mid_1030_1300,7,0.12,6,1,0,85.7,85.7,6.0,1.5,0.0,33.6
LONG:vwap_reclaim+adi_up+delta_surge|nk0.0|vm1.2|mid_1030_1300,7,0.12,6,1,0,85.7,85.7,6.0,1.5,0.0,33.6
LONG:vwap_reclaim+adi_up+delta_surge|nk0.5|vm0.8|mid_1030_1300,7,0.12,6,1,0,85.7,85.7,6.0,1.5,0.0,33.6
LONG:vwap_reclaim+adi_up+delta_surge|nk0.5|vm1.2|mid_1030_1300,7,0.12,6,1,0,85.7,85.7,6.0,1.5,0.0,33.6
LONG:vwap_reclaim+adi_up+delta_surge|nk0.8|vm0.8|mid_1030_1300,7,0.12,6,1,0,85.7,85.7,6.0,1.5,0.0,33.6
LONG:vwap_reclaim+adi_up+delta_surge|nk0.8|vm1.2|mid_1030_1300,7,0.12,6,1,0,85.7,85.7,6.0,1.5,0.0,33.6
LONG:vwap_reclaim+adi_up+ylow_reclaim|nk0.0|vm0.8|full_0845_1400,7,0.12,6,1,0,85.7,85.7,6.0,1.5,0.3,7.9
LONG:vwap_reclaim+adi_up+ylow_reclaim|nk0.5|vm0.8|full_0845_1400,7,0.12,6,1,0,85.7,85.7,6.0,1.5,0.3,7.9
LONG:vwap_reclaim+adi_up+ylow_reclaim|nk0.8|vm0.8|full_0845_1400,7,0.12,6,1,0,85.7,85.7,6.0,1.5,0.3,7.9
LONG:vwap_reclaim+adi_up+rvol_thrust_up|nk0.0|vm0.8|mid_1030_1300,7,0.12,6,1,0,85.7,85.7,6.0,1.5,0.0,33.6
LONG:vwap_reclaim+adi_up+rvol_thrust_up|nk0.0|vm1.2|mid_1030_1300,7,0.12,6,1,0,85.7,85.7,6.0,1.5,0.0,33.6
LONG:vwap_reclaim+adi_up+rvol_thrust_up|nk0.5|vm0.8|mid_1030_1300,7,0.12,6,1,0,85.7,85.7,6.0,1.5,0.0,33.6
LONG:vwap_reclaim+adi_up+rvol_thrust_up|nk0.5|vm1.2|mid_1030_1300,7,0.12,6,1,0,85.7,85.7,6.0,1.5,0.0,33.6
LONG:vwap_reclaim+adi_up+rvol_thrust_up|nk0.8|vm0.8|mid_1030_1300,7,0.12,6,1,0,85.7,85.7,6.0,1.5,0.0,33.6
LONG:vwap_reclaim+adi_up+rvol_thrust_up|nk0.8|vm1.2|mid_1030_1300,7,0.12,6,1,0,85.7,85.7,6.0,1.5,0.0,33.6
LONG:vwap_reclaim+adi_up+above_vwap_v|nk0.0|vm0.8|mid_1030_1300,7,0.12,6,1,0,85.7,85.7,6.0,1.5,0.0,33.6
LONG:vwap_reclaim+adi_up+above_vwap_v|nk0.0|vm1.2|mid_1030_1300,7,0.12,6,1,0,85.7,85.7,6.0,1.5,0.0,33.6
LONG:vwap_reclaim+adi_up+above_vwap_v|nk0.5|vm0.8|mid_1030_1300,7,0.12,6,1,0,85.7,85.7,6.0,1.5,0.0,33.6
LONG:vwap_reclaim+adi_up+above_vwap_v|nk0.5|vm1.2|mid_1030_1300,7,0.12,6,1,0,85.7,85.7,6.0,1.5,0.0,33.6
LONG:vwap_reclaim+adi_up+above_vwap_v|nk0.8|vm0.8|mid_1030_1300,7,0.12,6,1,0,85.7,85.7,6.0,1.5,0.0,33.6
LONG:vwap_reclaim+adi_up+above_vwap_v|nk0.8|vm1.2|mid_1030_1300,7,0.12,6,1,0,85.7,85.7,6.0,1.5,0.0,33.6
LONG:vwap_reclaim+delta_surge+strong_close|nk0.0|vm0.8|mid_1030_1300,7,0.12,6,1,0,85.7,85.7,6.0,1.5,0.0,33.6
LONG:vwap_reclaim+delta_surge+strong_close|nk0.0|vm1.2|mid_1030_1300,7,0.12,6,1,0,85.7,85.7,6.0,1.5,0.0,33.6
LONG:vwap_reclaim+delta_surge+strong_close|nk0.5|vm0.8|mid_1030_1300,7,0.12,6,1,0,85.7,85.7,6.0,1.5,0.0,33.6
LONG:vwap_reclaim+delta_surge+strong_close|nk0.5|vm1.2|mid_1030_1300,7,0.12,6,1,0,85.7,85.7,6.0,1.5,0.0,33.6
LONG:vwap_reclaim+delta_surge+strong_close|nk0.8|vm0.8|mid_1030_1300,7,0.12,6,1,0,85.7,85.7,6.0,1.5,0.0,33.6
LONG:vwap_reclaim+delta_surge+strong_close|nk0.8|vm1.2|mid_1030_1300,7,0.12,6,1,0,85.7,85.7,6.0,1.5,0.0,33.6
LONG:vwap_reclaim+delta_surge+vwap_reclaim_v|nk0.0|vm0.8|mid_1030_1300,7,0.12,6,1,0,85.7,85.7,6.0,1.5,0.0,33.6
LONG:vwap_reclaim+delta_surge+vwap_reclaim_v|nk0.0|vm1.2|mid_1030_1300,7,0.12,6,1,0,85.7,85.7,6.0,1.5,0.0,33.6
LONG:vwap_reclaim+delta_surge+vwap_reclaim_v|nk0.5|vm0.8|mid_1030_1300,7,0.12,6,1,0,85.7,85.7,6.0,1.5,0.0,33.6
LONG:vwap_reclaim+delta_surge+vwap_reclaim_v|nk0.5|vm1.2|mid_1030_1300,7,0.12,6,1,0,85.7,85.7,6.0,1.5,0.0,33.6
LONG:vwap_reclaim+delta_surge+vwap_reclaim_v|nk0.8|vm0.8|mid_1030_1300,7,0.12,6,1,0,85.7,85.7,6.0,1.5,0.0,33.6
LONG:vwap_reclaim+delta_surge+vwap_reclaim_v|nk0.8|vm1.2|mid_1030_1300,7,0.12,6,1,0,85.7,85.7,6.0,1.5,0.0,33.6
LONG:vwap_reclaim+delta_surge+rvol_thrust_up|nk0.0|vm0.8|mid_1030_1300,7,0.12,6,1,0,85.7,85.7,6.0,1.5,0.0,33.6
LONG:vwap_reclaim+delta_surge+rvol_thrust_up|nk0.0|vm1.2|mid_1030_1300,7,0.12,6,1,0,85.7,85.7,6.0,1.5,0.0,33.6
LONG:vwap_reclaim+delta_surge+rvol_thrust_up|nk0.5|vm0.8|mid_1030_1300,7,0.12,6,1,0,85.7,85.7,6.0,1.5,0.0,33.6
LONG:vwap_reclaim+delta_surge+rvol_thrust_up|nk0.5|vm1.2|mid_1030_1300,7,0.12,6,1,0,85.7,85.7,6.0,1.5,0.0,33.6
LONG:vwap_reclaim+delta_surge+rvol_thrust_up|nk0.8|vm0.8|mid_1030_1300,7,0.12,6,1,0,85.7,85.7,6.0,1.5,0.0,33.6
LONG:vwap_reclaim+delta_surge+rvol_thrust_up|nk0.8|vm1.2|mid_1030_1300,7,0.12,6,1,0,85.7,85.7,6.0,1.5,0.0,33.6
LONG:vwap_reclaim+delta_surge+above_vwap_v|nk0.0|vm0.8|mid_1030_1300,7,0.12,6,1,0,85.7,85.7,6.0,1.5,0.0,33.6
LONG:vwap_reclaim+delta_surge+above_vwap_v|nk0.0|vm1.2|mid_1030_1300,7,0.12,6,1,0,85.7,85.7,6.0,1.5,0.0,33.6
LONG:vwap_reclaim+delta_surge+above_vwap_v|nk0.5|vm0.8|mid_1030_1300,7,0.12,6,1,0,85.7,85.7,6.0,1.5,0.0,33.6
LONG:vwap_reclaim+delta_surge+above_vwap_v|nk0.5|vm1.2|mid_1030_1300,7,0.12,6,1,0,85.7,85.7,6.0,1.5,0.0,33.6
LONG:vwap_reclaim+delta_surge+above_vwap_v|nk0.8|vm0.8|mid_1030_1300,7,0.12,6,1,0,85.7,85.7,6.0,1.5,0.0,33.6
LONG:vwap_reclaim+delta_surge+above_vwap_v|nk0.8|vm1.2|mid_1030_1300,7,0.12,6,1,0,85.7,85.7,6.0,1.5,0.0,33.6
LONG:vwap_reclaim+delta_surge+cvd_up|nk0.0|vm0.8|mid_1030_1300,7,0.12,6,1,0,85.7,85.7,6.0,1.5,0.0,33.6
LONG:vwap_reclaim+delta_surge+cvd_up|nk0.0|vm1.2|mid_1030_1300,7,0.12,6,1,0,85.7,85.7,6.0,1.5,0.0,33.6
LONG:vwap_reclaim+delta_surge+cvd_up|nk0.5|vm0.8|mid_1030_1300,7,0.12,6,1,0,85.7,85.7,6.0,1.5,0.0,33.6
LONG:vwap_reclaim+delta_surge+cvd_up|nk0.5|vm1.2|mid_1030_1300,7,0.12,6,1,0,85.7,85.7,6.0,1.5,0.0,33.6
LONG:vwap_reclaim+delta_surge+cvd_up|nk0.8|vm0.8|mid_1030_1300,7,0.12,6,1,0,85.7,85.7,6.0,1.5,0.0,33.6
LONG:vwap_reclaim+delta_surge+cvd_up|nk0.8|vm1.2|mid_1030_1300,7,0.12,6,1,0,85.7,85.7,6.0,1.5,0.0,33.6
LONG:vwap_reclaim+delta_surge+cvd_up_v|nk0.0|vm0.8|mid_1030_1300,7,0.12,6,1,0,85.7,85.7,6.0,1.5,0.0,33.6
LONG:vwap_reclaim+delta_surge+cvd_up_v|nk0.0|vm1.2|mid_1030_1300,7,0.12,6,1,0,85.7,85.7,6.0,1.5,0.0,33.6
LONG:vwap_reclaim+delta_surge+cvd_up_v|nk0.5|vm0.8|mid_1030_1300,7,0.12,6,1,0,85.7,85.7,6.0,1.5,0.0,33.6
LONG:vwap_reclaim+delta_surge+cvd_up_v|nk0.5|vm1.2|mid_1030_1300,7,0.12,6,1,0,85.7,85.7,6.0,1.5,0.0,33.6
LONG:vwap_reclaim+delta_surge+cvd_up_v|nk0.8|vm0.8|mid_1030_1300,7,0.12,6,1,0,85.7,85.7,6.0,1.5,0.0,33.6
LONG:vwap_reclaim+delta_surge+cvd_up_v|nk0.8|vm1.2|mid_1030_1300,7,0.12,6,1,0,85.7,85.7,6.0,1.5,0.0,33.6
LONG:vwap_reclaim+strong_close+rvol_thrust_up|nk0.0|vm0.8|mid_1030_1300,7,0.12,6,1,0,85.7,85.7,6.0,1.5,0.0,33.6
LONG:vwap_reclaim+strong_close+rvol_thrust_up|nk0.0|vm1.2|mid_1030_1300,7,0.12,6,1,0,85.7,85.7,6.0,1.5,0.0,33.6
LONG:vwap_reclaim+strong_close+rvol_thrust_up|nk0.5|vm0.8|mid_1030_1300,7,0.12,6,1,0,85.7,85.7,6.0,1.5,0.0,33.6
LONG:vwap_reclaim+strong_close+rvol_thrust_up|nk0.5|vm1.2|mid_1030_1300,7,0.12,6,1,0,85.7,85.7,6.0,1.5,0.0,33.6
LONG:vwap_reclaim+strong_close+rvol_thrust_up|nk0.8|vm0.8|mid_1030_1300,7,0.12,6,1,0,85.7,85.7,6.0,1.5,0.0,33.6
LONG:vwap_reclaim+strong_close+rvol_thrust_up|nk0.8|vm1.2|mid_1030_1300,7,0.12,6,1,0,85.7,85.7,6.0,1.5,0.0,33.6
LONG:vwap_reclaim+strong_close+above_vwap_v|nk0.0|vm0.8|mid_1030_1300,7,0.12,6,1,0,85.7,85.7,6.0,1.5,0.0,33.6
LONG:vwap_reclaim+strong_close+above_vwap_v|nk0.0|vm1.2|mid_1030_1300,7,0.12,6,1,0,85.7,85.7,6.0,1.5,0.0,33.6
LONG:vwap_reclaim+strong_close+above_vwap_v|nk0.5|vm0.8|mid_1030_1300,7,0.12,6,1,0,85.7,85.7,6.0,1.5,0.0,33.6
LONG:vwap_reclaim+strong_close+above_vwap_v|nk0.5|vm1.2|mid_1030_1300,7,0.12,6,1,0,85.7,85.7,6.0,1.5,0.0,33.6
LONG:vwap_reclaim+strong_close+above_vwap_v|nk0.8|vm0.8|mid_1030_1300,7,0.12,6,1,0,85.7,85.7,6.0,1.5,0.0,33.6
LONG:vwap_reclaim+strong_close+above_vwap_v|nk0.8|vm1.2|mid_1030_1300,7,0.12,6,1,0,85.7,85.7,6.0,1.5,0.0,33.6
LONG:vwap_reclaim+vwap_reclaim_v+rvol_thrust_up|nk0.0|vm0.8|mid_1030_1300,7,0.12,6,1,0,85.7,85.7,6.0,1.5,0.0,33.6
LONG:vwap_reclaim+vwap_reclaim_v+rvol_thrust_up|nk0.0|vm1.2|mid_1030_1300,7,0.12,6,1,0,85.7,85.7,6.0,1.5,0.0,33.6
LONG:vwap_reclaim+vwap_reclaim_v+rvol_thrust_up|nk0.5|vm0.8|mid_1030_1300,7,0.12,6,1,0,85.7,85.7,6.0,1.5,0.0,33.6
LONG:vwap_reclaim+vwap_reclaim_v+rvol_thrust_up|nk0.5|vm1.2|mid_1030_1300,7,0.12,6,1,0,85.7,85.7,6.0,1.5,0.0,33.6
LONG:vwap_reclaim+vwap_reclaim_v+rvol_thrust_up|nk0.8|vm0.8|mid_1030_1300,7,0.12,6,1,0,85.7,85.7,6.0,1.5,0.0,33.6
LONG:vwap_reclaim+vwap_reclaim_v+rvol_thrust_up|nk0.8|vm1.2|mid_1030_1300,7,0.12,6,1,0,85.7,85.7,6.0,1.5,0.0,33.6
LONG:vwap_reclaim+vwap_reclaim_v+above_vwap_v|nk0.0|vm0.8|mid_1030_1300,7,0.12,6,1,0,85.7,85.7,6.0,1.5,0.0,33.6
LONG:vwap_reclaim+vwap_reclaim_v+above_vwap_v|nk0.0|vm1.2|mid_1030_1300,7,0.12,6,1,0,85.7,85.7,6.0,1.5,0.0,33.6
LONG:vwap_reclaim+vwap_reclaim_v+above_vwap_v|nk0.5|vm0.8|mid_1030_1300,7,0.12,6,1,0,85.7,85.7,6.0,1.5,0.0,33.6
LONG:vwap_reclaim+vwap_reclaim_v+above_vwap_v|nk0.5|vm1.2|mid_1030_1300,7,0.12,6,1,0,85.7,85.7,6.0,1.5,0.0,33.6
LONG:vwap_reclaim+vwap_reclaim_v+above_vwap_v|nk0.8|vm0.8|mid_1030_1300,7,0.12,6,1,0,85.7,85.7,6.0,1.5,0.0,33.6
LONG:vwap_reclaim+vwap_reclaim_v+above_vwap_v|nk0.8|vm1.2|mid_1030_1300,7,0.12,6,1,0,85.7,85.7,6.0,1.5,0.0,33.6
LONG:vwap_reclaim+rvol_thrust_up+above_vwap_v|nk0.0|vm0.8|mid_1030_1300,7,0.12,6,1,0,85.7,85.7,6.0,1.5,0.0,33.6
LONG:vwap_reclaim+rvol_thrust_up+above_vwap_v|nk0.0|vm1.2|mid_1030_1300,7,0.12,6,1,0,85.7,85.7,6.0,1.5,0.0,33.6
LONG:vwap_reclaim+rvol_thrust_up+above_vwap_v|nk0.5|vm0.8|mid_1030_1300,7,0.12,6,1,0,85.7,85.7,6.0,1.5,0.0,33.6
LONG:vwap_reclaim+rvol_thrust_up+above_vwap_v|nk0.5|vm1.2|mid_1030_1300,7,0.12,6,1,0,85.7,85.7,6.0,1.5,0.0,33.6
LONG:vwap_reclaim+rvol_thrust_up+above_vwap_v|nk0.8|vm0.8|mid_1030_1300,7,0.12,6,1,0,85.7,85.7,6.0,1.5,0.0,33.6
LONG:vwap_reclaim+rvol_thrust_up+above_vwap_v|nk0.8|vm1.2|mid_1030_1300,7,0.12,6,1,0,85.7,85.7,6.0,1.5,0.0,33.6
LONG:vwap_reclaim+rvol_thrust_up+cvd_up|nk0.0|vm0.8|mid_1030_1300,7,0.12,6,1,0,85.7,85.7,6.0,1.5,0.0,33.6
LONG:vwap_reclaim+rvol_thrust_up+cvd_up|nk0.0|vm1.2|mid_1030_1300,7,0.12,6,1,0,85.7,85.7,6.0,1.5,0.0,33.6
LONG:vwap_reclaim+rvol_thrust_up+cvd_up|nk0.5|vm0.8|mid_1030_1300,7,0.12,6,1,0,85.7,85.7,6.0,1.5,0.0,33.6
LONG:vwap_reclaim+rvol_thrust_up+cvd_up|nk0.5|vm1.2|mid_1030_1300,7,0.12,6,1,0,85.7,85.7,6.0,1.5,0.0,33.6
LONG:vwap_reclaim+rvol_thrust_up+cvd_up|nk0.8|vm0.8|mid_1030_1300,7,0.12,6,1,0,85.7,85.7,6.0,1.5,0.0,33.6
LONG:vwap_reclaim+rvol_thrust_up+cvd_up|nk0.8|vm1.2|mid_1030_1300,7,0.12,6,1,0,85.7,85.7,6.0,1.5,0.0,33.6
LONG:vwap_reclaim+rvol_thrust_up+cvd_up_v|nk0.0|vm0.8|mid_1030_1300,7,0.12,6,1,0,85.7,85.7,6.0,1.5,0.0,33.6
LONG:vwap_reclaim+rvol_thrust_up+cvd_up_v|nk0.0|vm1.2|mid_1030_1300,7,0.12,6,1,0,85.7,85.7,6.0,1.5,0.0,33.6
LONG:vwap_reclaim+rvol_thrust_up+cvd_up_v|nk0.5|vm0.8|mid_1030_1300,7,0.12,6,1,0,85.7,85.7,6.0,1.5,0.0,33.6
LONG:vwap_reclaim+rvol_thrust_up+cvd_up_v|nk0.5|vm1.2|mid_1030_1300,7,0.12,6,1,0,85.7,85.7,6.0,1.5,0.0,33.6
LONG:vwap_reclaim+rvol_thrust_up+cvd_up_v|nk0.8|vm0.8|mid_1030_1300,7,0.12,6,1,0,85.7,85.7,6.0,1.5,0.0,33.6
LONG:vwap_reclaim+rvol_thrust_up+cvd_up_v|nk0.8|vm1.2|mid_1030_1300,7,0.12,6,1,0,85.7,85.7,6.0,1.5,0.0,33.6
LONG:vwap_reclaim+above_vwap_v+cvd_up|nk0.0|vm0.8|mid_1030_1300,7,0.12,6,1,0,85.7,85.7,6.0,1.5,0.0,33.6
LONG:vwap_reclaim+above_vwap_v+cvd_up|nk0.0|vm1.2|mid_1030_1300,7,0.12,6,1,0,85.7,85.7,6.0,1.5,0.0,33.6
LONG:vwap_reclaim+above_vwap_v+cvd_up|nk0.5|vm0.8|mid_1030_1300,7,0.12,6,1,0,85.7,85.7,6.0,1.5,0.0,33.6
LONG:vwap_reclaim+above_vwap_v+cvd_up|nk0.5|vm1.2|mid_1030_1300,7,0.12,6,1,0,85.7,85.7,6.0,1.5,0.0,33.6
LONG:vwap_reclaim+above_vwap_v+cvd_up|nk0.8|vm0.8|mid_1030_1300,7,0.12,6,1,0,85.7,85.7,6.0,1.5,0.0,33.6
LONG:vwap_reclaim+above_vwap_v+cvd_up|nk0.8|vm1.2|mid_1030_1300,7,0.12,6,1,0,85.7,85.7,6.0,1.5,0.0,33.6
LONG:vwap_reclaim+above_vwap_v+cvd_up_v|nk0.0|vm0.8|mid_1030_1300,7,0.12,6,1,0,85.7,85.7,6.0,1.5,0.0,33.6
LONG:vwap_reclaim+above_vwap_v+cvd_up_v|nk0.0|vm1.2|mid_1030_1300,7,0.12,6,1,0,85.7,85.7,6.0,1.5,0.0,33.6
LONG:vwap_reclaim+above_vwap_v+cvd_up_v|nk0.5|vm0.8|mid_1030_1300,7,0.12,6,1,0,85.7,85.7,6.0,1.5,0.0,33.6
LONG:vwap_reclaim+above_vwap_v+cvd_up_v|nk0.5|vm1.2|mid_1030_1300,7,0.12,6,1,0,85.7,85.7,6.0,1.5,0.0,33.6
LONG:vwap_reclaim+above_vwap_v+cvd_up_v|nk0.8|vm0.8|mid_1030_1300,7,0.12,6,1,0,85.7,85.7,6.0,1.5,0.0,33.6
LONG:vwap_reclaim+above_vwap_v+cvd_up_v|nk0.8|vm1.2|mid_1030_1300,7,0.12,6,1,0,85.7,85.7,6.0,1.5,0.0,33.6
LONG:above_vwap+adi_up+s1_bounce|nk0.0|vm1.2|full_0845_1400,7,0.12,6,1,0,85.7,85.7,6.0,1.5,0.3,9.3
LONG:above_vwap+adi_up+s1_bounce|nk0.5|vm1.2|full_0845_1400,7,0.12,6,1,0,85.7,85.7,6.0,1.5,0.3,9.3
LONG:above_vwap+delta_surge+vwap_reclaim_v|nk0.0|vm0.8|mid_1030_1300,7,0.12,6,1,0,85.7,85.7,6.0,1.5,0.0,33.6
LONG:above_vwap+delta_surge+vwap_reclaim_v|nk0.0|vm1.2|mid_1030_1300,7,0.12,6,1,0,85.7,85.7,6.0,1.5,0.0,33.6
LONG:above_vwap+delta_surge+vwap_reclaim_v|nk0.5|vm0.8|mid_1030_1300,7,0.12,6,1,0,85.7,85.7,6.0,1.5,0.0,33.6
LONG:above_vwap+delta_surge+vwap_reclaim_v|nk0.5|vm1.2|mid_1030_1300,7,0.12,6,1,0,85.7,85.7,6.0,1.5,0.0,33.6
LONG:above_vwap+delta_surge+vwap_reclaim_v|nk0.8|vm0.8|mid_1030_1300,7,0.12,6,1,0,85.7,85.7,6.0,1.5,0.0,33.6
LONG:above_vwap+delta_surge+vwap_reclaim_v|nk0.8|vm1.2|mid_1030_1300,7,0.12,6,1,0,85.7,85.7,6.0,1.5,0.0,33.6
LONG:above_vwap+delta_surge+rsi_thrust_up|nk0.0|vm0.8|mid_1030_1300,7,0.12,6,1,0,85.7,85.7,6.0,1.5,0.3,27.9
LONG:above_vwap+delta_surge+rsi_thrust_up|nk0.0|vm1.2|mid_1030_1300,7,0.12,6,1,0,85.7,85.7,6.0,1.5,0.3,27.9
LONG:above_vwap+delta_surge+rsi_thrust_up|nk0.5|vm0.8|mid_1030_1300,7,0.12,6,1,0,85.7,85.7,6.0,1.5,0.3,27.9
LONG:above_vwap+delta_surge+rsi_thrust_up|nk0.5|vm1.2|mid_1030_1300,7,0.12,6,1,0,85.7,85.7,6.0,1.5,0.3,27.9
LONG:above_vwap+delta_surge+rsi_thrust_up|nk0.8|vm0.8|mid_1030_1300,7,0.12,6,1,0,85.7,85.7,6.0,1.5,0.3,27.9
LONG:above_vwap+delta_surge+rsi_thrust_up|nk0.8|vm1.2|mid_1030_1300,7,0.12,6,1,0,85.7,85.7,6.0,1.5,0.3,27.9
LONG:above_vwap+s1_bounce+strong_close|nk0.0|vm1.2|full_0845_1400,7,0.12,6,1,0,85.7,85.7,6.0,1.5,0.3,8.6
LONG:above_vwap+s1_bounce+strong_close|nk0.5|vm1.2|full_0845_1400,7,0.12,6,1,0,85.7,85.7,6.0,1.5,0.3,8.6
LONG:above_vwap+s1_bounce+cvd_up|nk0.0|vm1.2|full_0845_1400,7,0.12,6,1,0,85.7,85.7,6.0,1.5,0.3,9.3
LONG:above_vwap+s1_bounce+cvd_up|nk0.5|vm1.2|full_0845_1400,7,0.12,6,1,0,85.7,85.7,6.0,1.5,0.3,9.3
LONG:above_vwap+ylow_reclaim+strong_close|nk0.0|vm1.2|am_0845_1130,7,0.12,6,1,0,85.7,85.7,6.0,1.5,0.3,9.3
LONG:above_vwap+ylow_reclaim+strong_close|nk0.5|vm1.2|am_0845_1130,7,0.12,6,1,0,85.7,85.7,6.0,1.5,0.3,9.3
LONG:above_vwap+ylow_reclaim+strong_close|nk0.8|vm1.2|am_0845_1130,7,0.12,6,1,0,85.7,85.7,6.0,1.5,0.3,9.3
LONG:above_vwap+yhigh_break+above_pivot|nk0.0|vm0.8|mid_1030_1300,7,0.12,6,1,0,85.7,85.7,6.0,1.5,0.3,20.7
LONG:above_vwap+yhigh_break+above_pivot|nk0.0|vm0.8|pm_1130_1400,7,0.12,6,1,0,85.7,85.7,6.0,1.5,0.3,20.0
LONG:above_vwap+yhigh_break+above_pivot|nk0.5|vm0.8|mid_1030_1300,7,0.12,6,1,0,85.7,85.7,6.0,1.5,0.3,20.7
LONG:above_vwap+yhigh_break+above_pivot|nk0.5|vm0.8|pm_1130_1400,7,0.12,6,1,0,85.7,85.7,6.0,1.5,0.3,20.0
LONG:above_vwap+yhigh_break+strong_close|nk0.0|vm0.8|pm_1130_1400,7,0.12,6,1,0,85.7,85.7,6.0,1.5,0.3,20.0
LONG:above_vwap+yhigh_break+strong_close|nk0.5|vm0.8|pm_1130_1400,7,0.12,6,1,0,85.7,85.7,6.0,1.5,0.3,20.0
LONG:above_vwap+above_pivot+macd_x_up_neg|nk0.8|vm0.8|am_0845_1130,7,0.12,6,1,0,85.7,85.7,6.0,1.5,0.3,9.3
LONG:above_vwap+vwap_reclaim_v+rvol_thrust_up|nk0.0|vm0.8|mid_1030_1300,7,0.12,6,1,0,85.7,85.7,6.0,1.5,0.0,33.6
LONG:above_vwap+vwap_reclaim_v+rvol_thrust_up|nk0.0|vm1.2|mid_1030_1300,7,0.12,6,1,0,85.7,85.7,6.0,1.5,0.0,33.6
LONG:above_vwap+vwap_reclaim_v+rvol_thrust_up|nk0.5|vm0.8|mid_1030_1300,7,0.12,6,1,0,85.7,85.7,6.0,1.5,0.0,33.6
LONG:above_vwap+vwap_reclaim_v+rvol_thrust_up|nk0.5|vm1.2|mid_1030_1300,7,0.12,6,1,0,85.7,85.7,6.0,1.5,0.0,33.6
LONG:above_vwap+vwap_reclaim_v+rvol_thrust_up|nk0.8|vm0.8|mid_1030_1300,7,0.12,6,1,0,85.7,85.7,6.0,1.5,0.0,33.6
LONG:above_vwap+vwap_reclaim_v+rvol_thrust_up|nk0.8|vm1.2|mid_1030_1300,7,0.12,6,1,0,85.7,85.7,6.0,1.5,0.0,33.6
LONG:above_vwap+vwap_reclaim_v+above_vwap_v|nk0.0|vm0.8|mid_1030_1300,7,0.12,6,1,0,85.7,85.7,6.0,1.5,0.0,33.6
LONG:above_vwap+vwap_reclaim_v+above_vwap_v|nk0.0|vm1.2|mid_1030_1300,7,0.12,6,1,0,85.7,85.7,6.0,1.5,0.0,33.6
LONG:above_vwap+vwap_reclaim_v+above_vwap_v|nk0.5|vm0.8|mid_1030_1300,7,0.12,6,1,0,85.7,85.7,6.0,1.5,0.0,33.6
LONG:above_vwap+vwap_reclaim_v+above_vwap_v|nk0.5|vm1.2|mid_1030_1300,7,0.12,6,1,0,85.7,85.7,6.0,1.5,0.0,33.6
LONG:above_vwap+vwap_reclaim_v+above_vwap_v|nk0.8|vm0.8|mid_1030_1300,7,0.12,6,1,0,85.7,85.7,6.0,1.5,0.0,33.6
LONG:above_vwap+vwap_reclaim_v+above_vwap_v|nk0.8|vm1.2|mid_1030_1300,7,0.12,6,1,0,85.7,85.7,6.0,1.5,0.0,33.6
LONG:above_vwap+rvol_thrust_up+rsi_thrust_up|nk0.0|vm0.8|mid_1030_1300,7,0.12,6,1,0,85.7,85.7,6.0,1.5,0.3,27.9
LONG:above_vwap+rvol_thrust_up+rsi_thrust_up|nk0.0|vm1.2|mid_1030_1300,7,0.12,6,1,0,85.7,85.7,6.0,1.5,0.3,27.9
LONG:above_vwap+rvol_thrust_up+rsi_thrust_up|nk0.5|vm0.8|mid_1030_1300,7,0.12,6,1,0,85.7,85.7,6.0,1.5,0.3,27.9
LONG:above_vwap+rvol_thrust_up+rsi_thrust_up|nk0.5|vm1.2|mid_1030_1300,7,0.12,6,1,0,85.7,85.7,6.0,1.5,0.3,27.9
LONG:above_vwap+rvol_thrust_up+rsi_thrust_up|nk0.8|vm0.8|mid_1030_1300,7,0.12,6,1,0,85.7,85.7,6.0,1.5,0.3,27.9
LONG:above_vwap+rvol_thrust_up+rsi_thrust_up|nk0.8|vm1.2|mid_1030_1300,7,0.12,6,1,0,85.7,85.7,6.0,1.5,0.3,27.9
LONG:above_vwap+above_vwap_v+rsi_thrust_up|nk0.0|vm0.8|mid_1030_1300,7,0.12,6,1,0,85.7,85.7,6.0,1.5,0.3,27.9
LONG:above_vwap+above_vwap_v+rsi_thrust_up|nk0.0|vm1.2|mid_1030_1300,7,0.12,6,1,0,85.7,85.7,6.0,1.5,0.3,27.9
LONG:above_vwap+above_vwap_v+rsi_thrust_up|nk0.5|vm0.8|mid_1030_1300,7,0.12,6,1,0,85.7,85.7,6.0,1.5,0.3,27.9
LONG:above_vwap+above_vwap_v+rsi_thrust_up|nk0.5|vm1.2|mid_1030_1300,7,0.12,6,1,0,85.7,85.7,6.0,1.5,0.3,27.9
LONG:above_vwap+above_vwap_v+rsi_thrust_up|nk0.8|vm0.8|mid_1030_1300,7,0.12,6,1,0,85.7,85.7,6.0,1.5,0.3,27.9
LONG:above_vwap+above_vwap_v+rsi_thrust_up|nk0.8|vm1.2|mid_1030_1300,7,0.12,6,1,0,85.7,85.7,6.0,1.5,0.3,27.9
LONG:adi_up+delta_surge+s1_bounce|nk0.8|vm0.8|full_0845_1400,7,0.12,6,1,0,85.7,85.7,6.0,1.5,0.0,8.6
LONG:adi_up+delta_surge+s1_bounce|nk0.8|vm1.2|full_0845_1400,7,0.12,6,1,0,85.7,85.7,6.0,1.5,0.0,8.6
LONG:adi_up+delta_surge+vwap_reclaim_v|nk0.0|vm0.8|mid_1030_1300,7,0.12,6,1,0,85.7,85.7,6.0,1.5,0.0,33.6
LONG:adi_up+delta_surge+vwap_reclaim_v|nk0.0|vm1.2|mid_1030_1300,7,0.12,6,1,0,85.7,85.7,6.0,1.5,0.0,33.6
LONG:adi_up+delta_surge+vwap_reclaim_v|nk0.5|vm0.8|mid_1030_1300,7,0.12,6,1,0,85.7,85.7,6.0,1.5,0.0,33.6
LONG:adi_up+delta_surge+vwap_reclaim_v|nk0.5|vm1.2|mid_1030_1300,7,0.12,6,1,0,85.7,85.7,6.0,1.5,0.0,33.6
LONG:adi_up+delta_surge+vwap_reclaim_v|nk0.8|vm0.8|mid_1030_1300,7,0.12,6,1,0,85.7,85.7,6.0,1.5,0.0,33.6
LONG:adi_up+delta_surge+vwap_reclaim_v|nk0.8|vm1.2|mid_1030_1300,7,0.12,6,1,0,85.7,85.7,6.0,1.5,0.0,33.6
LONG:adi_up+s1_bounce+strong_close|nk0.8|vm0.8|mid_1030_1300,7,0.12,6,1,0,85.7,85.7,6.0,1.5,0.3,18.6
LONG:adi_up+s1_bounce+cvd_up|nk0.0|vm1.2|full_0845_1400,7,0.12,6,1,0,85.7,85.7,6.0,1.5,0.3,9.3
LONG:adi_up+s1_bounce+cvd_up|nk0.5|vm1.2|full_0845_1400,7,0.12,6,1,0,85.7,85.7,6.0,1.5,0.3,9.3
LONG:adi_up+ylow_reclaim+strong_close|nk0.0|vm1.2|am_0845_1130,7,0.12,6,1,0,85.7,85.7,6.0,1.5,0.3,8.6
LONG:adi_up+ylow_reclaim+strong_close|nk0.0|vm1.2|pm_1130_1400,7,0.12,6,1,0,85.7,85.7,6.0,1.5,0.0,7.1
LONG:adi_up+ylow_reclaim+strong_close|nk0.5|vm1.2|am_0845_1130,7,0.12,6,1,0,85.7,85.7,6.0,1.5,0.3,8.6
LONG:adi_up+ylow_reclaim+strong_close|nk0.5|vm1.2|pm_1130_1400,7,0.12,6,1,0,85.7,85.7,6.0,1.5,0.0,7.1
LONG:adi_up+ylow_reclaim+strong_close|nk0.8|vm1.2|am_0845_1130,7,0.12,6,1,0,85.7,85.7,6.0,1.5,0.3,8.6
LONG:adi_up+ylow_reclaim+strong_close|nk0.8|vm1.2|pm_1130_1400,7,0.12,6,1,0,85.7,85.7,6.0,1.5,0.0,7.1
LONG:adi_up+above_pivot+macd_x_up_neg|nk0.0|vm1.2|full_0845_1400,7,0.12,6,0,1,85.7,100.0,inf,1.9,0.0,9.3
LONG:adi_up+above_pivot+macd_x_up_neg|nk0.5|vm1.2|full_0845_1400,7,0.12,6,0,1,85.7,100.0,inf,1.9,0.0,9.3
LONG:adi_up+above_pivot+macd_x_up_neg|nk0.8|vm1.2|full_0845_1400,7,0.12,6,0,1,85.7,100.0,inf,1.9,0.0,9.3
LONG:adi_up+macd_x_up_neg+mom_ignite_up|nk0.0|vm0.8|full_0845_1400,7,0.12,6,1,0,85.7,85.7,6.0,1.5,0.3,19.3
LONG:adi_up+macd_x_up_neg+mom_ignite_up|nk0.5|vm0.8|full_0845_1400,7,0.12,6,1,0,85.7,85.7,6.0,1.5,0.3,19.3
LONG:adi_up+vwap_reclaim_v+rvol_thrust_up|nk0.0|vm0.8|mid_1030_1300,7,0.12,6,1,0,85.7,85.7,6.0,1.5,0.0,33.6
LONG:adi_up+vwap_reclaim_v+rvol_thrust_up|nk0.0|vm1.2|mid_1030_1300,7,0.12,6,1,0,85.7,85.7,6.0,1.5,0.0,33.6
LONG:adi_up+vwap_reclaim_v+rvol_thrust_up|nk0.5|vm0.8|mid_1030_1300,7,0.12,6,1,0,85.7,85.7,6.0,1.5,0.0,33.6
LONG:adi_up+vwap_reclaim_v+rvol_thrust_up|nk0.5|vm1.2|mid_1030_1300,7,0.12,6,1,0,85.7,85.7,6.0,1.5,0.0,33.6
LONG:adi_up+vwap_reclaim_v+rvol_thrust_up|nk0.8|vm0.8|mid_1030_1300,7,0.12,6,1,0,85.7,85.7,6.0,1.5,0.0,33.6
LONG:adi_up+vwap_reclaim_v+rvol_thrust_up|nk0.8|vm1.2|mid_1030_1300,7,0.12,6,1,0,85.7,85.7,6.0,1.5,0.0,33.6
LONG:adi_up+vwap_reclaim_v+above_vwap_v|nk0.0|vm0.8|mid_1030_1300,7,0.12,6,1,0,85.7,85.7,6.0,1.5,0.0,33.6
LONG:adi_up+vwap_reclaim_v+above_vwap_v|nk0.0|vm1.2|mid_1030_1300,7,0.12,6,1,0,85.7,85.7,6.0,1.5,0.0,33.6
LONG:adi_up+vwap_reclaim_v+above_vwap_v|nk0.5|vm0.8|mid_1030_1300,7,0.12,6,1,0,85.7,85.7,6.0,1.5,0.0,33.6
LONG:adi_up+vwap_reclaim_v+above_vwap_v|nk0.5|vm1.2|mid_1030_1300,7,0.12,6,1,0,85.7,85.7,6.0,1.5,0.0,33.6
LONG:adi_up+vwap_reclaim_v+above_vwap_v|nk0.8|vm0.8|mid_1030_1300,7,0.12,6,1,0,85.7,85.7,6.0,1.5,0.0,33.6
LONG:adi_up+vwap_reclaim_v+above_vwap_v|nk0.8|vm1.2|mid_1030_1300,7,0.12,6,1,0,85.7,85.7,6.0,1.5,0.0,33.6
LONG:adi_up+rvol_thrust_up+rsi_thrust_up|nk0.0|vm0.8|mid_1030_1300,7,0.12,6,1,0,85.7,85.7,6.0,1.5,0.3,27.9
LONG:adi_up+rvol_thrust_up+rsi_thrust_up|nk0.0|vm1.2|mid_1030_1300,7,0.12,6,1,0,85.7,85.7,6.0,1.5,0.3,27.9
LONG:adi_up+rvol_thrust_up+rsi_thrust_up|nk0.5|vm0.8|mid_1030_1300,7,0.12,6,1,0,85.7,85.7,6.0,1.5,0.3,27.9
LONG:adi_up+rvol_thrust_up+rsi_thrust_up|nk0.5|vm1.2|mid_1030_1300,7,0.12,6,1,0,85.7,85.7,6.0,1.5,0.3,27.9
LONG:adi_up+rvol_thrust_up+rsi_thrust_up|nk0.8|vm0.8|mid_1030_1300,7,0.12,6,1,0,85.7,85.7,6.0,1.5,0.3,27.9
LONG:adi_up+rvol_thrust_up+rsi_thrust_up|nk0.8|vm1.2|mid_1030_1300,7,0.12,6,1,0,85.7,85.7,6.0,1.5,0.3,27.9
LONG:adi_up+above_vwap_v+rsi_thrust_up|nk0.0|vm0.8|mid_1030_1300,7,0.12,6,1,0,85.7,85.7,6.0,1.5,0.3,27.9
LONG:adi_up+above_vwap_v+rsi_thrust_up|nk0.0|vm1.2|mid_1030_1300,7,0.12,6,1,0,85.7,85.7,6.0,1.5,0.3,27.9
LONG:adi_up+above_vwap_v+rsi_thrust_up|nk0.5|vm0.8|mid_1030_1300,7,0.12,6,1,0,85.7,85.7,6.0,1.5,0.3,27.9
LONG:adi_up+above_vwap_v+rsi_thrust_up|nk0.5|vm1.2|mid_1030_1300,7,0.12,6,1,0,85.7,85.7,6.0,1.5,0.3,27.9
LONG:adi_up+above_vwap_v+rsi_thrust_up|nk0.8|vm0.8|mid_1030_1300,7,0.12,6,1,0,85.7,85.7,6.0,1.5,0.3,27.9
LONG:adi_up+above_vwap_v+rsi_thrust_up|nk0.8|vm1.2|mid_1030_1300,7,0.12,6,1,0,85.7,85.7,6.0,1.5,0.3,27.9
LONG:delta_surge+macd_x_up_neg+cvd_up|nk0.8|vm0.8|full_0845_1400,7,0.12,6,1,0,85.7,85.7,6.0,1.5,0.0,5.7
LONG:delta_surge+macd_x_up_neg+cvd_up|nk0.8|vm0.8|am_0845_1130,7,0.12,6,1,0,85.7,85.7,6.0,1.5,0.0,5.7
LONG:delta_surge+macd_x_up_neg+cvd_up|nk0.8|vm1.2|full_0845_1400,7,0.12,6,1,0,85.7,85.7,6.0,1.5,0.0,5.7
LONG:delta_surge+macd_x_up_neg+cvd_up|nk0.8|vm1.2|am_0845_1130,7,0.12,6,1,0,85.7,85.7,6.0,1.5,0.0,5.7
LONG:delta_surge+strong_close+vwap_reclaim_v|nk0.0|vm0.8|mid_1030_1300,7,0.12,6,1,0,85.7,85.7,6.0,1.5,0.0,33.6
LONG:delta_surge+strong_close+vwap_reclaim_v|nk0.0|vm1.2|mid_1030_1300,7,0.12,6,1,0,85.7,85.7,6.0,1.5,0.0,33.6
LONG:delta_surge+strong_close+vwap_reclaim_v|nk0.5|vm0.8|mid_1030_1300,7,0.12,6,1,0,85.7,85.7,6.0,1.5,0.0,33.6
LONG:delta_surge+strong_close+vwap_reclaim_v|nk0.5|vm1.2|mid_1030_1300,7,0.12,6,1,0,85.7,85.7,6.0,1.5,0.0,33.6
LONG:delta_surge+strong_close+vwap_reclaim_v|nk0.8|vm0.8|mid_1030_1300,7,0.12,6,1,0,85.7,85.7,6.0,1.5,0.0,33.6
LONG:delta_surge+strong_close+vwap_reclaim_v|nk0.8|vm1.2|mid_1030_1300,7,0.12,6,1,0,85.7,85.7,6.0,1.5,0.0,33.6
LONG:delta_surge+vwap_reclaim_v+rvol_thrust_up|nk0.0|vm0.8|mid_1030_1300,7,0.12,6,1,0,85.7,85.7,6.0,1.5,0.0,33.6
LONG:delta_surge+vwap_reclaim_v+rvol_thrust_up|nk0.0|vm1.2|mid_1030_1300,7,0.12,6,1,0,85.7,85.7,6.0,1.5,0.0,33.6
LONG:delta_surge+vwap_reclaim_v+rvol_thrust_up|nk0.5|vm0.8|mid_1030_1300,7,0.12,6,1,0,85.7,85.7,6.0,1.5,0.0,33.6
LONG:delta_surge+vwap_reclaim_v+rvol_thrust_up|nk0.5|vm1.2|mid_1030_1300,7,0.12,6,1,0,85.7,85.7,6.0,1.5,0.0,33.6
LONG:delta_surge+vwap_reclaim_v+rvol_thrust_up|nk0.8|vm0.8|mid_1030_1300,7,0.12,6,1,0,85.7,85.7,6.0,1.5,0.0,33.6
LONG:delta_surge+vwap_reclaim_v+rvol_thrust_up|nk0.8|vm1.2|mid_1030_1300,7,0.12,6,1,0,85.7,85.7,6.0,1.5,0.0,33.6
LONG:delta_surge+vwap_reclaim_v+above_vwap_v|nk0.0|vm0.8|mid_1030_1300,7,0.12,6,1,0,85.7,85.7,6.0,1.5,0.0,33.6
LONG:delta_surge+vwap_reclaim_v+above_vwap_v|nk0.0|vm1.2|mid_1030_1300,7,0.12,6,1,0,85.7,85.7,6.0,1.5,0.0,33.6
LONG:delta_surge+vwap_reclaim_v+above_vwap_v|nk0.5|vm0.8|mid_1030_1300,7,0.12,6,1,0,85.7,85.7,6.0,1.5,0.0,33.6
LONG:delta_surge+vwap_reclaim_v+above_vwap_v|nk0.5|vm1.2|mid_1030_1300,7,0.12,6,1,0,85.7,85.7,6.0,1.5,0.0,33.6
LONG:delta_surge+vwap_reclaim_v+above_vwap_v|nk0.8|vm0.8|mid_1030_1300,7,0.12,6,1,0,85.7,85.7,6.0,1.5,0.0,33.6
LONG:delta_surge+vwap_reclaim_v+above_vwap_v|nk0.8|vm1.2|mid_1030_1300,7,0.12,6,1,0,85.7,85.7,6.0,1.5,0.0,33.6
LONG:delta_surge+vwap_reclaim_v+cvd_up|nk0.0|vm0.8|mid_1030_1300,7,0.12,6,1,0,85.7,85.7,6.0,1.5,0.0,33.6
LONG:delta_surge+vwap_reclaim_v+cvd_up|nk0.0|vm1.2|mid_1030_1300,7,0.12,6,1,0,85.7,85.7,6.0,1.5,0.0,33.6
LONG:delta_surge+vwap_reclaim_v+cvd_up|nk0.5|vm0.8|mid_1030_1300,7,0.12,6,1,0,85.7,85.7,6.0,1.5,0.0,33.6
LONG:delta_surge+vwap_reclaim_v+cvd_up|nk0.5|vm1.2|mid_1030_1300,7,0.12,6,1,0,85.7,85.7,6.0,1.5,0.0,33.6
LONG:delta_surge+vwap_reclaim_v+cvd_up|nk0.8|vm0.8|mid_1030_1300,7,0.12,6,1,0,85.7,85.7,6.0,1.5,0.0,33.6
LONG:delta_surge+vwap_reclaim_v+cvd_up|nk0.8|vm1.2|mid_1030_1300,7,0.12,6,1,0,85.7,85.7,6.0,1.5,0.0,33.6
LONG:delta_surge+vwap_reclaim_v+cvd_up_v|nk0.0|vm0.8|mid_1030_1300,7,0.12,6,1,0,85.7,85.7,6.0,1.5,0.0,33.6
LONG:delta_surge+vwap_reclaim_v+cvd_up_v|nk0.0|vm1.2|mid_1030_1300,7,0.12,6,1,0,85.7,85.7,6.0,1.5,0.0,33.6
LONG:delta_surge+vwap_reclaim_v+cvd_up_v|nk0.5|vm0.8|mid_1030_1300,7,0.12,6,1,0,85.7,85.7,6.0,1.5,0.0,33.6
LONG:delta_surge+vwap_reclaim_v+cvd_up_v|nk0.5|vm1.2|mid_1030_1300,7,0.12,6,1,0,85.7,85.7,6.0,1.5,0.0,33.6
LONG:delta_surge+vwap_reclaim_v+cvd_up_v|nk0.8|vm0.8|mid_1030_1300,7,0.12,6,1,0,85.7,85.7,6.0,1.5,0.0,33.6
LONG:delta_surge+vwap_reclaim_v+cvd_up_v|nk0.8|vm1.2|mid_1030_1300,7,0.12,6,1,0,85.7,85.7,6.0,1.5,0.0,33.6
LONG:delta_surge+rvol_thrust_up+rsi_thrust_up|nk0.0|vm0.8|mid_1030_1300,7,0.12,6,1,0,85.7,85.7,6.0,1.5,0.3,27.9
LONG:delta_surge+rvol_thrust_up+rsi_thrust_up|nk0.0|vm1.2|mid_1030_1300,7,0.12,6,1,0,85.7,85.7,6.0,1.5,0.3,27.9
LONG:delta_surge+rvol_thrust_up+rsi_thrust_up|nk0.5|vm0.8|mid_1030_1300,7,0.12,6,1,0,85.7,85.7,6.0,1.5,0.3,27.9
LONG:delta_surge+rvol_thrust_up+rsi_thrust_up|nk0.5|vm1.2|mid_1030_1300,7,0.12,6,1,0,85.7,85.7,6.0,1.5,0.3,27.9
LONG:delta_surge+rvol_thrust_up+rsi_thrust_up|nk0.8|vm0.8|mid_1030_1300,7,0.12,6,1,0,85.7,85.7,6.0,1.5,0.3,27.9
LONG:delta_surge+rvol_thrust_up+rsi_thrust_up|nk0.8|vm1.2|mid_1030_1300,7,0.12,6,1,0,85.7,85.7,6.0,1.5,0.3,27.9
LONG:delta_surge+above_vwap_v+rsi_thrust_up|nk0.0|vm0.8|mid_1030_1300,7,0.12,6,1,0,85.7,85.7,6.0,1.5,0.3,27.9
LONG:delta_surge+above_vwap_v+rsi_thrust_up|nk0.0|vm1.2|mid_1030_1300,7,0.12,6,1,0,85.7,85.7,6.0,1.5,0.3,27.9
LONG:delta_surge+above_vwap_v+rsi_thrust_up|nk0.5|vm0.8|mid_1030_1300,7,0.12,6,1,0,85.7,85.7,6.0,1.5,0.3,27.9
LONG:delta_surge+above_vwap_v+rsi_thrust_up|nk0.5|vm1.2|mid_1030_1300,7,0.12,6,1,0,85.7,85.7,6.0,1.5,0.3,27.9
LONG:delta_surge+above_vwap_v+rsi_thrust_up|nk0.8|vm0.8|mid_1030_1300,7,0.12,6,1,0,85.7,85.7,6.0,1.5,0.3,27.9
LONG:delta_surge+above_vwap_v+rsi_thrust_up|nk0.8|vm1.2|mid_1030_1300,7,0.12,6,1,0,85.7,85.7,6.0,1.5,0.3,27.9
LONG:delta_surge+cvd_up+rsi_thrust_up|nk0.0|vm0.8|mid_1030_1300,7,0.12,6,1,0,85.7,85.7,6.0,1.5,0.3,27.9
LONG:delta_surge+cvd_up+rsi_thrust_up|nk0.0|vm1.2|mid_1030_1300,7,0.12,6,1,0,85.7,85.7,6.0,1.5,0.3,27.9
LONG:delta_surge+cvd_up+rsi_thrust_up|nk0.5|vm0.8|mid_1030_1300,7,0.12,6,1,0,85.7,85.7,6.0,1.5,0.3,27.9
LONG:delta_surge+cvd_up+rsi_thrust_up|nk0.5|vm1.2|mid_1030_1300,7,0.12,6,1,0,85.7,85.7,6.0,1.5,0.3,27.9
LONG:delta_surge+cvd_up+rsi_thrust_up|nk0.8|vm0.8|mid_1030_1300,7,0.12,6,1,0,85.7,85.7,6.0,1.5,0.3,27.9
LONG:delta_surge+cvd_up+rsi_thrust_up|nk0.8|vm1.2|mid_1030_1300,7,0.12,6,1,0,85.7,85.7,6.0,1.5,0.3,27.9
LONG:delta_surge+cvd_up_v+rsi_thrust_up|nk0.0|vm0.8|mid_1030_1300,7,0.12,6,1,0,85.7,85.7,6.0,1.5,0.3,27.9
LONG:delta_surge+cvd_up_v+rsi_thrust_up|nk0.0|vm1.2|mid_1030_1300,7,0.12,6,1,0,85.7,85.7,6.0,1.5,0.3,27.9
LONG:delta_surge+cvd_up_v+rsi_thrust_up|nk0.5|vm0.8|mid_1030_1300,7,0.12,6,1,0,85.7,85.7,6.0,1.5,0.3,27.9
LONG:delta_surge+cvd_up_v+rsi_thrust_up|nk0.5|vm1.2|mid_1030_1300,7,0.12,6,1,0,85.7,85.7,6.0,1.5,0.3,27.9
LONG:delta_surge+cvd_up_v+rsi_thrust_up|nk0.8|vm0.8|mid_1030_1300,7,0.12,6,1,0,85.7,85.7,6.0,1.5,0.3,27.9
LONG:delta_surge+cvd_up_v+rsi_thrust_up|nk0.8|vm1.2|mid_1030_1300,7,0.12,6,1,0,85.7,85.7,6.0,1.5,0.3,27.9
LONG:above_pivot+macd_x_up+macd_x_up_neg|nk0.0|vm1.2|full_0845_1400,7,0.12,6,0,1,85.7,100.0,inf,1.9,0.0,9.3
LONG:above_pivot+macd_x_up+macd_x_up_neg|nk0.5|vm1.2|full_0845_1400,7,0.12,6,0,1,85.7,100.0,inf,1.9,0.0,9.3
LONG:above_pivot+macd_x_up+macd_x_up_neg|nk0.8|vm1.2|full_0845_1400,7,0.12,6,0,1,85.7,100.0,inf,1.9,0.0,9.3
LONG:above_pivot+macd_x_up_neg+strong_close|nk0.0|vm1.2|full_0845_1400,7,0.12,6,0,1,85.7,100.0,inf,1.9,0.0,9.3
LONG:above_pivot+macd_x_up_neg+strong_close|nk0.5|vm1.2|full_0845_1400,7,0.12,6,0,1,85.7,100.0,inf,1.9,0.0,9.3
LONG:above_pivot+macd_x_up_neg+strong_close|nk0.8|vm1.2|full_0845_1400,7,0.12,6,0,1,85.7,100.0,inf,1.9,0.0,9.3
LONG:above_pivot+macd_x_up_neg+cvd_up|nk0.8|vm0.8|full_0845_1400,7,0.12,6,1,0,85.7,85.7,6.0,1.5,0.3,15.0
LONG:macd_x_up+macd_x_up_neg+mom_ignite_up|nk0.5|vm0.8|full_0845_1400,7,0.12,6,1,0,85.7,85.7,6.0,1.5,0.3,19.3
LONG:hist_turn_up+orb_break_up+cvd_up|nk0.0|vm0.8|am_0845_1130,7,0.12,6,1,0,85.7,85.7,6.0,1.5,0.3,5.7
LONG:hist_turn_up+orb_break_up+cvd_up|nk0.5|vm0.8|am_0845_1130,7,0.12,6,1,0,85.7,85.7,6.0,1.5,0.3,5.7
LONG:strong_close+vwap_reclaim_v+rvol_thrust_up|nk0.0|vm0.8|mid_1030_1300,7,0.12,6,1,0,85.7,85.7,6.0,1.5,0.0,33.6
LONG:strong_close+vwap_reclaim_v+rvol_thrust_up|nk0.0|vm1.2|mid_1030_1300,7,0.12,6,1,0,85.7,85.7,6.0,1.5,0.0,33.6
LONG:strong_close+vwap_reclaim_v+rvol_thrust_up|nk0.5|vm0.8|mid_1030_1300,7,0.12,6,1,0,85.7,85.7,6.0,1.5,0.0,33.6
LONG:strong_close+vwap_reclaim_v+rvol_thrust_up|nk0.5|vm1.2|mid_1030_1300,7,0.12,6,1,0,85.7,85.7,6.0,1.5,0.0,33.6
LONG:strong_close+vwap_reclaim_v+rvol_thrust_up|nk0.8|vm0.8|mid_1030_1300,7,0.12,6,1,0,85.7,85.7,6.0,1.5,0.0,33.6
LONG:strong_close+vwap_reclaim_v+rvol_thrust_up|nk0.8|vm1.2|mid_1030_1300,7,0.12,6,1,0,85.7,85.7,6.0,1.5,0.0,33.6
LONG:strong_close+vwap_reclaim_v+above_vwap_v|nk0.0|vm0.8|mid_1030_1300,7,0.12,6,1,0,85.7,85.7,6.0,1.5,0.0,33.6
LONG:strong_close+vwap_reclaim_v+above_vwap_v|nk0.0|vm1.2|mid_1030_1300,7,0.12,6,1,0,85.7,85.7,6.0,1.5,0.0,33.6
LONG:strong_close+vwap_reclaim_v+above_vwap_v|nk0.5|vm0.8|mid_1030_1300,7,0.12,6,1,0,85.7,85.7,6.0,1.5,0.0,33.6
LONG:strong_close+vwap_reclaim_v+above_vwap_v|nk0.5|vm1.2|mid_1030_1300,7,0.12,6,1,0,85.7,85.7,6.0,1.5,0.0,33.6
LONG:strong_close+vwap_reclaim_v+above_vwap_v|nk0.8|vm0.8|mid_1030_1300,7,0.12,6,1,0,85.7,85.7,6.0,1.5,0.0,33.6
LONG:strong_close+vwap_reclaim_v+above_vwap_v|nk0.8|vm1.2|mid_1030_1300,7,0.12,6,1,0,85.7,85.7,6.0,1.5,0.0,33.6
LONG:strong_close+rvol_thrust_up+rsi_thrust_up|nk0.0|vm0.8|mid_1030_1300,7,0.12,6,1,0,85.7,85.7,6.0,1.5,0.3,27.9
LONG:strong_close+rvol_thrust_up+rsi_thrust_up|nk0.0|vm1.2|mid_1030_1300,7,0.12,6,1,0,85.7,85.7,6.0,1.5,0.3,27.9
LONG:strong_close+rvol_thrust_up+rsi_thrust_up|nk0.5|vm0.8|mid_1030_1300,7,0.12,6,1,0,85.7,85.7,6.0,1.5,0.3,27.9
LONG:strong_close+rvol_thrust_up+rsi_thrust_up|nk0.5|vm1.2|mid_1030_1300,7,0.12,6,1,0,85.7,85.7,6.0,1.5,0.3,27.9
LONG:strong_close+rvol_thrust_up+rsi_thrust_up|nk0.8|vm0.8|mid_1030_1300,7,0.12,6,1,0,85.7,85.7,6.0,1.5,0.3,27.9
LONG:strong_close+rvol_thrust_up+rsi_thrust_up|nk0.8|vm1.2|mid_1030_1300,7,0.12,6,1,0,85.7,85.7,6.0,1.5,0.3,27.9
LONG:strong_close+above_vwap_v+rsi_thrust_up|nk0.0|vm0.8|mid_1030_1300,7,0.12,6,1,0,85.7,85.7,6.0,1.5,0.3,27.9
LONG:strong_close+above_vwap_v+rsi_thrust_up|nk0.0|vm1.2|mid_1030_1300,7,0.12,6,1,0,85.7,85.7,6.0,1.5,0.3,27.9
LONG:strong_close+above_vwap_v+rsi_thrust_up|nk0.5|vm0.8|mid_1030_1300,7,0.12,6,1,0,85.7,85.7,6.0,1.5,0.3,27.9
LONG:strong_close+above_vwap_v+rsi_thrust_up|nk0.5|vm1.2|mid_1030_1300,7,0.12,6,1,0,85.7,85.7,6.0,1.5,0.3,27.9
LONG:strong_close+above_vwap_v+rsi_thrust_up|nk0.8|vm0.8|mid_1030_1300,7,0.12,6,1,0,85.7,85.7,6.0,1.5,0.3,27.9
LONG:strong_close+above_vwap_v+rsi_thrust_up|nk0.8|vm1.2|mid_1030_1300,7,0.12,6,1,0,85.7,85.7,6.0,1.5,0.3,27.9
LONG:vwap_reclaim_v+rvol_thrust_up+above_vwap_v|nk0.0|vm0.8|mid_1030_1300,7,0.12,6,1,0,85.7,85.7,6.0,1.5,0.0,33.6
LONG:vwap_reclaim_v+rvol_thrust_up+above_vwap_v|nk0.0|vm1.2|mid_1030_1300,7,0.12,6,1,0,85.7,85.7,6.0,1.5,0.0,33.6
LONG:vwap_reclaim_v+rvol_thrust_up+above_vwap_v|nk0.5|vm0.8|mid_1030_1300,7,0.12,6,1,0,85.7,85.7,6.0,1.5,0.0,33.6
LONG:vwap_reclaim_v+rvol_thrust_up+above_vwap_v|nk0.5|vm1.2|mid_1030_1300,7,0.12,6,1,0,85.7,85.7,6.0,1.5,0.0,33.6
LONG:vwap_reclaim_v+rvol_thrust_up+above_vwap_v|nk0.8|vm0.8|mid_1030_1300,7,0.12,6,1,0,85.7,85.7,6.0,1.5,0.0,33.6
LONG:vwap_reclaim_v+rvol_thrust_up+above_vwap_v|nk0.8|vm1.2|mid_1030_1300,7,0.12,6,1,0,85.7,85.7,6.0,1.5,0.0,33.6
LONG:vwap_reclaim_v+rvol_thrust_up+cvd_up|nk0.0|vm0.8|mid_1030_1300,7,0.12,6,1,0,85.7,85.7,6.0,1.5,0.0,33.6
LONG:vwap_reclaim_v+rvol_thrust_up+cvd_up|nk0.0|vm1.2|mid_1030_1300,7,0.12,6,1,0,85.7,85.7,6.0,1.5,0.0,33.6
LONG:vwap_reclaim_v+rvol_thrust_up+cvd_up|nk0.5|vm0.8|mid_1030_1300,7,0.12,6,1,0,85.7,85.7,6.0,1.5,0.0,33.6
LONG:vwap_reclaim_v+rvol_thrust_up+cvd_up|nk0.5|vm1.2|mid_1030_1300,7,0.12,6,1,0,85.7,85.7,6.0,1.5,0.0,33.6
LONG:vwap_reclaim_v+rvol_thrust_up+cvd_up|nk0.8|vm0.8|mid_1030_1300,7,0.12,6,1,0,85.7,85.7,6.0,1.5,0.0,33.6
LONG:vwap_reclaim_v+rvol_thrust_up+cvd_up|nk0.8|vm1.2|mid_1030_1300,7,0.12,6,1,0,85.7,85.7,6.0,1.5,0.0,33.6
LONG:vwap_reclaim_v+rvol_thrust_up+cvd_up_v|nk0.0|vm0.8|mid_1030_1300,7,0.12,6,1,0,85.7,85.7,6.0,1.5,0.0,33.6
LONG:vwap_reclaim_v+rvol_thrust_up+cvd_up_v|nk0.0|vm1.2|mid_1030_1300,7,0.12,6,1,0,85.7,85.7,6.0,1.5,0.0,33.6
LONG:vwap_reclaim_v+rvol_thrust_up+cvd_up_v|nk0.5|vm0.8|mid_1030_1300,7,0.12,6,1,0,85.7,85.7,6.0,1.5,0.0,33.6
LONG:vwap_reclaim_v+rvol_thrust_up+cvd_up_v|nk0.5|vm1.2|mid_1030_1300,7,0.12,6,1,0,85.7,85.7,6.0,1.5,0.0,33.6
LONG:vwap_reclaim_v+rvol_thrust_up+cvd_up_v|nk0.8|vm0.8|mid_1030_1300,7,0.12,6,1,0,85.7,85.7,6.0,1.5,0.0,33.6
LONG:vwap_reclaim_v+rvol_thrust_up+cvd_up_v|nk0.8|vm1.2|mid_1030_1300,7,0.12,6,1,0,85.7,85.7,6.0,1.5,0.0,33.6
LONG:vwap_reclaim_v+above_vwap_v+cvd_up|nk0.0|vm0.8|mid_1030_1300,7,0.12,6,1,0,85.7,85.7,6.0,1.5,0.0,33.6
LONG:vwap_reclaim_v+above_vwap_v+cvd_up|nk0.0|vm1.2|mid_1030_1300,7,0.12,6,1,0,85.7,85.7,6.0,1.5,0.0,33.6
LONG:vwap_reclaim_v+above_vwap_v+cvd_up|nk0.5|vm0.8|mid_1030_1300,7,0.12,6,1,0,85.7,85.7,6.0,1.5,0.0,33.6
LONG:vwap_reclaim_v+above_vwap_v+cvd_up|nk0.5|vm1.2|mid_1030_1300,7,0.12,6,1,0,85.7,85.7,6.0,1.5,0.0,33.6
LONG:vwap_reclaim_v+above_vwap_v+cvd_up|nk0.8|vm0.8|mid_1030_1300,7,0.12,6,1,0,85.7,85.7,6.0,1.5,0.0,33.6
LONG:vwap_reclaim_v+above_vwap_v+cvd_up|nk0.8|vm1.2|mid_1030_1300,7,0.12,6,1,0,85.7,85.7,6.0,1.5,0.0,33.6
LONG:vwap_reclaim_v+above_vwap_v+cvd_up_v|nk0.0|vm0.8|mid_1030_1300,7,0.12,6,1,0,85.7,85.7,6.0,1.5,0.0,33.6
LONG:vwap_reclaim_v+above_vwap_v+cvd_up_v|nk0.0|vm1.2|mid_1030_1300,7,0.12,6,1,0,85.7,85.7,6.0,1.5,0.0,33.6
LONG:vwap_reclaim_v+above_vwap_v+cvd_up_v|nk0.5|vm0.8|mid_1030_1300,7,0.12,6,1,0,85.7,85.7,6.0,1.5,0.0,33.6
LONG:vwap_reclaim_v+above_vwap_v+cvd_up_v|nk0.5|vm1.2|mid_1030_1300,7,0.12,6,1,0,85.7,85.7,6.0,1.5,0.0,33.6
LONG:vwap_reclaim_v+above_vwap_v+cvd_up_v|nk0.8|vm0.8|mid_1030_1300,7,0.12,6,1,0,85.7,85.7,6.0,1.5,0.0,33.6
LONG:vwap_reclaim_v+above_vwap_v+cvd_up_v|nk0.8|vm1.2|mid_1030_1300,7,0.12,6,1,0,85.7,85.7,6.0,1.5,0.0,33.6
LONG:rvol_thrust_up+above_vwap_v+rsi_thrust_up|nk0.0|vm0.8|mid_1030_1300,7,0.12,6,1,0,85.7,85.7,6.0,1.5,0.3,27.9
LONG:rvol_thrust_up+above_vwap_v+rsi_thrust_up|nk0.0|vm1.2|mid_1030_1300,7,0.12,6,1,0,85.7,85.7,6.0,1.5,0.3,27.9
LONG:rvol_thrust_up+above_vwap_v+rsi_thrust_up|nk0.5|vm0.8|mid_1030_1300,7,0.12,6,1,0,85.7,85.7,6.0,1.5,0.3,27.9
LONG:rvol_thrust_up+above_vwap_v+rsi_thrust_up|nk0.5|vm1.2|mid_1030_1300,7,0.12,6,1,0,85.7,85.7,6.0,1.5,0.3,27.9
LONG:rvol_thrust_up+above_vwap_v+rsi_thrust_up|nk0.8|vm0.8|mid_1030_1300,7,0.12,6,1,0,85.7,85.7,6.0,1.5,0.3,27.9
LONG:rvol_thrust_up+above_vwap_v+rsi_thrust_up|nk0.8|vm1.2|mid_1030_1300,7,0.12,6,1,0,85.7,85.7,6.0,1.5,0.3,27.9
LONG:rvol_thrust_up+cvd_up+rsi_thrust_up|nk0.0|vm0.8|mid_1030_1300,7,0.12,6,1,0,85.7,85.7,6.0,1.5,0.3,27.9
LONG:rvol_thrust_up+cvd_up+rsi_thrust_up|nk0.0|vm1.2|mid_1030_1300,7,0.12,6,1,0,85.7,85.7,6.0,1.5,0.3,27.9
LONG:rvol_thrust_up+cvd_up+rsi_thrust_up|nk0.5|vm0.8|mid_1030_1300,7,0.12,6,1,0,85.7,85.7,6.0,1.5,0.3,27.9
LONG:rvol_thrust_up+cvd_up+rsi_thrust_up|nk0.5|vm1.2|mid_1030_1300,7,0.12,6,1,0,85.7,85.7,6.0,1.5,0.3,27.9
LONG:rvol_thrust_up+cvd_up+rsi_thrust_up|nk0.8|vm0.8|mid_1030_1300,7,0.12,6,1,0,85.7,85.7,6.0,1.5,0.3,27.9
LONG:rvol_thrust_up+cvd_up+rsi_thrust_up|nk0.8|vm1.2|mid_1030_1300,7,0.12,6,1,0,85.7,85.7,6.0,1.5,0.3,27.9
LONG:rvol_thrust_up+cvd_up_v+rsi_thrust_up|nk0.0|vm0.8|mid_1030_1300,7,0.12,6,1,0,85.7,85.7,6.0,1.5,0.3,27.9
LONG:rvol_thrust_up+cvd_up_v+rsi_thrust_up|nk0.0|vm1.2|mid_1030_1300,7,0.12,6,1,0,85.7,85.7,6.0,1.5,0.3,27.9
LONG:rvol_thrust_up+cvd_up_v+rsi_thrust_up|nk0.5|vm0.8|mid_1030_1300,7,0.12,6,1,0,85.7,85.7,6.0,1.5,0.3,27.9
LONG:rvol_thrust_up+cvd_up_v+rsi_thrust_up|nk0.5|vm1.2|mid_1030_1300,7,0.12,6,1,0,85.7,85.7,6.0,1.5,0.3,27.9
LONG:rvol_thrust_up+cvd_up_v+rsi_thrust_up|nk0.8|vm0.8|mid_1030_1300,7,0.12,6,1,0,85.7,85.7,6.0,1.5,0.3,27.9
LONG:rvol_thrust_up+cvd_up_v+rsi_thrust_up|nk0.8|vm1.2|mid_1030_1300,7,0.12,6,1,0,85.7,85.7,6.0,1.5,0.3,27.9
LONG:above_vwap_v+cvd_up+rsi_thrust_up|nk0.0|vm0.8|mid_1030_1300,7,0.12,6,1,0,85.7,85.7,6.0,1.5,0.3,27.9
LONG:above_vwap_v+cvd_up+rsi_thrust_up|nk0.0|vm1.2|mid_1030_1300,7,0.12,6,1,0,85.7,85.7,6.0,1.5,0.3,27.9
LONG:above_vwap_v+cvd_up+rsi_thrust_up|nk0.5|vm0.8|mid_1030_1300,7,0.12,6,1,0,85.7,85.7,6.0,1.5,0.3,27.9
LONG:above_vwap_v+cvd_up+rsi_thrust_up|nk0.5|vm1.2|mid_1030_1300,7,0.12,6,1,0,85.7,85.7,6.0,1.5,0.3,27.9
LONG:above_vwap_v+cvd_up+rsi_thrust_up|nk0.8|vm0.8|mid_1030_1300,7,0.12,6,1,0,85.7,85.7,6.0,1.5,0.3,27.9
LONG:above_vwap_v+cvd_up+rsi_thrust_up|nk0.8|vm1.2|mid_1030_1300,7,0.12,6,1,0,85.7,85.7,6.0,1.5,0.3,27.9
LONG:above_vwap_v+cvd_up_v+rsi_thrust_up|nk0.0|vm0.8|mid_1030_1300,7,0.12,6,1,0,85.7,85.7,6.0,1.5,0.3,27.9
LONG:above_vwap_v+cvd_up_v+rsi_thrust_up|nk0.0|vm1.2|mid_1030_1300,7,0.12,6,1,0,85.7,85.7,6.0,1.5,0.3,27.9
LONG:above_vwap_v+cvd_up_v+rsi_thrust_up|nk0.5|vm0.8|mid_1030_1300,7,0.12,6,1,0,85.7,85.7,6.0,1.5,0.3,27.9
LONG:above_vwap_v+cvd_up_v+rsi_thrust_up|nk0.5|vm1.2|mid_1030_1300,7,0.12,6,1,0,85.7,85.7,6.0,1.5,0.3,27.9
LONG:above_vwap_v+cvd_up_v+rsi_thrust_up|nk0.8|vm0.8|mid_1030_1300,7,0.12,6,1,0,85.7,85.7,6.0,1.5,0.3,27.9
LONG:above_vwap_v+cvd_up_v+rsi_thrust_up|nk0.8|vm1.2|mid_1030_1300,7,0.12,6,1,0,85.7,85.7,6.0,1.5,0.3,27.9
LONG:vwap_reclaim+above_vwap+adi_up+delta_surge|nk0.0|vm0.8|mid_1030_1300,7,0.12,6,1,0,85.7,85.7,6.0,1.5,0.0,33.6
LONG:vwap_reclaim+above_vwap+adi_up+delta_surge|nk0.0|vm1.2|mid_1030_1300,7,0.12,6,1,0,85.7,85.7,6.0,1.5,0.0,33.6
LONG:vwap_reclaim+above_vwap+adi_up+delta_surge|nk0.5|vm0.8|mid_1030_1300,7,0.12,6,1,0,85.7,85.7,6.0,1.5,0.0,33.6
LONG:vwap_reclaim+above_vwap+adi_up+delta_surge|nk0.5|vm1.2|mid_1030_1300,7,0.12,6,1,0,85.7,85.7,6.0,1.5,0.0,33.6
LONG:vwap_reclaim+above_vwap+adi_up+delta_surge|nk0.8|vm0.8|mid_1030_1300,7,0.12,6,1,0,85.7,85.7,6.0,1.5,0.0,33.6
LONG:vwap_reclaim+above_vwap+adi_up+delta_surge|nk0.8|vm1.2|mid_1030_1300,7,0.12,6,1,0,85.7,85.7,6.0,1.5,0.0,33.6
LONG:vwap_reclaim+above_vwap+adi_up+ylow_reclaim|nk0.0|vm0.8|full_0845_1400,7,0.12,6,1,0,85.7,85.7,6.0,1.5,0.3,7.9
LONG:vwap_reclaim+above_vwap+adi_up+ylow_reclaim|nk0.5|vm0.8|full_0845_1400,7,0.12,6,1,0,85.7,85.7,6.0,1.5,0.3,7.9
LONG:vwap_reclaim+above_vwap+adi_up+ylow_reclaim|nk0.8|vm0.8|full_0845_1400,7,0.12,6,1,0,85.7,85.7,6.0,1.5,0.3,7.9
LONG:vwap_reclaim+above_vwap+adi_up+rvol_thrust_up|nk0.0|vm0.8|mid_1030_1300,7,0.12,6,1,0,85.7,85.7,6.0,1.5,0.0,33.6
LONG:vwap_reclaim+above_vwap+adi_up+rvol_thrust_up|nk0.0|vm1.2|mid_1030_1300,7,0.12,6,1,0,85.7,85.7,6.0,1.5,0.0,33.6
LONG:vwap_reclaim+above_vwap+adi_up+rvol_thrust_up|nk0.5|vm0.8|mid_1030_1300,7,0.12,6,1,0,85.7,85.7,6.0,1.5,0.0,33.6
LONG:vwap_reclaim+above_vwap+adi_up+rvol_thrust_up|nk0.5|vm1.2|mid_1030_1300,7,0.12,6,1,0,85.7,85.7,6.0,1.5,0.0,33.6
LONG:vwap_reclaim+above_vwap+adi_up+rvol_thrust_up|nk0.8|vm0.8|mid_1030_1300,7,0.12,6,1,0,85.7,85.7,6.0,1.5,0.0,33.6
LONG:vwap_reclaim+above_vwap+adi_up+rvol_thrust_up|nk0.8|vm1.2|mid_1030_1300,7,0.12,6,1,0,85.7,85.7,6.0,1.5,0.0,33.6
LONG:vwap_reclaim+above_vwap+adi_up+above_vwap_v|nk0.0|vm0.8|mid_1030_1300,7,0.12,6,1,0,85.7,85.7,6.0,1.5,0.0,33.6
LONG:vwap_reclaim+above_vwap+adi_up+above_vwap_v|nk0.0|vm1.2|mid_1030_1300,7,0.12,6,1,0,85.7,85.7,6.0,1.5,0.0,33.6
LONG:vwap_reclaim+above_vwap+adi_up+above_vwap_v|nk0.5|vm0.8|mid_1030_1300,7,0.12,6,1,0,85.7,85.7,6.0,1.5,0.0,33.6
LONG:vwap_reclaim+above_vwap+adi_up+above_vwap_v|nk0.5|vm1.2|mid_1030_1300,7,0.12,6,1,0,85.7,85.7,6.0,1.5,0.0,33.6
LONG:vwap_reclaim+above_vwap+adi_up+above_vwap_v|nk0.8|vm0.8|mid_1030_1300,7,0.12,6,1,0,85.7,85.7,6.0,1.5,0.0,33.6
LONG:vwap_reclaim+above_vwap+adi_up+above_vwap_v|nk0.8|vm1.2|mid_1030_1300,7,0.12,6,1,0,85.7,85.7,6.0,1.5,0.0,33.6
LONG:vwap_reclaim+above_vwap+delta_surge+strong_close|nk0.0|vm0.8|mid_1030_1300,7,0.12,6,1,0,85.7,85.7,6.0,1.5,0.0,33.6
LONG:vwap_reclaim+above_vwap+delta_surge+strong_close|nk0.0|vm1.2|mid_1030_1300,7,0.12,6,1,0,85.7,85.7,6.0,1.5,0.0,33.6
LONG:vwap_reclaim+above_vwap+delta_surge+strong_close|nk0.5|vm0.8|mid_1030_1300,7,0.12,6,1,0,85.7,85.7,6.0,1.5,0.0,33.6
LONG:vwap_reclaim+above_vwap+delta_surge+strong_close|nk0.5|vm1.2|mid_1030_1300,7,0.12,6,1,0,85.7,85.7,6.0,1.5,0.0,33.6
LONG:vwap_reclaim+above_vwap+delta_surge+strong_close|nk0.8|vm0.8|mid_1030_1300,7,0.12,6,1,0,85.7,85.7,6.0,1.5,0.0,33.6
LONG:vwap_reclaim+above_vwap+delta_surge+strong_close|nk0.8|vm1.2|mid_1030_1300,7,0.12,6,1,0,85.7,85.7,6.0,1.5,0.0,33.6
LONG:vwap_reclaim+above_vwap+delta_surge+vwap_reclaim_v|nk0.0|vm0.8|mid_1030_1300,7,0.12,6,1,0,85.7,85.7,6.0,1.5,0.0,33.6
LONG:vwap_reclaim+above_vwap+delta_surge+vwap_reclaim_v|nk0.0|vm1.2|mid_1030_1300,7,0.12,6,1,0,85.7,85.7,6.0,1.5,0.0,33.6
LONG:vwap_reclaim+above_vwap+delta_surge+vwap_reclaim_v|nk0.5|vm0.8|mid_1030_1300,7,0.12,6,1,0,85.7,85.7,6.0,1.5,0.0,33.6
LONG:vwap_reclaim+above_vwap+delta_surge+vwap_reclaim_v|nk0.5|vm1.2|mid_1030_1300,7,0.12,6,1,0,85.7,85.7,6.0,1.5,0.0,33.6
LONG:vwap_reclaim+above_vwap+delta_surge+vwap_reclaim_v|nk0.8|vm0.8|mid_1030_1300,7,0.12,6,1,0,85.7,85.7,6.0,1.5,0.0,33.6
LONG:vwap_reclaim+above_vwap+delta_surge+vwap_reclaim_v|nk0.8|vm1.2|mid_1030_1300,7,0.12,6,1,0,85.7,85.7,6.0,1.5,0.0,33.6
LONG:vwap_reclaim+above_vwap+delta_surge+rvol_thrust_up|nk0.0|vm0.8|mid_1030_1300,7,0.12,6,1,0,85.7,85.7,6.0,1.5,0.0,33.6
LONG:vwap_reclaim+above_vwap+delta_surge+rvol_thrust_up|nk0.0|vm1.2|mid_1030_1300,7,0.12,6,1,0,85.7,85.7,6.0,1.5,0.0,33.6
LONG:vwap_reclaim+above_vwap+delta_surge+rvol_thrust_up|nk0.5|vm0.8|mid_1030_1300,7,0.12,6,1,0,85.7,85.7,6.0,1.5,0.0,33.6
LONG:vwap_reclaim+above_vwap+delta_surge+rvol_thrust_up|nk0.5|vm1.2|mid_1030_1300,7,0.12,6,1,0,85.7,85.7,6.0,1.5,0.0,33.6
LONG:vwap_reclaim+above_vwap+delta_surge+rvol_thrust_up|nk0.8|vm0.8|mid_1030_1300,7,0.12,6,1,0,85.7,85.7,6.0,1.5,0.0,33.6
LONG:vwap_reclaim+above_vwap+delta_surge+rvol_thrust_up|nk0.8|vm1.2|mid_1030_1300,7,0.12,6,1,0,85.7,85.7,6.0,1.5,0.0,33.6
LONG:vwap_reclaim+above_vwap+delta_surge+above_vwap_v|nk0.0|vm0.8|mid_1030_1300,7,0.12,6,1,0,85.7,85.7,6.0,1.5,0.0,33.6
LONG:vwap_reclaim+above_vwap+delta_surge+above_vwap_v|nk0.0|vm1.2|mid_1030_1300,7,0.12,6,1,0,85.7,85.7,6.0,1.5,0.0,33.6
LONG:vwap_reclaim+above_vwap+delta_surge+above_vwap_v|nk0.5|vm0.8|mid_1030_1300,7,0.12,6,1,0,85.7,85.7,6.0,1.5,0.0,33.6
LONG:vwap_reclaim+above_vwap+delta_surge+above_vwap_v|nk0.5|vm1.2|mid_1030_1300,7,0.12,6,1,0,85.7,85.7,6.0,1.5,0.0,33.6
LONG:vwap_reclaim+above_vwap+delta_surge+above_vwap_v|nk0.8|vm0.8|mid_1030_1300,7,0.12,6,1,0,85.7,85.7,6.0,1.5,0.0,33.6
LONG:vwap_reclaim+above_vwap+delta_surge+above_vwap_v|nk0.8|vm1.2|mid_1030_1300,7,0.12,6,1,0,85.7,85.7,6.0,1.5,0.0,33.6
LONG:vwap_reclaim+above_vwap+delta_surge+cvd_up|nk0.0|vm0.8|mid_1030_1300,7,0.12,6,1,0,85.7,85.7,6.0,1.5,0.0,33.6
LONG:vwap_reclaim+above_vwap+delta_surge+cvd_up|nk0.0|vm1.2|mid_1030_1300,7,0.12,6,1,0,85.7,85.7,6.0,1.5,0.0,33.6
LONG:vwap_reclaim+above_vwap+delta_surge+cvd_up|nk0.5|vm0.8|mid_1030_1300,7,0.12,6,1,0,85.7,85.7,6.0,1.5,0.0,33.6
LONG:vwap_reclaim+above_vwap+delta_surge+cvd_up|nk0.5|vm1.2|mid_1030_1300,7,0.12,6,1,0,85.7,85.7,6.0,1.5,0.0,33.6
LONG:vwap_reclaim+above_vwap+delta_surge+cvd_up|nk0.8|vm0.8|mid_1030_1300,7,0.12,6,1,0,85.7,85.7,6.0,1.5,0.0,33.6
LONG:vwap_reclaim+above_vwap+delta_surge+cvd_up|nk0.8|vm1.2|mid_1030_1300,7,0.12,6,1,0,85.7,85.7,6.0,1.5,0.0,33.6
LONG:vwap_reclaim+above_vwap+delta_surge+cvd_up_v|nk0.0|vm0.8|mid_1030_1300,7,0.12,6,1,0,85.7,85.7,6.0,1.5,0.0,33.6
LONG:vwap_reclaim+above_vwap+delta_surge+cvd_up_v|nk0.0|vm1.2|mid_1030_1300,7,0.12,6,1,0,85.7,85.7,6.0,1.5,0.0,33.6
LONG:vwap_reclaim+above_vwap+delta_surge+cvd_up_v|nk0.5|vm0.8|mid_1030_1300,7,0.12,6,1,0,85.7,85.7,6.0,1.5,0.0,33.6
LONG:vwap_reclaim+above_vwap+delta_surge+cvd_up_v|nk0.5|vm1.2|mid_1030_1300,7,0.12,6,1,0,85.7,85.7,6.0,1.5,0.0,33.6
LONG:vwap_reclaim+above_vwap+delta_surge+cvd_up_v|nk0.8|vm0.8|mid_1030_1300,7,0.12,6,1,0,85.7,85.7,6.0,1.5,0.0,33.6
LONG:vwap_reclaim+above_vwap+delta_surge+cvd_up_v|nk0.8|vm1.2|mid_1030_1300,7,0.12,6,1,0,85.7,85.7,6.0,1.5,0.0,33.6
LONG:vwap_reclaim+above_vwap+strong_close+rvol_thrust_up|nk0.0|vm0.8|mid_1030_1300,7,0.12,6,1,0,85.7,85.7,6.0,1.5,0.0,33.6
LONG:vwap_reclaim+above_vwap+strong_close+rvol_thrust_up|nk0.0|vm1.2|mid_1030_1300,7,0.12,6,1,0,85.7,85.7,6.0,1.5,0.0,33.6
LONG:vwap_reclaim+above_vwap+strong_close+rvol_thrust_up|nk0.5|vm0.8|mid_1030_1300,7,0.12,6,1,0,85.7,85.7,6.0,1.5,0.0,33.6
LONG:vwap_reclaim+above_vwap+strong_close+rvol_thrust_up|nk0.5|vm1.2|mid_1030_1300,7,0.12,6,1,0,85.7,85.7,6.0,1.5,0.0,33.6
LONG:vwap_reclaim+above_vwap+strong_close+rvol_thrust_up|nk0.8|vm0.8|mid_1030_1300,7,0.12,6,1,0,85.7,85.7,6.0,1.5,0.0,33.6
LONG:vwap_reclaim+above_vwap+strong_close+rvol_thrust_up|nk0.8|vm1.2|mid_1030_1300,7,0.12,6,1,0,85.7,85.7,6.0,1.5,0.0,33.6
LONG:vwap_reclaim+above_vwap+strong_close+above_vwap_v|nk0.0|vm0.8|mid_1030_1300,7,0.12,6,1,0,85.7,85.7,6.0,1.5,0.0,33.6
LONG:vwap_reclaim+above_vwap+strong_close+above_vwap_v|nk0.0|vm1.2|mid_1030_1300,7,0.12,6,1,0,85.7,85.7,6.0,1.5,0.0,33.6
LONG:vwap_reclaim+above_vwap+strong_close+above_vwap_v|nk0.5|vm0.8|mid_1030_1300,7,0.12,6,1,0,85.7,85.7,6.0,1.5,0.0,33.6
LONG:vwap_reclaim+above_vwap+strong_close+above_vwap_v|nk0.5|vm1.2|mid_1030_1300,7,0.12,6,1,0,85.7,85.7,6.0,1.5,0.0,33.6
LONG:vwap_reclaim+above_vwap+strong_close+above_vwap_v|nk0.8|vm0.8|mid_1030_1300,7,0.12,6,1,0,85.7,85.7,6.0,1.5,0.0,33.6
LONG:vwap_reclaim+above_vwap+strong_close+above_vwap_v|nk0.8|vm1.2|mid_1030_1300,7,0.12,6,1,0,85.7,85.7,6.0,1.5,0.0,33.6
LONG:vwap_reclaim+above_vwap+vwap_reclaim_v+rvol_thrust_up|nk0.0|vm0.8|mid_1030_1300,7,0.12,6,1,0,85.7,85.7,6.0,1.5,0.0,33.6
LONG:vwap_reclaim+above_vwap+vwap_reclaim_v+rvol_thrust_up|nk0.0|vm1.2|mid_1030_1300,7,0.12,6,1,0,85.7,85.7,6.0,1.5,0.0,33.6
LONG:vwap_reclaim+above_vwap+vwap_reclaim_v+rvol_thrust_up|nk0.5|vm0.8|mid_1030_1300,7,0.12,6,1,0,85.7,85.7,6.0,1.5,0.0,33.6
LONG:vwap_reclaim+above_vwap+vwap_reclaim_v+rvol_thrust_up|nk0.5|vm1.2|mid_1030_1300,7,0.12,6,1,0,85.7,85.7,6.0,1.5,0.0,33.6
LONG:vwap_reclaim+above_vwap+vwap_reclaim_v+rvol_thrust_up|nk0.8|vm0.8|mid_1030_1300,7,0.12,6,1,0,85.7,85.7,6.0,1.5,0.0,33.6
LONG:vwap_reclaim+above_vwap+vwap_reclaim_v+rvol_thrust_up|nk0.8|vm1.2|mid_1030_1300,7,0.12,6,1,0,85.7,85.7,6.0,1.5,0.0,33.6
LONG:vwap_reclaim+above_vwap+vwap_reclaim_v+above_vwap_v|nk0.0|vm0.8|mid_1030_1300,7,0.12,6,1,0,85.7,85.7,6.0,1.5,0.0,33.6
LONG:vwap_reclaim+above_vwap+vwap_reclaim_v+above_vwap_v|nk0.0|vm1.2|mid_1030_1300,7,0.12,6,1,0,85.7,85.7,6.0,1.5,0.0,33.6
LONG:vwap_reclaim+above_vwap+vwap_reclaim_v+above_vwap_v|nk0.5|vm0.8|mid_1030_1300,7,0.12,6,1,0,85.7,85.7,6.0,1.5,0.0,33.6
LONG:vwap_reclaim+above_vwap+vwap_reclaim_v+above_vwap_v|nk0.5|vm1.2|mid_1030_1300,7,0.12,6,1,0,85.7,85.7,6.0,1.5,0.0,33.6
LONG:vwap_reclaim+above_vwap+vwap_reclaim_v+above_vwap_v|nk0.8|vm0.8|mid_1030_1300,7,0.12,6,1,0,85.7,85.7,6.0,1.5,0.0,33.6
LONG:vwap_reclaim+above_vwap+vwap_reclaim_v+above_vwap_v|nk0.8|vm1.2|mid_1030_1300,7,0.12,6,1,0,85.7,85.7,6.0,1.5,0.0,33.6
LONG:vwap_reclaim+above_vwap+rvol_thrust_up+above_vwap_v|nk0.0|vm0.8|mid_1030_1300,7,0.12,6,1,0,85.7,85.7,6.0,1.5,0.0,33.6
LONG:vwap_reclaim+above_vwap+rvol_thrust_up+above_vwap_v|nk0.0|vm1.2|mid_1030_1300,7,0.12,6,1,0,85.7,85.7,6.0,1.5,0.0,33.6
LONG:vwap_reclaim+above_vwap+rvol_thrust_up+above_vwap_v|nk0.5|vm0.8|mid_1030_1300,7,0.12,6,1,0,85.7,85.7,6.0,1.5,0.0,33.6
LONG:vwap_reclaim+above_vwap+rvol_thrust_up+above_vwap_v|nk0.5|vm1.2|mid_1030_1300,7,0.12,6,1,0,85.7,85.7,6.0,1.5,0.0,33.6
LONG:vwap_reclaim+above_vwap+rvol_thrust_up+above_vwap_v|nk0.8|vm0.8|mid_1030_1300,7,0.12,6,1,0,85.7,85.7,6.0,1.5,0.0,33.6
LONG:vwap_reclaim+above_vwap+rvol_thrust_up+above_vwap_v|nk0.8|vm1.2|mid_1030_1300,7,0.12,6,1,0,85.7,85.7,6.0,1.5,0.0,33.6
LONG:vwap_reclaim+above_vwap+rvol_thrust_up+cvd_up|nk0.0|vm0.8|mid_1030_1300,7,0.12,6,1,0,85.7,85.7,6.0,1.5,0.0,33.6
LONG:vwap_reclaim+above_vwap+rvol_thrust_up+cvd_up|nk0.0|vm1.2|mid_1030_1300,7,0.12,6,1,0,85.7,85.7,6.0,1.5,0.0,33.6
LONG:vwap_reclaim+above_vwap+rvol_thrust_up+cvd_up|nk0.5|vm0.8|mid_1030_1300,7,0.12,6,1,0,85.7,85.7,6.0,1.5,0.0,33.6
LONG:vwap_reclaim+above_vwap+rvol_thrust_up+cvd_up|nk0.5|vm1.2|mid_1030_1300,7,0.12,6,1,0,85.7,85.7,6.0,1.5,0.0,33.6
LONG:vwap_reclaim+above_vwap+rvol_thrust_up+cvd_up|nk0.8|vm0.8|mid_1030_1300,7,0.12,6,1,0,85.7,85.7,6.0,1.5,0.0,33.6
LONG:vwap_reclaim+above_vwap+rvol_thrust_up+cvd_up|nk0.8|vm1.2|mid_1030_1300,7,0.12,6,1,0,85.7,85.7,6.0,1.5,0.0,33.6
LONG:vwap_reclaim+above_vwap+rvol_thrust_up+cvd_up_v|nk0.0|vm0.8|mid_1030_1300,7,0.12,6,1,0,85.7,85.7,6.0,1.5,0.0,33.6
LONG:vwap_reclaim+above_vwap+rvol_thrust_up+cvd_up_v|nk0.0|vm1.2|mid_1030_1300,7,0.12,6,1,0,85.7,85.7,6.0,1.5,0.0,33.6
LONG:vwap_reclaim+above_vwap+rvol_thrust_up+cvd_up_v|nk0.5|vm0.8|mid_1030_1300,7,0.12,6,1,0,85.7,85.7,6.0,1.5,0.0,33.6
LONG:vwap_reclaim+above_vwap+rvol_thrust_up+cvd_up_v|nk0.5|vm1.2|mid_1030_1300,7,0.12,6,1,0,85.7,85.7,6.0,1.5,0.0,33.6
LONG:vwap_reclaim+above_vwap+rvol_thrust_up+cvd_up_v|nk0.8|vm0.8|mid_1030_1300,7,0.12,6,1,0,85.7,85.7,6.0,1.5,0.0,33.6
LONG:vwap_reclaim+above_vwap+rvol_thrust_up+cvd_up_v|nk0.8|vm1.2|mid_1030_1300,7,0.12,6,1,0,85.7,85.7,6.0,1.5,0.0,33.6
LONG:vwap_reclaim+above_vwap+above_vwap_v+cvd_up|nk0.0|vm0.8|mid_1030_1300,7,0.12,6,1,0,85.7,85.7,6.0,1.5,0.0,33.6
LONG:vwap_reclaim+above_vwap+above_vwap_v+cvd_up|nk0.0|vm1.2|mid_1030_1300,7,0.12,6,1,0,85.7,85.7,6.0,1.5,0.0,33.6
LONG:vwap_reclaim+above_vwap+above_vwap_v+cvd_up|nk0.5|vm0.8|mid_1030_1300,7,0.12,6,1,0,85.7,85.7,6.0,1.5,0.0,33.6
LONG:vwap_reclaim+above_vwap+above_vwap_v+cvd_up|nk0.5|vm1.2|mid_1030_1300,7,0.12,6,1,0,85.7,85.7,6.0,1.5,0.0,33.6
LONG:vwap_reclaim+above_vwap+above_vwap_v+cvd_up|nk0.8|vm0.8|mid_1030_1300,7,0.12,6,1,0,85.7,85.7,6.0,1.5,0.0,33.6
LONG:vwap_reclaim+above_vwap+above_vwap_v+cvd_up|nk0.8|vm1.2|mid_1030_1300,7,0.12,6,1,0,85.7,85.7,6.0,1.5,0.0,33.6
LONG:vwap_reclaim+above_vwap+above_vwap_v+cvd_up_v|nk0.0|vm0.8|mid_1030_1300,7,0.12,6,1,0,85.7,85.7,6.0,1.5,0.0,33.6
LONG:vwap_reclaim+above_vwap+above_vwap_v+cvd_up_v|nk0.0|vm1.2|mid_1030_1300,7,0.12,6,1,0,85.7,85.7,6.0,1.5,0.0,33.6
LONG:vwap_reclaim+above_vwap+above_vwap_v+cvd_up_v|nk0.5|vm0.8|mid_1030_1300,7,0.12,6,1,0,85.7,85.7,6.0,1.5,0.0,33.6
LONG:vwap_reclaim+above_vwap+above_vwap_v+cvd_up_v|nk0.5|vm1.2|mid_1030_1300,7,0.12,6,1,0,85.7,85.7,6.0,1.5,0.0,33.6
LONG:vwap_reclaim+above_vwap+above_vwap_v+cvd_up_v|nk0.8|vm0.8|mid_1030_1300,7,0.12,6,1,0,85.7,85.7,6.0,1.5,0.0,33.6
LONG:vwap_reclaim+above_vwap+above_vwap_v+cvd_up_v|nk0.8|vm1.2|mid_1030_1300,7,0.12,6,1,0,85.7,85.7,6.0,1.5,0.0,33.6
LONG:vwap_reclaim+adi_up+delta_surge+strong_close|nk0.0|vm0.8|mid_1030_1300,7,0.12,6,1,0,85.7,85.7,6.0,1.5,0.0,33.6
LONG:vwap_reclaim+adi_up+delta_surge+strong_close|nk0.0|vm1.2|mid_1030_1300,7,0.12,6,1,0,85.7,85.7,6.0,1.5,0.0,33.6
LONG:vwap_reclaim+adi_up+delta_surge+strong_close|nk0.5|vm0.8|mid_1030_1300,7,0.12,6,1,0,85.7,85.7,6.0,1.5,0.0,33.6
LONG:vwap_reclaim+adi_up+delta_surge+strong_close|nk0.5|vm1.2|mid_1030_1300,7,0.12,6,1,0,85.7,85.7,6.0,1.5,0.0,33.6
LONG:vwap_reclaim+adi_up+delta_surge+strong_close|nk0.8|vm0.8|mid_1030_1300,7,0.12,6,1,0,85.7,85.7,6.0,1.5,0.0,33.6
LONG:vwap_reclaim+adi_up+delta_surge+strong_close|nk0.8|vm1.2|mid_1030_1300,7,0.12,6,1,0,85.7,85.7,6.0,1.5,0.0,33.6
LONG:vwap_reclaim+adi_up+delta_surge+vwap_reclaim_v|nk0.0|vm0.8|mid_1030_1300,7,0.12,6,1,0,85.7,85.7,6.0,1.5,0.0,33.6
LONG:vwap_reclaim+adi_up+delta_surge+vwap_reclaim_v|nk0.0|vm1.2|mid_1030_1300,7,0.12,6,1,0,85.7,85.7,6.0,1.5,0.0,33.6
LONG:vwap_reclaim+adi_up+delta_surge+vwap_reclaim_v|nk0.5|vm0.8|mid_1030_1300,7,0.12,6,1,0,85.7,85.7,6.0,1.5,0.0,33.6
LONG:vwap_reclaim+adi_up+delta_surge+vwap_reclaim_v|nk0.5|vm1.2|mid_1030_1300,7,0.12,6,1,0,85.7,85.7,6.0,1.5,0.0,33.6
LONG:vwap_reclaim+adi_up+delta_surge+vwap_reclaim_v|nk0.8|vm0.8|mid_1030_1300,7,0.12,6,1,0,85.7,85.7,6.0,1.5,0.0,33.6
LONG:vwap_reclaim+adi_up+delta_surge+vwap_reclaim_v|nk0.8|vm1.2|mid_1030_1300,7,0.12,6,1,0,85.7,85.7,6.0,1.5,0.0,33.6
LONG:vwap_reclaim+adi_up+delta_surge+rvol_thrust_up|nk0.0|vm0.8|mid_1030_1300,7,0.12,6,1,0,85.7,85.7,6.0,1.5,0.0,33.6
LONG:vwap_reclaim+adi_up+delta_surge+rvol_thrust_up|nk0.0|vm1.2|mid_1030_1300,7,0.12,6,1,0,85.7,85.7,6.0,1.5,0.0,33.6
LONG:vwap_reclaim+adi_up+delta_surge+rvol_thrust_up|nk0.5|vm0.8|mid_1030_1300,7,0.12,6,1,0,85.7,85.7,6.0,1.5,0.0,33.6
LONG:vwap_reclaim+adi_up+delta_surge+rvol_thrust_up|nk0.5|vm1.2|mid_1030_1300,7,0.12,6,1,0,85.7,85.7,6.0,1.5,0.0,33.6
LONG:vwap_reclaim+adi_up+delta_surge+rvol_thrust_up|nk0.8|vm0.8|mid_1030_1300,7,0.12,6,1,0,85.7,85.7,6.0,1.5,0.0,33.6
LONG:vwap_reclaim+adi_up+delta_surge+rvol_thrust_up|nk0.8|vm1.2|mid_1030_1300,7,0.12,6,1,0,85.7,85.7,6.0,1.5,0.0,33.6
LONG:vwap_reclaim+adi_up+delta_surge+above_vwap_v|nk0.0|vm0.8|mid_1030_1300,7,0.12,6,1,0,85.7,85.7,6.0,1.5,0.0,33.6
LONG:vwap_reclaim+adi_up+delta_surge+above_vwap_v|nk0.0|vm1.2|mid_1030_1300,7,0.12,6,1,0,85.7,85.7,6.0,1.5,0.0,33.6
LONG:vwap_reclaim+adi_up+delta_surge+above_vwap_v|nk0.5|vm0.8|mid_1030_1300,7,0.12,6,1,0,85.7,85.7,6.0,1.5,0.0,33.6
LONG:vwap_reclaim+adi_up+delta_surge+above_vwap_v|nk0.5|vm1.2|mid_1030_1300,7,0.12,6,1,0,85.7,85.7,6.0,1.5,0.0,33.6
LONG:vwap_reclaim+adi_up+delta_surge+above_vwap_v|nk0.8|vm0.8|mid_1030_1300,7,0.12,6,1,0,85.7,85.7,6.0,1.5,0.0,33.6
LONG:vwap_reclaim+adi_up+delta_surge+above_vwap_v|nk0.8|vm1.2|mid_1030_1300,7,0.12,6,1,0,85.7,85.7,6.0,1.5,0.0,33.6
LONG:vwap_reclaim+adi_up+delta_surge+cvd_up|nk0.0|vm0.8|mid_1030_1300,7,0.12,6,1,0,85.7,85.7,6.0,1.5,0.0,33.6
LONG:vwap_reclaim+adi_up+delta_surge+cvd_up|nk0.0|vm1.2|mid_1030_1300,7,0.12,6,1,0,85.7,85.7,6.0,1.5,0.0,33.6
LONG:vwap_reclaim+adi_up+delta_surge+cvd_up|nk0.5|vm0.8|mid_1030_1300,7,0.12,6,1,0,85.7,85.7,6.0,1.5,0.0,33.6
LONG:vwap_reclaim+adi_up+delta_surge+cvd_up|nk0.5|vm1.2|mid_1030_1300,7,0.12,6,1,0,85.7,85.7,6.0,1.5,0.0,33.6
LONG:vwap_reclaim+adi_up+delta_surge+cvd_up|nk0.8|vm0.8|mid_1030_1300,7,0.12,6,1,0,85.7,85.7,6.0,1.5,0.0,33.6
LONG:vwap_reclaim+adi_up+delta_surge+cvd_up|nk0.8|vm1.2|mid_1030_1300,7,0.12,6,1,0,85.7,85.7,6.0,1.5,0.0,33.6
LONG:vwap_reclaim+adi_up+delta_surge+cvd_up_v|nk0.0|vm0.8|mid_1030_1300,7,0.12,6,1,0,85.7,85.7,6.0,1.5,0.0,33.6
LONG:vwap_reclaim+adi_up+delta_surge+cvd_up_v|nk0.0|vm1.2|mid_1030_1300,7,0.12,6,1,0,85.7,85.7,6.0,1.5,0.0,33.6
LONG:vwap_reclaim+adi_up+delta_surge+cvd_up_v|nk0.5|vm0.8|mid_1030_1300,7,0.12,6,1,0,85.7,85.7,6.0,1.5,0.0,33.6
LONG:vwap_reclaim+adi_up+delta_surge+cvd_up_v|nk0.5|vm1.2|mid_1030_1300,7,0.12,6,1,0,85.7,85.7,6.0,1.5,0.0,33.6
LONG:vwap_reclaim+adi_up+delta_surge+cvd_up_v|nk0.8|vm0.8|mid_1030_1300,7,0.12,6,1,0,85.7,85.7,6.0,1.5,0.0,33.6
LONG:vwap_reclaim+adi_up+delta_surge+cvd_up_v|nk0.8|vm1.2|mid_1030_1300,7,0.12,6,1,0,85.7,85.7,6.0,1.5,0.0,33.6
LONG:vwap_reclaim+adi_up+ylow_reclaim+strong_close|nk0.0|vm0.8|full_0845_1400,7,0.12,6,1,0,85.7,85.7,6.0,1.5,0.3,7.9
LONG:vwap_reclaim+adi_up+ylow_reclaim+strong_close|nk0.5|vm0.8|full_0845_1400,7,0.12,6,1,0,85.7,85.7,6.0,1.5,0.3,7.9
LONG:vwap_reclaim+adi_up+ylow_reclaim+strong_close|nk0.8|vm0.8|full_0845_1400,7,0.12,6,1,0,85.7,85.7,6.0,1.5,0.3,7.9
LONG:vwap_reclaim+adi_up+strong_close+rvol_thrust_up|nk0.0|vm0.8|mid_1030_1300,7,0.12,6,1,0,85.7,85.7,6.0,1.5,0.0,33.6
LONG:vwap_reclaim+adi_up+strong_close+rvol_thrust_up|nk0.0|vm1.2|mid_1030_1300,7,0.12,6,1,0,85.7,85.7,6.0,1.5,0.0,33.6
LONG:vwap_reclaim+adi_up+strong_close+rvol_thrust_up|nk0.5|vm0.8|mid_1030_1300,7,0.12,6,1,0,85.7,85.7,6.0,1.5,0.0,33.6
LONG:vwap_reclaim+adi_up+strong_close+rvol_thrust_up|nk0.5|vm1.2|mid_1030_1300,7,0.12,6,1,0,85.7,85.7,6.0,1.5,0.0,33.6
LONG:vwap_reclaim+adi_up+strong_close+rvol_thrust_up|nk0.8|vm0.8|mid_1030_1300,7,0.12,6,1,0,85.7,85.7,6.0,1.5,0.0,33.6
LONG:vwap_reclaim+adi_up+strong_close+rvol_thrust_up|nk0.8|vm1.2|mid_1030_1300,7,0.12,6,1,0,85.7,85.7,6.0,1.5,0.0,33.6
LONG:vwap_reclaim+adi_up+strong_close+above_vwap_v|nk0.0|vm0.8|mid_1030_1300,7,0.12,6,1,0,85.7,85.7,6.0,1.5,0.0,33.6
LONG:vwap_reclaim+adi_up+strong_close+above_vwap_v|nk0.0|vm1.2|mid_1030_1300,7,0.12,6,1,0,85.7,85.7,6.0,1.5,0.0,33.6
LONG:vwap_reclaim+adi_up+strong_close+above_vwap_v|nk0.5|vm0.8|mid_1030_1300,7,0.12,6,1,0,85.7,85.7,6.0,1.5,0.0,33.6
LONG:vwap_reclaim+adi_up+strong_close+above_vwap_v|nk0.5|vm1.2|mid_1030_1300,7,0.12,6,1,0,85.7,85.7,6.0,1.5,0.0,33.6
LONG:vwap_reclaim+adi_up+strong_close+above_vwap_v|nk0.8|vm0.8|mid_1030_1300,7,0.12,6,1,0,85.7,85.7,6.0,1.5,0.0,33.6
LONG:vwap_reclaim+adi_up+strong_close+above_vwap_v|nk0.8|vm1.2|mid_1030_1300,7,0.12,6,1,0,85.7,85.7,6.0,1.5,0.0,33.6
LONG:vwap_reclaim+adi_up+vwap_reclaim_v+rvol_thrust_up|nk0.0|vm0.8|mid_1030_1300,7,0.12,6,1,0,85.7,85.7,6.0,1.5,0.0,33.6
LONG:vwap_reclaim+adi_up+vwap_reclaim_v+rvol_thrust_up|nk0.0|vm1.2|mid_1030_1300,7,0.12,6,1,0,85.7,85.7,6.0,1.5,0.0,33.6
LONG:vwap_reclaim+adi_up+vwap_reclaim_v+rvol_thrust_up|nk0.5|vm0.8|mid_1030_1300,7,0.12,6,1,0,85.7,85.7,6.0,1.5,0.0,33.6
LONG:vwap_reclaim+adi_up+vwap_reclaim_v+rvol_thrust_up|nk0.5|vm1.2|mid_1030_1300,7,0.12,6,1,0,85.7,85.7,6.0,1.5,0.0,33.6
LONG:vwap_reclaim+adi_up+vwap_reclaim_v+rvol_thrust_up|nk0.8|vm0.8|mid_1030_1300,7,0.12,6,1,0,85.7,85.7,6.0,1.5,0.0,33.6
LONG:vwap_reclaim+adi_up+vwap_reclaim_v+rvol_thrust_up|nk0.8|vm1.2|mid_1030_1300,7,0.12,6,1,0,85.7,85.7,6.0,1.5,0.0,33.6
LONG:vwap_reclaim+adi_up+vwap_reclaim_v+above_vwap_v|nk0.0|vm0.8|mid_1030_1300,7,0.12,6,1,0,85.7,85.7,6.0,1.5,0.0,33.6
LONG:vwap_reclaim+adi_up+vwap_reclaim_v+above_vwap_v|nk0.0|vm1.2|mid_1030_1300,7,0.12,6,1,0,85.7,85.7,6.0,1.5,0.0,33.6
LONG:vwap_reclaim+adi_up+vwap_reclaim_v+above_vwap_v|nk0.5|vm0.8|mid_1030_1300,7,0.12,6,1,0,85.7,85.7,6.0,1.5,0.0,33.6
LONG:vwap_reclaim+adi_up+vwap_reclaim_v+above_vwap_v|nk0.5|vm1.2|mid_1030_1300,7,0.12,6,1,0,85.7,85.7,6.0,1.5,0.0,33.6
LONG:vwap_reclaim+adi_up+vwap_reclaim_v+above_vwap_v|nk0.8|vm0.8|mid_1030_1300,7,0.12,6,1,0,85.7,85.7,6.0,1.5,0.0,33.6
LONG:vwap_reclaim+adi_up+vwap_reclaim_v+above_vwap_v|nk0.8|vm1.2|mid_1030_1300,7,0.12,6,1,0,85.7,85.7,6.0,1.5,0.0,33.6
LONG:vwap_reclaim+adi_up+rvol_thrust_up+above_vwap_v|nk0.0|vm0.8|mid_1030_1300,7,0.12,6,1,0,85.7,85.7,6.0,1.5,0.0,33.6
LONG:vwap_reclaim+adi_up+rvol_thrust_up+above_vwap_v|nk0.0|vm1.2|mid_1030_1300,7,0.12,6,1,0,85.7,85.7,6.0,1.5,0.0,33.6
LONG:vwap_reclaim+adi_up+rvol_thrust_up+above_vwap_v|nk0.5|vm0.8|mid_1030_1300,7,0.12,6,1,0,85.7,85.7,6.0,1.5,0.0,33.6
LONG:vwap_reclaim+adi_up+rvol_thrust_up+above_vwap_v|nk0.5|vm1.2|mid_1030_1300,7,0.12,6,1,0,85.7,85.7,6.0,1.5,0.0,33.6
LONG:vwap_reclaim+adi_up+rvol_thrust_up+above_vwap_v|nk0.8|vm0.8|mid_1030_1300,7,0.12,6,1,0,85.7,85.7,6.0,1.5,0.0,33.6
LONG:vwap_reclaim+adi_up+rvol_thrust_up+above_vwap_v|nk0.8|vm1.2|mid_1030_1300,7,0.12,6,1,0,85.7,85.7,6.0,1.5,0.0,33.6
LONG:vwap_reclaim+adi_up+rvol_thrust_up+cvd_up|nk0.0|vm0.8|mid_1030_1300,7,0.12,6,1,0,85.7,85.7,6.0,1.5,0.0,33.6
LONG:vwap_reclaim+adi_up+rvol_thrust_up+cvd_up|nk0.0|vm1.2|mid_1030_1300,7,0.12,6,1,0,85.7,85.7,6.0,1.5,0.0,33.6
LONG:vwap_reclaim+adi_up+rvol_thrust_up+cvd_up|nk0.5|vm0.8|mid_1030_1300,7,0.12,6,1,0,85.7,85.7,6.0,1.5,0.0,33.6
LONG:vwap_reclaim+adi_up+rvol_thrust_up+cvd_up|nk0.5|vm1.2|mid_1030_1300,7,0.12,6,1,0,85.7,85.7,6.0,1.5,0.0,33.6
LONG:vwap_reclaim+adi_up+rvol_thrust_up+cvd_up|nk0.8|vm0.8|mid_1030_1300,7,0.12,6,1,0,85.7,85.7,6.0,1.5,0.0,33.6
LONG:vwap_reclaim+adi_up+rvol_thrust_up+cvd_up|nk0.8|vm1.2|mid_1030_1300,7,0.12,6,1,0,85.7,85.7,6.0,1.5,0.0,33.6
LONG:vwap_reclaim+adi_up+rvol_thrust_up+cvd_up_v|nk0.0|vm0.8|mid_1030_1300,7,0.12,6,1,0,85.7,85.7,6.0,1.5,0.0,33.6
LONG:vwap_reclaim+adi_up+rvol_thrust_up+cvd_up_v|nk0.0|vm1.2|mid_1030_1300,7,0.12,6,1,0,85.7,85.7,6.0,1.5,0.0,33.6
LONG:vwap_reclaim+adi_up+rvol_thrust_up+cvd_up_v|nk0.5|vm0.8|mid_1030_1300,7,0.12,6,1,0,85.7,85.7,6.0,1.5,0.0,33.6
LONG:vwap_reclaim+adi_up+rvol_thrust_up+cvd_up_v|nk0.5|vm1.2|mid_1030_1300,7,0.12,6,1,0,85.7,85.7,6.0,1.5,0.0,33.6
LONG:vwap_reclaim+adi_up+rvol_thrust_up+cvd_up_v|nk0.8|vm0.8|mid_1030_1300,7,0.12,6,1,0,85.7,85.7,6.0,1.5,0.0,33.6
LONG:vwap_reclaim+adi_up+rvol_thrust_up+cvd_up_v|nk0.8|vm1.2|mid_1030_1300,7,0.12,6,1,0,85.7,85.7,6.0,1.5,0.0,33.6
LONG:vwap_reclaim+adi_up+above_vwap_v+cvd_up|nk0.0|vm0.8|mid_1030_1300,7,0.12,6,1,0,85.7,85.7,6.0,1.5,0.0,33.6
LONG:vwap_reclaim+adi_up+above_vwap_v+cvd_up|nk0.0|vm1.2|mid_1030_1300,7,0.12,6,1,0,85.7,85.7,6.0,1.5,0.0,33.6
LONG:vwap_reclaim+adi_up+above_vwap_v+cvd_up|nk0.5|vm0.8|mid_1030_1300,7,0.12,6,1,0,85.7,85.7,6.0,1.5,0.0,33.6
LONG:vwap_reclaim+adi_up+above_vwap_v+cvd_up|nk0.5|vm1.2|mid_1030_1300,7,0.12,6,1,0,85.7,85.7,6.0,1.5,0.0,33.6
LONG:vwap_reclaim+adi_up+above_vwap_v+cvd_up|nk0.8|vm0.8|mid_1030_1300,7,0.12,6,1,0,85.7,85.7,6.0,1.5,0.0,33.6
LONG:vwap_reclaim+adi_up+above_vwap_v+cvd_up|nk0.8|vm1.2|mid_1030_1300,7,0.12,6,1,0,85.7,85.7,6.0,1.5,0.0,33.6
LONG:vwap_reclaim+adi_up+above_vwap_v+cvd_up_v|nk0.0|vm0.8|mid_1030_1300,7,0.12,6,1,0,85.7,85.7,6.0,1.5,0.0,33.6
LONG:vwap_reclaim+adi_up+above_vwap_v+cvd_up_v|nk0.0|vm1.2|mid_1030_1300,7,0.12,6,1,0,85.7,85.7,6.0,1.5,0.0,33.6
LONG:vwap_reclaim+adi_up+above_vwap_v+cvd_up_v|nk0.5|vm0.8|mid_1030_1300,7,0.12,6,1,0,85.7,85.7,6.0,1.5,0.0,33.6
LONG:vwap_reclaim+adi_up+above_vwap_v+cvd_up_v|nk0.5|vm1.2|mid_1030_1300,7,0.12,6,1,0,85.7,85.7,6.0,1.5,0.0,33.6
LONG:vwap_reclaim+adi_up+above_vwap_v+cvd_up_v|nk0.8|vm0.8|mid_1030_1300,7,0.12,6,1,0,85.7,85.7,6.0,1.5,0.0,33.6
LONG:vwap_reclaim+adi_up+above_vwap_v+cvd_up_v|nk0.8|vm1.2|mid_1030_1300,7,0.12,6,1,0,85.7,85.7,6.0,1.5,0.0,33.6
LONG:vwap_reclaim+delta_surge+strong_close+vwap_reclaim_v|nk0.0|vm0.8|mid_1030_1300,7,0.12,6,1,0,85.7,85.7,6.0,1.5,0.0,33.6
LONG:vwap_reclaim+delta_surge+strong_close+vwap_reclaim_v|nk0.0|vm1.2|mid_1030_1300,7,0.12,6,1,0,85.7,85.7,6.0,1.5,0.0,33.6
LONG:vwap_reclaim+delta_surge+strong_close+vwap_reclaim_v|nk0.5|vm0.8|mid_1030_1300,7,0.12,6,1,0,85.7,85.7,6.0,1.5,0.0,33.6
LONG:vwap_reclaim+delta_surge+strong_close+vwap_reclaim_v|nk0.5|vm1.2|mid_1030_1300,7,0.12,6,1,0,85.7,85.7,6.0,1.5,0.0,33.6
LONG:vwap_reclaim+delta_surge+strong_close+vwap_reclaim_v|nk0.8|vm0.8|mid_1030_1300,7,0.12,6,1,0,85.7,85.7,6.0,1.5,0.0,33.6
LONG:vwap_reclaim+delta_surge+strong_close+vwap_reclaim_v|nk0.8|vm1.2|mid_1030_1300,7,0.12,6,1,0,85.7,85.7,6.0,1.5,0.0,33.6
LONG:vwap_reclaim+delta_surge+strong_close+rvol_thrust_up|nk0.0|vm0.8|mid_1030_1300,7,0.12,6,1,0,85.7,85.7,6.0,1.5,0.0,33.6
LONG:vwap_reclaim+delta_surge+strong_close+rvol_thrust_up|nk0.0|vm1.2|mid_1030_1300,7,0.12,6,1,0,85.7,85.7,6.0,1.5,0.0,33.6
LONG:vwap_reclaim+delta_surge+strong_close+rvol_thrust_up|nk0.5|vm0.8|mid_1030_1300,7,0.12,6,1,0,85.7,85.7,6.0,1.5,0.0,33.6
LONG:vwap_reclaim+delta_surge+strong_close+rvol_thrust_up|nk0.5|vm1.2|mid_1030_1300,7,0.12,6,1,0,85.7,85.7,6.0,1.5,0.0,33.6
LONG:vwap_reclaim+delta_surge+strong_close+rvol_thrust_up|nk0.8|vm0.8|mid_1030_1300,7,0.12,6,1,0,85.7,85.7,6.0,1.5,0.0,33.6
LONG:vwap_reclaim+delta_surge+strong_close+rvol_thrust_up|nk0.8|vm1.2|mid_1030_1300,7,0.12,6,1,0,85.7,85.7,6.0,1.5,0.0,33.6
LONG:vwap_reclaim+delta_surge+strong_close+above_vwap_v|nk0.0|vm0.8|mid_1030_1300,7,0.12,6,1,0,85.7,85.7,6.0,1.5,0.0,33.6
LONG:vwap_reclaim+delta_surge+strong_close+above_vwap_v|nk0.0|vm1.2|mid_1030_1300,7,0.12,6,1,0,85.7,85.7,6.0,1.5,0.0,33.6
LONG:vwap_reclaim+delta_surge+strong_close+above_vwap_v|nk0.5|vm0.8|mid_1030_1300,7,0.12,6,1,0,85.7,85.7,6.0,1.5,0.0,33.6
LONG:vwap_reclaim+delta_surge+strong_close+above_vwap_v|nk0.5|vm1.2|mid_1030_1300,7,0.12,6,1,0,85.7,85.7,6.0,1.5,0.0,33.6
LONG:vwap_reclaim+delta_surge+strong_close+above_vwap_v|nk0.8|vm0.8|mid_1030_1300,7,0.12,6,1,0,85.7,85.7,6.0,1.5,0.0,33.6
LONG:vwap_reclaim+delta_surge+strong_close+above_vwap_v|nk0.8|vm1.2|mid_1030_1300,7,0.12,6,1,0,85.7,85.7,6.0,1.5,0.0,33.6
LONG:vwap_reclaim+delta_surge+strong_close+cvd_up|nk0.0|vm0.8|mid_1030_1300,7,0.12,6,1,0,85.7,85.7,6.0,1.5,0.0,33.6
LONG:vwap_reclaim+delta_surge+strong_close+cvd_up|nk0.0|vm1.2|mid_1030_1300,7,0.12,6,1,0,85.7,85.7,6.0,1.5,0.0,33.6
LONG:vwap_reclaim+delta_surge+strong_close+cvd_up|nk0.5|vm0.8|mid_1030_1300,7,0.12,6,1,0,85.7,85.7,6.0,1.5,0.0,33.6
LONG:vwap_reclaim+delta_surge+strong_close+cvd_up|nk0.5|vm1.2|mid_1030_1300,7,0.12,6,1,0,85.7,85.7,6.0,1.5,0.0,33.6
LONG:vwap_reclaim+delta_surge+strong_close+cvd_up|nk0.8|vm0.8|mid_1030_1300,7,0.12,6,1,0,85.7,85.7,6.0,1.5,0.0,33.6
LONG:vwap_reclaim+delta_surge+strong_close+cvd_up|nk0.8|vm1.2|mid_1030_1300,7,0.12,6,1,0,85.7,85.7,6.0,1.5,0.0,33.6
LONG:vwap_reclaim+delta_surge+strong_close+cvd_up_v|nk0.0|vm0.8|mid_1030_1300,7,0.12,6,1,0,85.7,85.7,6.0,1.5,0.0,33.6
LONG:vwap_reclaim+delta_surge+strong_close+cvd_up_v|nk0.0|vm1.2|mid_1030_1300,7,0.12,6,1,0,85.7,85.7,6.0,1.5,0.0,33.6
LONG:vwap_reclaim+delta_surge+strong_close+cvd_up_v|nk0.5|vm0.8|mid_1030_1300,7,0.12,6,1,0,85.7,85.7,6.0,1.5,0.0,33.6
LONG:vwap_reclaim+delta_surge+strong_close+cvd_up_v|nk0.5|vm1.2|mid_1030_1300,7,0.12,6,1,0,85.7,85.7,6.0,1.5,0.0,33.6
LONG:vwap_reclaim+delta_surge+strong_close+cvd_up_v|nk0.8|vm0.8|mid_1030_1300,7,0.12,6,1,0,85.7,85.7,6.0,1.5,0.0,33.6
LONG:vwap_reclaim+delta_surge+strong_close+cvd_up_v|nk0.8|vm1.2|mid_1030_1300,7,0.12,6,1,0,85.7,85.7,6.0,1.5,0.0,33.6
LONG:vwap_reclaim+delta_surge+vwap_reclaim_v+rvol_thrust_up|nk0.0|vm0.8|mid_1030_1300,7,0.12,6,1,0,85.7,85.7,6.0,1.5,0.0,33.6
LONG:vwap_reclaim+delta_surge+vwap_reclaim_v+rvol_thrust_up|nk0.0|vm1.2|mid_1030_1300,7,0.12,6,1,0,85.7,85.7,6.0,1.5,0.0,33.6
LONG:vwap_reclaim+delta_surge+vwap_reclaim_v+rvol_thrust_up|nk0.5|vm0.8|mid_1030_1300,7,0.12,6,1,0,85.7,85.7,6.0,1.5,0.0,33.6
LONG:vwap_reclaim+delta_surge+vwap_reclaim_v+rvol_thrust_up|nk0.5|vm1.2|mid_1030_1300,7,0.12,6,1,0,85.7,85.7,6.0,1.5,0.0,33.6
LONG:vwap_reclaim+delta_surge+vwap_reclaim_v+rvol_thrust_up|nk0.8|vm0.8|mid_1030_1300,7,0.12,6,1,0,85.7,85.7,6.0,1.5,0.0,33.6
LONG:vwap_reclaim+delta_surge+vwap_reclaim_v+rvol_thrust_up|nk0.8|vm1.2|mid_1030_1300,7,0.12,6,1,0,85.7,85.7,6.0,1.5,0.0,33.6
LONG:vwap_reclaim+delta_surge+vwap_reclaim_v+above_vwap_v|nk0.0|vm0.8|mid_1030_1300,7,0.12,6,1,0,85.7,85.7,6.0,1.5,0.0,33.6
LONG:vwap_reclaim+delta_surge+vwap_reclaim_v+above_vwap_v|nk0.0|vm1.2|mid_1030_1300,7,0.12,6,1,0,85.7,85.7,6.0,1.5,0.0,33.6
LONG:vwap_reclaim+delta_surge+vwap_reclaim_v+above_vwap_v|nk0.5|vm0.8|mid_1030_1300,7,0.12,6,1,0,85.7,85.7,6.0,1.5,0.0,33.6
LONG:vwap_reclaim+delta_surge+vwap_reclaim_v+above_vwap_v|nk0.5|vm1.2|mid_1030_1300,7,0.12,6,1,0,85.7,85.7,6.0,1.5,0.0,33.6
LONG:vwap_reclaim+delta_surge+vwap_reclaim_v+above_vwap_v|nk0.8|vm0.8|mid_1030_1300,7,0.12,6,1,0,85.7,85.7,6.0,1.5,0.0,33.6
LONG:vwap_reclaim+delta_surge+vwap_reclaim_v+above_vwap_v|nk0.8|vm1.2|mid_1030_1300,7,0.12,6,1,0,85.7,85.7,6.0,1.5,0.0,33.6
LONG:vwap_reclaim+delta_surge+vwap_reclaim_v+cvd_up|nk0.0|vm0.8|mid_1030_1300,7,0.12,6,1,0,85.7,85.7,6.0,1.5,0.0,33.6
LONG:vwap_reclaim+delta_surge+vwap_reclaim_v+cvd_up|nk0.0|vm1.2|mid_1030_1300,7,0.12,6,1,0,85.7,85.7,6.0,1.5,0.0,33.6
LONG:vwap_reclaim+delta_surge+vwap_reclaim_v+cvd_up|nk0.5|vm0.8|mid_1030_1300,7,0.12,6,1,0,85.7,85.7,6.0,1.5,0.0,33.6
LONG:vwap_reclaim+delta_surge+vwap_reclaim_v+cvd_up|nk0.5|vm1.2|mid_1030_1300,7,0.12,6,1,0,85.7,85.7,6.0,1.5,0.0,33.6
LONG:vwap_reclaim+delta_surge+vwap_reclaim_v+cvd_up|nk0.8|vm0.8|mid_1030_1300,7,0.12,6,1,0,85.7,85.7,6.0,1.5,0.0,33.6
LONG:vwap_reclaim+delta_surge+vwap_reclaim_v+cvd_up|nk0.8|vm1.2|mid_1030_1300,7,0.12,6,1,0,85.7,85.7,6.0,1.5,0.0,33.6
LONG:vwap_reclaim+delta_surge+vwap_reclaim_v+cvd_up_v|nk0.0|vm0.8|mid_1030_1300,7,0.12,6,1,0,85.7,85.7,6.0,1.5,0.0,33.6
LONG:vwap_reclaim+delta_surge+vwap_reclaim_v+cvd_up_v|nk0.0|vm1.2|mid_1030_1300,7,0.12,6,1,0,85.7,85.7,6.0,1.5,0.0,33.6
LONG:vwap_reclaim+delta_surge+vwap_reclaim_v+cvd_up_v|nk0.5|vm0.8|mid_1030_1300,7,0.12,6,1,0,85.7,85.7,6.0,1.5,0.0,33.6
LONG:vwap_reclaim+delta_surge+vwap_reclaim_v+cvd_up_v|nk0.5|vm1.2|mid_1030_1300,7,0.12,6,1,0,85.7,85.7,6.0,1.5,0.0,33.6
LONG:vwap_reclaim+delta_surge+vwap_reclaim_v+cvd_up_v|nk0.8|vm0.8|mid_1030_1300,7,0.12,6,1,0,85.7,85.7,6.0,1.5,0.0,33.6
LONG:vwap_reclaim+delta_surge+vwap_reclaim_v+cvd_up_v|nk0.8|vm1.2|mid_1030_1300,7,0.12,6,1,0,85.7,85.7,6.0,1.5,0.0,33.6
LONG:vwap_reclaim+delta_surge+rvol_thrust_up+above_vwap_v|nk0.0|vm0.8|mid_1030_1300,7,0.12,6,1,0,85.7,85.7,6.0,1.5,0.0,33.6
LONG:vwap_reclaim+delta_surge+rvol_thrust_up+above_vwap_v|nk0.0|vm1.2|mid_1030_1300,7,0.12,6,1,0,85.7,85.7,6.0,1.5,0.0,33.6
LONG:vwap_reclaim+delta_surge+rvol_thrust_up+above_vwap_v|nk0.5|vm0.8|mid_1030_1300,7,0.12,6,1,0,85.7,85.7,6.0,1.5,0.0,33.6
LONG:vwap_reclaim+delta_surge+rvol_thrust_up+above_vwap_v|nk0.5|vm1.2|mid_1030_1300,7,0.12,6,1,0,85.7,85.7,6.0,1.5,0.0,33.6
LONG:vwap_reclaim+delta_surge+rvol_thrust_up+above_vwap_v|nk0.8|vm0.8|mid_1030_1300,7,0.12,6,1,0,85.7,85.7,6.0,1.5,0.0,33.6
LONG:vwap_reclaim+delta_surge+rvol_thrust_up+above_vwap_v|nk0.8|vm1.2|mid_1030_1300,7,0.12,6,1,0,85.7,85.7,6.0,1.5,0.0,33.6
LONG:vwap_reclaim+delta_surge+rvol_thrust_up+cvd_up|nk0.0|vm0.8|mid_1030_1300,7,0.12,6,1,0,85.7,85.7,6.0,1.5,0.0,33.6
LONG:vwap_reclaim+delta_surge+rvol_thrust_up+cvd_up|nk0.0|vm1.2|mid_1030_1300,7,0.12,6,1,0,85.7,85.7,6.0,1.5,0.0,33.6
LONG:vwap_reclaim+delta_surge+rvol_thrust_up+cvd_up|nk0.5|vm0.8|mid_1030_1300,7,0.12,6,1,0,85.7,85.7,6.0,1.5,0.0,33.6
LONG:vwap_reclaim+delta_surge+rvol_thrust_up+cvd_up|nk0.5|vm1.2|mid_1030_1300,7,0.12,6,1,0,85.7,85.7,6.0,1.5,0.0,33.6
LONG:vwap_reclaim+delta_surge+rvol_thrust_up+cvd_up|nk0.8|vm0.8|mid_1030_1300,7,0.12,6,1,0,85.7,85.7,6.0,1.5,0.0,33.6
LONG:vwap_reclaim+delta_surge+rvol_thrust_up+cvd_up|nk0.8|vm1.2|mid_1030_1300,7,0.12,6,1,0,85.7,85.7,6.0,1.5,0.0,33.6
LONG:vwap_reclaim+delta_surge+rvol_thrust_up+cvd_up_v|nk0.0|vm0.8|mid_1030_1300,7,0.12,6,1,0,85.7,85.7,6.0,1.5,0.0,33.6
LONG:vwap_reclaim+delta_surge+rvol_thrust_up+cvd_up_v|nk0.0|vm1.2|mid_1030_1300,7,0.12,6,1,0,85.7,85.7,6.0,1.5,0.0,33.6
LONG:vwap_reclaim+delta_surge+rvol_thrust_up+cvd_up_v|nk0.5|vm0.8|mid_1030_1300,7,0.12,6,1,0,85.7,85.7,6.0,1.5,0.0,33.6
LONG:vwap_reclaim+delta_surge+rvol_thrust_up+cvd_up_v|nk0.5|vm1.2|mid_1030_1300,7,0.12,6,1,0,85.7,85.7,6.0,1.5,0.0,33.6
LONG:vwap_reclaim+delta_surge+rvol_thrust_up+cvd_up_v|nk0.8|vm0.8|mid_1030_1300,7,0.12,6,1,0,85.7,85.7,6.0,1.5,0.0,33.6
LONG:vwap_reclaim+delta_surge+rvol_thrust_up+cvd_up_v|nk0.8|vm1.2|mid_1030_1300,7,0.12,6,1,0,85.7,85.7,6.0,1.5,0.0,33.6
LONG:vwap_reclaim+delta_surge+above_vwap_v+cvd_up|nk0.0|vm0.8|mid_1030_1300,7,0.12,6,1,0,85.7,85.7,6.0,1.5,0.0,33.6
LONG:vwap_reclaim+delta_surge+above_vwap_v+cvd_up|nk0.0|vm1.2|mid_1030_1300,7,0.12,6,1,0,85.7,85.7,6.0,1.5,0.0,33.6
LONG:vwap_reclaim+delta_surge+above_vwap_v+cvd_up|nk0.5|vm0.8|mid_1030_1300,7,0.12,6,1,0,85.7,85.7,6.0,1.5,0.0,33.6
LONG:vwap_reclaim+delta_surge+above_vwap_v+cvd_up|nk0.5|vm1.2|mid_1030_1300,7,0.12,6,1,0,85.7,85.7,6.0,1.5,0.0,33.6
LONG:vwap_reclaim+delta_surge+above_vwap_v+cvd_up|nk0.8|vm0.8|mid_1030_1300,7,0.12,6,1,0,85.7,85.7,6.0,1.5,0.0,33.6
LONG:vwap_reclaim+delta_surge+above_vwap_v+cvd_up|nk0.8|vm1.2|mid_1030_1300,7,0.12,6,1,0,85.7,85.7,6.0,1.5,0.0,33.6
LONG:vwap_reclaim+delta_surge+above_vwap_v+cvd_up_v|nk0.0|vm0.8|mid_1030_1300,7,0.12,6,1,0,85.7,85.7,6.0,1.5,0.0,33.6
LONG:vwap_reclaim+delta_surge+above_vwap_v+cvd_up_v|nk0.0|vm1.2|mid_1030_1300,7,0.12,6,1,0,85.7,85.7,6.0,1.5,0.0,33.6
LONG:vwap_reclaim+delta_surge+above_vwap_v+cvd_up_v|nk0.5|vm0.8|mid_1030_1300,7,0.12,6,1,0,85.7,85.7,6.0,1.5,0.0,33.6
LONG:vwap_reclaim+delta_surge+above_vwap_v+cvd_up_v|nk0.5|vm1.2|mid_1030_1300,7,0.12,6,1,0,85.7,85.7,6.0,1.5,0.0,33.6
LONG:vwap_reclaim+delta_surge+above_vwap_v+cvd_up_v|nk0.8|vm0.8|mid_1030_1300,7,0.12,6,1,0,85.7,85.7,6.0,1.5,0.0,33.6
LONG:vwap_reclaim+delta_surge+above_vwap_v+cvd_up_v|nk0.8|vm1.2|mid_1030_1300,7,0.12,6,1,0,85.7,85.7,6.0,1.5,0.0,33.6
LONG:vwap_reclaim+delta_surge+cvd_up+cvd_up_v|nk0.0|vm0.8|mid_1030_1300,7,0.12,6,1,0,85.7,85.7,6.0,1.5,0.0,33.6
LONG:vwap_reclaim+delta_surge+cvd_up+cvd_up_v|nk0.0|vm1.2|mid_1030_1300,7,0.12,6,1,0,85.7,85.7,6.0,1.5,0.0,33.6
LONG:vwap_reclaim+delta_surge+cvd_up+cvd_up_v|nk0.5|vm0.8|mid_1030_1300,7,0.12,6,1,0,85.7,85.7,6.0,1.5,0.0,33.6
LONG:vwap_reclaim+delta_surge+cvd_up+cvd_up_v|nk0.5|vm1.2|mid_1030_1300,7,0.12,6,1,0,85.7,85.7,6.0,1.5,0.0,33.6
LONG:vwap_reclaim+delta_surge+cvd_up+cvd_up_v|nk0.8|vm0.8|mid_1030_1300,7,0.12,6,1,0,85.7,85.7,6.0,1.5,0.0,33.6
LONG:vwap_reclaim+delta_surge+cvd_up+cvd_up_v|nk0.8|vm1.2|mid_1030_1300,7,0.12,6,1,0,85.7,85.7,6.0,1.5,0.0,33.6
LONG:vwap_reclaim+strong_close+vwap_reclaim_v+rvol_thrust_up|nk0.0|vm0.8|mid_1030_1300,7,0.12,6,1,0,85.7,85.7,6.0,1.5,0.0,33.6
LONG:vwap_reclaim+strong_close+vwap_reclaim_v+rvol_thrust_up|nk0.0|vm1.2|mid_1030_1300,7,0.12,6,1,0,85.7,85.7,6.0,1.5,0.0,33.6
LONG:vwap_reclaim+strong_close+vwap_reclaim_v+rvol_thrust_up|nk0.5|vm0.8|mid_1030_1300,7,0.12,6,1,0,85.7,85.7,6.0,1.5,0.0,33.6
LONG:vwap_reclaim+strong_close+vwap_reclaim_v+rvol_thrust_up|nk0.5|vm1.2|mid_1030_1300,7,0.12,6,1,0,85.7,85.7,6.0,1.5,0.0,33.6
LONG:vwap_reclaim+strong_close+vwap_reclaim_v+rvol_thrust_up|nk0.8|vm0.8|mid_1030_1300,7,0.12,6,1,0,85.7,85.7,6.0,1.5,0.0,33.6
LONG:vwap_reclaim+strong_close+vwap_reclaim_v+rvol_thrust_up|nk0.8|vm1.2|mid_1030_1300,7,0.12,6,1,0,85.7,85.7,6.0,1.5,0.0,33.6
LONG:vwap_reclaim+strong_close+vwap_reclaim_v+above_vwap_v|nk0.0|vm0.8|mid_1030_1300,7,0.12,6,1,0,85.7,85.7,6.0,1.5,0.0,33.6
LONG:vwap_reclaim+strong_close+vwap_reclaim_v+above_vwap_v|nk0.0|vm1.2|mid_1030_1300,7,0.12,6,1,0,85.7,85.7,6.0,1.5,0.0,33.6
LONG:vwap_reclaim+strong_close+vwap_reclaim_v+above_vwap_v|nk0.5|vm0.8|mid_1030_1300,7,0.12,6,1,0,85.7,85.7,6.0,1.5,0.0,33.6
LONG:vwap_reclaim+strong_close+vwap_reclaim_v+above_vwap_v|nk0.5|vm1.2|mid_1030_1300,7,0.12,6,1,0,85.7,85.7,6.0,1.5,0.0,33.6
LONG:vwap_reclaim+strong_close+vwap_reclaim_v+above_vwap_v|nk0.8|vm0.8|mid_1030_1300,7,0.12,6,1,0,85.7,85.7,6.0,1.5,0.0,33.6
LONG:vwap_reclaim+strong_close+vwap_reclaim_v+above_vwap_v|nk0.8|vm1.2|mid_1030_1300,7,0.12,6,1,0,85.7,85.7,6.0,1.5,0.0,33.6
LONG:vwap_reclaim+strong_close+rvol_thrust_up+above_vwap_v|nk0.0|vm0.8|mid_1030_1300,7,0.12,6,1,0,85.7,85.7,6.0,1.5,0.0,33.6
LONG:vwap_reclaim+strong_close+rvol_thrust_up+above_vwap_v|nk0.0|vm1.2|mid_1030_1300,7,0.12,6,1,0,85.7,85.7,6.0,1.5,0.0,33.6
LONG:vwap_reclaim+strong_close+rvol_thrust_up+above_vwap_v|nk0.5|vm0.8|mid_1030_1300,7,0.12,6,1,0,85.7,85.7,6.0,1.5,0.0,33.6
LONG:vwap_reclaim+strong_close+rvol_thrust_up+above_vwap_v|nk0.5|vm1.2|mid_1030_1300,7,0.12,6,1,0,85.7,85.7,6.0,1.5,0.0,33.6
LONG:vwap_reclaim+strong_close+rvol_thrust_up+above_vwap_v|nk0.8|vm0.8|mid_1030_1300,7,0.12,6,1,0,85.7,85.7,6.0,1.5,0.0,33.6
LONG:vwap_reclaim+strong_close+rvol_thrust_up+above_vwap_v|nk0.8|vm1.2|mid_1030_1300,7,0.12,6,1,0,85.7,85.7,6.0,1.5,0.0,33.6
LONG:vwap_reclaim+strong_close+rvol_thrust_up+cvd_up|nk0.0|vm0.8|mid_1030_1300,7,0.12,6,1,0,85.7,85.7,6.0,1.5,0.0,33.6
LONG:vwap_reclaim+strong_close+rvol_thrust_up+cvd_up|nk0.0|vm1.2|mid_1030_1300,7,0.12,6,1,0,85.7,85.7,6.0,1.5,0.0,33.6
LONG:vwap_reclaim+strong_close+rvol_thrust_up+cvd_up|nk0.5|vm0.8|mid_1030_1300,7,0.12,6,1,0,85.7,85.7,6.0,1.5,0.0,33.6
LONG:vwap_reclaim+strong_close+rvol_thrust_up+cvd_up|nk0.5|vm1.2|mid_1030_1300,7,0.12,6,1,0,85.7,85.7,6.0,1.5,0.0,33.6
LONG:vwap_reclaim+strong_close+rvol_thrust_up+cvd_up|nk0.8|vm0.8|mid_1030_1300,7,0.12,6,1,0,85.7,85.7,6.0,1.5,0.0,33.6
LONG:vwap_reclaim+strong_close+rvol_thrust_up+cvd_up|nk0.8|vm1.2|mid_1030_1300,7,0.12,6,1,0,85.7,85.7,6.0,1.5,0.0,33.6
LONG:vwap_reclaim+strong_close+rvol_thrust_up+cvd_up_v|nk0.0|vm0.8|mid_1030_1300,7,0.12,6,1,0,85.7,85.7,6.0,1.5,0.0,33.6
LONG:vwap_reclaim+strong_close+rvol_thrust_up+cvd_up_v|nk0.0|vm1.2|mid_1030_1300,7,0.12,6,1,0,85.7,85.7,6.0,1.5,0.0,33.6
LONG:vwap_reclaim+strong_close+rvol_thrust_up+cvd_up_v|nk0.5|vm0.8|mid_1030_1300,7,0.12,6,1,0,85.7,85.7,6.0,1.5,0.0,33.6
LONG:vwap_reclaim+strong_close+rvol_thrust_up+cvd_up_v|nk0.5|vm1.2|mid_1030_1300,7,0.12,6,1,0,85.7,85.7,6.0,1.5,0.0,33.6
LONG:vwap_reclaim+strong_close+rvol_thrust_up+cvd_up_v|nk0.8|vm0.8|mid_1030_1300,7,0.12,6,1,0,85.7,85.7,6.0,1.5,0.0,33.6
LONG:vwap_reclaim+strong_close+rvol_thrust_up+cvd_up_v|nk0.8|vm1.2|mid_1030_1300,7,0.12,6,1,0,85.7,85.7,6.0,1.5,0.0,33.6
LONG:vwap_reclaim+strong_close+above_vwap_v+cvd_up|nk0.0|vm0.8|mid_1030_1300,7,0.12,6,1,0,85.7,85.7,6.0,1.5,0.0,33.6
LONG:vwap_reclaim+strong_close+above_vwap_v+cvd_up|nk0.0|vm1.2|mid_1030_1300,7,0.12,6,1,0,85.7,85.7,6.0,1.5,0.0,33.6
LONG:vwap_reclaim+strong_close+above_vwap_v+cvd_up|nk0.5|vm0.8|mid_1030_1300,7,0.12,6,1,0,85.7,85.7,6.0,1.5,0.0,33.6
LONG:vwap_reclaim+strong_close+above_vwap_v+cvd_up|nk0.5|vm1.2|mid_1030_1300,7,0.12,6,1,0,85.7,85.7,6.0,1.5,0.0,33.6
LONG:vwap_reclaim+strong_close+above_vwap_v+cvd_up|nk0.8|vm0.8|mid_1030_1300,7,0.12,6,1,0,85.7,85.7,6.0,1.5,0.0,33.6
LONG:vwap_reclaim+strong_close+above_vwap_v+cvd_up|nk0.8|vm1.2|mid_1030_1300,7,0.12,6,1,0,85.7,85.7,6.0,1.5,0.0,33.6
LONG:vwap_reclaim+strong_close+above_vwap_v+cvd_up_v|nk0.0|vm0.8|mid_1030_1300,7,0.12,6,1,0,85.7,85.7,6.0,1.5,0.0,33.6
LONG:vwap_reclaim+strong_close+above_vwap_v+cvd_up_v|nk0.0|vm1.2|mid_1030_1300,7,0.12,6,1,0,85.7,85.7,6.0,1.5,0.0,33.6
LONG:vwap_reclaim+strong_close+above_vwap_v+cvd_up_v|nk0.5|vm0.8|mid_1030_1300,7,0.12,6,1,0,85.7,85.7,6.0,1.5,0.0,33.6
LONG:vwap_reclaim+strong_close+above_vwap_v+cvd_up_v|nk0.5|vm1.2|mid_1030_1300,7,0.12,6,1,0,85.7,85.7,6.0,1.5,0.0,33.6
LONG:vwap_reclaim+strong_close+above_vwap_v+cvd_up_v|nk0.8|vm0.8|mid_1030_1300,7,0.12,6,1,0,85.7,85.7,6.0,1.5,0.0,33.6
LONG:vwap_reclaim+strong_close+above_vwap_v+cvd_up_v|nk0.8|vm1.2|mid_1030_1300,7,0.12,6,1,0,85.7,85.7,6.0,1.5,0.0,33.6
LONG:vwap_reclaim+vwap_reclaim_v+rvol_thrust_up+above_vwap_v|nk0.0|vm0.8|mid_1030_1300,7,0.12,6,1,0,85.7,85.7,6.0,1.5,0.0,33.6
LONG:vwap_reclaim+vwap_reclaim_v+rvol_thrust_up+above_vwap_v|nk0.0|vm1.2|mid_1030_1300,7,0.12,6,1,0,85.7,85.7,6.0,1.5,0.0,33.6
LONG:vwap_reclaim+vwap_reclaim_v+rvol_thrust_up+above_vwap_v|nk0.5|vm0.8|mid_1030_1300,7,0.12,6,1,0,85.7,85.7,6.0,1.5,0.0,33.6
LONG:vwap_reclaim+vwap_reclaim_v+rvol_thrust_up+above_vwap_v|nk0.5|vm1.2|mid_1030_1300,7,0.12,6,1,0,85.7,85.7,6.0,1.5,0.0,33.6
LONG:vwap_reclaim+vwap_reclaim_v+rvol_thrust_up+above_vwap_v|nk0.8|vm0.8|mid_1030_1300,7,0.12,6,1,0,85.7,85.7,6.0,1.5,0.0,33.6
LONG:vwap_reclaim+vwap_reclaim_v+rvol_thrust_up+above_vwap_v|nk0.8|vm1.2|mid_1030_1300,7,0.12,6,1,0,85.7,85.7,6.0,1.5,0.0,33.6
LONG:vwap_reclaim+vwap_reclaim_v+rvol_thrust_up+cvd_up|nk0.0|vm0.8|mid_1030_1300,7,0.12,6,1,0,85.7,85.7,6.0,1.5,0.0,33.6
LONG:vwap_reclaim+vwap_reclaim_v+rvol_thrust_up+cvd_up|nk0.0|vm1.2|mid_1030_1300,7,0.12,6,1,0,85.7,85.7,6.0,1.5,0.0,33.6
LONG:vwap_reclaim+vwap_reclaim_v+rvol_thrust_up+cvd_up|nk0.5|vm0.8|mid_1030_1300,7,0.12,6,1,0,85.7,85.7,6.0,1.5,0.0,33.6
LONG:vwap_reclaim+vwap_reclaim_v+rvol_thrust_up+cvd_up|nk0.5|vm1.2|mid_1030_1300,7,0.12,6,1,0,85.7,85.7,6.0,1.5,0.0,33.6
LONG:vwap_reclaim+vwap_reclaim_v+rvol_thrust_up+cvd_up|nk0.8|vm0.8|mid_1030_1300,7,0.12,6,1,0,85.7,85.7,6.0,1.5,0.0,33.6
LONG:vwap_reclaim+vwap_reclaim_v+rvol_thrust_up+cvd_up|nk0.8|vm1.2|mid_1030_1300,7,0.12,6,1,0,85.7,85.7,6.0,1.5,0.0,33.6
LONG:vwap_reclaim+vwap_reclaim_v+rvol_thrust_up+cvd_up_v|nk0.0|vm0.8|mid_1030_1300,7,0.12,6,1,0,85.7,85.7,6.0,1.5,0.0,33.6
LONG:vwap_reclaim+vwap_reclaim_v+rvol_thrust_up+cvd_up_v|nk0.0|vm1.2|mid_1030_1300,7,0.12,6,1,0,85.7,85.7,6.0,1.5,0.0,33.6
LONG:vwap_reclaim+vwap_reclaim_v+rvol_thrust_up+cvd_up_v|nk0.5|vm0.8|mid_1030_1300,7,0.12,6,1,0,85.7,85.7,6.0,1.5,0.0,33.6
LONG:vwap_reclaim+vwap_reclaim_v+rvol_thrust_up+cvd_up_v|nk0.5|vm1.2|mid_1030_1300,7,0.12,6,1,0,85.7,85.7,6.0,1.5,0.0,33.6
LONG:vwap_reclaim+vwap_reclaim_v+rvol_thrust_up+cvd_up_v|nk0.8|vm0.8|mid_1030_1300,7,0.12,6,1,0,85.7,85.7,6.0,1.5,0.0,33.6
LONG:vwap_reclaim+vwap_reclaim_v+rvol_thrust_up+cvd_up_v|nk0.8|vm1.2|mid_1030_1300,7,0.12,6,1,0,85.7,85.7,6.0,1.5,0.0,33.6
LONG:vwap_reclaim+vwap_reclaim_v+above_vwap_v+cvd_up|nk0.0|vm0.8|mid_1030_1300,7,0.12,6,1,0,85.7,85.7,6.0,1.5,0.0,33.6
LONG:vwap_reclaim+vwap_reclaim_v+above_vwap_v+cvd_up|nk0.0|vm1.2|mid_1030_1300,7,0.12,6,1,0,85.7,85.7,6.0,1.5,0.0,33.6
LONG:vwap_reclaim+vwap_reclaim_v+above_vwap_v+cvd_up|nk0.5|vm0.8|mid_1030_1300,7,0.12,6,1,0,85.7,85.7,6.0,1.5,0.0,33.6
LONG:vwap_reclaim+vwap_reclaim_v+above_vwap_v+cvd_up|nk0.5|vm1.2|mid_1030_1300,7,0.12,6,1,0,85.7,85.7,6.0,1.5,0.0,33.6
LONG:vwap_reclaim+vwap_reclaim_v+above_vwap_v+cvd_up|nk0.8|vm0.8|mid_1030_1300,7,0.12,6,1,0,85.7,85.7,6.0,1.5,0.0,33.6
LONG:vwap_reclaim+vwap_reclaim_v+above_vwap_v+cvd_up|nk0.8|vm1.2|mid_1030_1300,7,0.12,6,1,0,85.7,85.7,6.0,1.5,0.0,33.6
LONG:vwap_reclaim+vwap_reclaim_v+above_vwap_v+cvd_up_v|nk0.0|vm0.8|mid_1030_1300,7,0.12,6,1,0,85.7,85.7,6.0,1.5,0.0,33.6
LONG:vwap_reclaim+vwap_reclaim_v+above_vwap_v+cvd_up_v|nk0.0|vm1.2|mid_1030_1300,7,0.12,6,1,0,85.7,85.7,6.0,1.5,0.0,33.6
LONG:vwap_reclaim+vwap_reclaim_v+above_vwap_v+cvd_up_v|nk0.5|vm0.8|mid_1030_1300,7,0.12,6,1,0,85.7,85.7,6.0,1.5,0.0,33.6
LONG:vwap_reclaim+vwap_reclaim_v+above_vwap_v+cvd_up_v|nk0.5|vm1.2|mid_1030_1300,7,0.12,6,1,0,85.7,85.7,6.0,1.5,0.0,33.6
LONG:vwap_reclaim+vwap_reclaim_v+above_vwap_v+cvd_up_v|nk0.8|vm0.8|mid_1030_1300,7,0.12,6,1,0,85.7,85.7,6.0,1.5,0.0,33.6
LONG:vwap_reclaim+vwap_reclaim_v+above_vwap_v+cvd_up_v|nk0.8|vm1.2|mid_1030_1300,7,0.12,6,1,0,85.7,85.7,6.0,1.5,0.0,33.6
LONG:vwap_reclaim+rvol_thrust_up+above_vwap_v+cvd_up|nk0.0|vm0.8|mid_1030_1300,7,0.12,6,1,0,85.7,85.7,6.0,1.5,0.0,33.6
LONG:vwap_reclaim+rvol_thrust_up+above_vwap_v+cvd_up|nk0.0|vm1.2|mid_1030_1300,7,0.12,6,1,0,85.7,85.7,6.0,1.5,0.0,33.6
LONG:vwap_reclaim+rvol_thrust_up+above_vwap_v+cvd_up|nk0.5|vm0.8|mid_1030_1300,7,0.12,6,1,0,85.7,85.7,6.0,1.5,0.0,33.6
LONG:vwap_reclaim+rvol_thrust_up+above_vwap_v+cvd_up|nk0.5|vm1.2|mid_1030_1300,7,0.12,6,1,0,85.7,85.7,6.0,1.5,0.0,33.6
LONG:vwap_reclaim+rvol_thrust_up+above_vwap_v+cvd_up|nk0.8|vm0.8|mid_1030_1300,7,0.12,6,1,0,85.7,85.7,6.0,1.5,0.0,33.6
LONG:vwap_reclaim+rvol_thrust_up+above_vwap_v+cvd_up|nk0.8|vm1.2|mid_1030_1300,7,0.12,6,1,0,85.7,85.7,6.0,1.5,0.0,33.6
LONG:vwap_reclaim+rvol_thrust_up+above_vwap_v+cvd_up_v|nk0.0|vm0.8|mid_1030_1300,7,0.12,6,1,0,85.7,85.7,6.0,1.5,0.0,33.6
LONG:vwap_reclaim+rvol_thrust_up+above_vwap_v+cvd_up_v|nk0.0|vm1.2|mid_1030_1300,7,0.12,6,1,0,85.7,85.7,6.0,1.5,0.0,33.6
LONG:vwap_reclaim+rvol_thrust_up+above_vwap_v+cvd_up_v|nk0.5|vm0.8|mid_1030_1300,7,0.12,6,1,0,85.7,85.7,6.0,1.5,0.0,33.6
LONG:vwap_reclaim+rvol_thrust_up+above_vwap_v+cvd_up_v|nk0.5|vm1.2|mid_1030_1300,7,0.12,6,1,0,85.7,85.7,6.0,1.5,0.0,33.6
LONG:vwap_reclaim+rvol_thrust_up+above_vwap_v+cvd_up_v|nk0.8|vm0.8|mid_1030_1300,7,0.12,6,1,0,85.7,85.7,6.0,1.5,0.0,33.6
LONG:vwap_reclaim+rvol_thrust_up+above_vwap_v+cvd_up_v|nk0.8|vm1.2|mid_1030_1300,7,0.12,6,1,0,85.7,85.7,6.0,1.5,0.0,33.6
LONG:vwap_reclaim+rvol_thrust_up+cvd_up+cvd_up_v|nk0.0|vm0.8|mid_1030_1300,7,0.12,6,1,0,85.7,85.7,6.0,1.5,0.0,33.6
LONG:vwap_reclaim+rvol_thrust_up+cvd_up+cvd_up_v|nk0.0|vm1.2|mid_1030_1300,7,0.12,6,1,0,85.7,85.7,6.0,1.5,0.0,33.6
LONG:vwap_reclaim+rvol_thrust_up+cvd_up+cvd_up_v|nk0.5|vm0.8|mid_1030_1300,7,0.12,6,1,0,85.7,85.7,6.0,1.5,0.0,33.6
LONG:vwap_reclaim+rvol_thrust_up+cvd_up+cvd_up_v|nk0.5|vm1.2|mid_1030_1300,7,0.12,6,1,0,85.7,85.7,6.0,1.5,0.0,33.6
LONG:vwap_reclaim+rvol_thrust_up+cvd_up+cvd_up_v|nk0.8|vm0.8|mid_1030_1300,7,0.12,6,1,0,85.7,85.7,6.0,1.5,0.0,33.6
LONG:vwap_reclaim+rvol_thrust_up+cvd_up+cvd_up_v|nk0.8|vm1.2|mid_1030_1300,7,0.12,6,1,0,85.7,85.7,6.0,1.5,0.0,33.6
LONG:vwap_reclaim+above_vwap_v+cvd_up+cvd_up_v|nk0.0|vm0.8|mid_1030_1300,7,0.12,6,1,0,85.7,85.7,6.0,1.5,0.0,33.6
LONG:vwap_reclaim+above_vwap_v+cvd_up+cvd_up_v|nk0.0|vm1.2|mid_1030_1300,7,0.12,6,1,0,85.7,85.7,6.0,1.5,0.0,33.6
LONG:vwap_reclaim+above_vwap_v+cvd_up+cvd_up_v|nk0.5|vm0.8|mid_1030_1300,7,0.12,6,1,0,85.7,85.7,6.0,1.5,0.0,33.6
LONG:vwap_reclaim+above_vwap_v+cvd_up+cvd_up_v|nk0.5|vm1.2|mid_1030_1300,7,0.12,6,1,0,85.7,85.7,6.0,1.5,0.0,33.6
LONG:vwap_reclaim+above_vwap_v+cvd_up+cvd_up_v|nk0.8|vm0.8|mid_1030_1300,7,0.12,6,1,0,85.7,85.7,6.0,1.5,0.0,33.6
LONG:vwap_reclaim+above_vwap_v+cvd_up+cvd_up_v|nk0.8|vm1.2|mid_1030_1300,7,0.12,6,1,0,85.7,85.7,6.0,1.5,0.0,33.6
LONG:above_vwap+adi_up+delta_surge+vwap_reclaim_v|nk0.0|vm0.8|mid_1030_1300,7,0.12,6,1,0,85.7,85.7,6.0,1.5,0.0,33.6
LONG:above_vwap+adi_up+delta_surge+vwap_reclaim_v|nk0.0|vm1.2|mid_1030_1300,7,0.12,6,1,0,85.7,85.7,6.0,1.5,0.0,33.6
LONG:above_vwap+adi_up+delta_surge+vwap_reclaim_v|nk0.5|vm0.8|mid_1030_1300,7,0.12,6,1,0,85.7,85.7,6.0,1.5,0.0,33.6
LONG:above_vwap+adi_up+delta_surge+vwap_reclaim_v|nk0.5|vm1.2|mid_1030_1300,7,0.12,6,1,0,85.7,85.7,6.0,1.5,0.0,33.6
LONG:above_vwap+adi_up+delta_surge+vwap_reclaim_v|nk0.8|vm0.8|mid_1030_1300,7,0.12,6,1,0,85.7,85.7,6.0,1.5,0.0,33.6
LONG:above_vwap+adi_up+delta_surge+vwap_reclaim_v|nk0.8|vm1.2|mid_1030_1300,7,0.12,6,1,0,85.7,85.7,6.0,1.5,0.0,33.6
LONG:above_vwap+adi_up+delta_surge+rsi_thrust_up|nk0.0|vm0.8|mid_1030_1300,7,0.12,6,1,0,85.7,85.7,6.0,1.5,0.3,27.9
LONG:above_vwap+adi_up+delta_surge+rsi_thrust_up|nk0.0|vm1.2|mid_1030_1300,7,0.12,6,1,0,85.7,85.7,6.0,1.5,0.3,27.9
LONG:above_vwap+adi_up+delta_surge+rsi_thrust_up|nk0.5|vm0.8|mid_1030_1300,7,0.12,6,1,0,85.7,85.7,6.0,1.5,0.3,27.9
LONG:above_vwap+adi_up+delta_surge+rsi_thrust_up|nk0.5|vm1.2|mid_1030_1300,7,0.12,6,1,0,85.7,85.7,6.0,1.5,0.3,27.9
LONG:above_vwap+adi_up+delta_surge+rsi_thrust_up|nk0.8|vm0.8|mid_1030_1300,7,0.12,6,1,0,85.7,85.7,6.0,1.5,0.3,27.9
LONG:above_vwap+adi_up+delta_surge+rsi_thrust_up|nk0.8|vm1.2|mid_1030_1300,7,0.12,6,1,0,85.7,85.7,6.0,1.5,0.3,27.9
LONG:above_vwap+adi_up+s1_bounce+cvd_up|nk0.0|vm1.2|full_0845_1400,7,0.12,6,1,0,85.7,85.7,6.0,1.5,0.3,9.3
LONG:above_vwap+adi_up+s1_bounce+cvd_up|nk0.5|vm1.2|full_0845_1400,7,0.12,6,1,0,85.7,85.7,6.0,1.5,0.3,9.3
LONG:above_vwap+adi_up+above_pivot+macd_x_up_neg|nk0.8|vm0.8|am_0845_1130,7,0.12,6,1,0,85.7,85.7,6.0,1.5,0.3,9.3
LONG:above_vwap+adi_up+vwap_reclaim_v+rvol_thrust_up|nk0.0|vm0.8|mid_1030_1300,7,0.12,6,1,0,85.7,85.7,6.0,1.5,0.0,33.6
LONG:above_vwap+adi_up+vwap_reclaim_v+rvol_thrust_up|nk0.0|vm1.2|mid_1030_1300,7,0.12,6,1,0,85.7,85.7,6.0,1.5,0.0,33.6
LONG:above_vwap+adi_up+vwap_reclaim_v+rvol_thrust_up|nk0.5|vm0.8|mid_1030_1300,7,0.12,6,1,0,85.7,85.7,6.0,1.5,0.0,33.6
LONG:above_vwap+adi_up+vwap_reclaim_v+rvol_thrust_up|nk0.5|vm1.2|mid_1030_1300,7,0.12,6,1,0,85.7,85.7,6.0,1.5,0.0,33.6
LONG:above_vwap+adi_up+vwap_reclaim_v+rvol_thrust_up|nk0.8|vm0.8|mid_1030_1300,7,0.12,6,1,0,85.7,85.7,6.0,1.5,0.0,33.6
LONG:above_vwap+adi_up+vwap_reclaim_v+rvol_thrust_up|nk0.8|vm1.2|mid_1030_1300,7,0.12,6,1,0,85.7,85.7,6.0,1.5,0.0,33.6
LONG:above_vwap+adi_up+vwap_reclaim_v+above_vwap_v|nk0.0|vm0.8|mid_1030_1300,7,0.12,6,1,0,85.7,85.7,6.0,1.5,0.0,33.6
LONG:above_vwap+adi_up+vwap_reclaim_v+above_vwap_v|nk0.0|vm1.2|mid_1030_1300,7,0.12,6,1,0,85.7,85.7,6.0,1.5,0.0,33.6
LONG:above_vwap+adi_up+vwap_reclaim_v+above_vwap_v|nk0.5|vm0.8|mid_1030_1300,7,0.12,6,1,0,85.7,85.7,6.0,1.5,0.0,33.6
LONG:above_vwap+adi_up+vwap_reclaim_v+above_vwap_v|nk0.5|vm1.2|mid_1030_1300,7,0.12,6,1,0,85.7,85.7,6.0,1.5,0.0,33.6
LONG:above_vwap+adi_up+vwap_reclaim_v+above_vwap_v|nk0.8|vm0.8|mid_1030_1300,7,0.12,6,1,0,85.7,85.7,6.0,1.5,0.0,33.6
LONG:above_vwap+adi_up+vwap_reclaim_v+above_vwap_v|nk0.8|vm1.2|mid_1030_1300,7,0.12,6,1,0,85.7,85.7,6.0,1.5,0.0,33.6
LONG:above_vwap+adi_up+rvol_thrust_up+rsi_thrust_up|nk0.0|vm0.8|mid_1030_1300,7,0.12,6,1,0,85.7,85.7,6.0,1.5,0.3,27.9
LONG:above_vwap+adi_up+rvol_thrust_up+rsi_thrust_up|nk0.0|vm1.2|mid_1030_1300,7,0.12,6,1,0,85.7,85.7,6.0,1.5,0.3,27.9
LONG:above_vwap+adi_up+rvol_thrust_up+rsi_thrust_up|nk0.5|vm0.8|mid_1030_1300,7,0.12,6,1,0,85.7,85.7,6.0,1.5,0.3,27.9
LONG:above_vwap+adi_up+rvol_thrust_up+rsi_thrust_up|nk0.5|vm1.2|mid_1030_1300,7,0.12,6,1,0,85.7,85.7,6.0,1.5,0.3,27.9
LONG:above_vwap+adi_up+rvol_thrust_up+rsi_thrust_up|nk0.8|vm0.8|mid_1030_1300,7,0.12,6,1,0,85.7,85.7,6.0,1.5,0.3,27.9
LONG:above_vwap+adi_up+rvol_thrust_up+rsi_thrust_up|nk0.8|vm1.2|mid_1030_1300,7,0.12,6,1,0,85.7,85.7,6.0,1.5,0.3,27.9
LONG:above_vwap+adi_up+above_vwap_v+rsi_thrust_up|nk0.0|vm0.8|mid_1030_1300,7,0.12,6,1,0,85.7,85.7,6.0,1.5,0.3,27.9
LONG:above_vwap+adi_up+above_vwap_v+rsi_thrust_up|nk0.0|vm1.2|mid_1030_1300,7,0.12,6,1,0,85.7,85.7,6.0,1.5,0.3,27.9
LONG:above_vwap+adi_up+above_vwap_v+rsi_thrust_up|nk0.5|vm0.8|mid_1030_1300,7,0.12,6,1,0,85.7,85.7,6.0,1.5,0.3,27.9
LONG:above_vwap+adi_up+above_vwap_v+rsi_thrust_up|nk0.5|vm1.2|mid_1030_1300,7,0.12,6,1,0,85.7,85.7,6.0,1.5,0.3,27.9
LONG:above_vwap+adi_up+above_vwap_v+rsi_thrust_up|nk0.8|vm0.8|mid_1030_1300,7,0.12,6,1,0,85.7,85.7,6.0,1.5,0.3,27.9
LONG:above_vwap+adi_up+above_vwap_v+rsi_thrust_up|nk0.8|vm1.2|mid_1030_1300,7,0.12,6,1,0,85.7,85.7,6.0,1.5,0.3,27.9
LONG:above_vwap+delta_surge+macd_x_up_neg+cvd_up|nk0.8|vm0.8|full_0845_1400,7,0.12,6,1,0,85.7,85.7,6.0,1.5,0.0,5.7
LONG:above_vwap+delta_surge+macd_x_up_neg+cvd_up|nk0.8|vm0.8|am_0845_1130,7,0.12,6,1,0,85.7,85.7,6.0,1.5,0.0,5.7
LONG:above_vwap+delta_surge+macd_x_up_neg+cvd_up|nk0.8|vm1.2|full_0845_1400,7,0.12,6,1,0,85.7,85.7,6.0,1.5,0.0,5.7
LONG:above_vwap+delta_surge+macd_x_up_neg+cvd_up|nk0.8|vm1.2|am_0845_1130,7,0.12,6,1,0,85.7,85.7,6.0,1.5,0.0,5.7
LONG:above_vwap+delta_surge+strong_close+vwap_reclaim_v|nk0.0|vm0.8|mid_1030_1300,7,0.12,6,1,0,85.7,85.7,6.0,1.5,0.0,33.6
LONG:above_vwap+delta_surge+strong_close+vwap_reclaim_v|nk0.0|vm1.2|mid_1030_1300,7,0.12,6,1,0,85.7,85.7,6.0,1.5,0.0,33.6
LONG:above_vwap+delta_surge+strong_close+vwap_reclaim_v|nk0.5|vm0.8|mid_1030_1300,7,0.12,6,1,0,85.7,85.7,6.0,1.5,0.0,33.6
LONG:above_vwap+delta_surge+strong_close+vwap_reclaim_v|nk0.5|vm1.2|mid_1030_1300,7,0.12,6,1,0,85.7,85.7,6.0,1.5,0.0,33.6
LONG:above_vwap+delta_surge+strong_close+vwap_reclaim_v|nk0.8|vm0.8|mid_1030_1300,7,0.12,6,1,0,85.7,85.7,6.0,1.5,0.0,33.6
LONG:above_vwap+delta_surge+strong_close+vwap_reclaim_v|nk0.8|vm1.2|mid_1030_1300,7,0.12,6,1,0,85.7,85.7,6.0,1.5,0.0,33.6
LONG:above_vwap+delta_surge+strong_close+rsi_thrust_up|nk0.0|vm0.8|mid_1030_1300,7,0.12,6,1,0,85.7,85.7,6.0,1.5,0.3,27.9
LONG:above_vwap+delta_surge+strong_close+rsi_thrust_up|nk0.0|vm1.2|mid_1030_1300,7,0.12,6,1,0,85.7,85.7,6.0,1.5,0.3,27.9
LONG:above_vwap+delta_surge+strong_close+rsi_thrust_up|nk0.5|vm0.8|mid_1030_1300,7,0.12,6,1,0,85.7,85.7,6.0,1.5,0.3,27.9
LONG:above_vwap+delta_surge+strong_close+rsi_thrust_up|nk0.5|vm1.2|mid_1030_1300,7,0.12,6,1,0,85.7,85.7,6.0,1.5,0.3,27.9
LONG:above_vwap+delta_surge+strong_close+rsi_thrust_up|nk0.8|vm0.8|mid_1030_1300,7,0.12,6,1,0,85.7,85.7,6.0,1.5,0.3,27.9
LONG:above_vwap+delta_surge+strong_close+rsi_thrust_up|nk0.8|vm1.2|mid_1030_1300,7,0.12,6,1,0,85.7,85.7,6.0,1.5,0.3,27.9
LONG:above_vwap+delta_surge+vwap_reclaim_v+rvol_thrust_up|nk0.0|vm0.8|mid_1030_1300,7,0.12,6,1,0,85.7,85.7,6.0,1.5,0.0,33.6
LONG:above_vwap+delta_surge+vwap_reclaim_v+rvol_thrust_up|nk0.0|vm1.2|mid_1030_1300,7,0.12,6,1,0,85.7,85.7,6.0,1.5,0.0,33.6
LONG:above_vwap+delta_surge+vwap_reclaim_v+rvol_thrust_up|nk0.5|vm0.8|mid_1030_1300,7,0.12,6,1,0,85.7,85.7,6.0,1.5,0.0,33.6
LONG:above_vwap+delta_surge+vwap_reclaim_v+rvol_thrust_up|nk0.5|vm1.2|mid_1030_1300,7,0.12,6,1,0,85.7,85.7,6.0,1.5,0.0,33.6
LONG:above_vwap+delta_surge+vwap_reclaim_v+rvol_thrust_up|nk0.8|vm0.8|mid_1030_1300,7,0.12,6,1,0,85.7,85.7,6.0,1.5,0.0,33.6
LONG:above_vwap+delta_surge+vwap_reclaim_v+rvol_thrust_up|nk0.8|vm1.2|mid_1030_1300,7,0.12,6,1,0,85.7,85.7,6.0,1.5,0.0,33.6
LONG:above_vwap+delta_surge+vwap_reclaim_v+above_vwap_v|nk0.0|vm0.8|mid_1030_1300,7,0.12,6,1,0,85.7,85.7,6.0,1.5,0.0,33.6
LONG:above_vwap+delta_surge+vwap_reclaim_v+above_vwap_v|nk0.0|vm1.2|mid_1030_1300,7,0.12,6,1,0,85.7,85.7,6.0,1.5,0.0,33.6
LONG:above_vwap+delta_surge+vwap_reclaim_v+above_vwap_v|nk0.5|vm0.8|mid_1030_1300,7,0.12,6,1,0,85.7,85.7,6.0,1.5,0.0,33.6
LONG:above_vwap+delta_surge+vwap_reclaim_v+above_vwap_v|nk0.5|vm1.2|mid_1030_1300,7,0.12,6,1,0,85.7,85.7,6.0,1.5,0.0,33.6
LONG:above_vwap+delta_surge+vwap_reclaim_v+above_vwap_v|nk0.8|vm0.8|mid_1030_1300,7,0.12,6,1,0,85.7,85.7,6.0,1.5,0.0,33.6
LONG:above_vwap+delta_surge+vwap_reclaim_v+above_vwap_v|nk0.8|vm1.2|mid_1030_1300,7,0.12,6,1,0,85.7,85.7,6.0,1.5,0.0,33.6
LONG:above_vwap+delta_surge+vwap_reclaim_v+cvd_up|nk0.0|vm0.8|mid_1030_1300,7,0.12,6,1,0,85.7,85.7,6.0,1.5,0.0,33.6
LONG:above_vwap+delta_surge+vwap_reclaim_v+cvd_up|nk0.0|vm1.2|mid_1030_1300,7,0.12,6,1,0,85.7,85.7,6.0,1.5,0.0,33.6
LONG:above_vwap+delta_surge+vwap_reclaim_v+cvd_up|nk0.5|vm0.8|mid_1030_1300,7,0.12,6,1,0,85.7,85.7,6.0,1.5,0.0,33.6
LONG:above_vwap+delta_surge+vwap_reclaim_v+cvd_up|nk0.5|vm1.2|mid_1030_1300,7,0.12,6,1,0,85.7,85.7,6.0,1.5,0.0,33.6
LONG:above_vwap+delta_surge+vwap_reclaim_v+cvd_up|nk0.8|vm0.8|mid_1030_1300,7,0.12,6,1,0,85.7,85.7,6.0,1.5,0.0,33.6
LONG:above_vwap+delta_surge+vwap_reclaim_v+cvd_up|nk0.8|vm1.2|mid_1030_1300,7,0.12,6,1,0,85.7,85.7,6.0,1.5,0.0,33.6
LONG:above_vwap+delta_surge+vwap_reclaim_v+cvd_up_v|nk0.0|vm0.8|mid_1030_1300,7,0.12,6,1,0,85.7,85.7,6.0,1.5,0.0,33.6
LONG:above_vwap+delta_surge+vwap_reclaim_v+cvd_up_v|nk0.0|vm1.2|mid_1030_1300,7,0.12,6,1,0,85.7,85.7,6.0,1.5,0.0,33.6
LONG:above_vwap+delta_surge+vwap_reclaim_v+cvd_up_v|nk0.5|vm0.8|mid_1030_1300,7,0.12,6,1,0,85.7,85.7,6.0,1.5,0.0,33.6
LONG:above_vwap+delta_surge+vwap_reclaim_v+cvd_up_v|nk0.5|vm1.2|mid_1030_1300,7,0.12,6,1,0,85.7,85.7,6.0,1.5,0.0,33.6
LONG:above_vwap+delta_surge+vwap_reclaim_v+cvd_up_v|nk0.8|vm0.8|mid_1030_1300,7,0.12,6,1,0,85.7,85.7,6.0,1.5,0.0,33.6
LONG:above_vwap+delta_surge+vwap_reclaim_v+cvd_up_v|nk0.8|vm1.2|mid_1030_1300,7,0.12,6,1,0,85.7,85.7,6.0,1.5,0.0,33.6
LONG:above_vwap+delta_surge+rvol_thrust_up+rsi_thrust_up|nk0.0|vm0.8|mid_1030_1300,7,0.12,6,1,0,85.7,85.7,6.0,1.5,0.3,27.9
LONG:above_vwap+delta_surge+rvol_thrust_up+rsi_thrust_up|nk0.0|vm1.2|mid_1030_1300,7,0.12,6,1,0,85.7,85.7,6.0,1.5,0.3,27.9
LONG:above_vwap+delta_surge+rvol_thrust_up+rsi_thrust_up|nk0.5|vm0.8|mid_1030_1300,7,0.12,6,1,0,85.7,85.7,6.0,1.5,0.3,27.9
LONG:above_vwap+delta_surge+rvol_thrust_up+rsi_thrust_up|nk0.5|vm1.2|mid_1030_1300,7,0.12,6,1,0,85.7,85.7,6.0,1.5,0.3,27.9
LONG:above_vwap+delta_surge+rvol_thrust_up+rsi_thrust_up|nk0.8|vm0.8|mid_1030_1300,7,0.12,6,1,0,85.7,85.7,6.0,1.5,0.3,27.9
LONG:above_vwap+delta_surge+rvol_thrust_up+rsi_thrust_up|nk0.8|vm1.2|mid_1030_1300,7,0.12,6,1,0,85.7,85.7,6.0,1.5,0.3,27.9
LONG:above_vwap+delta_surge+above_vwap_v+rsi_thrust_up|nk0.0|vm0.8|mid_1030_1300,7,0.12,6,1,0,85.7,85.7,6.0,1.5,0.3,27.9
LONG:above_vwap+delta_surge+above_vwap_v+rsi_thrust_up|nk0.0|vm1.2|mid_1030_1300,7,0.12,6,1,0,85.7,85.7,6.0,1.5,0.3,27.9
LONG:above_vwap+delta_surge+above_vwap_v+rsi_thrust_up|nk0.5|vm0.8|mid_1030_1300,7,0.12,6,1,0,85.7,85.7,6.0,1.5,0.3,27.9
LONG:above_vwap+delta_surge+above_vwap_v+rsi_thrust_up|nk0.5|vm1.2|mid_1030_1300,7,0.12,6,1,0,85.7,85.7,6.0,1.5,0.3,27.9
LONG:above_vwap+delta_surge+above_vwap_v+rsi_thrust_up|nk0.8|vm0.8|mid_1030_1300,7,0.12,6,1,0,85.7,85.7,6.0,1.5,0.3,27.9
LONG:above_vwap+delta_surge+above_vwap_v+rsi_thrust_up|nk0.8|vm1.2|mid_1030_1300,7,0.12,6,1,0,85.7,85.7,6.0,1.5,0.3,27.9
LONG:above_vwap+delta_surge+cvd_up+rsi_thrust_up|nk0.0|vm0.8|mid_1030_1300,7,0.12,6,1,0,85.7,85.7,6.0,1.5,0.3,27.9
LONG:above_vwap+delta_surge+cvd_up+rsi_thrust_up|nk0.0|vm1.2|mid_1030_1300,7,0.12,6,1,0,85.7,85.7,6.0,1.5,0.3,27.9
LONG:above_vwap+delta_surge+cvd_up+rsi_thrust_up|nk0.5|vm0.8|mid_1030_1300,7,0.12,6,1,0,85.7,85.7,6.0,1.5,0.3,27.9
LONG:above_vwap+delta_surge+cvd_up+rsi_thrust_up|nk0.5|vm1.2|mid_1030_1300,7,0.12,6,1,0,85.7,85.7,6.0,1.5,0.3,27.9
LONG:above_vwap+delta_surge+cvd_up+rsi_thrust_up|nk0.8|vm0.8|mid_1030_1300,7,0.12,6,1,0,85.7,85.7,6.0,1.5,0.3,27.9
LONG:above_vwap+delta_surge+cvd_up+rsi_thrust_up|nk0.8|vm1.2|mid_1030_1300,7,0.12,6,1,0,85.7,85.7,6.0,1.5,0.3,27.9
LONG:above_vwap+delta_surge+cvd_up_v+rsi_thrust_up|nk0.0|vm0.8|mid_1030_1300,7,0.12,6,1,0,85.7,85.7,6.0,1.5,0.3,27.9
LONG:above_vwap+delta_surge+cvd_up_v+rsi_thrust_up|nk0.0|vm1.2|mid_1030_1300,7,0.12,6,1,0,85.7,85.7,6.0,1.5,0.3,27.9
LONG:above_vwap+delta_surge+cvd_up_v+rsi_thrust_up|nk0.5|vm0.8|mid_1030_1300,7,0.12,6,1,0,85.7,85.7,6.0,1.5,0.3,27.9
LONG:above_vwap+delta_surge+cvd_up_v+rsi_thrust_up|nk0.5|vm1.2|mid_1030_1300,7,0.12,6,1,0,85.7,85.7,6.0,1.5,0.3,27.9
LONG:above_vwap+delta_surge+cvd_up_v+rsi_thrust_up|nk0.8|vm0.8|mid_1030_1300,7,0.12,6,1,0,85.7,85.7,6.0,1.5,0.3,27.9
LONG:above_vwap+delta_surge+cvd_up_v+rsi_thrust_up|nk0.8|vm1.2|mid_1030_1300,7,0.12,6,1,0,85.7,85.7,6.0,1.5,0.3,27.9
LONG:above_vwap+yhigh_break+above_pivot+strong_close|nk0.0|vm0.8|pm_1130_1400,7,0.12,6,1,0,85.7,85.7,6.0,1.5,0.3,20.0
LONG:above_vwap+yhigh_break+above_pivot+strong_close|nk0.5|vm0.8|pm_1130_1400,7,0.12,6,1,0,85.7,85.7,6.0,1.5,0.3,20.0
LONG:above_vwap+above_pivot+macd_x_up+macd_x_up_neg|nk0.8|vm0.8|am_0845_1130,7,0.12,6,1,0,85.7,85.7,6.0,1.5,0.3,9.3
LONG:above_vwap+above_pivot+macd_x_up_neg+strong_close|nk0.0|vm0.8|full_0845_1400,7,0.12,6,1,0,85.7,85.7,6.0,1.5,0.3,13.6
LONG:above_vwap+above_pivot+macd_x_up_neg+strong_close|nk0.5|vm0.8|full_0845_1400,7,0.12,6,1,0,85.7,85.7,6.0,1.5,0.3,13.6
LONG:above_vwap+above_pivot+macd_x_up_neg+strong_close|nk0.8|vm0.8|full_0845_1400,7,0.12,6,1,0,85.7,85.7,6.0,1.5,0.3,13.6
LONG:above_vwap+above_pivot+macd_x_up_neg+cvd_up|nk0.8|vm0.8|full_0845_1400,7,0.12,6,1,0,85.7,85.7,6.0,1.5,0.3,15.0
LONG:above_vwap+hist_turn_up+orb_break_up+cvd_up|nk0.0|vm0.8|am_0845_1130,7,0.12,6,1,0,85.7,85.7,6.0,1.5,0.3,5.7
LONG:above_vwap+hist_turn_up+orb_break_up+cvd_up|nk0.5|vm0.8|am_0845_1130,7,0.12,6,1,0,85.7,85.7,6.0,1.5,0.3,5.7
LONG:above_vwap+strong_close+vwap_reclaim_v+rvol_thrust_up|nk0.0|vm0.8|mid_1030_1300,7,0.12,6,1,0,85.7,85.7,6.0,1.5,0.0,33.6
LONG:above_vwap+strong_close+vwap_reclaim_v+rvol_thrust_up|nk0.0|vm1.2|mid_1030_1300,7,0.12,6,1,0,85.7,85.7,6.0,1.5,0.0,33.6
LONG:above_vwap+strong_close+vwap_reclaim_v+rvol_thrust_up|nk0.5|vm0.8|mid_1030_1300,7,0.12,6,1,0,85.7,85.7,6.0,1.5,0.0,33.6
LONG:above_vwap+strong_close+vwap_reclaim_v+rvol_thrust_up|nk0.5|vm1.2|mid_1030_1300,7,0.12,6,1,0,85.7,85.7,6.0,1.5,0.0,33.6
LONG:above_vwap+strong_close+vwap_reclaim_v+rvol_thrust_up|nk0.8|vm0.8|mid_1030_1300,7,0.12,6,1,0,85.7,85.7,6.0,1.5,0.0,33.6
LONG:above_vwap+strong_close+vwap_reclaim_v+rvol_thrust_up|nk0.8|vm1.2|mid_1030_1300,7,0.12,6,1,0,85.7,85.7,6.0,1.5,0.0,33.6
LONG:above_vwap+strong_close+vwap_reclaim_v+above_vwap_v|nk0.0|vm0.8|mid_1030_1300,7,0.12,6,1,0,85.7,85.7,6.0,1.5,0.0,33.6
LONG:above_vwap+strong_close+vwap_reclaim_v+above_vwap_v|nk0.0|vm1.2|mid_1030_1300,7,0.12,6,1,0,85.7,85.7,6.0,1.5,0.0,33.6
LONG:above_vwap+strong_close+vwap_reclaim_v+above_vwap_v|nk0.5|vm0.8|mid_1030_1300,7,0.12,6,1,0,85.7,85.7,6.0,1.5,0.0,33.6
LONG:above_vwap+strong_close+vwap_reclaim_v+above_vwap_v|nk0.5|vm1.2|mid_1030_1300,7,0.12,6,1,0,85.7,85.7,6.0,1.5,0.0,33.6
LONG:above_vwap+strong_close+vwap_reclaim_v+above_vwap_v|nk0.8|vm0.8|mid_1030_1300,7,0.12,6,1,0,85.7,85.7,6.0,1.5,0.0,33.6
LONG:above_vwap+strong_close+vwap_reclaim_v+above_vwap_v|nk0.8|vm1.2|mid_1030_1300,7,0.12,6,1,0,85.7,85.7,6.0,1.5,0.0,33.6
LONG:above_vwap+strong_close+rvol_thrust_up+rsi_thrust_up|nk0.0|vm0.8|mid_1030_1300,7,0.12,6,1,0,85.7,85.7,6.0,1.5,0.3,27.9
LONG:above_vwap+strong_close+rvol_thrust_up+rsi_thrust_up|nk0.0|vm1.2|mid_1030_1300,7,0.12,6,1,0,85.7,85.7,6.0,1.5,0.3,27.9
LONG:above_vwap+strong_close+rvol_thrust_up+rsi_thrust_up|nk0.5|vm0.8|mid_1030_1300,7,0.12,6,1,0,85.7,85.7,6.0,1.5,0.3,27.9
LONG:above_vwap+strong_close+rvol_thrust_up+rsi_thrust_up|nk0.5|vm1.2|mid_1030_1300,7,0.12,6,1,0,85.7,85.7,6.0,1.5,0.3,27.9
LONG:above_vwap+strong_close+rvol_thrust_up+rsi_thrust_up|nk0.8|vm0.8|mid_1030_1300,7,0.12,6,1,0,85.7,85.7,6.0,1.5,0.3,27.9
LONG:above_vwap+strong_close+rvol_thrust_up+rsi_thrust_up|nk0.8|vm1.2|mid_1030_1300,7,0.12,6,1,0,85.7,85.7,6.0,1.5,0.3,27.9
LONG:above_vwap+strong_close+above_vwap_v+rsi_thrust_up|nk0.0|vm0.8|mid_1030_1300,7,0.12,6,1,0,85.7,85.7,6.0,1.5,0.3,27.9
LONG:above_vwap+strong_close+above_vwap_v+rsi_thrust_up|nk0.0|vm1.2|mid_1030_1300,7,0.12,6,1,0,85.7,85.7,6.0,1.5,0.3,27.9
LONG:above_vwap+strong_close+above_vwap_v+rsi_thrust_up|nk0.5|vm0.8|mid_1030_1300,7,0.12,6,1,0,85.7,85.7,6.0,1.5,0.3,27.9
LONG:above_vwap+strong_close+above_vwap_v+rsi_thrust_up|nk0.5|vm1.2|mid_1030_1300,7,0.12,6,1,0,85.7,85.7,6.0,1.5,0.3,27.9
LONG:above_vwap+strong_close+above_vwap_v+rsi_thrust_up|nk0.8|vm0.8|mid_1030_1300,7,0.12,6,1,0,85.7,85.7,6.0,1.5,0.3,27.9
LONG:above_vwap+strong_close+above_vwap_v+rsi_thrust_up|nk0.8|vm1.2|mid_1030_1300,7,0.12,6,1,0,85.7,85.7,6.0,1.5,0.3,27.9
LONG:above_vwap+vwap_reclaim_v+rvol_thrust_up+above_vwap_v|nk0.0|vm0.8|mid_1030_1300,7,0.12,6,1,0,85.7,85.7,6.0,1.5,0.0,33.6
LONG:above_vwap+vwap_reclaim_v+rvol_thrust_up+above_vwap_v|nk0.0|vm1.2|mid_1030_1300,7,0.12,6,1,0,85.7,85.7,6.0,1.5,0.0,33.6
LONG:above_vwap+vwap_reclaim_v+rvol_thrust_up+above_vwap_v|nk0.5|vm0.8|mid_1030_1300,7,0.12,6,1,0,85.7,85.7,6.0,1.5,0.0,33.6
LONG:above_vwap+vwap_reclaim_v+rvol_thrust_up+above_vwap_v|nk0.5|vm1.2|mid_1030_1300,7,0.12,6,1,0,85.7,85.7,6.0,1.5,0.0,33.6
LONG:above_vwap+vwap_reclaim_v+rvol_thrust_up+above_vwap_v|nk0.8|vm0.8|mid_1030_1300,7,0.12,6,1,0,85.7,85.7,6.0,1.5,0.0,33.6
LONG:above_vwap+vwap_reclaim_v+rvol_thrust_up+above_vwap_v|nk0.8|vm1.2|mid_1030_1300,7,0.12,6,1,0,85.7,85.7,6.0,1.5,0.0,33.6
LONG:above_vwap+vwap_reclaim_v+rvol_thrust_up+cvd_up|nk0.0|vm0.8|mid_1030_1300,7,0.12,6,1,0,85.7,85.7,6.0,1.5,0.0,33.6
LONG:above_vwap+vwap_reclaim_v+rvol_thrust_up+cvd_up|nk0.0|vm1.2|mid_1030_1300,7,0.12,6,1,0,85.7,85.7,6.0,1.5,0.0,33.6
LONG:above_vwap+vwap_reclaim_v+rvol_thrust_up+cvd_up|nk0.5|vm0.8|mid_1030_1300,7,0.12,6,1,0,85.7,85.7,6.0,1.5,0.0,33.6
LONG:above_vwap+vwap_reclaim_v+rvol_thrust_up+cvd_up|nk0.5|vm1.2|mid_1030_1300,7,0.12,6,1,0,85.7,85.7,6.0,1.5,0.0,33.6
LONG:above_vwap+vwap_reclaim_v+rvol_thrust_up+cvd_up|nk0.8|vm0.8|mid_1030_1300,7,0.12,6,1,0,85.7,85.7,6.0,1.5,0.0,33.6
LONG:above_vwap+vwap_reclaim_v+rvol_thrust_up+cvd_up|nk0.8|vm1.2|mid_1030_1300,7,0.12,6,1,0,85.7,85.7,6.0,1.5,0.0,33.6
LONG:above_vwap+vwap_reclaim_v+rvol_thrust_up+cvd_up_v|nk0.0|vm0.8|mid_1030_1300,7,0.12,6,1,0,85.7,85.7,6.0,1.5,0.0,33.6
LONG:above_vwap+vwap_reclaim_v+rvol_thrust_up+cvd_up_v|nk0.0|vm1.2|mid_1030_1300,7,0.12,6,1,0,85.7,85.7,6.0,1.5,0.0,33.6
LONG:above_vwap+vwap_reclaim_v+rvol_thrust_up+cvd_up_v|nk0.5|vm0.8|mid_1030_1300,7,0.12,6,1,0,85.7,85.7,6.0,1.5,0.0,33.6
LONG:above_vwap+vwap_reclaim_v+rvol_thrust_up+cvd_up_v|nk0.5|vm1.2|mid_1030_1300,7,0.12,6,1,0,85.7,85.7,6.0,1.5,0.0,33.6
LONG:above_vwap+vwap_reclaim_v+rvol_thrust_up+cvd_up_v|nk0.8|vm0.8|mid_1030_1300,7,0.12,6,1,0,85.7,85.7,6.0,1.5,0.0,33.6
LONG:above_vwap+vwap_reclaim_v+rvol_thrust_up+cvd_up_v|nk0.8|vm1.2|mid_1030_1300,7,0.12,6,1,0,85.7,85.7,6.0,1.5,0.0,33.6
LONG:above_vwap+vwap_reclaim_v+above_vwap_v+cvd_up|nk0.0|vm0.8|mid_1030_1300,7,0.12,6,1,0,85.7,85.7,6.0,1.5,0.0,33.6
LONG:above_vwap+vwap_reclaim_v+above_vwap_v+cvd_up|nk0.0|vm1.2|mid_1030_1300,7,0.12,6,1,0,85.7,85.7,6.0,1.5,0.0,33.6
LONG:above_vwap+vwap_reclaim_v+above_vwap_v+cvd_up|nk0.5|vm0.8|mid_1030_1300,7,0.12,6,1,0,85.7,85.7,6.0,1.5,0.0,33.6
LONG:above_vwap+vwap_reclaim_v+above_vwap_v+cvd_up|nk0.5|vm1.2|mid_1030_1300,7,0.12,6,1,0,85.7,85.7,6.0,1.5,0.0,33.6
LONG:above_vwap+vwap_reclaim_v+above_vwap_v+cvd_up|nk0.8|vm0.8|mid_1030_1300,7,0.12,6,1,0,85.7,85.7,6.0,1.5,0.0,33.6
LONG:above_vwap+vwap_reclaim_v+above_vwap_v+cvd_up|nk0.8|vm1.2|mid_1030_1300,7,0.12,6,1,0,85.7,85.7,6.0,1.5,0.0,33.6
LONG:above_vwap+vwap_reclaim_v+above_vwap_v+cvd_up_v|nk0.0|vm0.8|mid_1030_1300,7,0.12,6,1,0,85.7,85.7,6.0,1.5,0.0,33.6
LONG:above_vwap+vwap_reclaim_v+above_vwap_v+cvd_up_v|nk0.0|vm1.2|mid_1030_1300,7,0.12,6,1,0,85.7,85.7,6.0,1.5,0.0,33.6
LONG:above_vwap+vwap_reclaim_v+above_vwap_v+cvd_up_v|nk0.5|vm0.8|mid_1030_1300,7,0.12,6,1,0,85.7,85.7,6.0,1.5,0.0,33.6
LONG:above_vwap+vwap_reclaim_v+above_vwap_v+cvd_up_v|nk0.5|vm1.2|mid_1030_1300,7,0.12,6,1,0,85.7,85.7,6.0,1.5,0.0,33.6
LONG:above_vwap+vwap_reclaim_v+above_vwap_v+cvd_up_v|nk0.8|vm0.8|mid_1030_1300,7,0.12,6,1,0,85.7,85.7,6.0,1.5,0.0,33.6
LONG:above_vwap+vwap_reclaim_v+above_vwap_v+cvd_up_v|nk0.8|vm1.2|mid_1030_1300,7,0.12,6,1,0,85.7,85.7,6.0,1.5,0.0,33.6
LONG:above_vwap+rvol_thrust_up+above_vwap_v+rsi_thrust_up|nk0.0|vm0.8|mid_1030_1300,7,0.12,6,1,0,85.7,85.7,6.0,1.5,0.3,27.9
LONG:above_vwap+rvol_thrust_up+above_vwap_v+rsi_thrust_up|nk0.0|vm1.2|mid_1030_1300,7,0.12,6,1,0,85.7,85.7,6.0,1.5,0.3,27.9
LONG:above_vwap+rvol_thrust_up+above_vwap_v+rsi_thrust_up|nk0.5|vm0.8|mid_1030_1300,7,0.12,6,1,0,85.7,85.7,6.0,1.5,0.3,27.9
LONG:above_vwap+rvol_thrust_up+above_vwap_v+rsi_thrust_up|nk0.5|vm1.2|mid_1030_1300,7,0.12,6,1,0,85.7,85.7,6.0,1.5,0.3,27.9
LONG:above_vwap+rvol_thrust_up+above_vwap_v+rsi_thrust_up|nk0.8|vm0.8|mid_1030_1300,7,0.12,6,1,0,85.7,85.7,6.0,1.5,0.3,27.9
LONG:above_vwap+rvol_thrust_up+above_vwap_v+rsi_thrust_up|nk0.8|vm1.2|mid_1030_1300,7,0.12,6,1,0,85.7,85.7,6.0,1.5,0.3,27.9
LONG:above_vwap+rvol_thrust_up+cvd_up+rsi_thrust_up|nk0.0|vm0.8|mid_1030_1300,7,0.12,6,1,0,85.7,85.7,6.0,1.5,0.3,27.9
LONG:above_vwap+rvol_thrust_up+cvd_up+rsi_thrust_up|nk0.0|vm1.2|mid_1030_1300,7,0.12,6,1,0,85.7,85.7,6.0,1.5,0.3,27.9
LONG:above_vwap+rvol_thrust_up+cvd_up+rsi_thrust_up|nk0.5|vm0.8|mid_1030_1300,7,0.12,6,1,0,85.7,85.7,6.0,1.5,0.3,27.9
LONG:above_vwap+rvol_thrust_up+cvd_up+rsi_thrust_up|nk0.5|vm1.2|mid_1030_1300,7,0.12,6,1,0,85.7,85.7,6.0,1.5,0.3,27.9
LONG:above_vwap+rvol_thrust_up+cvd_up+rsi_thrust_up|nk0.8|vm0.8|mid_1030_1300,7,0.12,6,1,0,85.7,85.7,6.0,1.5,0.3,27.9
LONG:above_vwap+rvol_thrust_up+cvd_up+rsi_thrust_up|nk0.8|vm1.2|mid_1030_1300,7,0.12,6,1,0,85.7,85.7,6.0,1.5,0.3,27.9
LONG:above_vwap+rvol_thrust_up+cvd_up_v+rsi_thrust_up|nk0.0|vm0.8|mid_1030_1300,7,0.12,6,1,0,85.7,85.7,6.0,1.5,0.3,27.9
LONG:above_vwap+rvol_thrust_up+cvd_up_v+rsi_thrust_up|nk0.0|vm1.2|mid_1030_1300,7,0.12,6,1,0,85.7,85.7,6.0,1.5,0.3,27.9
LONG:above_vwap+rvol_thrust_up+cvd_up_v+rsi_thrust_up|nk0.5|vm0.8|mid_1030_1300,7,0.12,6,1,0,85.7,85.7,6.0,1.5,0.3,27.9
LONG:above_vwap+rvol_thrust_up+cvd_up_v+rsi_thrust_up|nk0.5|vm1.2|mid_1030_1300,7,0.12,6,1,0,85.7,85.7,6.0,1.5,0.3,27.9
LONG:above_vwap+rvol_thrust_up+cvd_up_v+rsi_thrust_up|nk0.8|vm0.8|mid_1030_1300,7,0.12,6,1,0,85.7,85.7,6.0,1.5,0.3,27.9
LONG:above_vwap+rvol_thrust_up+cvd_up_v+rsi_thrust_up|nk0.8|vm1.2|mid_1030_1300,7,0.12,6,1,0,85.7,85.7,6.0,1.5,0.3,27.9
LONG:above_vwap+above_vwap_v+cvd_up+rsi_thrust_up|nk0.0|vm0.8|mid_1030_1300,7,0.12,6,1,0,85.7,85.7,6.0,1.5,0.3,27.9
LONG:above_vwap+above_vwap_v+cvd_up+rsi_thrust_up|nk0.0|vm1.2|mid_1030_1300,7,0.12,6,1,0,85.7,85.7,6.0,1.5,0.3,27.9
LONG:above_vwap+above_vwap_v+cvd_up+rsi_thrust_up|nk0.5|vm0.8|mid_1030_1300,7,0.12,6,1,0,85.7,85.7,6.0,1.5,0.3,27.9
LONG:above_vwap+above_vwap_v+cvd_up+rsi_thrust_up|nk0.5|vm1.2|mid_1030_1300,7,0.12,6,1,0,85.7,85.7,6.0,1.5,0.3,27.9
LONG:above_vwap+above_vwap_v+cvd_up+rsi_thrust_up|nk0.8|vm0.8|mid_1030_1300,7,0.12,6,1,0,85.7,85.7,6.0,1.5,0.3,27.9
LONG:above_vwap+above_vwap_v+cvd_up+rsi_thrust_up|nk0.8|vm1.2|mid_1030_1300,7,0.12,6,1,0,85.7,85.7,6.0,1.5,0.3,27.9
LONG:above_vwap+above_vwap_v+cvd_up_v+rsi_thrust_up|nk0.0|vm0.8|mid_1030_1300,7,0.12,6,1,0,85.7,85.7,6.0,1.5,0.3,27.9
LONG:above_vwap+above_vwap_v+cvd_up_v+rsi_thrust_up|nk0.0|vm1.2|mid_1030_1300,7,0.12,6,1,0,85.7,85.7,6.0,1.5,0.3,27.9
LONG:above_vwap+above_vwap_v+cvd_up_v+rsi_thrust_up|nk0.5|vm0.8|mid_1030_1300,7,0.12,6,1,0,85.7,85.7,6.0,1.5,0.3,27.9
LONG:above_vwap+above_vwap_v+cvd_up_v+rsi_thrust_up|nk0.5|vm1.2|mid_1030_1300,7,0.12,6,1,0,85.7,85.7,6.0,1.5,0.3,27.9
LONG:above_vwap+above_vwap_v+cvd_up_v+rsi_thrust_up|nk0.8|vm0.8|mid_1030_1300,7,0.12,6,1,0,85.7,85.7,6.0,1.5,0.3,27.9
LONG:above_vwap+above_vwap_v+cvd_up_v+rsi_thrust_up|nk0.8|vm1.2|mid_1030_1300,7,0.12,6,1,0,85.7,85.7,6.0,1.5,0.3,27.9
LONG:adi_up+delta_surge+macd_x_up_neg+cvd_up|nk0.8|vm0.8|full_0845_1400,7,0.12,6,1,0,85.7,85.7,6.0,1.5,0.0,5.7
LONG:adi_up+delta_surge+macd_x_up_neg+cvd_up|nk0.8|vm0.8|am_0845_1130,7,0.12,6,1,0,85.7,85.7,6.0,1.5,0.0,5.7
LONG:adi_up+delta_surge+macd_x_up_neg+cvd_up|nk0.8|vm1.2|full_0845_1400,7,0.12,6,1,0,85.7,85.7,6.0,1.5,0.0,5.7
LONG:adi_up+delta_surge+macd_x_up_neg+cvd_up|nk0.8|vm1.2|am_0845_1130,7,0.12,6,1,0,85.7,85.7,6.0,1.5,0.0,5.7
LONG:adi_up+delta_surge+strong_close+vwap_reclaim_v|nk0.0|vm0.8|mid_1030_1300,7,0.12,6,1,0,85.7,85.7,6.0,1.5,0.0,33.6
LONG:adi_up+delta_surge+strong_close+vwap_reclaim_v|nk0.0|vm1.2|mid_1030_1300,7,0.12,6,1,0,85.7,85.7,6.0,1.5,0.0,33.6
LONG:adi_up+delta_surge+strong_close+vwap_reclaim_v|nk0.5|vm0.8|mid_1030_1300,7,0.12,6,1,0,85.7,85.7,6.0,1.5,0.0,33.6
LONG:adi_up+delta_surge+strong_close+vwap_reclaim_v|nk0.5|vm1.2|mid_1030_1300,7,0.12,6,1,0,85.7,85.7,6.0,1.5,0.0,33.6
LONG:adi_up+delta_surge+strong_close+vwap_reclaim_v|nk0.8|vm0.8|mid_1030_1300,7,0.12,6,1,0,85.7,85.7,6.0,1.5,0.0,33.6
LONG:adi_up+delta_surge+strong_close+vwap_reclaim_v|nk0.8|vm1.2|mid_1030_1300,7,0.12,6,1,0,85.7,85.7,6.0,1.5,0.0,33.6
LONG:adi_up+delta_surge+vwap_reclaim_v+rvol_thrust_up|nk0.0|vm0.8|mid_1030_1300,7,0.12,6,1,0,85.7,85.7,6.0,1.5,0.0,33.6
LONG:adi_up+delta_surge+vwap_reclaim_v+rvol_thrust_up|nk0.0|vm1.2|mid_1030_1300,7,0.12,6,1,0,85.7,85.7,6.0,1.5,0.0,33.6
LONG:adi_up+delta_surge+vwap_reclaim_v+rvol_thrust_up|nk0.5|vm0.8|mid_1030_1300,7,0.12,6,1,0,85.7,85.7,6.0,1.5,0.0,33.6
LONG:adi_up+delta_surge+vwap_reclaim_v+rvol_thrust_up|nk0.5|vm1.2|mid_1030_1300,7,0.12,6,1,0,85.7,85.7,6.0,1.5,0.0,33.6
LONG:adi_up+delta_surge+vwap_reclaim_v+rvol_thrust_up|nk0.8|vm0.8|mid_1030_1300,7,0.12,6,1,0,85.7,85.7,6.0,1.5,0.0,33.6
LONG:adi_up+delta_surge+vwap_reclaim_v+rvol_thrust_up|nk0.8|vm1.2|mid_1030_1300,7,0.12,6,1,0,85.7,85.7,6.0,1.5,0.0,33.6
LONG:adi_up+delta_surge+vwap_reclaim_v+above_vwap_v|nk0.0|vm0.8|mid_1030_1300,7,0.12,6,1,0,85.7,85.7,6.0,1.5,0.0,33.6
LONG:adi_up+delta_surge+vwap_reclaim_v+above_vwap_v|nk0.0|vm1.2|mid_1030_1300,7,0.12,6,1,0,85.7,85.7,6.0,1.5,0.0,33.6
LONG:adi_up+delta_surge+vwap_reclaim_v+above_vwap_v|nk0.5|vm0.8|mid_1030_1300,7,0.12,6,1,0,85.7,85.7,6.0,1.5,0.0,33.6
LONG:adi_up+delta_surge+vwap_reclaim_v+above_vwap_v|nk0.5|vm1.2|mid_1030_1300,7,0.12,6,1,0,85.7,85.7,6.0,1.5,0.0,33.6
LONG:adi_up+delta_surge+vwap_reclaim_v+above_vwap_v|nk0.8|vm0.8|mid_1030_1300,7,0.12,6,1,0,85.7,85.7,6.0,1.5,0.0,33.6
LONG:adi_up+delta_surge+vwap_reclaim_v+above_vwap_v|nk0.8|vm1.2|mid_1030_1300,7,0.12,6,1,0,85.7,85.7,6.0,1.5,0.0,33.6
LONG:adi_up+delta_surge+vwap_reclaim_v+cvd_up|nk0.0|vm0.8|mid_1030_1300,7,0.12,6,1,0,85.7,85.7,6.0,1.5,0.0,33.6
LONG:adi_up+delta_surge+vwap_reclaim_v+cvd_up|nk0.0|vm1.2|mid_1030_1300,7,0.12,6,1,0,85.7,85.7,6.0,1.5,0.0,33.6
LONG:adi_up+delta_surge+vwap_reclaim_v+cvd_up|nk0.5|vm0.8|mid_1030_1300,7,0.12,6,1,0,85.7,85.7,6.0,1.5,0.0,33.6
LONG:adi_up+delta_surge+vwap_reclaim_v+cvd_up|nk0.5|vm1.2|mid_1030_1300,7,0.12,6,1,0,85.7,85.7,6.0,1.5,0.0,33.6
LONG:adi_up+delta_surge+vwap_reclaim_v+cvd_up|nk0.8|vm0.8|mid_1030_1300,7,0.12,6,1,0,85.7,85.7,6.0,1.5,0.0,33.6
LONG:adi_up+delta_surge+vwap_reclaim_v+cvd_up|nk0.8|vm1.2|mid_1030_1300,7,0.12,6,1,0,85.7,85.7,6.0,1.5,0.0,33.6
LONG:adi_up+delta_surge+vwap_reclaim_v+cvd_up_v|nk0.0|vm0.8|mid_1030_1300,7,0.12,6,1,0,85.7,85.7,6.0,1.5,0.0,33.6
LONG:adi_up+delta_surge+vwap_reclaim_v+cvd_up_v|nk0.0|vm1.2|mid_1030_1300,7,0.12,6,1,0,85.7,85.7,6.0,1.5,0.0,33.6
LONG:adi_up+delta_surge+vwap_reclaim_v+cvd_up_v|nk0.5|vm0.8|mid_1030_1300,7,0.12,6,1,0,85.7,85.7,6.0,1.5,0.0,33.6
LONG:adi_up+delta_surge+vwap_reclaim_v+cvd_up_v|nk0.5|vm1.2|mid_1030_1300,7,0.12,6,1,0,85.7,85.7,6.0,1.5,0.0,33.6
LONG:adi_up+delta_surge+vwap_reclaim_v+cvd_up_v|nk0.8|vm0.8|mid_1030_1300,7,0.12,6,1,0,85.7,85.7,6.0,1.5,0.0,33.6
LONG:adi_up+delta_surge+vwap_reclaim_v+cvd_up_v|nk0.8|vm1.2|mid_1030_1300,7,0.12,6,1,0,85.7,85.7,6.0,1.5,0.0,33.6
LONG:adi_up+delta_surge+rvol_thrust_up+rsi_thrust_up|nk0.0|vm0.8|mid_1030_1300,7,0.12,6,1,0,85.7,85.7,6.0,1.5,0.3,27.9
LONG:adi_up+delta_surge+rvol_thrust_up+rsi_thrust_up|nk0.0|vm1.2|mid_1030_1300,7,0.12,6,1,0,85.7,85.7,6.0,1.5,0.3,27.9
LONG:adi_up+delta_surge+rvol_thrust_up+rsi_thrust_up|nk0.5|vm0.8|mid_1030_1300,7,0.12,6,1,0,85.7,85.7,6.0,1.5,0.3,27.9
LONG:adi_up+delta_surge+rvol_thrust_up+rsi_thrust_up|nk0.5|vm1.2|mid_1030_1300,7,0.12,6,1,0,85.7,85.7,6.0,1.5,0.3,27.9
LONG:adi_up+delta_surge+rvol_thrust_up+rsi_thrust_up|nk0.8|vm0.8|mid_1030_1300,7,0.12,6,1,0,85.7,85.7,6.0,1.5,0.3,27.9
LONG:adi_up+delta_surge+rvol_thrust_up+rsi_thrust_up|nk0.8|vm1.2|mid_1030_1300,7,0.12,6,1,0,85.7,85.7,6.0,1.5,0.3,27.9
LONG:adi_up+delta_surge+above_vwap_v+rsi_thrust_up|nk0.0|vm0.8|mid_1030_1300,7,0.12,6,1,0,85.7,85.7,6.0,1.5,0.3,27.9
LONG:adi_up+delta_surge+above_vwap_v+rsi_thrust_up|nk0.0|vm1.2|mid_1030_1300,7,0.12,6,1,0,85.7,85.7,6.0,1.5,0.3,27.9
LONG:adi_up+delta_surge+above_vwap_v+rsi_thrust_up|nk0.5|vm0.8|mid_1030_1300,7,0.12,6,1,0,85.7,85.7,6.0,1.5,0.3,27.9
LONG:adi_up+delta_surge+above_vwap_v+rsi_thrust_up|nk0.5|vm1.2|mid_1030_1300,7,0.12,6,1,0,85.7,85.7,6.0,1.5,0.3,27.9
LONG:adi_up+delta_surge+above_vwap_v+rsi_thrust_up|nk0.8|vm0.8|mid_1030_1300,7,0.12,6,1,0,85.7,85.7,6.0,1.5,0.3,27.9
LONG:adi_up+delta_surge+above_vwap_v+rsi_thrust_up|nk0.8|vm1.2|mid_1030_1300,7,0.12,6,1,0,85.7,85.7,6.0,1.5,0.3,27.9
LONG:adi_up+delta_surge+cvd_up+rsi_thrust_up|nk0.0|vm0.8|mid_1030_1300,7,0.12,6,1,0,85.7,85.7,6.0,1.5,0.3,27.9
LONG:adi_up+delta_surge+cvd_up+rsi_thrust_up|nk0.0|vm1.2|mid_1030_1300,7,0.12,6,1,0,85.7,85.7,6.0,1.5,0.3,27.9
LONG:adi_up+delta_surge+cvd_up+rsi_thrust_up|nk0.5|vm0.8|mid_1030_1300,7,0.12,6,1,0,85.7,85.7,6.0,1.5,0.3,27.9
LONG:adi_up+delta_surge+cvd_up+rsi_thrust_up|nk0.5|vm1.2|mid_1030_1300,7,0.12,6,1,0,85.7,85.7,6.0,1.5,0.3,27.9
LONG:adi_up+delta_surge+cvd_up+rsi_thrust_up|nk0.8|vm0.8|mid_1030_1300,7,0.12,6,1,0,85.7,85.7,6.0,1.5,0.3,27.9
LONG:adi_up+delta_surge+cvd_up+rsi_thrust_up|nk0.8|vm1.2|mid_1030_1300,7,0.12,6,1,0,85.7,85.7,6.0,1.5,0.3,27.9
LONG:adi_up+delta_surge+cvd_up_v+rsi_thrust_up|nk0.0|vm0.8|mid_1030_1300,7,0.12,6,1,0,85.7,85.7,6.0,1.5,0.3,27.9
LONG:adi_up+delta_surge+cvd_up_v+rsi_thrust_up|nk0.0|vm1.2|mid_1030_1300,7,0.12,6,1,0,85.7,85.7,6.0,1.5,0.3,27.9
LONG:adi_up+delta_surge+cvd_up_v+rsi_thrust_up|nk0.5|vm0.8|mid_1030_1300,7,0.12,6,1,0,85.7,85.7,6.0,1.5,0.3,27.9
LONG:adi_up+delta_surge+cvd_up_v+rsi_thrust_up|nk0.5|vm1.2|mid_1030_1300,7,0.12,6,1,0,85.7,85.7,6.0,1.5,0.3,27.9
LONG:adi_up+delta_surge+cvd_up_v+rsi_thrust_up|nk0.8|vm0.8|mid_1030_1300,7,0.12,6,1,0,85.7,85.7,6.0,1.5,0.3,27.9
LONG:adi_up+delta_surge+cvd_up_v+rsi_thrust_up|nk0.8|vm1.2|mid_1030_1300,7,0.12,6,1,0,85.7,85.7,6.0,1.5,0.3,27.9
LONG:adi_up+above_pivot+macd_x_up+macd_x_up_neg|nk0.0|vm1.2|full_0845_1400,7,0.12,6,0,1,85.7,100.0,inf,1.9,0.0,9.3
LONG:adi_up+above_pivot+macd_x_up+macd_x_up_neg|nk0.5|vm1.2|full_0845_1400,7,0.12,6,0,1,85.7,100.0,inf,1.9,0.0,9.3
LONG:adi_up+above_pivot+macd_x_up+macd_x_up_neg|nk0.8|vm1.2|full_0845_1400,7,0.12,6,0,1,85.7,100.0,inf,1.9,0.0,9.3
LONG:adi_up+above_pivot+macd_x_up+cvd_up_v|nk0.0|vm0.8|am_0845_1130,7,0.12,6,1,0,85.7,85.7,6.0,1.5,0.3,13.6
LONG:adi_up+above_pivot+macd_x_up+cvd_up_v|nk0.0|vm1.2|am_0845_1130,7,0.12,6,1,0,85.7,85.7,6.0,1.5,0.3,13.6
LONG:adi_up+above_pivot+macd_x_up+cvd_up_v|nk0.5|vm0.8|am_0845_1130,7,0.12,6,1,0,85.7,85.7,6.0,1.5,0.3,13.6
LONG:adi_up+above_pivot+macd_x_up+cvd_up_v|nk0.5|vm1.2|am_0845_1130,7,0.12,6,1,0,85.7,85.7,6.0,1.5,0.3,13.6
LONG:adi_up+above_pivot+macd_x_up+cvd_up_v|nk0.8|vm0.8|am_0845_1130,7,0.12,6,1,0,85.7,85.7,6.0,1.5,0.3,13.6
LONG:adi_up+above_pivot+macd_x_up+cvd_up_v|nk0.8|vm1.2|am_0845_1130,7,0.12,6,1,0,85.7,85.7,6.0,1.5,0.3,13.6
LONG:adi_up+above_pivot+macd_x_up_neg+strong_close|nk0.0|vm1.2|full_0845_1400,7,0.12,6,0,1,85.7,100.0,inf,1.9,0.0,9.3
LONG:adi_up+above_pivot+macd_x_up_neg+strong_close|nk0.5|vm1.2|full_0845_1400,7,0.12,6,0,1,85.7,100.0,inf,1.9,0.0,9.3
LONG:adi_up+above_pivot+macd_x_up_neg+strong_close|nk0.8|vm1.2|full_0845_1400,7,0.12,6,0,1,85.7,100.0,inf,1.9,0.0,9.3
LONG:adi_up+above_pivot+macd_x_up_neg+cvd_up|nk0.8|vm0.8|full_0845_1400,7,0.12,6,1,0,85.7,85.7,6.0,1.5,0.3,15.0
LONG:adi_up+macd_x_up+macd_x_up_neg+mom_ignite_up|nk0.0|vm0.8|full_0845_1400,7,0.12,6,1,0,85.7,85.7,6.0,1.5,0.3,19.3
LONG:adi_up+macd_x_up+macd_x_up_neg+mom_ignite_up|nk0.5|vm0.8|full_0845_1400,7,0.12,6,1,0,85.7,85.7,6.0,1.5,0.3,19.3
LONG:adi_up+hist_turn_up+orb_break_up+cvd_up|nk0.0|vm0.8|am_0845_1130,7,0.12,6,1,0,85.7,85.7,6.0,1.5,0.3,5.7
LONG:adi_up+hist_turn_up+orb_break_up+cvd_up|nk0.5|vm0.8|am_0845_1130,7,0.12,6,1,0,85.7,85.7,6.0,1.5,0.3,5.7
LONG:adi_up+strong_close+vwap_reclaim_v+rvol_thrust_up|nk0.0|vm0.8|mid_1030_1300,7,0.12,6,1,0,85.7,85.7,6.0,1.5,0.0,33.6
LONG:adi_up+strong_close+vwap_reclaim_v+rvol_thrust_up|nk0.0|vm1.2|mid_1030_1300,7,0.12,6,1,0,85.7,85.7,6.0,1.5,0.0,33.6
LONG:adi_up+strong_close+vwap_reclaim_v+rvol_thrust_up|nk0.5|vm0.8|mid_1030_1300,7,0.12,6,1,0,85.7,85.7,6.0,1.5,0.0,33.6
LONG:adi_up+strong_close+vwap_reclaim_v+rvol_thrust_up|nk0.5|vm1.2|mid_1030_1300,7,0.12,6,1,0,85.7,85.7,6.0,1.5,0.0,33.6
LONG:adi_up+strong_close+vwap_reclaim_v+rvol_thrust_up|nk0.8|vm0.8|mid_1030_1300,7,0.12,6,1,0,85.7,85.7,6.0,1.5,0.0,33.6
LONG:adi_up+strong_close+vwap_reclaim_v+rvol_thrust_up|nk0.8|vm1.2|mid_1030_1300,7,0.12,6,1,0,85.7,85.7,6.0,1.5,0.0,33.6
LONG:adi_up+strong_close+vwap_reclaim_v+above_vwap_v|nk0.0|vm0.8|mid_1030_1300,7,0.12,6,1,0,85.7,85.7,6.0,1.5,0.0,33.6
LONG:adi_up+strong_close+vwap_reclaim_v+above_vwap_v|nk0.0|vm1.2|mid_1030_1300,7,0.12,6,1,0,85.7,85.7,6.0,1.5,0.0,33.6
LONG:adi_up+strong_close+vwap_reclaim_v+above_vwap_v|nk0.5|vm0.8|mid_1030_1300,7,0.12,6,1,0,85.7,85.7,6.0,1.5,0.0,33.6
LONG:adi_up+strong_close+vwap_reclaim_v+above_vwap_v|nk0.5|vm1.2|mid_1030_1300,7,0.12,6,1,0,85.7,85.7,6.0,1.5,0.0,33.6
LONG:adi_up+strong_close+vwap_reclaim_v+above_vwap_v|nk0.8|vm0.8|mid_1030_1300,7,0.12,6,1,0,85.7,85.7,6.0,1.5,0.0,33.6
LONG:adi_up+strong_close+vwap_reclaim_v+above_vwap_v|nk0.8|vm1.2|mid_1030_1300,7,0.12,6,1,0,85.7,85.7,6.0,1.5,0.0,33.6
LONG:adi_up+strong_close+rvol_thrust_up+rsi_thrust_up|nk0.0|vm0.8|mid_1030_1300,7,0.12,6,1,0,85.7,85.7,6.0,1.5,0.3,27.9
LONG:adi_up+strong_close+rvol_thrust_up+rsi_thrust_up|nk0.0|vm1.2|mid_1030_1300,7,0.12,6,1,0,85.7,85.7,6.0,1.5,0.3,27.9
LONG:adi_up+strong_close+rvol_thrust_up+rsi_thrust_up|nk0.5|vm0.8|mid_1030_1300,7,0.12,6,1,0,85.7,85.7,6.0,1.5,0.3,27.9
LONG:adi_up+strong_close+rvol_thrust_up+rsi_thrust_up|nk0.5|vm1.2|mid_1030_1300,7,0.12,6,1,0,85.7,85.7,6.0,1.5,0.3,27.9
LONG:adi_up+strong_close+rvol_thrust_up+rsi_thrust_up|nk0.8|vm0.8|mid_1030_1300,7,0.12,6,1,0,85.7,85.7,6.0,1.5,0.3,27.9
LONG:adi_up+strong_close+rvol_thrust_up+rsi_thrust_up|nk0.8|vm1.2|mid_1030_1300,7,0.12,6,1,0,85.7,85.7,6.0,1.5,0.3,27.9
LONG:adi_up+strong_close+above_vwap_v+rsi_thrust_up|nk0.0|vm0.8|mid_1030_1300,7,0.12,6,1,0,85.7,85.7,6.0,1.5,0.3,27.9
LONG:adi_up+strong_close+above_vwap_v+rsi_thrust_up|nk0.0|vm1.2|mid_1030_1300,7,0.12,6,1,0,85.7,85.7,6.0,1.5,0.3,27.9
LONG:adi_up+strong_close+above_vwap_v+rsi_thrust_up|nk0.5|vm0.8|mid_1030_1300,7,0.12,6,1,0,85.7,85.7,6.0,1.5,0.3,27.9
LONG:adi_up+strong_close+above_vwap_v+rsi_thrust_up|nk0.5|vm1.2|mid_1030_1300,7,0.12,6,1,0,85.7,85.7,6.0,1.5,0.3,27.9
LONG:adi_up+strong_close+above_vwap_v+rsi_thrust_up|nk0.8|vm0.8|mid_1030_1300,7,0.12,6,1,0,85.7,85.7,6.0,1.5,0.3,27.9
LONG:adi_up+strong_close+above_vwap_v+rsi_thrust_up|nk0.8|vm1.2|mid_1030_1300,7,0.12,6,1,0,85.7,85.7,6.0,1.5,0.3,27.9
LONG:adi_up+vwap_reclaim_v+rvol_thrust_up+above_vwap_v|nk0.0|vm0.8|mid_1030_1300,7,0.12,6,1,0,85.7,85.7,6.0,1.5,0.0,33.6
LONG:adi_up+vwap_reclaim_v+rvol_thrust_up+above_vwap_v|nk0.0|vm1.2|mid_1030_1300,7,0.12,6,1,0,85.7,85.7,6.0,1.5,0.0,33.6
LONG:adi_up+vwap_reclaim_v+rvol_thrust_up+above_vwap_v|nk0.5|vm0.8|mid_1030_1300,7,0.12,6,1,0,85.7,85.7,6.0,1.5,0.0,33.6
LONG:adi_up+vwap_reclaim_v+rvol_thrust_up+above_vwap_v|nk0.5|vm1.2|mid_1030_1300,7,0.12,6,1,0,85.7,85.7,6.0,1.5,0.0,33.6
LONG:adi_up+vwap_reclaim_v+rvol_thrust_up+above_vwap_v|nk0.8|vm0.8|mid_1030_1300,7,0.12,6,1,0,85.7,85.7,6.0,1.5,0.0,33.6
LONG:adi_up+vwap_reclaim_v+rvol_thrust_up+above_vwap_v|nk0.8|vm1.2|mid_1030_1300,7,0.12,6,1,0,85.7,85.7,6.0,1.5,0.0,33.6
LONG:adi_up+vwap_reclaim_v+rvol_thrust_up+cvd_up|nk0.0|vm0.8|mid_1030_1300,7,0.12,6,1,0,85.7,85.7,6.0,1.5,0.0,33.6
LONG:adi_up+vwap_reclaim_v+rvol_thrust_up+cvd_up|nk0.0|vm1.2|mid_1030_1300,7,0.12,6,1,0,85.7,85.7,6.0,1.5,0.0,33.6
LONG:adi_up+vwap_reclaim_v+rvol_thrust_up+cvd_up|nk0.5|vm0.8|mid_1030_1300,7,0.12,6,1,0,85.7,85.7,6.0,1.5,0.0,33.6
LONG:adi_up+vwap_reclaim_v+rvol_thrust_up+cvd_up|nk0.5|vm1.2|mid_1030_1300,7,0.12,6,1,0,85.7,85.7,6.0,1.5,0.0,33.6
LONG:adi_up+vwap_reclaim_v+rvol_thrust_up+cvd_up|nk0.8|vm0.8|mid_1030_1300,7,0.12,6,1,0,85.7,85.7,6.0,1.5,0.0,33.6
LONG:adi_up+vwap_reclaim_v+rvol_thrust_up+cvd_up|nk0.8|vm1.2|mid_1030_1300,7,0.12,6,1,0,85.7,85.7,6.0,1.5,0.0,33.6
LONG:adi_up+vwap_reclaim_v+rvol_thrust_up+cvd_up_v|nk0.0|vm0.8|mid_1030_1300,7,0.12,6,1,0,85.7,85.7,6.0,1.5,0.0,33.6
LONG:adi_up+vwap_reclaim_v+rvol_thrust_up+cvd_up_v|nk0.0|vm1.2|mid_1030_1300,7,0.12,6,1,0,85.7,85.7,6.0,1.5,0.0,33.6
LONG:adi_up+vwap_reclaim_v+rvol_thrust_up+cvd_up_v|nk0.5|vm0.8|mid_1030_1300,7,0.12,6,1,0,85.7,85.7,6.0,1.5,0.0,33.6
LONG:adi_up+vwap_reclaim_v+rvol_thrust_up+cvd_up_v|nk0.5|vm1.2|mid_1030_1300,7,0.12,6,1,0,85.7,85.7,6.0,1.5,0.0,33.6
LONG:adi_up+vwap_reclaim_v+rvol_thrust_up+cvd_up_v|nk0.8|vm0.8|mid_1030_1300,7,0.12,6,1,0,85.7,85.7,6.0,1.5,0.0,33.6
LONG:adi_up+vwap_reclaim_v+rvol_thrust_up+cvd_up_v|nk0.8|vm1.2|mid_1030_1300,7,0.12,6,1,0,85.7,85.7,6.0,1.5,0.0,33.6
LONG:adi_up+vwap_reclaim_v+above_vwap_v+cvd_up|nk0.0|vm0.8|mid_1030_1300,7,0.12,6,1,0,85.7,85.7,6.0,1.5,0.0,33.6
LONG:adi_up+vwap_reclaim_v+above_vwap_v+cvd_up|nk0.0|vm1.2|mid_1030_1300,7,0.12,6,1,0,85.7,85.7,6.0,1.5,0.0,33.6
LONG:adi_up+vwap_reclaim_v+above_vwap_v+cvd_up|nk0.5|vm0.8|mid_1030_1300,7,0.12,6,1,0,85.7,85.7,6.0,1.5,0.0,33.6
LONG:adi_up+vwap_reclaim_v+above_vwap_v+cvd_up|nk0.5|vm1.2|mid_1030_1300,7,0.12,6,1,0,85.7,85.7,6.0,1.5,0.0,33.6
LONG:adi_up+vwap_reclaim_v+above_vwap_v+cvd_up|nk0.8|vm0.8|mid_1030_1300,7,0.12,6,1,0,85.7,85.7,6.0,1.5,0.0,33.6
LONG:adi_up+vwap_reclaim_v+above_vwap_v+cvd_up|nk0.8|vm1.2|mid_1030_1300,7,0.12,6,1,0,85.7,85.7,6.0,1.5,0.0,33.6
LONG:adi_up+vwap_reclaim_v+above_vwap_v+cvd_up_v|nk0.0|vm0.8|mid_1030_1300,7,0.12,6,1,0,85.7,85.7,6.0,1.5,0.0,33.6
LONG:adi_up+vwap_reclaim_v+above_vwap_v+cvd_up_v|nk0.0|vm1.2|mid_1030_1300,7,0.12,6,1,0,85.7,85.7,6.0,1.5,0.0,33.6
LONG:adi_up+vwap_reclaim_v+above_vwap_v+cvd_up_v|nk0.5|vm0.8|mid_1030_1300,7,0.12,6,1,0,85.7,85.7,6.0,1.5,0.0,33.6
LONG:adi_up+vwap_reclaim_v+above_vwap_v+cvd_up_v|nk0.5|vm1.2|mid_1030_1300,7,0.12,6,1,0,85.7,85.7,6.0,1.5,0.0,33.6
LONG:adi_up+vwap_reclaim_v+above_vwap_v+cvd_up_v|nk0.8|vm0.8|mid_1030_1300,7,0.12,6,1,0,85.7,85.7,6.0,1.5,0.0,33.6
LONG:adi_up+vwap_reclaim_v+above_vwap_v+cvd_up_v|nk0.8|vm1.2|mid_1030_1300,7,0.12,6,1,0,85.7,85.7,6.0,1.5,0.0,33.6
LONG:adi_up+rvol_thrust_up+above_vwap_v+rsi_thrust_up|nk0.0|vm0.8|mid_1030_1300,7,0.12,6,1,0,85.7,85.7,6.0,1.5,0.3,27.9
LONG:adi_up+rvol_thrust_up+above_vwap_v+rsi_thrust_up|nk0.0|vm1.2|mid_1030_1300,7,0.12,6,1,0,85.7,85.7,6.0,1.5,0.3,27.9
LONG:adi_up+rvol_thrust_up+above_vwap_v+rsi_thrust_up|nk0.5|vm0.8|mid_1030_1300,7,0.12,6,1,0,85.7,85.7,6.0,1.5,0.3,27.9
LONG:adi_up+rvol_thrust_up+above_vwap_v+rsi_thrust_up|nk0.5|vm1.2|mid_1030_1300,7,0.12,6,1,0,85.7,85.7,6.0,1.5,0.3,27.9
LONG:adi_up+rvol_thrust_up+above_vwap_v+rsi_thrust_up|nk0.8|vm0.8|mid_1030_1300,7,0.12,6,1,0,85.7,85.7,6.0,1.5,0.3,27.9
LONG:adi_up+rvol_thrust_up+above_vwap_v+rsi_thrust_up|nk0.8|vm1.2|mid_1030_1300,7,0.12,6,1,0,85.7,85.7,6.0,1.5,0.3,27.9
LONG:adi_up+rvol_thrust_up+cvd_up+rsi_thrust_up|nk0.0|vm0.8|mid_1030_1300,7,0.12,6,1,0,85.7,85.7,6.0,1.5,0.3,27.9
LONG:adi_up+rvol_thrust_up+cvd_up+rsi_thrust_up|nk0.0|vm1.2|mid_1030_1300,7,0.12,6,1,0,85.7,85.7,6.0,1.5,0.3,27.9
LONG:adi_up+rvol_thrust_up+cvd_up+rsi_thrust_up|nk0.5|vm0.8|mid_1030_1300,7,0.12,6,1,0,85.7,85.7,6.0,1.5,0.3,27.9
LONG:adi_up+rvol_thrust_up+cvd_up+rsi_thrust_up|nk0.5|vm1.2|mid_1030_1300,7,0.12,6,1,0,85.7,85.7,6.0,1.5,0.3,27.9
LONG:adi_up+rvol_thrust_up+cvd_up+rsi_thrust_up|nk0.8|vm0.8|mid_1030_1300,7,0.12,6,1,0,85.7,85.7,6.0,1.5,0.3,27.9
LONG:adi_up+rvol_thrust_up+cvd_up+rsi_thrust_up|nk0.8|vm1.2|mid_1030_1300,7,0.12,6,1,0,85.7,85.7,6.0,1.5,0.3,27.9
LONG:adi_up+rvol_thrust_up+cvd_up_v+rsi_thrust_up|nk0.0|vm0.8|mid_1030_1300,7,0.12,6,1,0,85.7,85.7,6.0,1.5,0.3,27.9
LONG:adi_up+rvol_thrust_up+cvd_up_v+rsi_thrust_up|nk0.0|vm1.2|mid_1030_1300,7,0.12,6,1,0,85.7,85.7,6.0,1.5,0.3,27.9
LONG:adi_up+rvol_thrust_up+cvd_up_v+rsi_thrust_up|nk0.5|vm0.8|mid_1030_1300,7,0.12,6,1,0,85.7,85.7,6.0,1.5,0.3,27.9
LONG:adi_up+rvol_thrust_up+cvd_up_v+rsi_thrust_up|nk0.5|vm1.2|mid_1030_1300,7,0.12,6,1,0,85.7,85.7,6.0,1.5,0.3,27.9
LONG:adi_up+rvol_thrust_up+cvd_up_v+rsi_thrust_up|nk0.8|vm0.8|mid_1030_1300,7,0.12,6,1,0,85.7,85.7,6.0,1.5,0.3,27.9
LONG:adi_up+rvol_thrust_up+cvd_up_v+rsi_thrust_up|nk0.8|vm1.2|mid_1030_1300,7,0.12,6,1,0,85.7,85.7,6.0,1.5,0.3,27.9
LONG:adi_up+above_vwap_v+cvd_up+rsi_thrust_up|nk0.0|vm0.8|mid_1030_1300,7,0.12,6,1,0,85.7,85.7,6.0,1.5,0.3,27.9
LONG:adi_up+above_vwap_v+cvd_up+rsi_thrust_up|nk0.0|vm1.2|mid_1030_1300,7,0.12,6,1,0,85.7,85.7,6.0,1.5,0.3,27.9
LONG:adi_up+above_vwap_v+cvd_up+rsi_thrust_up|nk0.5|vm0.8|mid_1030_1300,7,0.12,6,1,0,85.7,85.7,6.0,1.5,0.3,27.9
LONG:adi_up+above_vwap_v+cvd_up+rsi_thrust_up|nk0.5|vm1.2|mid_1030_1300,7,0.12,6,1,0,85.7,85.7,6.0,1.5,0.3,27.9
LONG:adi_up+above_vwap_v+cvd_up+rsi_thrust_up|nk0.8|vm0.8|mid_1030_1300,7,0.12,6,1,0,85.7,85.7,6.0,1.5,0.3,27.9
LONG:adi_up+above_vwap_v+cvd_up+rsi_thrust_up|nk0.8|vm1.2|mid_1030_1300,7,0.12,6,1,0,85.7,85.7,6.0,1.5,0.3,27.9
LONG:adi_up+above_vwap_v+cvd_up_v+rsi_thrust_up|nk0.0|vm0.8|mid_1030_1300,7,0.12,6,1,0,85.7,85.7,6.0,1.5,0.3,27.9
LONG:adi_up+above_vwap_v+cvd_up_v+rsi_thrust_up|nk0.0|vm1.2|mid_1030_1300,7,0.12,6,1,0,85.7,85.7,6.0,1.5,0.3,27.9
LONG:adi_up+above_vwap_v+cvd_up_v+rsi_thrust_up|nk0.5|vm0.8|mid_1030_1300,7,0.12,6,1,0,85.7,85.7,6.0,1.5,0.3,27.9
LONG:adi_up+above_vwap_v+cvd_up_v+rsi_thrust_up|nk0.5|vm1.2|mid_1030_1300,7,0.12,6,1,0,85.7,85.7,6.0,1.5,0.3,27.9
LONG:adi_up+above_vwap_v+cvd_up_v+rsi_thrust_up|nk0.8|vm0.8|mid_1030_1300,7,0.12,6,1,0,85.7,85.7,6.0,1.5,0.3,27.9
LONG:adi_up+above_vwap_v+cvd_up_v+rsi_thrust_up|nk0.8|vm1.2|mid_1030_1300,7,0.12,6,1,0,85.7,85.7,6.0,1.5,0.3,27.9
LONG:delta_surge+macd_x_up+macd_x_up_neg+cvd_up|nk0.8|vm0.8|full_0845_1400,7,0.12,6,1,0,85.7,85.7,6.0,1.5,0.0,5.7
LONG:delta_surge+macd_x_up+macd_x_up_neg+cvd_up|nk0.8|vm0.8|am_0845_1130,7,0.12,6,1,0,85.7,85.7,6.0,1.5,0.0,5.7
LONG:delta_surge+macd_x_up+macd_x_up_neg+cvd_up|nk0.8|vm1.2|full_0845_1400,7,0.12,6,1,0,85.7,85.7,6.0,1.5,0.0,5.7
LONG:delta_surge+macd_x_up+macd_x_up_neg+cvd_up|nk0.8|vm1.2|am_0845_1130,7,0.12,6,1,0,85.7,85.7,6.0,1.5,0.0,5.7
LONG:delta_surge+macd_x_up_neg+strong_close+cvd_up|nk0.8|vm0.8|full_0845_1400,7,0.12,6,1,0,85.7,85.7,6.0,1.5,0.0,5.7
LONG:delta_surge+macd_x_up_neg+strong_close+cvd_up|nk0.8|vm0.8|am_0845_1130,7,0.12,6,1,0,85.7,85.7,6.0,1.5,0.0,5.7
LONG:delta_surge+macd_x_up_neg+strong_close+cvd_up|nk0.8|vm1.2|full_0845_1400,7,0.12,6,1,0,85.7,85.7,6.0,1.5,0.0,5.7
LONG:delta_surge+macd_x_up_neg+strong_close+cvd_up|nk0.8|vm1.2|am_0845_1130,7,0.12,6,1,0,85.7,85.7,6.0,1.5,0.0,5.7
LONG:delta_surge+strong_close+vwap_reclaim_v+rvol_thrust_up|nk0.0|vm0.8|mid_1030_1300,7,0.12,6,1,0,85.7,85.7,6.0,1.5,0.0,33.6
LONG:delta_surge+strong_close+vwap_reclaim_v+rvol_thrust_up|nk0.0|vm1.2|mid_1030_1300,7,0.12,6,1,0,85.7,85.7,6.0,1.5,0.0,33.6
LONG:delta_surge+strong_close+vwap_reclaim_v+rvol_thrust_up|nk0.5|vm0.8|mid_1030_1300,7,0.12,6,1,0,85.7,85.7,6.0,1.5,0.0,33.6
LONG:delta_surge+strong_close+vwap_reclaim_v+rvol_thrust_up|nk0.5|vm1.2|mid_1030_1300,7,0.12,6,1,0,85.7,85.7,6.0,1.5,0.0,33.6
LONG:delta_surge+strong_close+vwap_reclaim_v+rvol_thrust_up|nk0.8|vm0.8|mid_1030_1300,7,0.12,6,1,0,85.7,85.7,6.0,1.5,0.0,33.6
LONG:delta_surge+strong_close+vwap_reclaim_v+rvol_thrust_up|nk0.8|vm1.2|mid_1030_1300,7,0.12,6,1,0,85.7,85.7,6.0,1.5,0.0,33.6
LONG:delta_surge+strong_close+vwap_reclaim_v+above_vwap_v|nk0.0|vm0.8|mid_1030_1300,7,0.12,6,1,0,85.7,85.7,6.0,1.5,0.0,33.6
LONG:delta_surge+strong_close+vwap_reclaim_v+above_vwap_v|nk0.0|vm1.2|mid_1030_1300,7,0.12,6,1,0,85.7,85.7,6.0,1.5,0.0,33.6
LONG:delta_surge+strong_close+vwap_reclaim_v+above_vwap_v|nk0.5|vm0.8|mid_1030_1300,7,0.12,6,1,0,85.7,85.7,6.0,1.5,0.0,33.6
LONG:delta_surge+strong_close+vwap_reclaim_v+above_vwap_v|nk0.5|vm1.2|mid_1030_1300,7,0.12,6,1,0,85.7,85.7,6.0,1.5,0.0,33.6
LONG:delta_surge+strong_close+vwap_reclaim_v+above_vwap_v|nk0.8|vm0.8|mid_1030_1300,7,0.12,6,1,0,85.7,85.7,6.0,1.5,0.0,33.6
LONG:delta_surge+strong_close+vwap_reclaim_v+above_vwap_v|nk0.8|vm1.2|mid_1030_1300,7,0.12,6,1,0,85.7,85.7,6.0,1.5,0.0,33.6
LONG:delta_surge+strong_close+vwap_reclaim_v+cvd_up|nk0.0|vm0.8|mid_1030_1300,7,0.12,6,1,0,85.7,85.7,6.0,1.5,0.0,33.6
LONG:delta_surge+strong_close+vwap_reclaim_v+cvd_up|nk0.0|vm1.2|mid_1030_1300,7,0.12,6,1,0,85.7,85.7,6.0,1.5,0.0,33.6
LONG:delta_surge+strong_close+vwap_reclaim_v+cvd_up|nk0.5|vm0.8|mid_1030_1300,7,0.12,6,1,0,85.7,85.7,6.0,1.5,0.0,33.6
LONG:delta_surge+strong_close+vwap_reclaim_v+cvd_up|nk0.5|vm1.2|mid_1030_1300,7,0.12,6,1,0,85.7,85.7,6.0,1.5,0.0,33.6
LONG:delta_surge+strong_close+vwap_reclaim_v+cvd_up|nk0.8|vm0.8|mid_1030_1300,7,0.12,6,1,0,85.7,85.7,6.0,1.5,0.0,33.6
LONG:delta_surge+strong_close+vwap_reclaim_v+cvd_up|nk0.8|vm1.2|mid_1030_1300,7,0.12,6,1,0,85.7,85.7,6.0,1.5,0.0,33.6
LONG:delta_surge+strong_close+vwap_reclaim_v+cvd_up_v|nk0.0|vm0.8|mid_1030_1300,7,0.12,6,1,0,85.7,85.7,6.0,1.5,0.0,33.6
LONG:delta_surge+strong_close+vwap_reclaim_v+cvd_up_v|nk0.0|vm1.2|mid_1030_1300,7,0.12,6,1,0,85.7,85.7,6.0,1.5,0.0,33.6
LONG:delta_surge+strong_close+vwap_reclaim_v+cvd_up_v|nk0.5|vm0.8|mid_1030_1300,7,0.12,6,1,0,85.7,85.7,6.0,1.5,0.0,33.6
LONG:delta_surge+strong_close+vwap_reclaim_v+cvd_up_v|nk0.5|vm1.2|mid_1030_1300,7,0.12,6,1,0,85.7,85.7,6.0,1.5,0.0,33.6
LONG:delta_surge+strong_close+vwap_reclaim_v+cvd_up_v|nk0.8|vm0.8|mid_1030_1300,7,0.12,6,1,0,85.7,85.7,6.0,1.5,0.0,33.6
LONG:delta_surge+strong_close+vwap_reclaim_v+cvd_up_v|nk0.8|vm1.2|mid_1030_1300,7,0.12,6,1,0,85.7,85.7,6.0,1.5,0.0,33.6
LONG:delta_surge+strong_close+rvol_thrust_up+rsi_thrust_up|nk0.0|vm0.8|mid_1030_1300,7,0.12,6,1,0,85.7,85.7,6.0,1.5,0.3,27.9
LONG:delta_surge+strong_close+rvol_thrust_up+rsi_thrust_up|nk0.0|vm1.2|mid_1030_1300,7,0.12,6,1,0,85.7,85.7,6.0,1.5,0.3,27.9
LONG:delta_surge+strong_close+rvol_thrust_up+rsi_thrust_up|nk0.5|vm0.8|mid_1030_1300,7,0.12,6,1,0,85.7,85.7,6.0,1.5,0.3,27.9
LONG:delta_surge+strong_close+rvol_thrust_up+rsi_thrust_up|nk0.5|vm1.2|mid_1030_1300,7,0.12,6,1,0,85.7,85.7,6.0,1.5,0.3,27.9
LONG:delta_surge+strong_close+rvol_thrust_up+rsi_thrust_up|nk0.8|vm0.8|mid_1030_1300,7,0.12,6,1,0,85.7,85.7,6.0,1.5,0.3,27.9
LONG:delta_surge+strong_close+rvol_thrust_up+rsi_thrust_up|nk0.8|vm1.2|mid_1030_1300,7,0.12,6,1,0,85.7,85.7,6.0,1.5,0.3,27.9
LONG:delta_surge+strong_close+above_vwap_v+rsi_thrust_up|nk0.0|vm0.8|mid_1030_1300,7,0.12,6,1,0,85.7,85.7,6.0,1.5,0.3,27.9
LONG:delta_surge+strong_close+above_vwap_v+rsi_thrust_up|nk0.0|vm1.2|mid_1030_1300,7,0.12,6,1,0,85.7,85.7,6.0,1.5,0.3,27.9
LONG:delta_surge+strong_close+above_vwap_v+rsi_thrust_up|nk0.5|vm0.8|mid_1030_1300,7,0.12,6,1,0,85.7,85.7,6.0,1.5,0.3,27.9
LONG:delta_surge+strong_close+above_vwap_v+rsi_thrust_up|nk0.5|vm1.2|mid_1030_1300,7,0.12,6,1,0,85.7,85.7,6.0,1.5,0.3,27.9
LONG:delta_surge+strong_close+above_vwap_v+rsi_thrust_up|nk0.8|vm0.8|mid_1030_1300,7,0.12,6,1,0,85.7,85.7,6.0,1.5,0.3,27.9
LONG:delta_surge+strong_close+above_vwap_v+rsi_thrust_up|nk0.8|vm1.2|mid_1030_1300,7,0.12,6,1,0,85.7,85.7,6.0,1.5,0.3,27.9
LONG:delta_surge+strong_close+cvd_up+rsi_thrust_up|nk0.0|vm0.8|mid_1030_1300,7,0.12,6,1,0,85.7,85.7,6.0,1.5,0.3,27.9
LONG:delta_surge+strong_close+cvd_up+rsi_thrust_up|nk0.0|vm1.2|mid_1030_1300,7,0.12,6,1,0,85.7,85.7,6.0,1.5,0.3,27.9
LONG:delta_surge+strong_close+cvd_up+rsi_thrust_up|nk0.5|vm0.8|mid_1030_1300,7,0.12,6,1,0,85.7,85.7,6.0,1.5,0.3,27.9
LONG:delta_surge+strong_close+cvd_up+rsi_thrust_up|nk0.5|vm1.2|mid_1030_1300,7,0.12,6,1,0,85.7,85.7,6.0,1.5,0.3,27.9
LONG:delta_surge+strong_close+cvd_up+rsi_thrust_up|nk0.8|vm0.8|mid_1030_1300,7,0.12,6,1,0,85.7,85.7,6.0,1.5,0.3,27.9
LONG:delta_surge+strong_close+cvd_up+rsi_thrust_up|nk0.8|vm1.2|mid_1030_1300,7,0.12,6,1,0,85.7,85.7,6.0,1.5,0.3,27.9
LONG:delta_surge+strong_close+cvd_up_v+rsi_thrust_up|nk0.0|vm0.8|mid_1030_1300,7,0.12,6,1,0,85.7,85.7,6.0,1.5,0.3,27.9
LONG:delta_surge+strong_close+cvd_up_v+rsi_thrust_up|nk0.0|vm1.2|mid_1030_1300,7,0.12,6,1,0,85.7,85.7,6.0,1.5,0.3,27.9
LONG:delta_surge+strong_close+cvd_up_v+rsi_thrust_up|nk0.5|vm0.8|mid_1030_1300,7,0.12,6,1,0,85.7,85.7,6.0,1.5,0.3,27.9
LONG:delta_surge+strong_close+cvd_up_v+rsi_thrust_up|nk0.5|vm1.2|mid_1030_1300,7,0.12,6,1,0,85.7,85.7,6.0,1.5,0.3,27.9
LONG:delta_surge+strong_close+cvd_up_v+rsi_thrust_up|nk0.8|vm0.8|mid_1030_1300,7,0.12,6,1,0,85.7,85.7,6.0,1.5,0.3,27.9
LONG:delta_surge+strong_close+cvd_up_v+rsi_thrust_up|nk0.8|vm1.2|mid_1030_1300,7,0.12,6,1,0,85.7,85.7,6.0,1.5,0.3,27.9
LONG:delta_surge+vwap_reclaim_v+rvol_thrust_up+above_vwap_v|nk0.0|vm0.8|mid_1030_1300,7,0.12,6,1,0,85.7,85.7,6.0,1.5,0.0,33.6
LONG:delta_surge+vwap_reclaim_v+rvol_thrust_up+above_vwap_v|nk0.0|vm1.2|mid_1030_1300,7,0.12,6,1,0,85.7,85.7,6.0,1.5,0.0,33.6
LONG:delta_surge+vwap_reclaim_v+rvol_thrust_up+above_vwap_v|nk0.5|vm0.8|mid_1030_1300,7,0.12,6,1,0,85.7,85.7,6.0,1.5,0.0,33.6
LONG:delta_surge+vwap_reclaim_v+rvol_thrust_up+above_vwap_v|nk0.5|vm1.2|mid_1030_1300,7,0.12,6,1,0,85.7,85.7,6.0,1.5,0.0,33.6
LONG:delta_surge+vwap_reclaim_v+rvol_thrust_up+above_vwap_v|nk0.8|vm0.8|mid_1030_1300,7,0.12,6,1,0,85.7,85.7,6.0,1.5,0.0,33.6
LONG:delta_surge+vwap_reclaim_v+rvol_thrust_up+above_vwap_v|nk0.8|vm1.2|mid_1030_1300,7,0.12,6,1,0,85.7,85.7,6.0,1.5,0.0,33.6
LONG:delta_surge+vwap_reclaim_v+rvol_thrust_up+cvd_up|nk0.0|vm0.8|mid_1030_1300,7,0.12,6,1,0,85.7,85.7,6.0,1.5,0.0,33.6
LONG:delta_surge+vwap_reclaim_v+rvol_thrust_up+cvd_up|nk0.0|vm1.2|mid_1030_1300,7,0.12,6,1,0,85.7,85.7,6.0,1.5,0.0,33.6
LONG:delta_surge+vwap_reclaim_v+rvol_thrust_up+cvd_up|nk0.5|vm0.8|mid_1030_1300,7,0.12,6,1,0,85.7,85.7,6.0,1.5,0.0,33.6
LONG:delta_surge+vwap_reclaim_v+rvol_thrust_up+cvd_up|nk0.5|vm1.2|mid_1030_1300,7,0.12,6,1,0,85.7,85.7,6.0,1.5,0.0,33.6
LONG:delta_surge+vwap_reclaim_v+rvol_thrust_up+cvd_up|nk0.8|vm0.8|mid_1030_1300,7,0.12,6,1,0,85.7,85.7,6.0,1.5,0.0,33.6
LONG:delta_surge+vwap_reclaim_v+rvol_thrust_up+cvd_up|nk0.8|vm1.2|mid_1030_1300,7,0.12,6,1,0,85.7,85.7,6.0,1.5,0.0,33.6
LONG:delta_surge+vwap_reclaim_v+rvol_thrust_up+cvd_up_v|nk0.0|vm0.8|mid_1030_1300,7,0.12,6,1,0,85.7,85.7,6.0,1.5,0.0,33.6
LONG:delta_surge+vwap_reclaim_v+rvol_thrust_up+cvd_up_v|nk0.0|vm1.2|mid_1030_1300,7,0.12,6,1,0,85.7,85.7,6.0,1.5,0.0,33.6
LONG:delta_surge+vwap_reclaim_v+rvol_thrust_up+cvd_up_v|nk0.5|vm0.8|mid_1030_1300,7,0.12,6,1,0,85.7,85.7,6.0,1.5,0.0,33.6
LONG:delta_surge+vwap_reclaim_v+rvol_thrust_up+cvd_up_v|nk0.5|vm1.2|mid_1030_1300,7,0.12,6,1,0,85.7,85.7,6.0,1.5,0.0,33.6
LONG:delta_surge+vwap_reclaim_v+rvol_thrust_up+cvd_up_v|nk0.8|vm0.8|mid_1030_1300,7,0.12,6,1,0,85.7,85.7,6.0,1.5,0.0,33.6
LONG:delta_surge+vwap_reclaim_v+rvol_thrust_up+cvd_up_v|nk0.8|vm1.2|mid_1030_1300,7,0.12,6,1,0,85.7,85.7,6.0,1.5,0.0,33.6
LONG:delta_surge+vwap_reclaim_v+above_vwap_v+cvd_up|nk0.0|vm0.8|mid_1030_1300,7,0.12,6,1,0,85.7,85.7,6.0,1.5,0.0,33.6
LONG:delta_surge+vwap_reclaim_v+above_vwap_v+cvd_up|nk0.0|vm1.2|mid_1030_1300,7,0.12,6,1,0,85.7,85.7,6.0,1.5,0.0,33.6
LONG:delta_surge+vwap_reclaim_v+above_vwap_v+cvd_up|nk0.5|vm0.8|mid_1030_1300,7,0.12,6,1,0,85.7,85.7,6.0,1.5,0.0,33.6
LONG:delta_surge+vwap_reclaim_v+above_vwap_v+cvd_up|nk0.5|vm1.2|mid_1030_1300,7,0.12,6,1,0,85.7,85.7,6.0,1.5,0.0,33.6
LONG:delta_surge+vwap_reclaim_v+above_vwap_v+cvd_up|nk0.8|vm0.8|mid_1030_1300,7,0.12,6,1,0,85.7,85.7,6.0,1.5,0.0,33.6
LONG:delta_surge+vwap_reclaim_v+above_vwap_v+cvd_up|nk0.8|vm1.2|mid_1030_1300,7,0.12,6,1,0,85.7,85.7,6.0,1.5,0.0,33.6
LONG:delta_surge+vwap_reclaim_v+above_vwap_v+cvd_up_v|nk0.0|vm0.8|mid_1030_1300,7,0.12,6,1,0,85.7,85.7,6.0,1.5,0.0,33.6
LONG:delta_surge+vwap_reclaim_v+above_vwap_v+cvd_up_v|nk0.0|vm1.2|mid_1030_1300,7,0.12,6,1,0,85.7,85.7,6.0,1.5,0.0,33.6
LONG:delta_surge+vwap_reclaim_v+above_vwap_v+cvd_up_v|nk0.5|vm0.8|mid_1030_1300,7,0.12,6,1,0,85.7,85.7,6.0,1.5,0.0,33.6
LONG:delta_surge+vwap_reclaim_v+above_vwap_v+cvd_up_v|nk0.5|vm1.2|mid_1030_1300,7,0.12,6,1,0,85.7,85.7,6.0,1.5,0.0,33.6
LONG:delta_surge+vwap_reclaim_v+above_vwap_v+cvd_up_v|nk0.8|vm0.8|mid_1030_1300,7,0.12,6,1,0,85.7,85.7,6.0,1.5,0.0,33.6
LONG:delta_surge+vwap_reclaim_v+above_vwap_v+cvd_up_v|nk0.8|vm1.2|mid_1030_1300,7,0.12,6,1,0,85.7,85.7,6.0,1.5,0.0,33.6
LONG:delta_surge+vwap_reclaim_v+cvd_up+cvd_up_v|nk0.0|vm0.8|mid_1030_1300,7,0.12,6,1,0,85.7,85.7,6.0,1.5,0.0,33.6
LONG:delta_surge+vwap_reclaim_v+cvd_up+cvd_up_v|nk0.0|vm1.2|mid_1030_1300,7,0.12,6,1,0,85.7,85.7,6.0,1.5,0.0,33.6
LONG:delta_surge+vwap_reclaim_v+cvd_up+cvd_up_v|nk0.5|vm0.8|mid_1030_1300,7,0.12,6,1,0,85.7,85.7,6.0,1.5,0.0,33.6
LONG:delta_surge+vwap_reclaim_v+cvd_up+cvd_up_v|nk0.5|vm1.2|mid_1030_1300,7,0.12,6,1,0,85.7,85.7,6.0,1.5,0.0,33.6
LONG:delta_surge+vwap_reclaim_v+cvd_up+cvd_up_v|nk0.8|vm0.8|mid_1030_1300,7,0.12,6,1,0,85.7,85.7,6.0,1.5,0.0,33.6
LONG:delta_surge+vwap_reclaim_v+cvd_up+cvd_up_v|nk0.8|vm1.2|mid_1030_1300,7,0.12,6,1,0,85.7,85.7,6.0,1.5,0.0,33.6
LONG:delta_surge+rvol_thrust_up+above_vwap_v+rsi_thrust_up|nk0.0|vm0.8|mid_1030_1300,7,0.12,6,1,0,85.7,85.7,6.0,1.5,0.3,27.9
LONG:delta_surge+rvol_thrust_up+above_vwap_v+rsi_thrust_up|nk0.0|vm1.2|mid_1030_1300,7,0.12,6,1,0,85.7,85.7,6.0,1.5,0.3,27.9
LONG:delta_surge+rvol_thrust_up+above_vwap_v+rsi_thrust_up|nk0.5|vm0.8|mid_1030_1300,7,0.12,6,1,0,85.7,85.7,6.0,1.5,0.3,27.9
LONG:delta_surge+rvol_thrust_up+above_vwap_v+rsi_thrust_up|nk0.5|vm1.2|mid_1030_1300,7,0.12,6,1,0,85.7,85.7,6.0,1.5,0.3,27.9
LONG:delta_surge+rvol_thrust_up+above_vwap_v+rsi_thrust_up|nk0.8|vm0.8|mid_1030_1300,7,0.12,6,1,0,85.7,85.7,6.0,1.5,0.3,27.9
LONG:delta_surge+rvol_thrust_up+above_vwap_v+rsi_thrust_up|nk0.8|vm1.2|mid_1030_1300,7,0.12,6,1,0,85.7,85.7,6.0,1.5,0.3,27.9
LONG:delta_surge+rvol_thrust_up+cvd_up+rsi_thrust_up|nk0.0|vm0.8|mid_1030_1300,7,0.12,6,1,0,85.7,85.7,6.0,1.5,0.3,27.9
LONG:delta_surge+rvol_thrust_up+cvd_up+rsi_thrust_up|nk0.0|vm1.2|mid_1030_1300,7,0.12,6,1,0,85.7,85.7,6.0,1.5,0.3,27.9
LONG:delta_surge+rvol_thrust_up+cvd_up+rsi_thrust_up|nk0.5|vm0.8|mid_1030_1300,7,0.12,6,1,0,85.7,85.7,6.0,1.5,0.3,27.9
LONG:delta_surge+rvol_thrust_up+cvd_up+rsi_thrust_up|nk0.5|vm1.2|mid_1030_1300,7,0.12,6,1,0,85.7,85.7,6.0,1.5,0.3,27.9
LONG:delta_surge+rvol_thrust_up+cvd_up+rsi_thrust_up|nk0.8|vm0.8|mid_1030_1300,7,0.12,6,1,0,85.7,85.7,6.0,1.5,0.3,27.9
LONG:delta_surge+rvol_thrust_up+cvd_up+rsi_thrust_up|nk0.8|vm1.2|mid_1030_1300,7,0.12,6,1,0,85.7,85.7,6.0,1.5,0.3,27.9
LONG:delta_surge+rvol_thrust_up+cvd_up_v+rsi_thrust_up|nk0.0|vm0.8|mid_1030_1300,7,0.12,6,1,0,85.7,85.7,6.0,1.5,0.3,27.9
LONG:delta_surge+rvol_thrust_up+cvd_up_v+rsi_thrust_up|nk0.0|vm1.2|mid_1030_1300,7,0.12,6,1,0,85.7,85.7,6.0,1.5,0.3,27.9
LONG:delta_surge+rvol_thrust_up+cvd_up_v+rsi_thrust_up|nk0.5|vm0.8|mid_1030_1300,7,0.12,6,1,0,85.7,85.7,6.0,1.5,0.3,27.9
LONG:delta_surge+rvol_thrust_up+cvd_up_v+rsi_thrust_up|nk0.5|vm1.2|mid_1030_1300,7,0.12,6,1,0,85.7,85.7,6.0,1.5,0.3,27.9
LONG:delta_surge+rvol_thrust_up+cvd_up_v+rsi_thrust_up|nk0.8|vm0.8|mid_1030_1300,7,0.12,6,1,0,85.7,85.7,6.0,1.5,0.3,27.9
LONG:delta_surge+rvol_thrust_up+cvd_up_v+rsi_thrust_up|nk0.8|vm1.2|mid_1030_1300,7,0.12,6,1,0,85.7,85.7,6.0,1.5,0.3,27.9
LONG:delta_surge+above_vwap_v+cvd_up+rsi_thrust_up|nk0.0|vm0.8|mid_1030_1300,7,0.12,6,1,0,85.7,85.7,6.0,1.5,0.3,27.9
LONG:delta_surge+above_vwap_v+cvd_up+rsi_thrust_up|nk0.0|vm1.2|mid_1030_1300,7,0.12,6,1,0,85.7,85.7,6.0,1.5,0.3,27.9
LONG:delta_surge+above_vwap_v+cvd_up+rsi_thrust_up|nk0.5|vm0.8|mid_1030_1300,7,0.12,6,1,0,85.7,85.7,6.0,1.5,0.3,27.9
LONG:delta_surge+above_vwap_v+cvd_up+rsi_thrust_up|nk0.5|vm1.2|mid_1030_1300,7,0.12,6,1,0,85.7,85.7,6.0,1.5,0.3,27.9
LONG:delta_surge+above_vwap_v+cvd_up+rsi_thrust_up|nk0.8|vm0.8|mid_1030_1300,7,0.12,6,1,0,85.7,85.7,6.0,1.5,0.3,27.9
LONG:delta_surge+above_vwap_v+cvd_up+rsi_thrust_up|nk0.8|vm1.2|mid_1030_1300,7,0.12,6,1,0,85.7,85.7,6.0,1.5,0.3,27.9
LONG:delta_surge+above_vwap_v+cvd_up_v+rsi_thrust_up|nk0.0|vm0.8|mid_1030_1300,7,0.12,6,1,0,85.7,85.7,6.0,1.5,0.3,27.9
LONG:delta_surge+above_vwap_v+cvd_up_v+rsi_thrust_up|nk0.0|vm1.2|mid_1030_1300,7,0.12,6,1,0,85.7,85.7,6.0,1.5,0.3,27.9
LONG:delta_surge+above_vwap_v+cvd_up_v+rsi_thrust_up|nk0.5|vm0.8|mid_1030_1300,7,0.12,6,1,0,85.7,85.7,6.0,1.5,0.3,27.9
LONG:delta_surge+above_vwap_v+cvd_up_v+rsi_thrust_up|nk0.5|vm1.2|mid_1030_1300,7,0.12,6,1,0,85.7,85.7,6.0,1.5,0.3,27.9
LONG:delta_surge+above_vwap_v+cvd_up_v+rsi_thrust_up|nk0.8|vm0.8|mid_1030_1300,7,0.12,6,1,0,85.7,85.7,6.0,1.5,0.3,27.9
LONG:delta_surge+above_vwap_v+cvd_up_v+rsi_thrust_up|nk0.8|vm1.2|mid_1030_1300,7,0.12,6,1,0,85.7,85.7,6.0,1.5,0.3,27.9
LONG:delta_surge+cvd_up+cvd_up_v+rsi_thrust_up|nk0.0|vm0.8|mid_1030_1300,7,0.12,6,1,0,85.7,85.7,6.0,1.5,0.3,27.9
LONG:delta_surge+cvd_up+cvd_up_v+rsi_thrust_up|nk0.0|vm1.2|mid_1030_1300,7,0.12,6,1,0,85.7,85.7,6.0,1.5,0.3,27.9
LONG:delta_surge+cvd_up+cvd_up_v+rsi_thrust_up|nk0.5|vm0.8|mid_1030_1300,7,0.12,6,1,0,85.7,85.7,6.0,1.5,0.3,27.9
LONG:delta_surge+cvd_up+cvd_up_v+rsi_thrust_up|nk0.5|vm1.2|mid_1030_1300,7,0.12,6,1,0,85.7,85.7,6.0,1.5,0.3,27.9
LONG:delta_surge+cvd_up+cvd_up_v+rsi_thrust_up|nk0.8|vm0.8|mid_1030_1300,7,0.12,6,1,0,85.7,85.7,6.0,1.5,0.3,27.9
LONG:delta_surge+cvd_up+cvd_up_v+rsi_thrust_up|nk0.8|vm1.2|mid_1030_1300,7,0.12,6,1,0,85.7,85.7,6.0,1.5,0.3,27.9
LONG:above_pivot+macd_x_up+macd_x_up_neg+strong_close|nk0.0|vm1.2|full_0845_1400,7,0.12,6,0,1,85.7,100.0,inf,1.9,0.0,9.3
LONG:above_pivot+macd_x_up+macd_x_up_neg+strong_close|nk0.5|vm1.2|full_0845_1400,7,0.12,6,0,1,85.7,100.0,inf,1.9,0.0,9.3
LONG:above_pivot+macd_x_up+macd_x_up_neg+strong_close|nk0.8|vm1.2|full_0845_1400,7,0.12,6,0,1,85.7,100.0,inf,1.9,0.0,9.3
LONG:above_pivot+macd_x_up+macd_x_up_neg+cvd_up|nk0.8|vm0.8|full_0845_1400,7,0.12,6,1,0,85.7,85.7,6.0,1.5,0.3,15.0
LONG:above_pivot+macd_x_up+strong_close+cvd_up_v|nk0.0|vm0.8|am_0845_1130,7,0.12,6,1,0,85.7,85.7,6.0,1.5,0.3,13.6
LONG:above_pivot+macd_x_up+strong_close+cvd_up_v|nk0.0|vm1.2|am_0845_1130,7,0.12,6,1,0,85.7,85.7,6.0,1.5,0.3,13.6
LONG:above_pivot+macd_x_up+strong_close+cvd_up_v|nk0.5|vm0.8|am_0845_1130,7,0.12,6,1,0,85.7,85.7,6.0,1.5,0.3,13.6
LONG:above_pivot+macd_x_up+strong_close+cvd_up_v|nk0.5|vm1.2|am_0845_1130,7,0.12,6,1,0,85.7,85.7,6.0,1.5,0.3,13.6
LONG:above_pivot+macd_x_up+strong_close+cvd_up_v|nk0.8|vm0.8|am_0845_1130,7,0.12,6,1,0,85.7,85.7,6.0,1.5,0.3,13.6
LONG:above_pivot+macd_x_up+strong_close+cvd_up_v|nk0.8|vm1.2|am_0845_1130,7,0.12,6,1,0,85.7,85.7,6.0,1.5,0.3,13.6
LONG:hist_turn_up+strong_close+orb_break_up+cvd_up|nk0.0|vm0.8|am_0845_1130,7,0.12,6,1,0,85.7,85.7,6.0,1.5,0.3,5.7
LONG:hist_turn_up+strong_close+orb_break_up+cvd_up|nk0.5|vm0.8|am_0845_1130,7,0.12,6,1,0,85.7,85.7,6.0,1.5,0.3,5.7
LONG:strong_close+vwap_reclaim_v+rvol_thrust_up+above_vwap_v|nk0.0|vm0.8|mid_1030_1300,7,0.12,6,1,0,85.7,85.7,6.0,1.5,0.0,33.6
LONG:strong_close+vwap_reclaim_v+rvol_thrust_up+above_vwap_v|nk0.0|vm1.2|mid_1030_1300,7,0.12,6,1,0,85.7,85.7,6.0,1.5,0.0,33.6
LONG:strong_close+vwap_reclaim_v+rvol_thrust_up+above_vwap_v|nk0.5|vm0.8|mid_1030_1300,7,0.12,6,1,0,85.7,85.7,6.0,1.5,0.0,33.6
LONG:strong_close+vwap_reclaim_v+rvol_thrust_up+above_vwap_v|nk0.5|vm1.2|mid_1030_1300,7,0.12,6,1,0,85.7,85.7,6.0,1.5,0.0,33.6
LONG:strong_close+vwap_reclaim_v+rvol_thrust_up+above_vwap_v|nk0.8|vm0.8|mid_1030_1300,7,0.12,6,1,0,85.7,85.7,6.0,1.5,0.0,33.6
LONG:strong_close+vwap_reclaim_v+rvol_thrust_up+above_vwap_v|nk0.8|vm1.2|mid_1030_1300,7,0.12,6,1,0,85.7,85.7,6.0,1.5,0.0,33.6
LONG:strong_close+vwap_reclaim_v+rvol_thrust_up+cvd_up|nk0.0|vm0.8|mid_1030_1300,7,0.12,6,1,0,85.7,85.7,6.0,1.5,0.0,33.6
LONG:strong_close+vwap_reclaim_v+rvol_thrust_up+cvd_up|nk0.0|vm1.2|mid_1030_1300,7,0.12,6,1,0,85.7,85.7,6.0,1.5,0.0,33.6
LONG:strong_close+vwap_reclaim_v+rvol_thrust_up+cvd_up|nk0.5|vm0.8|mid_1030_1300,7,0.12,6,1,0,85.7,85.7,6.0,1.5,0.0,33.6
LONG:strong_close+vwap_reclaim_v+rvol_thrust_up+cvd_up|nk0.5|vm1.2|mid_1030_1300,7,0.12,6,1,0,85.7,85.7,6.0,1.5,0.0,33.6
LONG:strong_close+vwap_reclaim_v+rvol_thrust_up+cvd_up|nk0.8|vm0.8|mid_1030_1300,7,0.12,6,1,0,85.7,85.7,6.0,1.5,0.0,33.6
LONG:strong_close+vwap_reclaim_v+rvol_thrust_up+cvd_up|nk0.8|vm1.2|mid_1030_1300,7,0.12,6,1,0,85.7,85.7,6.0,1.5,0.0,33.6
LONG:strong_close+vwap_reclaim_v+rvol_thrust_up+cvd_up_v|nk0.0|vm0.8|mid_1030_1300,7,0.12,6,1,0,85.7,85.7,6.0,1.5,0.0,33.6
LONG:strong_close+vwap_reclaim_v+rvol_thrust_up+cvd_up_v|nk0.0|vm1.2|mid_1030_1300,7,0.12,6,1,0,85.7,85.7,6.0,1.5,0.0,33.6
LONG:strong_close+vwap_reclaim_v+rvol_thrust_up+cvd_up_v|nk0.5|vm0.8|mid_1030_1300,7,0.12,6,1,0,85.7,85.7,6.0,1.5,0.0,33.6
LONG:strong_close+vwap_reclaim_v+rvol_thrust_up+cvd_up_v|nk0.5|vm1.2|mid_1030_1300,7,0.12,6,1,0,85.7,85.7,6.0,1.5,0.0,33.6
LONG:strong_close+vwap_reclaim_v+rvol_thrust_up+cvd_up_v|nk0.8|vm0.8|mid_1030_1300,7,0.12,6,1,0,85.7,85.7,6.0,1.5,0.0,33.6
LONG:strong_close+vwap_reclaim_v+rvol_thrust_up+cvd_up_v|nk0.8|vm1.2|mid_1030_1300,7,0.12,6,1,0,85.7,85.7,6.0,1.5,0.0,33.6
LONG:strong_close+vwap_reclaim_v+above_vwap_v+cvd_up|nk0.0|vm0.8|mid_1030_1300,7,0.12,6,1,0,85.7,85.7,6.0,1.5,0.0,33.6
LONG:strong_close+vwap_reclaim_v+above_vwap_v+cvd_up|nk0.0|vm1.2|mid_1030_1300,7,0.12,6,1,0,85.7,85.7,6.0,1.5,0.0,33.6
LONG:strong_close+vwap_reclaim_v+above_vwap_v+cvd_up|nk0.5|vm0.8|mid_1030_1300,7,0.12,6,1,0,85.7,85.7,6.0,1.5,0.0,33.6
LONG:strong_close+vwap_reclaim_v+above_vwap_v+cvd_up|nk0.5|vm1.2|mid_1030_1300,7,0.12,6,1,0,85.7,85.7,6.0,1.5,0.0,33.6
LONG:strong_close+vwap_reclaim_v+above_vwap_v+cvd_up|nk0.8|vm0.8|mid_1030_1300,7,0.12,6,1,0,85.7,85.7,6.0,1.5,0.0,33.6
LONG:strong_close+vwap_reclaim_v+above_vwap_v+cvd_up|nk0.8|vm1.2|mid_1030_1300,7,0.12,6,1,0,85.7,85.7,6.0,1.5,0.0,33.6
LONG:strong_close+vwap_reclaim_v+above_vwap_v+cvd_up_v|nk0.0|vm0.8|mid_1030_1300,7,0.12,6,1,0,85.7,85.7,6.0,1.5,0.0,33.6
LONG:strong_close+vwap_reclaim_v+above_vwap_v+cvd_up_v|nk0.0|vm1.2|mid_1030_1300,7,0.12,6,1,0,85.7,85.7,6.0,1.5,0.0,33.6
LONG:strong_close+vwap_reclaim_v+above_vwap_v+cvd_up_v|nk0.5|vm0.8|mid_1030_1300,7,0.12,6,1,0,85.7,85.7,6.0,1.5,0.0,33.6
LONG:strong_close+vwap_reclaim_v+above_vwap_v+cvd_up_v|nk0.5|vm1.2|mid_1030_1300,7,0.12,6,1,0,85.7,85.7,6.0,1.5,0.0,33.6
LONG:strong_close+vwap_reclaim_v+above_vwap_v+cvd_up_v|nk0.8|vm0.8|mid_1030_1300,7,0.12,6,1,0,85.7,85.7,6.0,1.5,0.0,33.6
LONG:strong_close+vwap_reclaim_v+above_vwap_v+cvd_up_v|nk0.8|vm1.2|mid_1030_1300,7,0.12,6,1,0,85.7,85.7,6.0,1.5,0.0,33.6
LONG:strong_close+rvol_thrust_up+above_vwap_v+rsi_thrust_up|nk0.0|vm0.8|mid_1030_1300,7,0.12,6,1,0,85.7,85.7,6.0,1.5,0.3,27.9
LONG:strong_close+rvol_thrust_up+above_vwap_v+rsi_thrust_up|nk0.0|vm1.2|mid_1030_1300,7,0.12,6,1,0,85.7,85.7,6.0,1.5,0.3,27.9
LONG:strong_close+rvol_thrust_up+above_vwap_v+rsi_thrust_up|nk0.5|vm0.8|mid_1030_1300,7,0.12,6,1,0,85.7,85.7,6.0,1.5,0.3,27.9
LONG:strong_close+rvol_thrust_up+above_vwap_v+rsi_thrust_up|nk0.5|vm1.2|mid_1030_1300,7,0.12,6,1,0,85.7,85.7,6.0,1.5,0.3,27.9
LONG:strong_close+rvol_thrust_up+above_vwap_v+rsi_thrust_up|nk0.8|vm0.8|mid_1030_1300,7,0.12,6,1,0,85.7,85.7,6.0,1.5,0.3,27.9
LONG:strong_close+rvol_thrust_up+above_vwap_v+rsi_thrust_up|nk0.8|vm1.2|mid_1030_1300,7,0.12,6,1,0,85.7,85.7,6.0,1.5,0.3,27.9
LONG:strong_close+rvol_thrust_up+cvd_up+rsi_thrust_up|nk0.0|vm0.8|mid_1030_1300,7,0.12,6,1,0,85.7,85.7,6.0,1.5,0.3,27.9
LONG:strong_close+rvol_thrust_up+cvd_up+rsi_thrust_up|nk0.0|vm1.2|mid_1030_1300,7,0.12,6,1,0,85.7,85.7,6.0,1.5,0.3,27.9
LONG:strong_close+rvol_thrust_up+cvd_up+rsi_thrust_up|nk0.5|vm0.8|mid_1030_1300,7,0.12,6,1,0,85.7,85.7,6.0,1.5,0.3,27.9
LONG:strong_close+rvol_thrust_up+cvd_up+rsi_thrust_up|nk0.5|vm1.2|mid_1030_1300,7,0.12,6,1,0,85.7,85.7,6.0,1.5,0.3,27.9
LONG:strong_close+rvol_thrust_up+cvd_up+rsi_thrust_up|nk0.8|vm0.8|mid_1030_1300,7,0.12,6,1,0,85.7,85.7,6.0,1.5,0.3,27.9
LONG:strong_close+rvol_thrust_up+cvd_up+rsi_thrust_up|nk0.8|vm1.2|mid_1030_1300,7,0.12,6,1,0,85.7,85.7,6.0,1.5,0.3,27.9
LONG:strong_close+rvol_thrust_up+cvd_up_v+rsi_thrust_up|nk0.0|vm0.8|mid_1030_1300,7,0.12,6,1,0,85.7,85.7,6.0,1.5,0.3,27.9
LONG:strong_close+rvol_thrust_up+cvd_up_v+rsi_thrust_up|nk0.0|vm1.2|mid_1030_1300,7,0.12,6,1,0,85.7,85.7,6.0,1.5,0.3,27.9
LONG:strong_close+rvol_thrust_up+cvd_up_v+rsi_thrust_up|nk0.5|vm0.8|mid_1030_1300,7,0.12,6,1,0,85.7,85.7,6.0,1.5,0.3,27.9
LONG:strong_close+rvol_thrust_up+cvd_up_v+rsi_thrust_up|nk0.5|vm1.2|mid_1030_1300,7,0.12,6,1,0,85.7,85.7,6.0,1.5,0.3,27.9
LONG:strong_close+rvol_thrust_up+cvd_up_v+rsi_thrust_up|nk0.8|vm0.8|mid_1030_1300,7,0.12,6,1,0,85.7,85.7,6.0,1.5,0.3,27.9
LONG:strong_close+rvol_thrust_up+cvd_up_v+rsi_thrust_up|nk0.8|vm1.2|mid_1030_1300,7,0.12,6,1,0,85.7,85.7,6.0,1.5,0.3,27.9
LONG:strong_close+above_vwap_v+cvd_up+rsi_thrust_up|nk0.0|vm0.8|mid_1030_1300,7,0.12,6,1,0,85.7,85.7,6.0,1.5,0.3,27.9
LONG:strong_close+above_vwap_v+cvd_up+rsi_thrust_up|nk0.0|vm1.2|mid_1030_1300,7,0.12,6,1,0,85.7,85.7,6.0,1.5,0.3,27.9
LONG:strong_close+above_vwap_v+cvd_up+rsi_thrust_up|nk0.5|vm0.8|mid_1030_1300,7,0.12,6,1,0,85.7,85.7,6.0,1.5,0.3,27.9
LONG:strong_close+above_vwap_v+cvd_up+rsi_thrust_up|nk0.5|vm1.2|mid_1030_1300,7,0.12,6,1,0,85.7,85.7,6.0,1.5,0.3,27.9
LONG:strong_close+above_vwap_v+cvd_up+rsi_thrust_up|nk0.8|vm0.8|mid_1030_1300,7,0.12,6,1,0,85.7,85.7,6.0,1.5,0.3,27.9
LONG:strong_close+above_vwap_v+cvd_up+rsi_thrust_up|nk0.8|vm1.2|mid_1030_1300,7,0.12,6,1,0,85.7,85.7,6.0,1.5,0.3,27.9
LONG:strong_close+above_vwap_v+cvd_up_v+rsi_thrust_up|nk0.0|vm0.8|mid_1030_1300,7,0.12,6,1,0,85.7,85.7,6.0,1.5,0.3,27.9
LONG:strong_close+above_vwap_v+cvd_up_v+rsi_thrust_up|nk0.0|vm1.2|mid_1030_1300,7,0.12,6,1,0,85.7,85.7,6.0,1.5,0.3,27.9
LONG:strong_close+above_vwap_v+cvd_up_v+rsi_thrust_up|nk0.5|vm0.8|mid_1030_1300,7,0.12,6,1,0,85.7,85.7,6.0,1.5,0.3,27.9
LONG:strong_close+above_vwap_v+cvd_up_v+rsi_thrust_up|nk0.5|vm1.2|mid_1030_1300,7,0.12,6,1,0,85.7,85.7,6.0,1.5,0.3,27.9
LONG:strong_close+above_vwap_v+cvd_up_v+rsi_thrust_up|nk0.8|vm0.8|mid_1030_1300,7,0.12,6,1,0,85.7,85.7,6.0,1.5,0.3,27.9
LONG:strong_close+above_vwap_v+cvd_up_v+rsi_thrust_up|nk0.8|vm1.2|mid_1030_1300,7,0.12,6,1,0,85.7,85.7,6.0,1.5,0.3,27.9
LONG:vwap_reclaim_v+rvol_thrust_up+above_vwap_v+cvd_up|nk0.0|vm0.8|mid_1030_1300,7,0.12,6,1,0,85.7,85.7,6.0,1.5,0.0,33.6
LONG:vwap_reclaim_v+rvol_thrust_up+above_vwap_v+cvd_up|nk0.0|vm1.2|mid_1030_1300,7,0.12,6,1,0,85.7,85.7,6.0,1.5,0.0,33.6
LONG:vwap_reclaim_v+rvol_thrust_up+above_vwap_v+cvd_up|nk0.5|vm0.8|mid_1030_1300,7,0.12,6,1,0,85.7,85.7,6.0,1.5,0.0,33.6
LONG:vwap_reclaim_v+rvol_thrust_up+above_vwap_v+cvd_up|nk0.5|vm1.2|mid_1030_1300,7,0.12,6,1,0,85.7,85.7,6.0,1.5,0.0,33.6
LONG:vwap_reclaim_v+rvol_thrust_up+above_vwap_v+cvd_up|nk0.8|vm0.8|mid_1030_1300,7,0.12,6,1,0,85.7,85.7,6.0,1.5,0.0,33.6
LONG:vwap_reclaim_v+rvol_thrust_up+above_vwap_v+cvd_up|nk0.8|vm1.2|mid_1030_1300,7,0.12,6,1,0,85.7,85.7,6.0,1.5,0.0,33.6
LONG:vwap_reclaim_v+rvol_thrust_up+above_vwap_v+cvd_up_v|nk0.0|vm0.8|mid_1030_1300,7,0.12,6,1,0,85.7,85.7,6.0,1.5,0.0,33.6
LONG:vwap_reclaim_v+rvol_thrust_up+above_vwap_v+cvd_up_v|nk0.0|vm1.2|mid_1030_1300,7,0.12,6,1,0,85.7,85.7,6.0,1.5,0.0,33.6
LONG:vwap_reclaim_v+rvol_thrust_up+above_vwap_v+cvd_up_v|nk0.5|vm0.8|mid_1030_1300,7,0.12,6,1,0,85.7,85.7,6.0,1.5,0.0,33.6
LONG:vwap_reclaim_v+rvol_thrust_up+above_vwap_v+cvd_up_v|nk0.5|vm1.2|mid_1030_1300,7,0.12,6,1,0,85.7,85.7,6.0,1.5,0.0,33.6
LONG:vwap_reclaim_v+rvol_thrust_up+above_vwap_v+cvd_up_v|nk0.8|vm0.8|mid_1030_1300,7,0.12,6,1,0,85.7,85.7,6.0,1.5,0.0,33.6
LONG:vwap_reclaim_v+rvol_thrust_up+above_vwap_v+cvd_up_v|nk0.8|vm1.2|mid_1030_1300,7,0.12,6,1,0,85.7,85.7,6.0,1.5,0.0,33.6
LONG:vwap_reclaim_v+rvol_thrust_up+cvd_up+cvd_up_v|nk0.0|vm0.8|mid_1030_1300,7,0.12,6,1,0,85.7,85.7,6.0,1.5,0.0,33.6
LONG:vwap_reclaim_v+rvol_thrust_up+cvd_up+cvd_up_v|nk0.0|vm1.2|mid_1030_1300,7,0.12,6,1,0,85.7,85.7,6.0,1.5,0.0,33.6
LONG:vwap_reclaim_v+rvol_thrust_up+cvd_up+cvd_up_v|nk0.5|vm0.8|mid_1030_1300,7,0.12,6,1,0,85.7,85.7,6.0,1.5,0.0,33.6
LONG:vwap_reclaim_v+rvol_thrust_up+cvd_up+cvd_up_v|nk0.5|vm1.2|mid_1030_1300,7,0.12,6,1,0,85.7,85.7,6.0,1.5,0.0,33.6
LONG:vwap_reclaim_v+rvol_thrust_up+cvd_up+cvd_up_v|nk0.8|vm0.8|mid_1030_1300,7,0.12,6,1,0,85.7,85.7,6.0,1.5,0.0,33.6
LONG:vwap_reclaim_v+rvol_thrust_up+cvd_up+cvd_up_v|nk0.8|vm1.2|mid_1030_1300,7,0.12,6,1,0,85.7,85.7,6.0,1.5,0.0,33.6
LONG:vwap_reclaim_v+above_vwap_v+cvd_up+cvd_up_v|nk0.0|vm0.8|mid_1030_1300,7,0.12,6,1,0,85.7,85.7,6.0,1.5,0.0,33.6
LONG:vwap_reclaim_v+above_vwap_v+cvd_up+cvd_up_v|nk0.0|vm1.2|mid_1030_1300,7,0.12,6,1,0,85.7,85.7,6.0,1.5,0.0,33.6
LONG:vwap_reclaim_v+above_vwap_v+cvd_up+cvd_up_v|nk0.5|vm0.8|mid_1030_1300,7,0.12,6,1,0,85.7,85.7,6.0,1.5,0.0,33.6
LONG:vwap_reclaim_v+above_vwap_v+cvd_up+cvd_up_v|nk0.5|vm1.2|mid_1030_1300,7,0.12,6,1,0,85.7,85.7,6.0,1.5,0.0,33.6
LONG:vwap_reclaim_v+above_vwap_v+cvd_up+cvd_up_v|nk0.8|vm0.8|mid_1030_1300,7,0.12,6,1,0,85.7,85.7,6.0,1.5,0.0,33.6
LONG:vwap_reclaim_v+above_vwap_v+cvd_up+cvd_up_v|nk0.8|vm1.2|mid_1030_1300,7,0.12,6,1,0,85.7,85.7,6.0,1.5,0.0,33.6
LONG:rvol_thrust_up+above_vwap_v+cvd_up+rsi_thrust_up|nk0.0|vm0.8|mid_1030_1300,7,0.12,6,1,0,85.7,85.7,6.0,1.5,0.3,27.9
LONG:rvol_thrust_up+above_vwap_v+cvd_up+rsi_thrust_up|nk0.0|vm1.2|mid_1030_1300,7,0.12,6,1,0,85.7,85.7,6.0,1.5,0.3,27.9
LONG:rvol_thrust_up+above_vwap_v+cvd_up+rsi_thrust_up|nk0.5|vm0.8|mid_1030_1300,7,0.12,6,1,0,85.7,85.7,6.0,1.5,0.3,27.9
LONG:rvol_thrust_up+above_vwap_v+cvd_up+rsi_thrust_up|nk0.5|vm1.2|mid_1030_1300,7,0.12,6,1,0,85.7,85.7,6.0,1.5,0.3,27.9
LONG:rvol_thrust_up+above_vwap_v+cvd_up+rsi_thrust_up|nk0.8|vm0.8|mid_1030_1300,7,0.12,6,1,0,85.7,85.7,6.0,1.5,0.3,27.9
LONG:rvol_thrust_up+above_vwap_v+cvd_up+rsi_thrust_up|nk0.8|vm1.2|mid_1030_1300,7,0.12,6,1,0,85.7,85.7,6.0,1.5,0.3,27.9
LONG:rvol_thrust_up+above_vwap_v+cvd_up_v+rsi_thrust_up|nk0.0|vm0.8|mid_1030_1300,7,0.12,6,1,0,85.7,85.7,6.0,1.5,0.3,27.9
LONG:rvol_thrust_up+above_vwap_v+cvd_up_v+rsi_thrust_up|nk0.0|vm1.2|mid_1030_1300,7,0.12,6,1,0,85.7,85.7,6.0,1.5,0.3,27.9
LONG:rvol_thrust_up+above_vwap_v+cvd_up_v+rsi_thrust_up|nk0.5|vm0.8|mid_1030_1300,7,0.12,6,1,0,85.7,85.7,6.0,1.5,0.3,27.9
LONG:rvol_thrust_up+above_vwap_v+cvd_up_v+rsi_thrust_up|nk0.5|vm1.2|mid_1030_1300,7,0.12,6,1,0,85.7,85.7,6.0,1.5,0.3,27.9
LONG:rvol_thrust_up+above_vwap_v+cvd_up_v+rsi_thrust_up|nk0.8|vm0.8|mid_1030_1300,7,0.12,6,1,0,85.7,85.7,6.0,1.5,0.3,27.9
LONG:rvol_thrust_up+above_vwap_v+cvd_up_v+rsi_thrust_up|nk0.8|vm1.2|mid_1030_1300,7,0.12,6,1,0,85.7,85.7,6.0,1.5,0.3,27.9
LONG:rvol_thrust_up+cvd_up+cvd_up_v+rsi_thrust_up|nk0.0|vm0.8|mid_1030_1300,7,0.12,6,1,0,85.7,85.7,6.0,1.5,0.3,27.9
LONG:rvol_thrust_up+cvd_up+cvd_up_v+rsi_thrust_up|nk0.0|vm1.2|mid_1030_1300,7,0.12,6,1,0,85.7,85.7,6.0,1.5,0.3,27.9
LONG:rvol_thrust_up+cvd_up+cvd_up_v+rsi_thrust_up|nk0.5|vm0.8|mid_1030_1300,7,0.12,6,1,0,85.7,85.7,6.0,1.5,0.3,27.9
LONG:rvol_thrust_up+cvd_up+cvd_up_v+rsi_thrust_up|nk0.5|vm1.2|mid_1030_1300,7,0.12,6,1,0,85.7,85.7,6.0,1.5,0.3,27.9
LONG:rvol_thrust_up+cvd_up+cvd_up_v+rsi_thrust_up|nk0.8|vm0.8|mid_1030_1300,7,0.12,6,1,0,85.7,85.7,6.0,1.5,0.3,27.9
LONG:rvol_thrust_up+cvd_up+cvd_up_v+rsi_thrust_up|nk0.8|vm1.2|mid_1030_1300,7,0.12,6,1,0,85.7,85.7,6.0,1.5,0.3,27.9
LONG:above_vwap_v+cvd_up+cvd_up_v+rsi_thrust_up|nk0.0|vm0.8|mid_1030_1300,7,0.12,6,1,0,85.7,85.7,6.0,1.5,0.3,27.9
LONG:above_vwap_v+cvd_up+cvd_up_v+rsi_thrust_up|nk0.0|vm1.2|mid_1030_1300,7,0.12,6,1,0,85.7,85.7,6.0,1.5,0.3,27.9
LONG:above_vwap_v+cvd_up+cvd_up_v+rsi_thrust_up|nk0.5|vm0.8|mid_1030_1300,7,0.12,6,1,0,85.7,85.7,6.0,1.5,0.3,27.9
LONG:above_vwap_v+cvd_up+cvd_up_v+rsi_thrust_up|nk0.5|vm1.2|mid_1030_1300,7,0.12,6,1,0,85.7,85.7,6.0,1.5,0.3,27.9
LONG:above_vwap_v+cvd_up+cvd_up_v+rsi_thrust_up|nk0.8|vm0.8|mid_1030_1300,7,0.12,6,1,0,85.7,85.7,6.0,1.5,0.3,27.9
LONG:above_vwap_v+cvd_up+cvd_up_v+rsi_thrust_up|nk0.8|vm1.2|mid_1030_1300,7,0.12,6,1,0,85.7,85.7,6.0,1.5,0.3,27.9
SHORT:vwap_loss+below_pivot+macd_x_dn|nk0.0|vm0.8|full_0845_1400,7,0.12,6,1,0,85.7,85.7,6.0,1.5,0.3,10.0
SHORT:vwap_loss+below_pivot+macd_x_dn|nk0.5|vm0.8|full_0845_1400,7,0.12,6,1,0,85.7,85.7,6.0,1.5,0.3,10.0
SHORT:vwap_loss+below_pivot+macd_x_dn|nk0.8|vm0.8|full_0845_1400,7,0.12,6,1,0,85.7,85.7,6.0,1.5,0.3,10.0
SHORT:below_vwap+below_pivot+macd_x_dn|nk0.0|vm1.2|pm_1130_1400,7,0.12,6,1,0,85.7,85.7,6.0,1.5,0.3,17.9
SHORT:below_vwap+below_pivot+macd_x_dn|nk0.5|vm1.2|pm_1130_1400,7,0.12,6,1,0,85.7,85.7,6.0,1.5,0.3,17.9
SHORT:adi_dn+below_pivot+macd_x_dn|nk0.0|vm1.2|pm_1130_1400,7,0.12,6,1,0,85.7,85.7,6.0,1.5,0.3,20.0
SHORT:adi_dn+below_pivot+macd_x_dn|nk0.5|vm1.2|pm_1130_1400,7,0.12,6,1,0,85.7,85.7,6.0,1.5,0.3,20.0
SHORT:below_pivot+macd_x_dn+hist_turn_dn|nk0.0|vm0.8|full_0845_1400,7,0.12,6,1,0,85.7,85.7,6.0,1.5,0.3,14.3
SHORT:below_pivot+macd_x_dn+hist_turn_dn|nk0.5|vm0.8|full_0845_1400,7,0.12,6,1,0,85.7,85.7,6.0,1.5,0.3,14.3
SHORT:below_pivot+macd_x_dn+weak_close|nk0.0|vm1.2|pm_1130_1400,7,0.12,6,1,0,85.7,85.7,6.0,1.5,0.3,20.0
SHORT:below_pivot+macd_x_dn+weak_close|nk0.5|vm1.2|pm_1130_1400,7,0.12,6,1,0,85.7,85.7,6.0,1.5,0.3,20.0
SHORT:below_pivot+macd_x_dn+cvd_dn|nk0.0|vm1.2|pm_1130_1400,7,0.12,6,1,0,85.7,85.7,6.0,1.5,0.3,17.9
SHORT:below_pivot+macd_x_dn+cvd_dn|nk0.5|vm1.2|pm_1130_1400,7,0.12,6,1,0,85.7,85.7,6.0,1.5,0.3,17.9
SHORT:below_pivot+macd_x_dn+cvd_dn_v|nk0.0|vm0.8|pm_1130_1400,7,0.12,6,1,0,85.7,85.7,6.0,1.5,0.3,17.9
SHORT:below_pivot+macd_x_dn+cvd_dn_v|nk0.0|vm1.2|pm_1130_1400,7,0.12,6,1,0,85.7,85.7,6.0,1.5,0.3,17.9
SHORT:below_pivot+macd_x_dn+cvd_dn_v|nk0.5|vm0.8|pm_1130_1400,7,0.12,6,1,0,85.7,85.7,6.0,1.5,0.3,17.9
SHORT:below_pivot+macd_x_dn+cvd_dn_v|nk0.5|vm1.2|pm_1130_1400,7,0.12,6,1,0,85.7,85.7,6.0,1.5,0.3,17.9
SHORT:vwap_loss+below_vwap+below_pivot+macd_x_dn|nk0.0|vm0.8|full_0845_1400,7,0.12,6,1,0,85.7,85.7,6.0,1.5,0.3,10.0
SHORT:vwap_loss+below_vwap+below_pivot+macd_x_dn|nk0.5|vm0.8|full_0845_1400,7,0.12,6,1,0,85.7,85.7,6.0,1.5,0.3,10.0
SHORT:vwap_loss+below_vwap+below_pivot+macd_x_dn|nk0.8|vm0.8|full_0845_1400,7,0.12,6,1,0,85.7,85.7,6.0,1.5,0.3,10.0
SHORT:vwap_loss+adi_dn+below_pivot+macd_x_dn|nk0.0|vm0.8|full_0845_1400,7,0.12,6,1,0,85.7,85.7,6.0,1.5,0.3,10.0
SHORT:vwap_loss+adi_dn+below_pivot+macd_x_dn|nk0.5|vm0.8|full_0845_1400,7,0.12,6,1,0,85.7,85.7,6.0,1.5,0.3,10.0
SHORT:vwap_loss+adi_dn+below_pivot+macd_x_dn|nk0.8|vm0.8|full_0845_1400,7,0.12,6,1,0,85.7,85.7,6.0,1.5,0.3,10.0
SHORT:vwap_loss+adi_dn+below_pivot+cvd_dn|nk0.0|vm1.2|am_0845_1130,7,0.12,6,1,0,85.7,85.7,6.0,1.5,0.3,6.4
SHORT:vwap_loss+adi_dn+below_pivot+cvd_dn|nk0.5|vm1.2|am_0845_1130,7,0.12,6,1,0,85.7,85.7,6.0,1.5,0.3,6.4
SHORT:vwap_loss+adi_dn+below_pivot+cvd_dn|nk0.8|vm1.2|am_0845_1130,7,0.12,6,1,0,85.7,85.7,6.0,1.5,0.3,6.4
SHORT:vwap_loss+below_pivot+macd_x_dn+weak_close|nk0.0|vm0.8|full_0845_1400,7,0.12,6,1,0,85.7,85.7,6.0,1.5,0.3,10.0
SHORT:vwap_loss+below_pivot+macd_x_dn+weak_close|nk0.5|vm0.8|full_0845_1400,7,0.12,6,1,0,85.7,85.7,6.0,1.5,0.3,10.0
SHORT:vwap_loss+below_pivot+macd_x_dn+weak_close|nk0.8|vm0.8|full_0845_1400,7,0.12,6,1,0,85.7,85.7,6.0,1.5,0.3,10.0
SHORT:below_vwap+below_pivot+macd_x_dn+cvd_dn|nk0.0|vm1.2|pm_1130_1400,7,0.12,6,1,0,85.7,85.7,6.0,1.5,0.3,17.9
SHORT:below_vwap+below_pivot+macd_x_dn+cvd_dn|nk0.5|vm1.2|pm_1130_1400,7,0.12,6,1,0,85.7,85.7,6.0,1.5,0.3,17.9
SHORT:below_vwap+below_pivot+macd_x_dn+cvd_dn_v|nk0.0|vm0.8|pm_1130_1400,7,0.12,6,1,0,85.7,85.7,6.0,1.5,0.3,17.9
SHORT:below_vwap+below_pivot+macd_x_dn+cvd_dn_v|nk0.0|vm1.2|pm_1130_1400,7,0.12,6,1,0,85.7,85.7,6.0,1.5,0.3,17.9
SHORT:below_vwap+below_pivot+macd_x_dn+cvd_dn_v|nk0.5|vm0.8|pm_1130_1400,7,0.12,6,1,0,85.7,85.7,6.0,1.5,0.3,17.9
SHORT:below_vwap+below_pivot+macd_x_dn+cvd_dn_v|nk0.5|vm1.2|pm_1130_1400,7,0.12,6,1,0,85.7,85.7,6.0,1.5,0.3,17.9
SHORT:adi_dn+below_pivot+macd_x_dn+weak_close|nk0.0|vm1.2|pm_1130_1400,7,0.12,6,1,0,85.7,85.7,6.0,1.5,0.3,20.0
SHORT:adi_dn+below_pivot+macd_x_dn+weak_close|nk0.5|vm1.2|pm_1130_1400,7,0.12,6,1,0,85.7,85.7,6.0,1.5,0.3,20.0
SHORT:below_pivot+macd_x_dn+hist_turn_dn+weak_close|nk0.0|vm0.8|full_0845_1400,7,0.12,6,1,0,85.7,85.7,6.0,1.5,0.3,14.3
SHORT:below_pivot+macd_x_dn+hist_turn_dn+weak_close|nk0.5|vm0.8|full_0845_1400,7,0.12,6,1,0,85.7,85.7,6.0,1.5,0.3,14.3
SHORT:below_pivot+macd_x_dn+cvd_dn+cvd_dn_v|nk0.0|vm0.8|pm_1130_1400,7,0.12,6,1,0,85.7,85.7,6.0,1.5,0.3,17.9
SHORT:below_pivot+macd_x_dn+cvd_dn+cvd_dn_v|nk0.0|vm1.2|pm_1130_1400,7,0.12,6,1,0,85.7,85.7,6.0,1.5,0.3,17.9
SHORT:below_pivot+macd_x_dn+cvd_dn+cvd_dn_v|nk0.5|vm0.8|pm_1130_1400,7,0.12,6,1,0,85.7,85.7,6.0,1.5,0.3,17.9
SHORT:below_pivot+macd_x_dn+cvd_dn+cvd_dn_v|nk0.5|vm1.2|pm_1130_1400,7,0.12,6,1,0,85.7,85.7,6.0,1.5,0.3,17.9
SHORT:below_vwap+macd_x_dn|nk0.0|vm1.2|pm_1130_1400,8,0.13,6,1,1,75.0,85.7,6.55,1.66,0.3,20.0
SHORT:below_vwap+macd_x_dn|nk0.5|vm1.2|pm_1130_1400,8,0.13,6,1,1,75.0,85.7,6.55,1.66,0.3,20.0
SHORT:macd_x_dn+cvd_dn|nk0.0|vm1.2|pm_1130_1400,8,0.13,6,1,1,75.0,85.7,6.55,1.66,0.3,20.0
SHORT:macd_x_dn+cvd_dn|nk0.5|vm1.2|pm_1130_1400,8,0.13,6,1,1,75.0,85.7,6.55,1.66,0.3,20.0
SHORT:macd_x_dn+cvd_dn_v|nk0.0|vm0.8|pm_1130_1400,8,0.13,6,1,1,75.0,85.7,6.55,1.66,0.3,20.0
SHORT:macd_x_dn+cvd_dn_v|nk0.0|vm1.2|pm_1130_1400,8,0.13,6,1,1,75.0,85.7,6.55,1.66,0.3,20.0
SHORT:macd_x_dn+cvd_dn_v|nk0.5|vm0.8|pm_1130_1400,8,0.13,6,1,1,75.0,85.7,6.55,1.66,0.3,20.0
SHORT:macd_x_dn+cvd_dn_v|nk0.5|vm1.2|pm_1130_1400,8,0.13,6,1,1,75.0,85.7,6.55,1.66,0.3,20.0
SHORT:below_vwap+macd_x_dn+cvd_dn|nk0.0|vm1.2|pm_1130_1400,8,0.13,6,1,1,75.0,85.7,6.55,1.66,0.3,20.0
SHORT:below_vwap+macd_x_dn+cvd_dn|nk0.5|vm1.2|pm_1130_1400,8,0.13,6,1,1,75.0,85.7,6.55,1.66,0.3,20.0
SHORT:below_vwap+macd_x_dn+cvd_dn_v|nk0.0|vm0.8|pm_1130_1400,8,0.13,6,1,1,75.0,85.7,6.55,1.66,0.3,20.0
SHORT:below_vwap+macd_x_dn+cvd_dn_v|nk0.0|vm1.2|pm_1130_1400,8,0.13,6,1,1,75.0,85.7,6.55,1.66,0.3,20.0
SHORT:below_vwap+macd_x_dn+cvd_dn_v|nk0.5|vm0.8|pm_1130_1400,8,0.13,6,1,1,75.0,85.7,6.55,1.66,0.3,20.0
SHORT:below_vwap+macd_x_dn+cvd_dn_v|nk0.5|vm1.2|pm_1130_1400,8,0.13,6,1,1,75.0,85.7,6.55,1.66,0.3,20.0
SHORT:macd_x_dn+cvd_dn+cvd_dn_v|nk0.0|vm0.8|pm_1130_1400,8,0.13,6,1,1,75.0,85.7,6.55,1.66,0.3,20.0
SHORT:macd_x_dn+cvd_dn+cvd_dn_v|nk0.0|vm1.2|pm_1130_1400,8,0.13,6,1,1,75.0,85.7,6.55,1.66,0.3,20.0
SHORT:macd_x_dn+cvd_dn+cvd_dn_v|nk0.5|vm0.8|pm_1130_1400,8,0.13,6,1,1,75.0,85.7,6.55,1.66,0.3,20.0
SHORT:macd_x_dn+cvd_dn+cvd_dn_v|nk0.5|vm1.2|pm_1130_1400,8,0.13,6,1,1,75.0,85.7,6.55,1.66,0.3,20.0
SHORT:vwap_loss+delta_dump+below_pivot+cvd_dn|nk0.0|vm0.8|full_0845_1400,8,0.13,6,1,1,75.0,85.7,4.88,1.43,0.3,10.0
SHORT:vwap_loss+delta_dump+below_pivot+cvd_dn|nk0.0|vm1.2|full_0845_1400,8,0.13,6,1,1,75.0,85.7,4.88,1.43,0.3,10.0
SHORT:vwap_loss+delta_dump+below_pivot+cvd_dn|nk0.5|vm0.8|full_0845_1400,8,0.13,6,1,1,75.0,85.7,4.88,1.43,0.3,10.0
SHORT:vwap_loss+delta_dump+below_pivot+cvd_dn|nk0.5|vm1.2|full_0845_1400,8,0.13,6,1,1,75.0,85.7,4.88,1.43,0.3,10.0
SHORT:vwap_loss+delta_dump+below_pivot+cvd_dn|nk0.8|vm0.8|full_0845_1400,8,0.13,6,1,1,75.0,85.7,4.88,1.43,0.3,10.0
SHORT:vwap_loss+delta_dump+below_pivot+cvd_dn|nk0.8|vm1.2|full_0845_1400,8,0.13,6,1,1,75.0,85.7,4.88,1.43,0.3,10.0
SHORT:below_vwap+macd_x_dn+cvd_dn+cvd_dn_v|nk0.0|vm0.8|pm_1130_1400,8,0.13,6,1,1,75.0,85.7,6.55,1.66,0.3,20.0
SHORT:below_vwap+macd_x_dn+cvd_dn+cvd_dn_v|nk0.0|vm1.2|pm_1130_1400,8,0.13,6,1,1,75.0,85.7,6.55,1.66,0.3,20.0
SHORT:below_vwap+macd_x_dn+cvd_dn+cvd_dn_v|nk0.5|vm0.8|pm_1130_1400,8,0.13,6,1,1,75.0,85.7,6.55,1.66,0.3,20.0
SHORT:below_vwap+macd_x_dn+cvd_dn+cvd_dn_v|nk0.5|vm1.2|pm_1130_1400,8,0.13,6,1,1,75.0,85.7,6.55,1.66,0.3,20.0
