config,trades,trades_per_day,wins,stops,scratch,win_rate,tp_before_sl,profit_factor,net_pct,max_drawdown_pct,avg_hold_min
LONG:poc_reject_up+vwap_lo_bounce|nk0.0|vm0.8|full_0845_1400,11,0.18,11,0,0,100.0,100.0,inf,3.3,0.0,54.5
LONG:poc_reject_up+vwap_lo_bounce|nk0.0|vm1.2|full_0845_1400,11,0.18,11,0,0,100.0,100.0,inf,3.3,0.0,54.5
LONG:poc_reject_up+vwap_lo_bounce|nk0.5|vm0.8|full_0845_1400,11,0.18,11,0,0,100.0,100.0,inf,3.3,0.0,54.5
LONG:poc_reject_up+vwap_lo_bounce|nk0.5|vm1.2|full_0845_1400,11,0.18,11,0,0,100.0,100.0,inf,3.3,0.0,54.5
LONG:poc_reject_up+vwap_lo_bounce|nk0.8|vm0.8|full_0845_1400,11,0.18,11,0,0,100.0,100.0,inf,3.3,0.0,54.5
LONG:poc_reject_up+vwap_lo_bounce|nk0.8|vm1.2|full_0845_1400,11,0.18,11,0,0,100.0,100.0,inf,3.3,0.0,54.5
LONG:poc_reject_up+strong_close+vwap_lo_bounce|nk0.0|vm0.8|full_0845_1400,11,0.18,11,0,0,100.0,100.0,inf,3.3,0.0,54.5
LONG:poc_reject_up+strong_close+vwap_lo_bounce|nk0.0|vm1.2|full_0845_1400,11,0.18,11,0,0,100.0,100.0,inf,3.3,0.0,54.5
LONG:poc_reject_up+strong_close+vwap_lo_bounce|nk0.5|vm0.8|full_0845_1400,11,0.18,11,0,0,100.0,100.0,inf,3.3,0.0,54.5
LONG:poc_reject_up+strong_close+vwap_lo_bounce|nk0.5|vm1.2|full_0845_1400,11,0.18,11,0,0,100.0,100.0,inf,3.3,0.0,54.5
LONG:poc_reject_up+strong_close+vwap_lo_bounce|nk0.8|vm0.8|full_0845_1400,11,0.18,11,0,0,100.0,100.0,inf,3.3,0.0,54.5
LONG:poc_reject_up+strong_close+vwap_lo_bounce|nk0.8|vm1.2|full_0845_1400,11,0.18,11,0,0,100.0,100.0,inf,3.3,0.0,54.5
LONG:poc_reject_up+adi_up+vwap_lo_bounce|nk0.0|vm0.8|full_0845_1400,9,0.15,9,0,0,100.0,100.0,inf,2.7,0.0,58.3
LONG:poc_reject_up+adi_up+vwap_lo_bounce|nk0.0|vm1.2|full_0845_1400,9,0.15,9,0,0,100.0,100.0,inf,2.7,0.0,58.3
LONG:poc_reject_up+adi_up+vwap_lo_bounce|nk0.5|vm0.8|full_0845_1400,9,0.15,9,0,0,100.0,100.0,inf,2.7,0.0,58.3
LONG:poc_reject_up+adi_up+vwap_lo_bounce|nk0.5|vm1.2|full_0845_1400,9,0.15,9,0,0,100.0,100.0,inf,2.7,0.0,58.3
LONG:poc_reject_up+adi_up+vwap_lo_bounce|nk0.8|vm0.8|full_0845_1400,9,0.15,9,0,0,100.0,100.0,inf,2.7,0.0,58.3
LONG:poc_reject_up+adi_up+vwap_lo_bounce|nk0.8|vm1.2|full_0845_1400,9,0.15,9,0,0,100.0,100.0,inf,2.7,0.0,58.3
LONG:poc_reject_up+adi_up+strong_close+vwap_lo_bounce|nk0.0|vm0.8|full_0845_1400,9,0.15,9,0,0,100.0,100.0,inf,2.7,0.0,58.3
LONG:poc_reject_up+adi_up+strong_close+vwap_lo_bounce|nk0.0|vm1.2|full_0845_1400,9,0.15,9,0,0,100.0,100.0,inf,2.7,0.0,58.3
LONG:poc_reject_up+adi_up+strong_close+vwap_lo_bounce|nk0.5|vm0.8|full_0845_1400,9,0.15,9,0,0,100.0,100.0,inf,2.7,0.0,58.3
LONG:poc_reject_up+adi_up+strong_close+vwap_lo_bounce|nk0.5|vm1.2|full_0845_1400,9,0.15,9,0,0,100.0,100.0,inf,2.7,0.0,58.3
LONG:poc_reject_up+adi_up+strong_close+vwap_lo_bounce|nk0.8|vm0.8|full_0845_1400,9,0.15,9,0,0,100.0,100.0,inf,2.7,0.0,58.3
LONG:poc_reject_up+adi_up+strong_close+vwap_lo_bounce|nk0.8|vm1.2|full_0845_1400,9,0.15,9,0,0,100.0,100.0,inf,2.7,0.0,58.3
LONG:poc_reject_up+vwap_lo_bounce|nk0.0|vm0.8|am_0845_1130,6,0.1,6,0,0,100.0,100.0,inf,1.8,0.0,73.3
LONG:poc_reject_up+vwap_lo_bounce|nk0.0|vm1.2|am_0845_1130,6,0.1,6,0,0,100.0,100.0,inf,1.8,0.0,73.3
LONG:poc_reject_up+vwap_lo_bounce|nk0.5|vm0.8|am_0845_1130,6,0.1,6,0,0,100.0,100.0,inf,1.8,0.0,73.3
LONG:poc_reject_up+vwap_lo_bounce|nk0.5|vm1.2|am_0845_1130,6,0.1,6,0,0,100.0,100.0,inf,1.8,0.0,73.3
LONG:poc_reject_up+vwap_lo_bounce|nk0.8|vm0.8|am_0845_1130,6,0.1,6,0,0,100.0,100.0,inf,1.8,0.0,73.3
LONG:poc_reject_up+vwap_lo_bounce|nk0.8|vm1.2|am_0845_1130,6,0.1,6,0,0,100.0,100.0,inf,1.8,0.0,73.3
LONG:poc_reject_up+delta_surge+vwap_lo_bounce|nk0.0|vm0.8|full_0845_1400,6,0.1,6,0,0,100.0,100.0,inf,1.8,0.0,50.8
LONG:poc_reject_up+delta_surge+vwap_lo_bounce|nk0.0|vm1.2|full_0845_1400,6,0.1,6,0,0,100.0,100.0,inf,1.8,0.0,50.8
LONG:poc_reject_up+delta_surge+vwap_lo_bounce|nk0.5|vm0.8|full_0845_1400,6,0.1,6,0,0,100.0,100.0,inf,1.8,0.0,50.8
LONG:poc_reject_up+delta_surge+vwap_lo_bounce|nk0.5|vm1.2|full_0845_1400,6,0.1,6,0,0,100.0,100.0,inf,1.8,0.0,50.8
LONG:poc_reject_up+delta_surge+vwap_lo_bounce|nk0.8|vm0.8|full_0845_1400,6,0.1,6,0,0,100.0,100.0,inf,1.8,0.0,50.8
LONG:poc_reject_up+delta_surge+vwap_lo_bounce|nk0.8|vm1.2|full_0845_1400,6,0.1,6,0,0,100.0,100.0,inf,1.8,0.0,50.8
LONG:poc_reject_up+strong_close+vwap_lo_bounce|nk0.0|vm0.8|am_0845_1130,6,0.1,6,0,0,100.0,100.0,inf,1.8,0.0,73.3
LONG:poc_reject_up+strong_close+vwap_lo_bounce|nk0.0|vm1.2|am_0845_1130,6,0.1,6,0,0,100.0,100.0,inf,1.8,0.0,73.3
LONG:poc_reject_up+strong_close+vwap_lo_bounce|nk0.5|vm0.8|am_0845_1130,6,0.1,6,0,0,100.0,100.0,inf,1.8,0.0,73.3
LONG:poc_reject_up+strong_close+vwap_lo_bounce|nk0.5|vm1.2|am_0845_1130,6,0.1,6,0,0,100.0,100.0,inf,1.8,0.0,73.3
LONG:poc_reject_up+strong_close+vwap_lo_bounce|nk0.8|vm0.8|am_0845_1130,6,0.1,6,0,0,100.0,100.0,inf,1.8,0.0,73.3
LONG:poc_reject_up+strong_close+vwap_lo_bounce|nk0.8|vm1.2|am_0845_1130,6,0.1,6,0,0,100.0,100.0,inf,1.8,0.0,73.3
LONG:poc_reject_up+adi_up+delta_surge+vwap_lo_bounce|nk0.0|vm0.8|full_0845_1400,6,0.1,6,0,0,100.0,100.0,inf,1.8,0.0,50.8
LONG:poc_reject_up+adi_up+delta_surge+vwap_lo_bounce|nk0.0|vm1.2|full_0845_1400,6,0.1,6,0,0,100.0,100.0,inf,1.8,0.0,50.8
LONG:poc_reject_up+adi_up+delta_surge+vwap_lo_bounce|nk0.5|vm0.8|full_0845_1400,6,0.1,6,0,0,100.0,100.0,inf,1.8,0.0,50.8
LONG:poc_reject_up+adi_up+delta_surge+vwap_lo_bounce|nk0.5|vm1.2|full_0845_1400,6,0.1,6,0,0,100.0,100.0,inf,1.8,0.0,50.8
LONG:poc_reject_up+adi_up+delta_surge+vwap_lo_bounce|nk0.8|vm0.8|full_0845_1400,6,0.1,6,0,0,100.0,100.0,inf,1.8,0.0,50.8
LONG:poc_reject_up+adi_up+delta_surge+vwap_lo_bounce|nk0.8|vm1.2|full_0845_1400,6,0.1,6,0,0,100.0,100.0,inf,1.8,0.0,50.8
LONG:poc_reject_up+delta_surge+strong_close+vwap_lo_bounce|nk0.0|vm0.8|full_0845_1400,6,0.1,6,0,0,100.0,100.0,inf,1.8,0.0,50.8
LONG:poc_reject_up+delta_surge+strong_close+vwap_lo_bounce|nk0.0|vm1.2|full_0845_1400,6,0.1,6,0,0,100.0,100.0,inf,1.8,0.0,50.8
LONG:poc_reject_up+delta_surge+strong_close+vwap_lo_bounce|nk0.5|vm0.8|full_0845_1400,6,0.1,6,0,0,100.0,100.0,inf,1.8,0.0,50.8
LONG:poc_reject_up+delta_surge+strong_close+vwap_lo_bounce|nk0.5|vm1.2|full_0845_1400,6,0.1,6,0,0,100.0,100.0,inf,1.8,0.0,50.8
LONG:poc_reject_up+delta_surge+strong_close+vwap_lo_bounce|nk0.8|vm0.8|full_0845_1400,6,0.1,6,0,0,100.0,100.0,inf,1.8,0.0,50.8
LONG:poc_reject_up+delta_surge+strong_close+vwap_lo_bounce|nk0.8|vm1.2|full_0845_1400,6,0.1,6,0,0,100.0,100.0,inf,1.8,0.0,50.8
SHORT:macd_x_dn+weak_close+mom_ignite_dn|nk0.0|vm0.8|am_0845_1130,6,0.1,6,0,0,100.0,100.0,inf,1.8,0.0,84.2
SHORT:macd_x_dn+weak_close+mom_ignite_dn|nk0.5|vm0.8|am_0845_1130,6,0.1,6,0,0,100.0,100.0,inf,1.8,0.0,84.2
SHORT:macd_x_dn+weak_close+mom_ignite_dn|nk0.8|vm0.8|am_0845_1130,6,0.1,6,0,0,100.0,100.0,inf,1.8,0.0,84.2
SHORT:below_vwap+macd_x_dn+weak_close+mom_ignite_dn|nk0.0|vm0.8|am_0845_1130,6,0.1,6,0,0,100.0,100.0,inf,1.8,0.0,84.2
SHORT:below_vwap+macd_x_dn+weak_close+mom_ignite_dn|nk0.5|vm0.8|am_0845_1130,6,0.1,6,0,0,100.0,100.0,inf,1.8,0.0,84.2
SHORT:below_vwap+macd_x_dn+weak_close+mom_ignite_dn|nk0.8|vm0.8|am_0845_1130,6,0.1,6,0,0,100.0,100.0,inf,1.8,0.0,84.2
SHORT:adi_dn+macd_x_dn+weak_close+mom_ignite_dn|nk0.0|vm0.8|am_0845_1130,6,0.1,6,0,0,100.0,100.0,inf,1.8,0.0,84.2
SHORT:adi_dn+macd_x_dn+weak_close+mom_ignite_dn|nk0.5|vm0.8|am_0845_1130,6,0.1,6,0,0,100.0,100.0,inf,1.8,0.0,84.2
SHORT:adi_dn+macd_x_dn+weak_close+mom_ignite_dn|nk0.8|vm0.8|am_0845_1130,6,0.1,6,0,0,100.0,100.0,inf,1.8,0.0,84.2
SHORT:macd_x_dn+weak_close+cvd_dn+mom_ignite_dn|nk0.0|vm0.8|am_0845_1130,6,0.1,6,0,0,100.0,100.0,inf,1.8,0.0,84.2
SHORT:macd_x_dn+weak_close+cvd_dn+mom_ignite_dn|nk0.5|vm0.8|am_0845_1130,6,0.1,6,0,0,100.0,100.0,inf,1.8,0.0,84.2
SHORT:macd_x_dn+weak_close+cvd_dn+mom_ignite_dn|nk0.8|vm0.8|am_0845_1130,6,0.1,6,0,0,100.0,100.0,inf,1.8,0.0,84.2
LONG:poc_reject_up+adi_up|nk0.0|vm1.2|mid_1030_1300,8,0.13,7,1,0,87.5,87.5,7.0,1.8,0.3,55.6
LONG:poc_reject_up+adi_up|nk0.5|vm1.2|mid_1030_1300,8,0.13,7,1,0,87.5,87.5,7.0,1.8,0.3,55.6
LONG:poc_reject_up+above_pivot|nk0.8|vm0.8|mid_1030_1300,8,0.13,7,0,1,87.5,100.0,159.54,2.09,0.01,91.9
LONG:poc_reject_up+adi_up|nk0.8|vm1.2|mid_1030_1300,7,0.12,6,1,0,85.7,85.7,6.0,1.5,0.3,57.1
LONG:poc_reject_up+strong_close|nk0.8|vm1.2|mid_1030_1300,7,0.12,6,1,0,85.7,85.7,6.0,1.5,0.3,44.3
SHORT:mom_ignite_dn+rsi_thrust_dn|nk0.0|vm0.8|am_0845_1130,7,0.12,6,1,0,85.7,85.7,6.0,1.5,0.3,67.1
SHORT:mom_ignite_dn+rsi_thrust_dn|nk0.0|vm1.2|am_0845_1130,7,0.12,6,1,0,85.7,85.7,6.0,1.5,0.3,67.1
SHORT:mom_ignite_dn+rsi_thrust_dn|nk0.5|vm0.8|am_0845_1130,7,0.12,6,1,0,85.7,85.7,6.0,1.5,0.3,67.1
SHORT:mom_ignite_dn+rsi_thrust_dn|nk0.5|vm1.2|am_0845_1130,7,0.12,6,1,0,85.7,85.7,6.0,1.5,0.3,67.1
SHORT:mom_ignite_dn+rsi_thrust_dn|nk0.8|vm0.8|am_0845_1130,7,0.12,6,1,0,85.7,85.7,6.0,1.5,0.3,67.1
SHORT:mom_ignite_dn+rsi_thrust_dn|nk0.8|vm1.2|am_0845_1130,7,0.12,6,1,0,85.7,85.7,6.0,1.5,0.3,67.1
SHORT:below_vwap+mom_ignite_dn+rsi_thrust_dn|nk0.0|vm0.8|am_0845_1130,7,0.12,6,1,0,85.7,85.7,6.0,1.5,0.3,67.1
SHORT:below_vwap+mom_ignite_dn+rsi_thrust_dn|nk0.0|vm1.2|am_0845_1130,7,0.12,6,1,0,85.7,85.7,6.0,1.5,0.3,67.1
SHORT:below_vwap+mom_ignite_dn+rsi_thrust_dn|nk0.5|vm0.8|am_0845_1130,7,0.12,6,1,0,85.7,85.7,6.0,1.5,0.3,67.1
SHORT:below_vwap+mom_ignite_dn+rsi_thrust_dn|nk0.5|vm1.2|am_0845_1130,7,0.12,6,1,0,85.7,85.7,6.0,1.5,0.3,67.1
SHORT:below_vwap+mom_ignite_dn+rsi_thrust_dn|nk0.8|vm0.8|am_0845_1130,7,0.12,6,1,0,85.7,85.7,6.0,1.5,0.3,67.1
SHORT:below_vwap+mom_ignite_dn+rsi_thrust_dn|nk0.8|vm1.2|am_0845_1130,7,0.12,6,1,0,85.7,85.7,6.0,1.5,0.3,67.1
SHORT:adi_dn+mom_ignite_dn+rsi_thrust_dn|nk0.0|vm0.8|am_0845_1130,7,0.12,6,1,0,85.7,85.7,6.0,1.5,0.3,67.1
SHORT:adi_dn+mom_ignite_dn+rsi_thrust_dn|nk0.0|vm1.2|am_0845_1130,7,0.12,6,1,0,85.7,85.7,6.0,1.5,0.3,67.1
SHORT:adi_dn+mom_ignite_dn+rsi_thrust_dn|nk0.5|vm0.8|am_0845_1130,7,0.12,6,1,0,85.7,85.7,6.0,1.5,0.3,67.1
SHORT:adi_dn+mom_ignite_dn+rsi_thrust_dn|nk0.5|vm1.2|am_0845_1130,7,0.12,6,1,0,85.7,85.7,6.0,1.5,0.3,67.1
SHORT:adi_dn+mom_ignite_dn+rsi_thrust_dn|nk0.8|vm0.8|am_0845_1130,7,0.12,6,1,0,85.7,85.7,6.0,1.5,0.3,67.1
SHORT:adi_dn+mom_ignite_dn+rsi_thrust_dn|nk0.8|vm1.2|am_0845_1130,7,0.12,6,1,0,85.7,85.7,6.0,1.5,0.3,67.1
SHORT:weak_close+mom_ignite_dn+rsi_thrust_dn|nk0.0|vm0.8|am_0845_1130,7,0.12,6,1,0,85.7,85.7,6.0,1.5,0.3,67.1
SHORT:weak_close+mom_ignite_dn+rsi_thrust_dn|nk0.0|vm1.2|am_0845_1130,7,0.12,6,1,0,85.7,85.7,6.0,1.5,0.3,67.1
SHORT:weak_close+mom_ignite_dn+rsi_thrust_dn|nk0.5|vm0.8|am_0845_1130,7,0.12,6,1,0,85.7,85.7,6.0,1.5,0.3,67.1
SHORT:weak_close+mom_ignite_dn+rsi_thrust_dn|nk0.5|vm1.2|am_0845_1130,7,0.12,6,1,0,85.7,85.7,6.0,1.5,0.3,67.1
SHORT:weak_close+mom_ignite_dn+rsi_thrust_dn|nk0.8|vm0.8|am_0845_1130,7,0.12,6,1,0,85.7,85.7,6.0,1.5,0.3,67.1
SHORT:weak_close+mom_ignite_dn+rsi_thrust_dn|nk0.8|vm1.2|am_0845_1130,7,0.12,6,1,0,85.7,85.7,6.0,1.5,0.3,67.1
SHORT:cvd_dn+mom_ignite_dn+rsi_thrust_dn|nk0.0|vm0.8|am_0845_1130,7,0.12,6,1,0,85.7,85.7,6.0,1.5,0.3,67.1
SHORT:cvd_dn+mom_ignite_dn+rsi_thrust_dn|nk0.0|vm1.2|am_0845_1130,7,0.12,6,1,0,85.7,85.7,6.0,1.5,0.3,67.1
SHORT:cvd_dn+mom_ignite_dn+rsi_thrust_dn|nk0.5|vm0.8|am_0845_1130,7,0.12,6,1,0,85.7,85.7,6.0,1.5,0.3,67.1
SHORT:cvd_dn+mom_ignite_dn+rsi_thrust_dn|nk0.5|vm1.2|am_0845_1130,7,0.12,6,1,0,85.7,85.7,6.0,1.5,0.3,67.1
SHORT:cvd_dn+mom_ignite_dn+rsi_thrust_dn|nk0.8|vm0.8|am_0845_1130,7,0.12,6,1,0,85.7,85.7,6.0,1.5,0.3,67.1
SHORT:cvd_dn+mom_ignite_dn+rsi_thrust_dn|nk0.8|vm1.2|am_0845_1130,7,0.12,6,1,0,85.7,85.7,6.0,1.5,0.3,67.1
SHORT:cvd_dn_v+mom_ignite_dn+rsi_thrust_dn|nk0.0|vm0.8|am_0845_1130,7,0.12,6,1,0,85.7,85.7,6.0,1.5,0.3,67.1
SHORT:cvd_dn_v+mom_ignite_dn+rsi_thrust_dn|nk0.0|vm1.2|am_0845_1130,7,0.12,6,1,0,85.7,85.7,6.0,1.5,0.3,67.1
SHORT:cvd_dn_v+mom_ignite_dn+rsi_thrust_dn|nk0.5|vm0.8|am_0845_1130,7,0.12,6,1,0,85.7,85.7,6.0,1.5,0.3,67.1
SHORT:cvd_dn_v+mom_ignite_dn+rsi_thrust_dn|nk0.5|vm1.2|am_0845_1130,7,0.12,6,1,0,85.7,85.7,6.0,1.5,0.3,67.1
SHORT:cvd_dn_v+mom_ignite_dn+rsi_thrust_dn|nk0.8|vm0.8|am_0845_1130,7,0.12,6,1,0,85.7,85.7,6.0,1.5,0.3,67.1
SHORT:cvd_dn_v+mom_ignite_dn+rsi_thrust_dn|nk0.8|vm1.2|am_0845_1130,7,0.12,6,1,0,85.7,85.7,6.0,1.5,0.3,67.1
SHORT:below_vwap+adi_dn+mom_ignite_dn+rsi_thrust_dn|nk0.0|vm0.8|am_0845_1130,7,0.12,6,1,0,85.7,85.7,6.0,1.5,0.3,67.1
SHORT:below_vwap+adi_dn+mom_ignite_dn+rsi_thrust_dn|nk0.0|vm1.2|am_0845_1130,7,0.12,6,1,0,85.7,85.7,6.0,1.5,0.3,67.1
SHORT:below_vwap+adi_dn+mom_ignite_dn+rsi_thrust_dn|nk0.5|vm0.8|am_0845_1130,7,0.12,6,1,0,85.7,85.7,6.0,1.5,0.3,67.1
SHORT:below_vwap+adi_dn+mom_ignite_dn+rsi_thrust_dn|nk0.5|vm1.2|am_0845_1130,7,0.12,6,1,0,85.7,85.7,6.0,1.5,0.3,67.1
SHORT:below_vwap+adi_dn+mom_ignite_dn+rsi_thrust_dn|nk0.8|vm0.8|am_0845_1130,7,0.12,6,1,0,85.7,85.7,6.0,1.5,0.3,67.1
SHORT:below_vwap+adi_dn+mom_ignite_dn+rsi_thrust_dn|nk0.8|vm1.2|am_0845_1130,7,0.12,6,1,0,85.7,85.7,6.0,1.5,0.3,67.1
SHORT:below_vwap+weak_close+mom_ignite_dn+rsi_thrust_dn|nk0.0|vm0.8|am_0845_1130,7,0.12,6,1,0,85.7,85.7,6.0,1.5,0.3,67.1
SHORT:below_vwap+weak_close+mom_ignite_dn+rsi_thrust_dn|nk0.0|vm1.2|am_0845_1130,7,0.12,6,1,0,85.7,85.7,6.0,1.5,0.3,67.1
SHORT:below_vwap+weak_close+mom_ignite_dn+rsi_thrust_dn|nk0.5|vm0.8|am_0845_1130,7,0.12,6,1,0,85.7,85.7,6.0,1.5,0.3,67.1
SHORT:below_vwap+weak_close+mom_ignite_dn+rsi_thrust_dn|nk0.5|vm1.2|am_0845_1130,7,0.12,6,1,0,85.7,85.7,6.0,1.5,0.3,67.1
SHORT:below_vwap+weak_close+mom_ignite_dn+rsi_thrust_dn|nk0.8|vm0.8|am_0845_1130,7,0.12,6,1,0,85.7,85.7,6.0,1.5,0.3,67.1
SHORT:below_vwap+weak_close+mom_ignite_dn+rsi_thrust_dn|nk0.8|vm1.2|am_0845_1130,7,0.12,6,1,0,85.7,85.7,6.0,1.5,0.3,67.1
SHORT:below_vwap+cvd_dn+mom_ignite_dn+rsi_thrust_dn|nk0.0|vm0.8|am_0845_1130,7,0.12,6,1,0,85.7,85.7,6.0,1.5,0.3,67.1
SHORT:below_vwap+cvd_dn+mom_ignite_dn+rsi_thrust_dn|nk0.0|vm1.2|am_0845_1130,7,0.12,6,1,0,85.7,85.7,6.0,1.5,0.3,67.1
SHORT:below_vwap+cvd_dn+mom_ignite_dn+rsi_thrust_dn|nk0.5|vm0.8|am_0845_1130,7,0.12,6,1,0,85.7,85.7,6.0,1.5,0.3,67.1
SHORT:below_vwap+cvd_dn+mom_ignite_dn+rsi_thrust_dn|nk0.5|vm1.2|am_0845_1130,7,0.12,6,1,0,85.7,85.7,6.0,1.5,0.3,67.1
SHORT:below_vwap+cvd_dn+mom_ignite_dn+rsi_thrust_dn|nk0.8|vm0.8|am_0845_1130,7,0.12,6,1,0,85.7,85.7,6.0,1.5,0.3,67.1
SHORT:below_vwap+cvd_dn+mom_ignite_dn+rsi_thrust_dn|nk0.8|vm1.2|am_0845_1130,7,0.12,6,1,0,85.7,85.7,6.0,1.5,0.3,67.1
SHORT:below_vwap+cvd_dn_v+mom_ignite_dn+rsi_thrust_dn|nk0.0|vm0.8|am_0845_1130,7,0.12,6,1,0,85.7,85.7,6.0,1.5,0.3,67.1
SHORT:below_vwap+cvd_dn_v+mom_ignite_dn+rsi_thrust_dn|nk0.0|vm1.2|am_0845_1130,7,0.12,6,1,0,85.7,85.7,6.0,1.5,0.3,67.1
SHORT:below_vwap+cvd_dn_v+mom_ignite_dn+rsi_thrust_dn|nk0.5|vm0.8|am_0845_1130,7,0.12,6,1,0,85.7,85.7,6.0,1.5,0.3,67.1
SHORT:below_vwap+cvd_dn_v+mom_ignite_dn+rsi_thrust_dn|nk0.5|vm1.2|am_0845_1130,7,0.12,6,1,0,85.7,85.7,6.0,1.5,0.3,67.1
SHORT:below_vwap+cvd_dn_v+mom_ignite_dn+rsi_thrust_dn|nk0.8|vm0.8|am_0845_1130,7,0.12,6,1,0,85.7,85.7,6.0,1.5,0.3,67.1
SHORT:below_vwap+cvd_dn_v+mom_ignite_dn+rsi_thrust_dn|nk0.8|vm1.2|am_0845_1130,7,0.12,6,1,0,85.7,85.7,6.0,1.5,0.3,67.1
SHORT:adi_dn+weak_close+mom_ignite_dn+rsi_thrust_dn|nk0.0|vm0.8|am_0845_1130,7,0.12,6,1,0,85.7,85.7,6.0,1.5,0.3,67.1
SHORT:adi_dn+weak_close+mom_ignite_dn+rsi_thrust_dn|nk0.0|vm1.2|am_0845_1130,7,0.12,6,1,0,85.7,85.7,6.0,1.5,0.3,67.1
SHORT:adi_dn+weak_close+mom_ignite_dn+rsi_thrust_dn|nk0.5|vm0.8|am_0845_1130,7,0.12,6,1,0,85.7,85.7,6.0,1.5,0.3,67.1
SHORT:adi_dn+weak_close+mom_ignite_dn+rsi_thrust_dn|nk0.5|vm1.2|am_0845_1130,7,0.12,6,1,0,85.7,85.7,6.0,1.5,0.3,67.1
SHORT:adi_dn+weak_close+mom_ignite_dn+rsi_thrust_dn|nk0.8|vm0.8|am_0845_1130,7,0.12,6,1,0,85.7,85.7,6.0,1.5,0.3,67.1
SHORT:adi_dn+weak_close+mom_ignite_dn+rsi_thrust_dn|nk0.8|vm1.2|am_0845_1130,7,0.12,6,1,0,85.7,85.7,6.0,1.5,0.3,67.1
SHORT:adi_dn+cvd_dn+mom_ignite_dn+rsi_thrust_dn|nk0.0|vm0.8|am_0845_1130,7,0.12,6,1,0,85.7,85.7,6.0,1.5,0.3,67.1
SHORT:adi_dn+cvd_dn+mom_ignite_dn+rsi_thrust_dn|nk0.0|vm1.2|am_0845_1130,7,0.12,6,1,0,85.7,85.7,6.0,1.5,0.3,67.1
SHORT:adi_dn+cvd_dn+mom_ignite_dn+rsi_thrust_dn|nk0.5|vm0.8|am_0845_1130,7,0.12,6,1,0,85.7,85.7,6.0,1.5,0.3,67.1
SHORT:adi_dn+cvd_dn+mom_ignite_dn+rsi_thrust_dn|nk0.5|vm1.2|am_0845_1130,7,0.12,6,1,0,85.7,85.7,6.0,1.5,0.3,67.1
SHORT:adi_dn+cvd_dn+mom_ignite_dn+rsi_thrust_dn|nk0.8|vm0.8|am_0845_1130,7,0.12,6,1,0,85.7,85.7,6.0,1.5,0.3,67.1
SHORT:adi_dn+cvd_dn+mom_ignite_dn+rsi_thrust_dn|nk0.8|vm1.2|am_0845_1130,7,0.12,6,1,0,85.7,85.7,6.0,1.5,0.3,67.1
SHORT:adi_dn+cvd_dn_v+mom_ignite_dn+rsi_thrust_dn|nk0.0|vm0.8|am_0845_1130,7,0.12,6,1,0,85.7,85.7,6.0,1.5,0.3,67.1
SHORT:adi_dn+cvd_dn_v+mom_ignite_dn+rsi_thrust_dn|nk0.0|vm1.2|am_0845_1130,7,0.12,6,1,0,85.7,85.7,6.0,1.5,0.3,67.1
SHORT:adi_dn+cvd_dn_v+mom_ignite_dn+rsi_thrust_dn|nk0.5|vm0.8|am_0845_1130,7,0.12,6,1,0,85.7,85.7,6.0,1.5,0.3,67.1
SHORT:adi_dn+cvd_dn_v+mom_ignite_dn+rsi_thrust_dn|nk0.5|vm1.2|am_0845_1130,7,0.12,6,1,0,85.7,85.7,6.0,1.5,0.3,67.1
SHORT:adi_dn+cvd_dn_v+mom_ignite_dn+rsi_thrust_dn|nk0.8|vm0.8|am_0845_1130,7,0.12,6,1,0,85.7,85.7,6.0,1.5,0.3,67.1
SHORT:adi_dn+cvd_dn_v+mom_ignite_dn+rsi_thrust_dn|nk0.8|vm1.2|am_0845_1130,7,0.12,6,1,0,85.7,85.7,6.0,1.5,0.3,67.1
SHORT:weak_close+cvd_dn+mom_ignite_dn+rsi_thrust_dn|nk0.0|vm0.8|am_0845_1130,7,0.12,6,1,0,85.7,85.7,6.0,1.5,0.3,67.1
SHORT:weak_close+cvd_dn+mom_ignite_dn+rsi_thrust_dn|nk0.0|vm1.2|am_0845_1130,7,0.12,6,1,0,85.7,85.7,6.0,1.5,0.3,67.1
SHORT:weak_close+cvd_dn+mom_ignite_dn+rsi_thrust_dn|nk0.5|vm0.8|am_0845_1130,7,0.12,6,1,0,85.7,85.7,6.0,1.5,0.3,67.1
SHORT:weak_close+cvd_dn+mom_ignite_dn+rsi_thrust_dn|nk0.5|vm1.2|am_0845_1130,7,0.12,6,1,0,85.7,85.7,6.0,1.5,0.3,67.1
SHORT:weak_close+cvd_dn+mom_ignite_dn+rsi_thrust_dn|nk0.8|vm0.8|am_0845_1130,7,0.12,6,1,0,85.7,85.7,6.0,1.5,0.3,67.1
SHORT:weak_close+cvd_dn+mom_ignite_dn+rsi_thrust_dn|nk0.8|vm1.2|am_0845_1130,7,0.12,6,1,0,85.7,85.7,6.0,1.5,0.3,67.1
SHORT:weak_close+cvd_dn_v+mom_ignite_dn+rsi_thrust_dn|nk0.0|vm0.8|am_0845_1130,7,0.12,6,1,0,85.7,85.7,6.0,1.5,0.3,67.1
SHORT:weak_close+cvd_dn_v+mom_ignite_dn+rsi_thrust_dn|nk0.0|vm1.2|am_0845_1130,7,0.12,6,1,0,85.7,85.7,6.0,1.5,0.3,67.1
SHORT:weak_close+cvd_dn_v+mom_ignite_dn+rsi_thrust_dn|nk0.5|vm0.8|am_0845_1130,7,0.12,6,1,0,85.7,85.7,6.0,1.5,0.3,67.1
SHORT:weak_close+cvd_dn_v+mom_ignite_dn+rsi_thrust_dn|nk0.5|vm1.2|am_0845_1130,7,0.12,6,1,0,85.7,85.7,6.0,1.5,0.3,67.1
SHORT:weak_close+cvd_dn_v+mom_ignite_dn+rsi_thrust_dn|nk0.8|vm0.8|am_0845_1130,7,0.12,6,1,0,85.7,85.7,6.0,1.5,0.3,67.1
SHORT:weak_close+cvd_dn_v+mom_ignite_dn+rsi_thrust_dn|nk0.8|vm1.2|am_0845_1130,7,0.12,6,1,0,85.7,85.7,6.0,1.5,0.3,67.1
SHORT:cvd_dn+cvd_dn_v+mom_ignite_dn+rsi_thrust_dn|nk0.0|vm0.8|am_0845_1130,7,0.12,6,1,0,85.7,85.7,6.0,1.5,0.3,67.1
SHORT:cvd_dn+cvd_dn_v+mom_ignite_dn+rsi_thrust_dn|nk0.0|vm1.2|am_0845_1130,7,0.12,6,1,0,85.7,85.7,6.0,1.5,0.3,67.1
SHORT:cvd_dn+cvd_dn_v+mom_ignite_dn+rsi_thrust_dn|nk0.5|vm0.8|am_0845_1130,7,0.12,6,1,0,85.7,85.7,6.0,1.5,0.3,67.1
SHORT:cvd_dn+cvd_dn_v+mom_ignite_dn+rsi_thrust_dn|nk0.5|vm1.2|am_0845_1130,7,0.12,6,1,0,85.7,85.7,6.0,1.5,0.3,67.1
SHORT:cvd_dn+cvd_dn_v+mom_ignite_dn+rsi_thrust_dn|nk0.8|vm0.8|am_0845_1130,7,0.12,6,1,0,85.7,85.7,6.0,1.5,0.3,67.1
SHORT:cvd_dn+cvd_dn_v+mom_ignite_dn+rsi_thrust_dn|nk0.8|vm1.2|am_0845_1130,7,0.12,6,1,0,85.7,85.7,6.0,1.5,0.3,67.1
SHORT:below_pivot+rvol_thrust_dn+mom_ignite_dn|nk0.0|vm0.8|am_0845_1130,12,0.2,10,1,1,83.3,90.9,10.67,2.9,0.3,85.8
SHORT:below_pivot+rvol_thrust_dn+mom_ignite_dn|nk0.0|vm1.2|am_0845_1130,12,0.2,10,1,1,83.3,90.9,10.67,2.9,0.3,85.8
SHORT:below_pivot+rvol_thrust_dn+mom_ignite_dn|nk0.5|vm0.8|am_0845_1130,12,0.2,10,1,1,83.3,90.9,10.67,2.9,0.3,85.8
SHORT:below_pivot+rvol_thrust_dn+mom_ignite_dn|nk0.5|vm1.2|am_0845_1130,12,0.2,10,1,1,83.3,90.9,10.67,2.9,0.3,85.8
SHORT:below_pivot+rvol_thrust_dn+mom_ignite_dn|nk0.8|vm0.8|am_0845_1130,12,0.2,10,1,1,83.3,90.9,10.67,2.9,0.3,85.8
SHORT:below_pivot+rvol_thrust_dn+mom_ignite_dn|nk0.8|vm1.2|am_0845_1130,12,0.2,10,1,1,83.3,90.9,10.67,2.9,0.3,85.8
SHORT:below_pivot+below_vwap_v+mom_ignite_dn|nk0.0|vm0.8|am_0845_1130,12,0.2,10,1,1,83.3,90.9,10.67,2.9,0.3,85.8
SHORT:below_pivot+below_vwap_v+mom_ignite_dn|nk0.0|vm1.2|am_0845_1130,12,0.2,10,1,1,83.3,90.9,10.67,2.9,0.3,85.8
SHORT:below_pivot+below_vwap_v+mom_ignite_dn|nk0.5|vm0.8|am_0845_1130,12,0.2,10,1,1,83.3,90.9,10.67,2.9,0.3,85.8
SHORT:below_pivot+below_vwap_v+mom_ignite_dn|nk0.5|vm1.2|am_0845_1130,12,0.2,10,1,1,83.3,90.9,10.67,2.9,0.3,85.8
SHORT:below_pivot+below_vwap_v+mom_ignite_dn|nk0.8|vm0.8|am_0845_1130,12,0.2,10,1,1,83.3,90.9,10.67,2.9,0.3,85.8
SHORT:below_pivot+below_vwap_v+mom_ignite_dn|nk0.8|vm1.2|am_0845_1130,12,0.2,10,1,1,83.3,90.9,10.67,2.9,0.3,85.8
SHORT:below_vwap+below_pivot+rvol_thrust_dn+mom_ignite_dn|nk0.0|vm0.8|am_0845_1130,12,0.2,10,1,1,83.3,90.9,10.67,2.9,0.3,85.8
SHORT:below_vwap+below_pivot+rvol_thrust_dn+mom_ignite_dn|nk0.0|vm1.2|am_0845_1130,12,0.2,10,1,1,83.3,90.9,10.67,2.9,0.3,85.8
SHORT:below_vwap+below_pivot+rvol_thrust_dn+mom_ignite_dn|nk0.5|vm0.8|am_0845_1130,12,0.2,10,1,1,83.3,90.9,10.67,2.9,0.3,85.8
SHORT:below_vwap+below_pivot+rvol_thrust_dn+mom_ignite_dn|nk0.5|vm1.2|am_0845_1130,12,0.2,10,1,1,83.3,90.9,10.67,2.9,0.3,85.8
SHORT:below_vwap+below_pivot+rvol_thrust_dn+mom_ignite_dn|nk0.8|vm0.8|am_0845_1130,12,0.2,10,1,1,83.3,90.9,10.67,2.9,0.3,85.8
SHORT:below_vwap+below_pivot+rvol_thrust_dn+mom_ignite_dn|nk0.8|vm1.2|am_0845_1130,12,0.2,10,1,1,83.3,90.9,10.67,2.9,0.3,85.8
SHORT:below_vwap+below_pivot+below_vwap_v+mom_ignite_dn|nk0.0|vm0.8|am_0845_1130,12,0.2,10,1,1,83.3,90.9,10.67,2.9,0.3,85.8
SHORT:below_vwap+below_pivot+below_vwap_v+mom_ignite_dn|nk0.0|vm1.2|am_0845_1130,12,0.2,10,1,1,83.3,90.9,10.67,2.9,0.3,85.8
SHORT:below_vwap+below_pivot+below_vwap_v+mom_ignite_dn|nk0.5|vm0.8|am_0845_1130,12,0.2,10,1,1,83.3,90.9,10.67,2.9,0.3,85.8
SHORT:below_vwap+below_pivot+below_vwap_v+mom_ignite_dn|nk0.5|vm1.2|am_0845_1130,12,0.2,10,1,1,83.3,90.9,10.67,2.9,0.3,85.8
SHORT:below_vwap+below_pivot+below_vwap_v+mom_ignite_dn|nk0.8|vm0.8|am_0845_1130,12,0.2,10,1,1,83.3,90.9,10.67,2.9,0.3,85.8
SHORT:below_vwap+below_pivot+below_vwap_v+mom_ignite_dn|nk0.8|vm1.2|am_0845_1130,12,0.2,10,1,1,83.3,90.9,10.67,2.9,0.3,85.8
SHORT:adi_dn+below_pivot+rvol_thrust_dn+mom_ignite_dn|nk0.0|vm0.8|am_0845_1130,12,0.2,10,1,1,83.3,90.9,10.67,2.9,0.3,85.8
SHORT:adi_dn+below_pivot+rvol_thrust_dn+mom_ignite_dn|nk0.0|vm1.2|am_0845_1130,12,0.2,10,1,1,83.3,90.9,10.67,2.9,0.3,85.8
SHORT:adi_dn+below_pivot+rvol_thrust_dn+mom_ignite_dn|nk0.5|vm0.8|am_0845_1130,12,0.2,10,1,1,83.3,90.9,10.67,2.9,0.3,85.8
SHORT:adi_dn+below_pivot+rvol_thrust_dn+mom_ignite_dn|nk0.5|vm1.2|am_0845_1130,12,0.2,10,1,1,83.3,90.9,10.67,2.9,0.3,85.8
SHORT:adi_dn+below_pivot+rvol_thrust_dn+mom_ignite_dn|nk0.8|vm0.8|am_0845_1130,12,0.2,10,1,1,83.3,90.9,10.67,2.9,0.3,85.8
SHORT:adi_dn+below_pivot+rvol_thrust_dn+mom_ignite_dn|nk0.8|vm1.2|am_0845_1130,12,0.2,10,1,1,83.3,90.9,10.67,2.9,0.3,85.8
SHORT:adi_dn+below_pivot+below_vwap_v+mom_ignite_dn|nk0.0|vm0.8|am_0845_1130,12,0.2,10,1,1,83.3,90.9,10.67,2.9,0.3,85.8
SHORT:adi_dn+below_pivot+below_vwap_v+mom_ignite_dn|nk0.0|vm1.2|am_0845_1130,12,0.2,10,1,1,83.3,90.9,10.67,2.9,0.3,85.8
SHORT:adi_dn+below_pivot+below_vwap_v+mom_ignite_dn|nk0.5|vm0.8|am_0845_1130,12,0.2,10,1,1,83.3,90.9,10.67,2.9,0.3,85.8
SHORT:adi_dn+below_pivot+below_vwap_v+mom_ignite_dn|nk0.5|vm1.2|am_0845_1130,12,0.2,10,1,1,83.3,90.9,10.67,2.9,0.3,85.8
SHORT:adi_dn+below_pivot+below_vwap_v+mom_ignite_dn|nk0.8|vm0.8|am_0845_1130,12,0.2,10,1,1,83.3,90.9,10.67,2.9,0.3,85.8
SHORT:adi_dn+below_pivot+below_vwap_v+mom_ignite_dn|nk0.8|vm1.2|am_0845_1130,12,0.2,10,1,1,83.3,90.9,10.67,2.9,0.3,85.8
SHORT:delta_dump+below_pivot+rvol_thrust_dn+mom_ignite_dn|nk0.0|vm0.8|am_0845_1130,12,0.2,10,1,1,83.3,90.9,10.67,2.9,0.3,85.8
SHORT:delta_dump+below_pivot+rvol_thrust_dn+mom_ignite_dn|nk0.0|vm1.2|am_0845_1130,12,0.2,10,1,1,83.3,90.9,10.67,2.9,0.3,85.8
SHORT:delta_dump+below_pivot+rvol_thrust_dn+mom_ignite_dn|nk0.5|vm0.8|am_0845_1130,12,0.2,10,1,1,83.3,90.9,10.67,2.9,0.3,85.8
SHORT:delta_dump+below_pivot+rvol_thrust_dn+mom_ignite_dn|nk0.5|vm1.2|am_0845_1130,12,0.2,10,1,1,83.3,90.9,10.67,2.9,0.3,85.8
SHORT:delta_dump+below_pivot+rvol_thrust_dn+mom_ignite_dn|nk0.8|vm0.8|am_0845_1130,12,0.2,10,1,1,83.3,90.9,10.67,2.9,0.3,85.8
SHORT:delta_dump+below_pivot+rvol_thrust_dn+mom_ignite_dn|nk0.8|vm1.2|am_0845_1130,12,0.2,10,1,1,83.3,90.9,10.67,2.9,0.3,85.8
SHORT:delta_dump+below_pivot+below_vwap_v+mom_ignite_dn|nk0.0|vm0.8|am_0845_1130,12,0.2,10,1,1,83.3,90.9,10.67,2.9,0.3,85.8
SHORT:delta_dump+below_pivot+below_vwap_v+mom_ignite_dn|nk0.0|vm1.2|am_0845_1130,12,0.2,10,1,1,83.3,90.9,10.67,2.9,0.3,85.8
SHORT:delta_dump+below_pivot+below_vwap_v+mom_ignite_dn|nk0.5|vm0.8|am_0845_1130,12,0.2,10,1,1,83.3,90.9,10.67,2.9,0.3,85.8
SHORT:delta_dump+below_pivot+below_vwap_v+mom_ignite_dn|nk0.5|vm1.2|am_0845_1130,12,0.2,10,1,1,83.3,90.9,10.67,2.9,0.3,85.8
SHORT:delta_dump+below_pivot+below_vwap_v+mom_ignite_dn|nk0.8|vm0.8|am_0845_1130,12,0.2,10,1,1,83.3,90.9,10.67,2.9,0.3,85.8
SHORT:delta_dump+below_pivot+below_vwap_v+mom_ignite_dn|nk0.8|vm1.2|am_0845_1130,12,0.2,10,1,1,83.3,90.9,10.67,2.9,0.3,85.8
SHORT:delta_dump+below_pivot+cvd_dn_v+mom_ignite_dn|nk0.0|vm0.8|am_0845_1130,12,0.2,10,1,1,83.3,90.9,10.67,2.9,0.3,85.8
SHORT:delta_dump+below_pivot+cvd_dn_v+mom_ignite_dn|nk0.0|vm1.2|am_0845_1130,12,0.2,10,1,1,83.3,90.9,10.67,2.9,0.3,85.8
SHORT:delta_dump+below_pivot+cvd_dn_v+mom_ignite_dn|nk0.5|vm0.8|am_0845_1130,12,0.2,10,1,1,83.3,90.9,10.67,2.9,0.3,85.8
SHORT:delta_dump+below_pivot+cvd_dn_v+mom_ignite_dn|nk0.5|vm1.2|am_0845_1130,12,0.2,10,1,1,83.3,90.9,10.67,2.9,0.3,85.8
SHORT:delta_dump+below_pivot+cvd_dn_v+mom_ignite_dn|nk0.8|vm0.8|am_0845_1130,12,0.2,10,1,1,83.3,90.9,10.67,2.9,0.3,85.8
SHORT:delta_dump+below_pivot+cvd_dn_v+mom_ignite_dn|nk0.8|vm1.2|am_0845_1130,12,0.2,10,1,1,83.3,90.9,10.67,2.9,0.3,85.8
SHORT:below_pivot+weak_close+rvol_thrust_dn+mom_ignite_dn|nk0.0|vm0.8|am_0845_1130,12,0.2,10,1,1,83.3,90.9,10.67,2.9,0.3,85.8
SHORT:below_pivot+weak_close+rvol_thrust_dn+mom_ignite_dn|nk0.0|vm1.2|am_0845_1130,12,0.2,10,1,1,83.3,90.9,10.67,2.9,0.3,85.8
SHORT:below_pivot+weak_close+rvol_thrust_dn+mom_ignite_dn|nk0.5|vm0.8|am_0845_1130,12,0.2,10,1,1,83.3,90.9,10.67,2.9,0.3,85.8
SHORT:below_pivot+weak_close+rvol_thrust_dn+mom_ignite_dn|nk0.5|vm1.2|am_0845_1130,12,0.2,10,1,1,83.3,90.9,10.67,2.9,0.3,85.8
SHORT:below_pivot+weak_close+rvol_thrust_dn+mom_ignite_dn|nk0.8|vm0.8|am_0845_1130,12,0.2,10,1,1,83.3,90.9,10.67,2.9,0.3,85.8
SHORT:below_pivot+weak_close+rvol_thrust_dn+mom_ignite_dn|nk0.8|vm1.2|am_0845_1130,12,0.2,10,1,1,83.3,90.9,10.67,2.9,0.3,85.8
SHORT:below_pivot+weak_close+below_vwap_v+mom_ignite_dn|nk0.0|vm0.8|am_0845_1130,12,0.2,10,1,1,83.3,90.9,10.67,2.9,0.3,85.8
SHORT:below_pivot+weak_close+below_vwap_v+mom_ignite_dn|nk0.0|vm1.2|am_0845_1130,12,0.2,10,1,1,83.3,90.9,10.67,2.9,0.3,85.8
SHORT:below_pivot+weak_close+below_vwap_v+mom_ignite_dn|nk0.5|vm0.8|am_0845_1130,12,0.2,10,1,1,83.3,90.9,10.67,2.9,0.3,85.8
SHORT:below_pivot+weak_close+below_vwap_v+mom_ignite_dn|nk0.5|vm1.2|am_0845_1130,12,0.2,10,1,1,83.3,90.9,10.67,2.9,0.3,85.8
SHORT:below_pivot+weak_close+below_vwap_v+mom_ignite_dn|nk0.8|vm0.8|am_0845_1130,12,0.2,10,1,1,83.3,90.9,10.67,2.9,0.3,85.8
SHORT:below_pivot+weak_close+below_vwap_v+mom_ignite_dn|nk0.8|vm1.2|am_0845_1130,12,0.2,10,1,1,83.3,90.9,10.67,2.9,0.3,85.8
SHORT:below_pivot+rvol_thrust_dn+below_vwap_v+mom_ignite_dn|nk0.0|vm0.8|am_0845_1130,12,0.2,10,1,1,83.3,90.9,10.67,2.9,0.3,85.8
SHORT:below_pivot+rvol_thrust_dn+below_vwap_v+mom_ignite_dn|nk0.0|vm1.2|am_0845_1130,12,0.2,10,1,1,83.3,90.9,10.67,2.9,0.3,85.8
SHORT:below_pivot+rvol_thrust_dn+below_vwap_v+mom_ignite_dn|nk0.5|vm0.8|am_0845_1130,12,0.2,10,1,1,83.3,90.9,10.67,2.9,0.3,85.8
SHORT:below_pivot+rvol_thrust_dn+below_vwap_v+mom_ignite_dn|nk0.5|vm1.2|am_0845_1130,12,0.2,10,1,1,83.3,90.9,10.67,2.9,0.3,85.8
SHORT:below_pivot+rvol_thrust_dn+below_vwap_v+mom_ignite_dn|nk0.8|vm0.8|am_0845_1130,12,0.2,10,1,1,83.3,90.9,10.67,2.9,0.3,85.8
SHORT:below_pivot+rvol_thrust_dn+below_vwap_v+mom_ignite_dn|nk0.8|vm1.2|am_0845_1130,12,0.2,10,1,1,83.3,90.9,10.67,2.9,0.3,85.8
SHORT:below_pivot+rvol_thrust_dn+cvd_dn+mom_ignite_dn|nk0.0|vm0.8|am_0845_1130,12,0.2,10,1,1,83.3,90.9,10.67,2.9,0.3,85.8
SHORT:below_pivot+rvol_thrust_dn+cvd_dn+mom_ignite_dn|nk0.0|vm1.2|am_0845_1130,12,0.2,10,1,1,83.3,90.9,10.67,2.9,0.3,85.8
SHORT:below_pivot+rvol_thrust_dn+cvd_dn+mom_ignite_dn|nk0.5|vm0.8|am_0845_1130,12,0.2,10,1,1,83.3,90.9,10.67,2.9,0.3,85.8
SHORT:below_pivot+rvol_thrust_dn+cvd_dn+mom_ignite_dn|nk0.5|vm1.2|am_0845_1130,12,0.2,10,1,1,83.3,90.9,10.67,2.9,0.3,85.8
SHORT:below_pivot+rvol_thrust_dn+cvd_dn+mom_ignite_dn|nk0.8|vm0.8|am_0845_1130,12,0.2,10,1,1,83.3,90.9,10.67,2.9,0.3,85.8
SHORT:below_pivot+rvol_thrust_dn+cvd_dn+mom_ignite_dn|nk0.8|vm1.2|am_0845_1130,12,0.2,10,1,1,83.3,90.9,10.67,2.9,0.3,85.8
SHORT:below_pivot+rvol_thrust_dn+cvd_dn_v+mom_ignite_dn|nk0.0|vm0.8|am_0845_1130,12,0.2,10,1,1,83.3,90.9,10.67,2.9,0.3,85.8
SHORT:below_pivot+rvol_thrust_dn+cvd_dn_v+mom_ignite_dn|nk0.0|vm1.2|am_0845_1130,12,0.2,10,1,1,83.3,90.9,10.67,2.9,0.3,85.8
SHORT:below_pivot+rvol_thrust_dn+cvd_dn_v+mom_ignite_dn|nk0.5|vm0.8|am_0845_1130,12,0.2,10,1,1,83.3,90.9,10.67,2.9,0.3,85.8
SHORT:below_pivot+rvol_thrust_dn+cvd_dn_v+mom_ignite_dn|nk0.5|vm1.2|am_0845_1130,12,0.2,10,1,1,83.3,90.9,10.67,2.9,0.3,85.8
SHORT:below_pivot+rvol_thrust_dn+cvd_dn_v+mom_ignite_dn|nk0.8|vm0.8|am_0845_1130,12,0.2,10,1,1,83.3,90.9,10.67,2.9,0.3,85.8
SHORT:below_pivot+rvol_thrust_dn+cvd_dn_v+mom_ignite_dn|nk0.8|vm1.2|am_0845_1130,12,0.2,10,1,1,83.3,90.9,10.67,2.9,0.3,85.8
SHORT:below_pivot+below_vwap_v+cvd_dn+mom_ignite_dn|nk0.0|vm0.8|am_0845_1130,12,0.2,10,1,1,83.3,90.9,10.67,2.9,0.3,85.8
SHORT:below_pivot+below_vwap_v+cvd_dn+mom_ignite_dn|nk0.0|vm1.2|am_0845_1130,12,0.2,10,1,1,83.3,90.9,10.67,2.9,0.3,85.8
SHORT:below_pivot+below_vwap_v+cvd_dn+mom_ignite_dn|nk0.5|vm0.8|am_0845_1130,12,0.2,10,1,1,83.3,90.9,10.67,2.9,0.3,85.8
SHORT:below_pivot+below_vwap_v+cvd_dn+mom_ignite_dn|nk0.5|vm1.2|am_0845_1130,12,0.2,10,1,1,83.3,90.9,10.67,2.9,0.3,85.8
SHORT:below_pivot+below_vwap_v+cvd_dn+mom_ignite_dn|nk0.8|vm0.8|am_0845_1130,12,0.2,10,1,1,83.3,90.9,10.67,2.9,0.3,85.8
SHORT:below_pivot+below_vwap_v+cvd_dn+mom_ignite_dn|nk0.8|vm1.2|am_0845_1130,12,0.2,10,1,1,83.3,90.9,10.67,2.9,0.3,85.8
SHORT:below_pivot+below_vwap_v+cvd_dn_v+mom_ignite_dn|nk0.0|vm0.8|am_0845_1130,12,0.2,10,1,1,83.3,90.9,10.67,2.9,0.3,85.8
SHORT:below_pivot+below_vwap_v+cvd_dn_v+mom_ignite_dn|nk0.0|vm1.2|am_0845_1130,12,0.2,10,1,1,83.3,90.9,10.67,2.9,0.3,85.8
SHORT:below_pivot+below_vwap_v+cvd_dn_v+mom_ignite_dn|nk0.5|vm0.8|am_0845_1130,12,0.2,10,1,1,83.3,90.9,10.67,2.9,0.3,85.8
SHORT:below_pivot+below_vwap_v+cvd_dn_v+mom_ignite_dn|nk0.5|vm1.2|am_0845_1130,12,0.2,10,1,1,83.3,90.9,10.67,2.9,0.3,85.8
SHORT:below_pivot+below_vwap_v+cvd_dn_v+mom_ignite_dn|nk0.8|vm0.8|am_0845_1130,12,0.2,10,1,1,83.3,90.9,10.67,2.9,0.3,85.8
SHORT:below_pivot+below_vwap_v+cvd_dn_v+mom_ignite_dn|nk0.8|vm1.2|am_0845_1130,12,0.2,10,1,1,83.3,90.9,10.67,2.9,0.3,85.8
LONG:poc_reject_up+adi_up+above_pivot|nk0.0|vm0.8|mid_1030_1300,6,0.1,5,0,1,83.3,100.0,inf,1.69,0.0,88.3
LONG:poc_reject_up+adi_up+above_pivot|nk0.5|vm0.8|mid_1030_1300,6,0.1,5,0,1,83.3,100.0,inf,1.69,0.0,88.3
LONG:delta_surge+strong_close+mom_ignite_up|nk0.8|vm0.8|am_0845_1130,6,0.1,5,0,1,83.3,100.0,inf,1.61,0.0,113.3
LONG:delta_surge+strong_close+mom_ignite_up|nk0.8|vm1.2|am_0845_1130,6,0.1,5,0,1,83.3,100.0,inf,1.61,0.0,113.3
LONG:above_vwap+delta_surge+strong_close+mom_ignite_up|nk0.8|vm0.8|am_0845_1130,6,0.1,5,0,1,83.3,100.0,inf,1.61,0.0,113.3
LONG:above_vwap+delta_surge+strong_close+mom_ignite_up|nk0.8|vm1.2|am_0845_1130,6,0.1,5,0,1,83.3,100.0,inf,1.61,0.0,113.3
LONG:adi_up+delta_surge+strong_close+mom_ignite_up|nk0.8|vm0.8|am_0845_1130,6,0.1,5,0,1,83.3,100.0,inf,1.61,0.0,113.3
LONG:adi_up+delta_surge+strong_close+mom_ignite_up|nk0.8|vm1.2|am_0845_1130,6,0.1,5,0,1,83.3,100.0,inf,1.61,0.0,113.3
LONG:delta_surge+strong_close+cvd_up+mom_ignite_up|nk0.8|vm0.8|am_0845_1130,6,0.1,5,0,1,83.3,100.0,inf,1.61,0.0,113.3
LONG:delta_surge+strong_close+cvd_up+mom_ignite_up|nk0.8|vm1.2|am_0845_1130,6,0.1,5,0,1,83.3,100.0,inf,1.61,0.0,113.3
SHORT:macd_x_dn_pos+hist_turn_dn|nk0.0|vm0.8|am_0845_1130,6,0.1,5,0,1,83.3,100.0,inf,1.67,0.0,112.5
SHORT:macd_x_dn_pos+hist_turn_dn|nk0.5|vm0.8|am_0845_1130,6,0.1,5,0,1,83.3,100.0,inf,1.67,0.0,112.5
SHORT:macd_x_dn+macd_x_dn_pos+hist_turn_dn|nk0.0|vm0.8|am_0845_1130,6,0.1,5,0,1,83.3,100.0,inf,1.67,0.0,112.5
SHORT:macd_x_dn+macd_x_dn_pos+hist_turn_dn|nk0.5|vm0.8|am_0845_1130,6,0.1,5,0,1,83.3,100.0,inf,1.67,0.0,112.5
SHORT:macd_x_dn+cvd_dn_v+mom_ignite_dn|nk0.0|vm0.8|am_0845_1130,6,0.1,5,0,1,83.3,100.0,inf,1.71,0.0,90.0
SHORT:macd_x_dn+cvd_dn_v+mom_ignite_dn|nk0.0|vm1.2|am_0845_1130,6,0.1,5,0,1,83.3,100.0,inf,1.71,0.0,90.0
SHORT:macd_x_dn+cvd_dn_v+mom_ignite_dn|nk0.5|vm0.8|am_0845_1130,6,0.1,5,0,1,83.3,100.0,inf,1.71,0.0,90.0
SHORT:macd_x_dn+cvd_dn_v+mom_ignite_dn|nk0.5|vm1.2|am_0845_1130,6,0.1,5,0,1,83.3,100.0,inf,1.71,0.0,90.0
SHORT:macd_x_dn+cvd_dn_v+mom_ignite_dn|nk0.8|vm0.8|am_0845_1130,6,0.1,5,0,1,83.3,100.0,inf,1.71,0.0,90.0
SHORT:macd_x_dn+cvd_dn_v+mom_ignite_dn|nk0.8|vm1.2|am_0845_1130,6,0.1,5,0,1,83.3,100.0,inf,1.71,0.0,90.0
SHORT:below_vwap+macd_x_dn+cvd_dn_v+mom_ignite_dn|nk0.0|vm0.8|am_0845_1130,6,0.1,5,0,1,83.3,100.0,inf,1.71,0.0,90.0
SHORT:below_vwap+macd_x_dn+cvd_dn_v+mom_ignite_dn|nk0.0|vm1.2|am_0845_1130,6,0.1,5,0,1,83.3,100.0,inf,1.71,0.0,90.0
SHORT:below_vwap+macd_x_dn+cvd_dn_v+mom_ignite_dn|nk0.5|vm0.8|am_0845_1130,6,0.1,5,0,1,83.3,100.0,inf,1.71,0.0,90.0
SHORT:below_vwap+macd_x_dn+cvd_dn_v+mom_ignite_dn|nk0.5|vm1.2|am_0845_1130,6,0.1,5,0,1,83.3,100.0,inf,1.71,0.0,90.0
SHORT:below_vwap+macd_x_dn+cvd_dn_v+mom_ignite_dn|nk0.8|vm0.8|am_0845_1130,6,0.1,5,0,1,83.3,100.0,inf,1.71,0.0,90.0
SHORT:below_vwap+macd_x_dn+cvd_dn_v+mom_ignite_dn|nk0.8|vm1.2|am_0845_1130,6,0.1,5,0,1,83.3,100.0,inf,1.71,0.0,90.0
SHORT:adi_dn+macd_x_dn+cvd_dn_v+mom_ignite_dn|nk0.0|vm0.8|am_0845_1130,6,0.1,5,0,1,83.3,100.0,inf,1.71,0.0,90.0
SHORT:adi_dn+macd_x_dn+cvd_dn_v+mom_ignite_dn|nk0.0|vm1.2|am_0845_1130,6,0.1,5,0,1,83.3,100.0,inf,1.71,0.0,90.0
SHORT:adi_dn+macd_x_dn+cvd_dn_v+mom_ignite_dn|nk0.5|vm0.8|am_0845_1130,6,0.1,5,0,1,83.3,100.0,inf,1.71,0.0,90.0
SHORT:adi_dn+macd_x_dn+cvd_dn_v+mom_ignite_dn|nk0.5|vm1.2|am_0845_1130,6,0.1,5,0,1,83.3,100.0,inf,1.71,0.0,90.0
SHORT:adi_dn+macd_x_dn+cvd_dn_v+mom_ignite_dn|nk0.8|vm0.8|am_0845_1130,6,0.1,5,0,1,83.3,100.0,inf,1.71,0.0,90.0
SHORT:adi_dn+macd_x_dn+cvd_dn_v+mom_ignite_dn|nk0.8|vm1.2|am_0845_1130,6,0.1,5,0,1,83.3,100.0,inf,1.71,0.0,90.0
SHORT:macd_x_dn+cvd_dn+cvd_dn_v+mom_ignite_dn|nk0.0|vm0.8|am_0845_1130,6,0.1,5,0,1,83.3,100.0,inf,1.71,0.0,90.0
SHORT:macd_x_dn+cvd_dn+cvd_dn_v+mom_ignite_dn|nk0.0|vm1.2|am_0845_1130,6,0.1,5,0,1,83.3,100.0,inf,1.71,0.0,90.0
SHORT:macd_x_dn+cvd_dn+cvd_dn_v+mom_ignite_dn|nk0.5|vm0.8|am_0845_1130,6,0.1,5,0,1,83.3,100.0,inf,1.71,0.0,90.0
SHORT:macd_x_dn+cvd_dn+cvd_dn_v+mom_ignite_dn|nk0.5|vm1.2|am_0845_1130,6,0.1,5,0,1,83.3,100.0,inf,1.71,0.0,90.0
SHORT:macd_x_dn+cvd_dn+cvd_dn_v+mom_ignite_dn|nk0.8|vm0.8|am_0845_1130,6,0.1,5,0,1,83.3,100.0,inf,1.71,0.0,90.0
SHORT:macd_x_dn+cvd_dn+cvd_dn_v+mom_ignite_dn|nk0.8|vm1.2|am_0845_1130,6,0.1,5,0,1,83.3,100.0,inf,1.71,0.0,90.0
SHORT:rvol_thrust_dn+mom_ignite_dn|nk0.0|vm0.8|am_0845_1130,17,0.28,14,2,1,82.4,87.5,7.34,3.8,0.3,68.2
SHORT:rvol_thrust_dn+mom_ignite_dn|nk0.0|vm1.2|am_0845_1130,17,0.28,14,2,1,82.4,87.5,7.34,3.8,0.3,68.2
SHORT:rvol_thrust_dn+mom_ignite_dn|nk0.5|vm0.8|am_0845_1130,17,0.28,14,2,1,82.4,87.5,7.34,3.8,0.3,68.2
SHORT:rvol_thrust_dn+mom_ignite_dn|nk0.5|vm1.2|am_0845_1130,17,0.28,14,2,1,82.4,87.5,7.34,3.8,0.3,68.2
SHORT:rvol_thrust_dn+mom_ignite_dn|nk0.8|vm0.8|am_0845_1130,17,0.28,14,2,1,82.4,87.5,7.34,3.8,0.3,68.2
SHORT:rvol_thrust_dn+mom_ignite_dn|nk0.8|vm1.2|am_0845_1130,17,0.28,14,2,1,82.4,87.5,7.34,3.8,0.3,68.2
SHORT:below_vwap+rvol_thrust_dn+mom_ignite_dn|nk0.0|vm0.8|am_0845_1130,17,0.28,14,2,1,82.4,87.5,7.34,3.8,0.3,68.2
SHORT:below_vwap+rvol_thrust_dn+mom_ignite_dn|nk0.0|vm1.2|am_0845_1130,17,0.28,14,2,1,82.4,87.5,7.34,3.8,0.3,68.2
SHORT:below_vwap+rvol_thrust_dn+mom_ignite_dn|nk0.5|vm0.8|am_0845_1130,17,0.28,14,2,1,82.4,87.5,7.34,3.8,0.3,68.2
SHORT:below_vwap+rvol_thrust_dn+mom_ignite_dn|nk0.5|vm1.2|am_0845_1130,17,0.28,14,2,1,82.4,87.5,7.34,3.8,0.3,68.2
SHORT:below_vwap+rvol_thrust_dn+mom_ignite_dn|nk0.8|vm0.8|am_0845_1130,17,0.28,14,2,1,82.4,87.5,7.34,3.8,0.3,68.2
SHORT:below_vwap+rvol_thrust_dn+mom_ignite_dn|nk0.8|vm1.2|am_0845_1130,17,0.28,14,2,1,82.4,87.5,7.34,3.8,0.3,68.2
SHORT:adi_dn+rvol_thrust_dn+mom_ignite_dn|nk0.0|vm0.8|am_0845_1130,17,0.28,14,2,1,82.4,87.5,7.34,3.8,0.3,68.2
SHORT:adi_dn+rvol_thrust_dn+mom_ignite_dn|nk0.0|vm1.2|am_0845_1130,17,0.28,14,2,1,82.4,87.5,7.34,3.8,0.3,68.2
SHORT:adi_dn+rvol_thrust_dn+mom_ignite_dn|nk0.5|vm0.8|am_0845_1130,17,0.28,14,2,1,82.4,87.5,7.34,3.8,0.3,68.2
SHORT:adi_dn+rvol_thrust_dn+mom_ignite_dn|nk0.5|vm1.2|am_0845_1130,17,0.28,14,2,1,82.4,87.5,7.34,3.8,0.3,68.2
SHORT:adi_dn+rvol_thrust_dn+mom_ignite_dn|nk0.8|vm0.8|am_0845_1130,17,0.28,14,2,1,82.4,87.5,7.34,3.8,0.3,68.2
SHORT:adi_dn+rvol_thrust_dn+mom_ignite_dn|nk0.8|vm1.2|am_0845_1130,17,0.28,14,2,1,82.4,87.5,7.34,3.8,0.3,68.2
SHORT:delta_dump+rvol_thrust_dn+mom_ignite_dn|nk0.0|vm0.8|am_0845_1130,17,0.28,14,2,1,82.4,87.5,7.34,3.8,0.3,68.2
SHORT:delta_dump+rvol_thrust_dn+mom_ignite_dn|nk0.0|vm1.2|am_0845_1130,17,0.28,14,2,1,82.4,87.5,7.34,3.8,0.3,68.2
SHORT:delta_dump+rvol_thrust_dn+mom_ignite_dn|nk0.5|vm0.8|am_0845_1130,17,0.28,14,2,1,82.4,87.5,7.34,3.8,0.3,68.2
SHORT:delta_dump+rvol_thrust_dn+mom_ignite_dn|nk0.5|vm1.2|am_0845_1130,17,0.28,14,2,1,82.4,87.5,7.34,3.8,0.3,68.2
SHORT:delta_dump+rvol_thrust_dn+mom_ignite_dn|nk0.8|vm0.8|am_0845_1130,17,0.28,14,2,1,82.4,87.5,7.34,3.8,0.3,68.2
SHORT:delta_dump+rvol_thrust_dn+mom_ignite_dn|nk0.8|vm1.2|am_0845_1130,17,0.28,14,2,1,82.4,87.5,7.34,3.8,0.3,68.2
SHORT:delta_dump+below_vwap_v+mom_ignite_dn|nk0.0|vm0.8|am_0845_1130,17,0.28,14,2,1,82.4,87.5,7.34,3.8,0.3,68.2
SHORT:delta_dump+below_vwap_v+mom_ignite_dn|nk0.0|vm1.2|am_0845_1130,17,0.28,14,2,1,82.4,87.5,7.34,3.8,0.3,68.2
SHORT:delta_dump+below_vwap_v+mom_ignite_dn|nk0.5|vm0.8|am_0845_1130,17,0.28,14,2,1,82.4,87.5,7.34,3.8,0.3,68.2
SHORT:delta_dump+below_vwap_v+mom_ignite_dn|nk0.5|vm1.2|am_0845_1130,17,0.28,14,2,1,82.4,87.5,7.34,3.8,0.3,68.2
SHORT:delta_dump+below_vwap_v+mom_ignite_dn|nk0.8|vm0.8|am_0845_1130,17,0.28,14,2,1,82.4,87.5,7.34,3.8,0.3,68.2
SHORT:delta_dump+below_vwap_v+mom_ignite_dn|nk0.8|vm1.2|am_0845_1130,17,0.28,14,2,1,82.4,87.5,7.34,3.8,0.3,68.2
SHORT:delta_dump+cvd_dn_v+mom_ignite_dn|nk0.0|vm0.8|am_0845_1130,17,0.28,14,2,1,82.4,87.5,7.34,3.8,0.3,68.2
SHORT:delta_dump+cvd_dn_v+mom_ignite_dn|nk0.0|vm1.2|am_0845_1130,17,0.28,14,2,1,82.4,87.5,7.34,3.8,0.3,68.2
SHORT:delta_dump+cvd_dn_v+mom_ignite_dn|nk0.5|vm0.8|am_0845_1130,17,0.28,14,2,1,82.4,87.5,7.34,3.8,0.3,68.2
SHORT:delta_dump+cvd_dn_v+mom_ignite_dn|nk0.5|vm1.2|am_0845_1130,17,0.28,14,2,1,82.4,87.5,7.34,3.8,0.3,68.2
SHORT:delta_dump+cvd_dn_v+mom_ignite_dn|nk0.8|vm0.8|am_0845_1130,17,0.28,14,2,1,82.4,87.5,7.34,3.8,0.3,68.2
SHORT:delta_dump+cvd_dn_v+mom_ignite_dn|nk0.8|vm1.2|am_0845_1130,17,0.28,14,2,1,82.4,87.5,7.34,3.8,0.3,68.2
SHORT:weak_close+rvol_thrust_dn+mom_ignite_dn|nk0.0|vm0.8|am_0845_1130,17,0.28,14,2,1,82.4,87.5,7.34,3.8,0.3,68.2
SHORT:weak_close+rvol_thrust_dn+mom_ignite_dn|nk0.0|vm1.2|am_0845_1130,17,0.28,14,2,1,82.4,87.5,7.34,3.8,0.3,68.2
SHORT:weak_close+rvol_thrust_dn+mom_ignite_dn|nk0.5|vm0.8|am_0845_1130,17,0.28,14,2,1,82.4,87.5,7.34,3.8,0.3,68.2
SHORT:weak_close+rvol_thrust_dn+mom_ignite_dn|nk0.5|vm1.2|am_0845_1130,17,0.28,14,2,1,82.4,87.5,7.34,3.8,0.3,68.2
SHORT:weak_close+rvol_thrust_dn+mom_ignite_dn|nk0.8|vm0.8|am_0845_1130,17,0.28,14,2,1,82.4,87.5,7.34,3.8,0.3,68.2
SHORT:weak_close+rvol_thrust_dn+mom_ignite_dn|nk0.8|vm1.2|am_0845_1130,17,0.28,14,2,1,82.4,87.5,7.34,3.8,0.3,68.2
SHORT:weak_close+below_vwap_v+mom_ignite_dn|nk0.0|vm0.8|am_0845_1130,17,0.28,14,2,1,82.4,87.5,7.34,3.8,0.3,68.2
SHORT:weak_close+below_vwap_v+mom_ignite_dn|nk0.0|vm1.2|am_0845_1130,17,0.28,14,2,1,82.4,87.5,7.34,3.8,0.3,68.2
SHORT:weak_close+below_vwap_v+mom_ignite_dn|nk0.5|vm0.8|am_0845_1130,17,0.28,14,2,1,82.4,87.5,7.34,3.8,0.3,68.2
SHORT:weak_close+below_vwap_v+mom_ignite_dn|nk0.5|vm1.2|am_0845_1130,17,0.28,14,2,1,82.4,87.5,7.34,3.8,0.3,68.2
SHORT:weak_close+below_vwap_v+mom_ignite_dn|nk0.8|vm0.8|am_0845_1130,17,0.28,14,2,1,82.4,87.5,7.34,3.8,0.3,68.2
SHORT:weak_close+below_vwap_v+mom_ignite_dn|nk0.8|vm1.2|am_0845_1130,17,0.28,14,2,1,82.4,87.5,7.34,3.8,0.3,68.2
SHORT:rvol_thrust_dn+below_vwap_v+mom_ignite_dn|nk0.0|vm0.8|am_0845_1130,17,0.28,14,2,1,82.4,87.5,7.34,3.8,0.3,68.2
SHORT:rvol_thrust_dn+below_vwap_v+mom_ignite_dn|nk0.0|vm1.2|am_0845_1130,17,0.28,14,2,1,82.4,87.5,7.34,3.8,0.3,68.2
SHORT:rvol_thrust_dn+below_vwap_v+mom_ignite_dn|nk0.5|vm0.8|am_0845_1130,17,0.28,14,2,1,82.4,87.5,7.34,3.8,0.3,68.2
SHORT:rvol_thrust_dn+below_vwap_v+mom_ignite_dn|nk0.5|vm1.2|am_0845_1130,17,0.28,14,2,1,82.4,87.5,7.34,3.8,0.3,68.2
SHORT:rvol_thrust_dn+below_vwap_v+mom_ignite_dn|nk0.8|vm0.8|am_0845_1130,17,0.28,14,2,1,82.4,87.5,7.34,3.8,0.3,68.2
SHORT:rvol_thrust_dn+below_vwap_v+mom_ignite_dn|nk0.8|vm1.2|am_0845_1130,17,0.28,14,2,1,82.4,87.5,7.34,3.8,0.3,68.2
SHORT:rvol_thrust_dn+cvd_dn+mom_ignite_dn|nk0.0|vm0.8|am_0845_1130,17,0.28,14,2,1,82.4,87.5,7.34,3.8,0.3,68.2
SHORT:rvol_thrust_dn+cvd_dn+mom_ignite_dn|nk0.0|vm1.2|am_0845_1130,17,0.28,14,2,1,82.4,87.5,7.34,3.8,0.3,68.2
SHORT:rvol_thrust_dn+cvd_dn+mom_ignite_dn|nk0.5|vm0.8|am_0845_1130,17,0.28,14,2,1,82.4,87.5,7.34,3.8,0.3,68.2
SHORT:rvol_thrust_dn+cvd_dn+mom_ignite_dn|nk0.5|vm1.2|am_0845_1130,17,0.28,14,2,1,82.4,87.5,7.34,3.8,0.3,68.2
SHORT:rvol_thrust_dn+cvd_dn+mom_ignite_dn|nk0.8|vm0.8|am_0845_1130,17,0.28,14,2,1,82.4,87.5,7.34,3.8,0.3,68.2
SHORT:rvol_thrust_dn+cvd_dn+mom_ignite_dn|nk0.8|vm1.2|am_0845_1130,17,0.28,14,2,1,82.4,87.5,7.34,3.8,0.3,68.2
SHORT:rvol_thrust_dn+cvd_dn_v+mom_ignite_dn|nk0.0|vm0.8|am_0845_1130,17,0.28,14,2,1,82.4,87.5,7.34,3.8,0.3,68.2
SHORT:rvol_thrust_dn+cvd_dn_v+mom_ignite_dn|nk0.0|vm1.2|am_0845_1130,17,0.28,14,2,1,82.4,87.5,7.34,3.8,0.3,68.2
SHORT:rvol_thrust_dn+cvd_dn_v+mom_ignite_dn|nk0.5|vm0.8|am_0845_1130,17,0.28,14,2,1,82.4,87.5,7.34,3.8,0.3,68.2
SHORT:rvol_thrust_dn+cvd_dn_v+mom_ignite_dn|nk0.5|vm1.2|am_0845_1130,17,0.28,14,2,1,82.4,87.5,7.34,3.8,0.3,68.2
SHORT:rvol_thrust_dn+cvd_dn_v+mom_ignite_dn|nk0.8|vm0.8|am_0845_1130,17,0.28,14,2,1,82.4,87.5,7.34,3.8,0.3,68.2
SHORT:rvol_thrust_dn+cvd_dn_v+mom_ignite_dn|nk0.8|vm1.2|am_0845_1130,17,0.28,14,2,1,82.4,87.5,7.34,3.8,0.3,68.2
SHORT:below_vwap+adi_dn+rvol_thrust_dn+mom_ignite_dn|nk0.0|vm0.8|am_0845_1130,17,0.28,14,2,1,82.4,87.5,7.34,3.8,0.3,68.2
SHORT:below_vwap+adi_dn+rvol_thrust_dn+mom_ignite_dn|nk0.0|vm1.2|am_0845_1130,17,0.28,14,2,1,82.4,87.5,7.34,3.8,0.3,68.2
SHORT:below_vwap+adi_dn+rvol_thrust_dn+mom_ignite_dn|nk0.5|vm0.8|am_0845_1130,17,0.28,14,2,1,82.4,87.5,7.34,3.8,0.3,68.2
SHORT:below_vwap+adi_dn+rvol_thrust_dn+mom_ignite_dn|nk0.5|vm1.2|am_0845_1130,17,0.28,14,2,1,82.4,87.5,7.34,3.8,0.3,68.2
SHORT:below_vwap+adi_dn+rvol_thrust_dn+mom_ignite_dn|nk0.8|vm0.8|am_0845_1130,17,0.28,14,2,1,82.4,87.5,7.34,3.8,0.3,68.2
SHORT:below_vwap+adi_dn+rvol_thrust_dn+mom_ignite_dn|nk0.8|vm1.2|am_0845_1130,17,0.28,14,2,1,82.4,87.5,7.34,3.8,0.3,68.2
SHORT:below_vwap+delta_dump+rvol_thrust_dn+mom_ignite_dn|nk0.0|vm0.8|am_0845_1130,17,0.28,14,2,1,82.4,87.5,7.34,3.8,0.3,68.2
SHORT:below_vwap+delta_dump+rvol_thrust_dn+mom_ignite_dn|nk0.0|vm1.2|am_0845_1130,17,0.28,14,2,1,82.4,87.5,7.34,3.8,0.3,68.2
SHORT:below_vwap+delta_dump+rvol_thrust_dn+mom_ignite_dn|nk0.5|vm0.8|am_0845_1130,17,0.28,14,2,1,82.4,87.5,7.34,3.8,0.3,68.2
SHORT:below_vwap+delta_dump+rvol_thrust_dn+mom_ignite_dn|nk0.5|vm1.2|am_0845_1130,17,0.28,14,2,1,82.4,87.5,7.34,3.8,0.3,68.2
SHORT:below_vwap+delta_dump+rvol_thrust_dn+mom_ignite_dn|nk0.8|vm0.8|am_0845_1130,17,0.28,14,2,1,82.4,87.5,7.34,3.8,0.3,68.2
SHORT:below_vwap+delta_dump+rvol_thrust_dn+mom_ignite_dn|nk0.8|vm1.2|am_0845_1130,17,0.28,14,2,1,82.4,87.5,7.34,3.8,0.3,68.2
SHORT:below_vwap+delta_dump+below_vwap_v+mom_ignite_dn|nk0.0|vm0.8|am_0845_1130,17,0.28,14,2,1,82.4,87.5,7.34,3.8,0.3,68.2
SHORT:below_vwap+delta_dump+below_vwap_v+mom_ignite_dn|nk0.0|vm1.2|am_0845_1130,17,0.28,14,2,1,82.4,87.5,7.34,3.8,0.3,68.2
SHORT:below_vwap+delta_dump+below_vwap_v+mom_ignite_dn|nk0.5|vm0.8|am_0845_1130,17,0.28,14,2,1,82.4,87.5,7.34,3.8,0.3,68.2
SHORT:below_vwap+delta_dump+below_vwap_v+mom_ignite_dn|nk0.5|vm1.2|am_0845_1130,17,0.28,14,2,1,82.4,87.5,7.34,3.8,0.3,68.2
SHORT:below_vwap+delta_dump+below_vwap_v+mom_ignite_dn|nk0.8|vm0.8|am_0845_1130,17,0.28,14,2,1,82.4,87.5,7.34,3.8,0.3,68.2
SHORT:below_vwap+delta_dump+below_vwap_v+mom_ignite_dn|nk0.8|vm1.2|am_0845_1130,17,0.28,14,2,1,82.4,87.5,7.34,3.8,0.3,68.2
SHORT:below_vwap+delta_dump+cvd_dn_v+mom_ignite_dn|nk0.0|vm0.8|am_0845_1130,17,0.28,14,2,1,82.4,87.5,7.34,3.8,0.3,68.2
SHORT:below_vwap+delta_dump+cvd_dn_v+mom_ignite_dn|nk0.0|vm1.2|am_0845_1130,17,0.28,14,2,1,82.4,87.5,7.34,3.8,0.3,68.2
SHORT:below_vwap+delta_dump+cvd_dn_v+mom_ignite_dn|nk0.5|vm0.8|am_0845_1130,17,0.28,14,2,1,82.4,87.5,7.34,3.8,0.3,68.2
SHORT:below_vwap+delta_dump+cvd_dn_v+mom_ignite_dn|nk0.5|vm1.2|am_0845_1130,17,0.28,14,2,1,82.4,87.5,7.34,3.8,0.3,68.2
SHORT:below_vwap+delta_dump+cvd_dn_v+mom_ignite_dn|nk0.8|vm0.8|am_0845_1130,17,0.28,14,2,1,82.4,87.5,7.34,3.8,0.3,68.2
SHORT:below_vwap+delta_dump+cvd_dn_v+mom_ignite_dn|nk0.8|vm1.2|am_0845_1130,17,0.28,14,2,1,82.4,87.5,7.34,3.8,0.3,68.2
SHORT:below_vwap+weak_close+rvol_thrust_dn+mom_ignite_dn|nk0.0|vm0.8|am_0845_1130,17,0.28,14,2,1,82.4,87.5,7.34,3.8,0.3,68.2
SHORT:below_vwap+weak_close+rvol_thrust_dn+mom_ignite_dn|nk0.0|vm1.2|am_0845_1130,17,0.28,14,2,1,82.4,87.5,7.34,3.8,0.3,68.2
SHORT:below_vwap+weak_close+rvol_thrust_dn+mom_ignite_dn|nk0.5|vm0.8|am_0845_1130,17,0.28,14,2,1,82.4,87.5,7.34,3.8,0.3,68.2
SHORT:below_vwap+weak_close+rvol_thrust_dn+mom_ignite_dn|nk0.5|vm1.2|am_0845_1130,17,0.28,14,2,1,82.4,87.5,7.34,3.8,0.3,68.2
SHORT:below_vwap+weak_close+rvol_thrust_dn+mom_ignite_dn|nk0.8|vm0.8|am_0845_1130,17,0.28,14,2,1,82.4,87.5,7.34,3.8,0.3,68.2
SHORT:below_vwap+weak_close+rvol_thrust_dn+mom_ignite_dn|nk0.8|vm1.2|am_0845_1130,17,0.28,14,2,1,82.4,87.5,7.34,3.8,0.3,68.2
SHORT:below_vwap+weak_close+below_vwap_v+mom_ignite_dn|nk0.0|vm0.8|am_0845_1130,17,0.28,14,2,1,82.4,87.5,7.34,3.8,0.3,68.2
SHORT:below_vwap+weak_close+below_vwap_v+mom_ignite_dn|nk0.0|vm1.2|am_0845_1130,17,0.28,14,2,1,82.4,87.5,7.34,3.8,0.3,68.2
SHORT:below_vwap+weak_close+below_vwap_v+mom_ignite_dn|nk0.5|vm0.8|am_0845_1130,17,0.28,14,2,1,82.4,87.5,7.34,3.8,0.3,68.2
SHORT:below_vwap+weak_close+below_vwap_v+mom_ignite_dn|nk0.5|vm1.2|am_0845_1130,17,0.28,14,2,1,82.4,87.5,7.34,3.8,0.3,68.2
SHORT:below_vwap+weak_close+below_vwap_v+mom_ignite_dn|nk0.8|vm0.8|am_0845_1130,17,0.28,14,2,1,82.4,87.5,7.34,3.8,0.3,68.2
SHORT:below_vwap+weak_close+below_vwap_v+mom_ignite_dn|nk0.8|vm1.2|am_0845_1130,17,0.28,14,2,1,82.4,87.5,7.34,3.8,0.3,68.2
SHORT:below_vwap+rvol_thrust_dn+below_vwap_v+mom_ignite_dn|nk0.0|vm0.8|am_0845_1130,17,0.28,14,2,1,82.4,87.5,7.34,3.8,0.3,68.2
SHORT:below_vwap+rvol_thrust_dn+below_vwap_v+mom_ignite_dn|nk0.0|vm1.2|am_0845_1130,17,0.28,14,2,1,82.4,87.5,7.34,3.8,0.3,68.2
SHORT:below_vwap+rvol_thrust_dn+below_vwap_v+mom_ignite_dn|nk0.5|vm0.8|am_0845_1130,17,0.28,14,2,1,82.4,87.5,7.34,3.8,0.3,68.2
SHORT:below_vwap+rvol_thrust_dn+below_vwap_v+mom_ignite_dn|nk0.5|vm1.2|am_0845_1130,17,0.28,14,2,1,82.4,87.5,7.34,3.8,0.3,68.2
SHORT:below_vwap+rvol_thrust_dn+below_vwap_v+mom_ignite_dn|nk0.8|vm0.8|am_0845_1130,17,0.28,14,2,1,82.4,87.5,7.34,3.8,0.3,68.2
SHORT:below_vwap+rvol_thrust_dn+below_vwap_v+mom_ignite_dn|nk0.8|vm1.2|am_0845_1130,17,0.28,14,2,1,82.4,87.5,7.34,3.8,0.3,68.2
SHORT:below_vwap+rvol_thrust_dn+cvd_dn+mom_ignite_dn|nk0.0|vm0.8|am_0845_1130,17,0.28,14,2,1,82.4,87.5,7.34,3.8,0.3,68.2
SHORT:below_vwap+rvol_thrust_dn+cvd_dn+mom_ignite_dn|nk0.0|vm1.2|am_0845_1130,17,0.28,14,2,1,82.4,87.5,7.34,3.8,0.3,68.2
SHORT:below_vwap+rvol_thrust_dn+cvd_dn+mom_ignite_dn|nk0.5|vm0.8|am_0845_1130,17,0.28,14,2,1,82.4,87.5,7.34,3.8,0.3,68.2
SHORT:below_vwap+rvol_thrust_dn+cvd_dn+mom_ignite_dn|nk0.5|vm1.2|am_0845_1130,17,0.28,14,2,1,82.4,87.5,7.34,3.8,0.3,68.2
SHORT:below_vwap+rvol_thrust_dn+cvd_dn+mom_ignite_dn|nk0.8|vm0.8|am_0845_1130,17,0.28,14,2,1,82.4,87.5,7.34,3.8,0.3,68.2
SHORT:below_vwap+rvol_thrust_dn+cvd_dn+mom_ignite_dn|nk0.8|vm1.2|am_0845_1130,17,0.28,14,2,1,82.4,87.5,7.34,3.8,0.3,68.2
SHORT:below_vwap+rvol_thrust_dn+cvd_dn_v+mom_ignite_dn|nk0.0|vm0.8|am_0845_1130,17,0.28,14,2,1,82.4,87.5,7.34,3.8,0.3,68.2
SHORT:below_vwap+rvol_thrust_dn+cvd_dn_v+mom_ignite_dn|nk0.0|vm1.2|am_0845_1130,17,0.28,14,2,1,82.4,87.5,7.34,3.8,0.3,68.2
SHORT:below_vwap+rvol_thrust_dn+cvd_dn_v+mom_ignite_dn|nk0.5|vm0.8|am_0845_1130,17,0.28,14,2,1,82.4,87.5,7.34,3.8,0.3,68.2
SHORT:below_vwap+rvol_thrust_dn+cvd_dn_v+mom_ignite_dn|nk0.5|vm1.2|am_0845_1130,17,0.28,14,2,1,82.4,87.5,7.34,3.8,0.3,68.2
SHORT:below_vwap+rvol_thrust_dn+cvd_dn_v+mom_ignite_dn|nk0.8|vm0.8|am_0845_1130,17,0.28,14,2,1,82.4,87.5,7.34,3.8,0.3,68.2
SHORT:below_vwap+rvol_thrust_dn+cvd_dn_v+mom_ignite_dn|nk0.8|vm1.2|am_0845_1130,17,0.28,14,2,1,82.4,87.5,7.34,3.8,0.3,68.2
SHORT:adi_dn+delta_dump+rvol_thrust_dn+mom_ignite_dn|nk0.0|vm0.8|am_0845_1130,17,0.28,14,2,1,82.4,87.5,7.34,3.8,0.3,68.2
SHORT:adi_dn+delta_dump+rvol_thrust_dn+mom_ignite_dn|nk0.0|vm1.2|am_0845_1130,17,0.28,14,2,1,82.4,87.5,7.34,3.8,0.3,68.2
SHORT:adi_dn+delta_dump+rvol_thrust_dn+mom_ignite_dn|nk0.5|vm0.8|am_0845_1130,17,0.28,14,2,1,82.4,87.5,7.34,3.8,0.3,68.2
SHORT:adi_dn+delta_dump+rvol_thrust_dn+mom_ignite_dn|nk0.5|vm1.2|am_0845_1130,17,0.28,14,2,1,82.4,87.5,7.34,3.8,0.3,68.2
SHORT:adi_dn+delta_dump+rvol_thrust_dn+mom_ignite_dn|nk0.8|vm0.8|am_0845_1130,17,0.28,14,2,1,82.4,87.5,7.34,3.8,0.3,68.2
SHORT:adi_dn+delta_dump+rvol_thrust_dn+mom_ignite_dn|nk0.8|vm1.2|am_0845_1130,17,0.28,14,2,1,82.4,87.5,7.34,3.8,0.3,68.2
SHORT:adi_dn+delta_dump+below_vwap_v+mom_ignite_dn|nk0.0|vm0.8|am_0845_1130,17,0.28,14,2,1,82.4,87.5,7.34,3.8,0.3,68.2
SHORT:adi_dn+delta_dump+below_vwap_v+mom_ignite_dn|nk0.0|vm1.2|am_0845_1130,17,0.28,14,2,1,82.4,87.5,7.34,3.8,0.3,68.2
SHORT:adi_dn+delta_dump+below_vwap_v+mom_ignite_dn|nk0.5|vm0.8|am_0845_1130,17,0.28,14,2,1,82.4,87.5,7.34,3.8,0.3,68.2
SHORT:adi_dn+delta_dump+below_vwap_v+mom_ignite_dn|nk0.5|vm1.2|am_0845_1130,17,0.28,14,2,1,82.4,87.5,7.34,3.8,0.3,68.2
SHORT:adi_dn+delta_dump+below_vwap_v+mom_ignite_dn|nk0.8|vm0.8|am_0845_1130,17,0.28,14,2,1,82.4,87.5,7.34,3.8,0.3,68.2
SHORT:adi_dn+delta_dump+below_vwap_v+mom_ignite_dn|nk0.8|vm1.2|am_0845_1130,17,0.28,14,2,1,82.4,87.5,7.34,3.8,0.3,68.2
SHORT:adi_dn+delta_dump+cvd_dn_v+mom_ignite_dn|nk0.0|vm0.8|am_0845_1130,17,0.28,14,2,1,82.4,87.5,7.34,3.8,0.3,68.2
SHORT:adi_dn+delta_dump+cvd_dn_v+mom_ignite_dn|nk0.0|vm1.2|am_0845_1130,17,0.28,14,2,1,82.4,87.5,7.34,3.8,0.3,68.2
SHORT:adi_dn+delta_dump+cvd_dn_v+mom_ignite_dn|nk0.5|vm0.8|am_0845_1130,17,0.28,14,2,1,82.4,87.5,7.34,3.8,0.3,68.2
SHORT:adi_dn+delta_dump+cvd_dn_v+mom_ignite_dn|nk0.5|vm1.2|am_0845_1130,17,0.28,14,2,1,82.4,87.5,7.34,3.8,0.3,68.2
SHORT:adi_dn+delta_dump+cvd_dn_v+mom_ignite_dn|nk0.8|vm0.8|am_0845_1130,17,0.28,14,2,1,82.4,87.5,7.34,3.8,0.3,68.2
SHORT:adi_dn+delta_dump+cvd_dn_v+mom_ignite_dn|nk0.8|vm1.2|am_0845_1130,17,0.28,14,2,1,82.4,87.5,7.34,3.8,0.3,68.2
SHORT:adi_dn+weak_close+rvol_thrust_dn+mom_ignite_dn|nk0.0|vm0.8|am_0845_1130,17,0.28,14,2,1,82.4,87.5,7.34,3.8,0.3,68.2
SHORT:adi_dn+weak_close+rvol_thrust_dn+mom_ignite_dn|nk0.0|vm1.2|am_0845_1130,17,0.28,14,2,1,82.4,87.5,7.34,3.8,0.3,68.2
SHORT:adi_dn+weak_close+rvol_thrust_dn+mom_ignite_dn|nk0.5|vm0.8|am_0845_1130,17,0.28,14,2,1,82.4,87.5,7.34,3.8,0.3,68.2
SHORT:adi_dn+weak_close+rvol_thrust_dn+mom_ignite_dn|nk0.5|vm1.2|am_0845_1130,17,0.28,14,2,1,82.4,87.5,7.34,3.8,0.3,68.2
SHORT:adi_dn+weak_close+rvol_thrust_dn+mom_ignite_dn|nk0.8|vm0.8|am_0845_1130,17,0.28,14,2,1,82.4,87.5,7.34,3.8,0.3,68.2
SHORT:adi_dn+weak_close+rvol_thrust_dn+mom_ignite_dn|nk0.8|vm1.2|am_0845_1130,17,0.28,14,2,1,82.4,87.5,7.34,3.8,0.3,68.2
SHORT:adi_dn+weak_close+below_vwap_v+mom_ignite_dn|nk0.0|vm0.8|am_0845_1130,17,0.28,14,2,1,82.4,87.5,7.34,3.8,0.3,68.2
SHORT:adi_dn+weak_close+below_vwap_v+mom_ignite_dn|nk0.0|vm1.2|am_0845_1130,17,0.28,14,2,1,82.4,87.5,7.34,3.8,0.3,68.2
SHORT:adi_dn+weak_close+below_vwap_v+mom_ignite_dn|nk0.5|vm0.8|am_0845_1130,17,0.28,14,2,1,82.4,87.5,7.34,3.8,0.3,68.2
SHORT:adi_dn+weak_close+below_vwap_v+mom_ignite_dn|nk0.5|vm1.2|am_0845_1130,17,0.28,14,2,1,82.4,87.5,7.34,3.8,0.3,68.2
SHORT:adi_dn+weak_close+below_vwap_v+mom_ignite_dn|nk0.8|vm0.8|am_0845_1130,17,0.28,14,2,1,82.4,87.5,7.34,3.8,0.3,68.2
SHORT:adi_dn+weak_close+below_vwap_v+mom_ignite_dn|nk0.8|vm1.2|am_0845_1130,17,0.28,14,2,1,82.4,87.5,7.34,3.8,0.3,68.2
SHORT:adi_dn+rvol_thrust_dn+below_vwap_v+mom_ignite_dn|nk0.0|vm0.8|am_0845_1130,17,0.28,14,2,1,82.4,87.5,7.34,3.8,0.3,68.2
SHORT:adi_dn+rvol_thrust_dn+below_vwap_v+mom_ignite_dn|nk0.0|vm1.2|am_0845_1130,17,0.28,14,2,1,82.4,87.5,7.34,3.8,0.3,68.2
SHORT:adi_dn+rvol_thrust_dn+below_vwap_v+mom_ignite_dn|nk0.5|vm0.8|am_0845_1130,17,0.28,14,2,1,82.4,87.5,7.34,3.8,0.3,68.2
SHORT:adi_dn+rvol_thrust_dn+below_vwap_v+mom_ignite_dn|nk0.5|vm1.2|am_0845_1130,17,0.28,14,2,1,82.4,87.5,7.34,3.8,0.3,68.2
SHORT:adi_dn+rvol_thrust_dn+below_vwap_v+mom_ignite_dn|nk0.8|vm0.8|am_0845_1130,17,0.28,14,2,1,82.4,87.5,7.34,3.8,0.3,68.2
SHORT:adi_dn+rvol_thrust_dn+below_vwap_v+mom_ignite_dn|nk0.8|vm1.2|am_0845_1130,17,0.28,14,2,1,82.4,87.5,7.34,3.8,0.3,68.2
SHORT:adi_dn+rvol_thrust_dn+cvd_dn+mom_ignite_dn|nk0.0|vm0.8|am_0845_1130,17,0.28,14,2,1,82.4,87.5,7.34,3.8,0.3,68.2
SHORT:adi_dn+rvol_thrust_dn+cvd_dn+mom_ignite_dn|nk0.0|vm1.2|am_0845_1130,17,0.28,14,2,1,82.4,87.5,7.34,3.8,0.3,68.2
SHORT:adi_dn+rvol_thrust_dn+cvd_dn+mom_ignite_dn|nk0.5|vm0.8|am_0845_1130,17,0.28,14,2,1,82.4,87.5,7.34,3.8,0.3,68.2
SHORT:adi_dn+rvol_thrust_dn+cvd_dn+mom_ignite_dn|nk0.5|vm1.2|am_0845_1130,17,0.28,14,2,1,82.4,87.5,7.34,3.8,0.3,68.2
SHORT:adi_dn+rvol_thrust_dn+cvd_dn+mom_ignite_dn|nk0.8|vm0.8|am_0845_1130,17,0.28,14,2,1,82.4,87.5,7.34,3.8,0.3,68.2
SHORT:adi_dn+rvol_thrust_dn+cvd_dn+mom_ignite_dn|nk0.8|vm1.2|am_0845_1130,17,0.28,14,2,1,82.4,87.5,7.34,3.8,0.3,68.2
SHORT:adi_dn+rvol_thrust_dn+cvd_dn_v+mom_ignite_dn|nk0.0|vm0.8|am_0845_1130,17,0.28,14,2,1,82.4,87.5,7.34,3.8,0.3,68.2
SHORT:adi_dn+rvol_thrust_dn+cvd_dn_v+mom_ignite_dn|nk0.0|vm1.2|am_0845_1130,17,0.28,14,2,1,82.4,87.5,7.34,3.8,0.3,68.2
SHORT:adi_dn+rvol_thrust_dn+cvd_dn_v+mom_ignite_dn|nk0.5|vm0.8|am_0845_1130,17,0.28,14,2,1,82.4,87.5,7.34,3.8,0.3,68.2
SHORT:adi_dn+rvol_thrust_dn+cvd_dn_v+mom_ignite_dn|nk0.5|vm1.2|am_0845_1130,17,0.28,14,2,1,82.4,87.5,7.34,3.8,0.3,68.2
SHORT:adi_dn+rvol_thrust_dn+cvd_dn_v+mom_ignite_dn|nk0.8|vm0.8|am_0845_1130,17,0.28,14,2,1,82.4,87.5,7.34,3.8,0.3,68.2
SHORT:adi_dn+rvol_thrust_dn+cvd_dn_v+mom_ignite_dn|nk0.8|vm1.2|am_0845_1130,17,0.28,14,2,1,82.4,87.5,7.34,3.8,0.3,68.2
SHORT:delta_dump+weak_close+rvol_thrust_dn+mom_ignite_dn|nk0.0|vm0.8|am_0845_1130,17,0.28,14,2,1,82.4,87.5,7.34,3.8,0.3,68.2
SHORT:delta_dump+weak_close+rvol_thrust_dn+mom_ignite_dn|nk0.0|vm1.2|am_0845_1130,17,0.28,14,2,1,82.4,87.5,7.34,3.8,0.3,68.2
SHORT:delta_dump+weak_close+rvol_thrust_dn+mom_ignite_dn|nk0.5|vm0.8|am_0845_1130,17,0.28,14,2,1,82.4,87.5,7.34,3.8,0.3,68.2
SHORT:delta_dump+weak_close+rvol_thrust_dn+mom_ignite_dn|nk0.5|vm1.2|am_0845_1130,17,0.28,14,2,1,82.4,87.5,7.34,3.8,0.3,68.2
SHORT:delta_dump+weak_close+rvol_thrust_dn+mom_ignite_dn|nk0.8|vm0.8|am_0845_1130,17,0.28,14,2,1,82.4,87.5,7.34,3.8,0.3,68.2
SHORT:delta_dump+weak_close+rvol_thrust_dn+mom_ignite_dn|nk0.8|vm1.2|am_0845_1130,17,0.28,14,2,1,82.4,87.5,7.34,3.8,0.3,68.2
SHORT:delta_dump+weak_close+below_vwap_v+mom_ignite_dn|nk0.0|vm0.8|am_0845_1130,17,0.28,14,2,1,82.4,87.5,7.34,3.8,0.3,68.2
SHORT:delta_dump+weak_close+below_vwap_v+mom_ignite_dn|nk0.0|vm1.2|am_0845_1130,17,0.28,14,2,1,82.4,87.5,7.34,3.8,0.3,68.2
SHORT:delta_dump+weak_close+below_vwap_v+mom_ignite_dn|nk0.5|vm0.8|am_0845_1130,17,0.28,14,2,1,82.4,87.5,7.34,3.8,0.3,68.2
SHORT:delta_dump+weak_close+below_vwap_v+mom_ignite_dn|nk0.5|vm1.2|am_0845_1130,17,0.28,14,2,1,82.4,87.5,7.34,3.8,0.3,68.2
SHORT:delta_dump+weak_close+below_vwap_v+mom_ignite_dn|nk0.8|vm0.8|am_0845_1130,17,0.28,14,2,1,82.4,87.5,7.34,3.8,0.3,68.2
SHORT:delta_dump+weak_close+below_vwap_v+mom_ignite_dn|nk0.8|vm1.2|am_0845_1130,17,0.28,14,2,1,82.4,87.5,7.34,3.8,0.3,68.2
SHORT:delta_dump+weak_close+cvd_dn_v+mom_ignite_dn|nk0.0|vm0.8|am_0845_1130,17,0.28,14,2,1,82.4,87.5,7.34,3.8,0.3,68.2
SHORT:delta_dump+weak_close+cvd_dn_v+mom_ignite_dn|nk0.0|vm1.2|am_0845_1130,17,0.28,14,2,1,82.4,87.5,7.34,3.8,0.3,68.2
SHORT:delta_dump+weak_close+cvd_dn_v+mom_ignite_dn|nk0.5|vm0.8|am_0845_1130,17,0.28,14,2,1,82.4,87.5,7.34,3.8,0.3,68.2
SHORT:delta_dump+weak_close+cvd_dn_v+mom_ignite_dn|nk0.5|vm1.2|am_0845_1130,17,0.28,14,2,1,82.4,87.5,7.34,3.8,0.3,68.2
SHORT:delta_dump+weak_close+cvd_dn_v+mom_ignite_dn|nk0.8|vm0.8|am_0845_1130,17,0.28,14,2,1,82.4,87.5,7.34,3.8,0.3,68.2
SHORT:delta_dump+weak_close+cvd_dn_v+mom_ignite_dn|nk0.8|vm1.2|am_0845_1130,17,0.28,14,2,1,82.4,87.5,7.34,3.8,0.3,68.2
SHORT:delta_dump+rvol_thrust_dn+below_vwap_v+mom_ignite_dn|nk0.0|vm0.8|am_0845_1130,17,0.28,14,2,1,82.4,87.5,7.34,3.8,0.3,68.2
SHORT:delta_dump+rvol_thrust_dn+below_vwap_v+mom_ignite_dn|nk0.0|vm1.2|am_0845_1130,17,0.28,14,2,1,82.4,87.5,7.34,3.8,0.3,68.2
SHORT:delta_dump+rvol_thrust_dn+below_vwap_v+mom_ignite_dn|nk0.5|vm0.8|am_0845_1130,17,0.28,14,2,1,82.4,87.5,7.34,3.8,0.3,68.2
SHORT:delta_dump+rvol_thrust_dn+below_vwap_v+mom_ignite_dn|nk0.5|vm1.2|am_0845_1130,17,0.28,14,2,1,82.4,87.5,7.34,3.8,0.3,68.2
SHORT:delta_dump+rvol_thrust_dn+below_vwap_v+mom_ignite_dn|nk0.8|vm0.8|am_0845_1130,17,0.28,14,2,1,82.4,87.5,7.34,3.8,0.3,68.2
SHORT:delta_dump+rvol_thrust_dn+below_vwap_v+mom_ignite_dn|nk0.8|vm1.2|am_0845_1130,17,0.28,14,2,1,82.4,87.5,7.34,3.8,0.3,68.2
SHORT:delta_dump+rvol_thrust_dn+cvd_dn+mom_ignite_dn|nk0.0|vm0.8|am_0845_1130,17,0.28,14,2,1,82.4,87.5,7.34,3.8,0.3,68.2
SHORT:delta_dump+rvol_thrust_dn+cvd_dn+mom_ignite_dn|nk0.0|vm1.2|am_0845_1130,17,0.28,14,2,1,82.4,87.5,7.34,3.8,0.3,68.2
SHORT:delta_dump+rvol_thrust_dn+cvd_dn+mom_ignite_dn|nk0.5|vm0.8|am_0845_1130,17,0.28,14,2,1,82.4,87.5,7.34,3.8,0.3,68.2
SHORT:delta_dump+rvol_thrust_dn+cvd_dn+mom_ignite_dn|nk0.5|vm1.2|am_0845_1130,17,0.28,14,2,1,82.4,87.5,7.34,3.8,0.3,68.2
SHORT:delta_dump+rvol_thrust_dn+cvd_dn+mom_ignite_dn|nk0.8|vm0.8|am_0845_1130,17,0.28,14,2,1,82.4,87.5,7.34,3.8,0.3,68.2
SHORT:delta_dump+rvol_thrust_dn+cvd_dn+mom_ignite_dn|nk0.8|vm1.2|am_0845_1130,17,0.28,14,2,1,82.4,87.5,7.34,3.8,0.3,68.2
SHORT:delta_dump+rvol_thrust_dn+cvd_dn_v+mom_ignite_dn|nk0.0|vm0.8|am_0845_1130,17,0.28,14,2,1,82.4,87.5,7.34,3.8,0.3,68.2
SHORT:delta_dump+rvol_thrust_dn+cvd_dn_v+mom_ignite_dn|nk0.0|vm1.2|am_0845_1130,17,0.28,14,2,1,82.4,87.5,7.34,3.8,0.3,68.2
SHORT:delta_dump+rvol_thrust_dn+cvd_dn_v+mom_ignite_dn|nk0.5|vm0.8|am_0845_1130,17,0.28,14,2,1,82.4,87.5,7.34,3.8,0.3,68.2
SHORT:delta_dump+rvol_thrust_dn+cvd_dn_v+mom_ignite_dn|nk0.5|vm1.2|am_0845_1130,17,0.28,14,2,1,82.4,87.5,7.34,3.8,0.3,68.2
SHORT:delta_dump+rvol_thrust_dn+cvd_dn_v+mom_ignite_dn|nk0.8|vm0.8|am_0845_1130,17,0.28,14,2,1,82.4,87.5,7.34,3.8,0.3,68.2
SHORT:delta_dump+rvol_thrust_dn+cvd_dn_v+mom_ignite_dn|nk0.8|vm1.2|am_0845_1130,17,0.28,14,2,1,82.4,87.5,7.34,3.8,0.3,68.2
SHORT:delta_dump+below_vwap_v+cvd_dn+mom_ignite_dn|nk0.0|vm0.8|am_0845_1130,17,0.28,14,2,1,82.4,87.5,7.34,3.8,0.3,68.2
SHORT:delta_dump+below_vwap_v+cvd_dn+mom_ignite_dn|nk0.0|vm1.2|am_0845_1130,17,0.28,14,2,1,82.4,87.5,7.34,3.8,0.3,68.2
SHORT:delta_dump+below_vwap_v+cvd_dn+mom_ignite_dn|nk0.5|vm0.8|am_0845_1130,17,0.28,14,2,1,82.4,87.5,7.34,3.8,0.3,68.2
SHORT:delta_dump+below_vwap_v+cvd_dn+mom_ignite_dn|nk0.5|vm1.2|am_0845_1130,17,0.28,14,2,1,82.4,87.5,7.34,3.8,0.3,68.2
SHORT:delta_dump+below_vwap_v+cvd_dn+mom_ignite_dn|nk0.8|vm0.8|am_0845_1130,17,0.28,14,2,1,82.4,87.5,7.34,3.8,0.3,68.2
SHORT:delta_dump+below_vwap_v+cvd_dn+mom_ignite_dn|nk0.8|vm1.2|am_0845_1130,17,0.28,14,2,1,82.4,87.5,7.34,3.8,0.3,68.2
SHORT:delta_dump+below_vwap_v+cvd_dn_v+mom_ignite_dn|nk0.0|vm0.8|am_0845_1130,17,0.28,14,2,1,82.4,87.5,7.34,3.8,0.3,68.2
SHORT:delta_dump+below_vwap_v+cvd_dn_v+mom_ignite_dn|nk0.0|vm1.2|am_0845_1130,17,0.28,14,2,1,82.4,87.5,7.34,3.8,0.3,68.2
SHORT:delta_dump+below_vwap_v+cvd_dn_v+mom_ignite_dn|nk0.5|vm0.8|am_0845_1130,17,0.28,14,2,1,82.4,87.5,7.34,3.8,0.3,68.2
SHORT:delta_dump+below_vwap_v+cvd_dn_v+mom_ignite_dn|nk0.5|vm1.2|am_0845_1130,17,0.28,14,2,1,82.4,87.5,7.34,3.8,0.3,68.2
SHORT:delta_dump+below_vwap_v+cvd_dn_v+mom_ignite_dn|nk0.8|vm0.8|am_0845_1130,17,0.28,14,2,1,82.4,87.5,7.34,3.8,0.3,68.2
SHORT:delta_dump+below_vwap_v+cvd_dn_v+mom_ignite_dn|nk0.8|vm1.2|am_0845_1130,17,0.28,14,2,1,82.4,87.5,7.34,3.8,0.3,68.2
SHORT:delta_dump+cvd_dn+cvd_dn_v+mom_ignite_dn|nk0.0|vm0.8|am_0845_1130,17,0.28,14,2,1,82.4,87.5,7.34,3.8,0.3,68.2
SHORT:delta_dump+cvd_dn+cvd_dn_v+mom_ignite_dn|nk0.0|vm1.2|am_0845_1130,17,0.28,14,2,1,82.4,87.5,7.34,3.8,0.3,68.2
SHORT:delta_dump+cvd_dn+cvd_dn_v+mom_ignite_dn|nk0.5|vm0.8|am_0845_1130,17,0.28,14,2,1,82.4,87.5,7.34,3.8,0.3,68.2
SHORT:delta_dump+cvd_dn+cvd_dn_v+mom_ignite_dn|nk0.5|vm1.2|am_0845_1130,17,0.28,14,2,1,82.4,87.5,7.34,3.8,0.3,68.2
SHORT:delta_dump+cvd_dn+cvd_dn_v+mom_ignite_dn|nk0.8|vm0.8|am_0845_1130,17,0.28,14,2,1,82.4,87.5,7.34,3.8,0.3,68.2
SHORT:delta_dump+cvd_dn+cvd_dn_v+mom_ignite_dn|nk0.8|vm1.2|am_0845_1130,17,0.28,14,2,1,82.4,87.5,7.34,3.8,0.3,68.2
SHORT:weak_close+rvol_thrust_dn+below_vwap_v+mom_ignite_dn|nk0.0|vm0.8|am_0845_1130,17,0.28,14,2,1,82.4,87.5,7.34,3.8,0.3,68.2
SHORT:weak_close+rvol_thrust_dn+below_vwap_v+mom_ignite_dn|nk0.0|vm1.2|am_0845_1130,17,0.28,14,2,1,82.4,87.5,7.34,3.8,0.3,68.2
SHORT:weak_close+rvol_thrust_dn+below_vwap_v+mom_ignite_dn|nk0.5|vm0.8|am_0845_1130,17,0.28,14,2,1,82.4,87.5,7.34,3.8,0.3,68.2
SHORT:weak_close+rvol_thrust_dn+below_vwap_v+mom_ignite_dn|nk0.5|vm1.2|am_0845_1130,17,0.28,14,2,1,82.4,87.5,7.34,3.8,0.3,68.2
SHORT:weak_close+rvol_thrust_dn+below_vwap_v+mom_ignite_dn|nk0.8|vm0.8|am_0845_1130,17,0.28,14,2,1,82.4,87.5,7.34,3.8,0.3,68.2
SHORT:weak_close+rvol_thrust_dn+below_vwap_v+mom_ignite_dn|nk0.8|vm1.2|am_0845_1130,17,0.28,14,2,1,82.4,87.5,7.34,3.8,0.3,68.2
SHORT:weak_close+rvol_thrust_dn+cvd_dn+mom_ignite_dn|nk0.0|vm0.8|am_0845_1130,17,0.28,14,2,1,82.4,87.5,7.34,3.8,0.3,68.2
SHORT:weak_close+rvol_thrust_dn+cvd_dn+mom_ignite_dn|nk0.0|vm1.2|am_0845_1130,17,0.28,14,2,1,82.4,87.5,7.34,3.8,0.3,68.2
SHORT:weak_close+rvol_thrust_dn+cvd_dn+mom_ignite_dn|nk0.5|vm0.8|am_0845_1130,17,0.28,14,2,1,82.4,87.5,7.34,3.8,0.3,68.2
SHORT:weak_close+rvol_thrust_dn+cvd_dn+mom_ignite_dn|nk0.5|vm1.2|am_0845_1130,17,0.28,14,2,1,82.4,87.5,7.34,3.8,0.3,68.2
SHORT:weak_close+rvol_thrust_dn+cvd_dn+mom_ignite_dn|nk0.8|vm0.8|am_0845_1130,17,0.28,14,2,1,82.4,87.5,7.34,3.8,0.3,68.2
SHORT:weak_close+rvol_thrust_dn+cvd_dn+mom_ignite_dn|nk0.8|vm1.2|am_0845_1130,17,0.28,14,2,1,82.4,87.5,7.34,3.8,0.3,68.2
SHORT:weak_close+rvol_thrust_dn+cvd_dn_v+mom_ignite_dn|nk0.0|vm0.8|am_0845_1130,17,0.28,14,2,1,82.4,87.5,7.34,3.8,0.3,68.2
SHORT:weak_close+rvol_thrust_dn+cvd_dn_v+mom_ignite_dn|nk0.0|vm1.2|am_0845_1130,17,0.28,14,2,1,82.4,87.5,7.34,3.8,0.3,68.2
SHORT:weak_close+rvol_thrust_dn+cvd_dn_v+mom_ignite_dn|nk0.5|vm0.8|am_0845_1130,17,0.28,14,2,1,82.4,87.5,7.34,3.8,0.3,68.2
SHORT:weak_close+rvol_thrust_dn+cvd_dn_v+mom_ignite_dn|nk0.5|vm1.2|am_0845_1130,17,0.28,14,2,1,82.4,87.5,7.34,3.8,0.3,68.2
SHORT:weak_close+rvol_thrust_dn+cvd_dn_v+mom_ignite_dn|nk0.8|vm0.8|am_0845_1130,17,0.28,14,2,1,82.4,87.5,7.34,3.8,0.3,68.2
SHORT:weak_close+rvol_thrust_dn+cvd_dn_v+mom_ignite_dn|nk0.8|vm1.2|am_0845_1130,17,0.28,14,2,1,82.4,87.5,7.34,3.8,0.3,68.2
SHORT:weak_close+below_vwap_v+cvd_dn+mom_ignite_dn|nk0.0|vm0.8|am_0845_1130,17,0.28,14,2,1,82.4,87.5,7.34,3.8,0.3,68.2
SHORT:weak_close+below_vwap_v+cvd_dn+mom_ignite_dn|nk0.0|vm1.2|am_0845_1130,17,0.28,14,2,1,82.4,87.5,7.34,3.8,0.3,68.2
SHORT:weak_close+below_vwap_v+cvd_dn+mom_ignite_dn|nk0.5|vm0.8|am_0845_1130,17,0.28,14,2,1,82.4,87.5,7.34,3.8,0.3,68.2
SHORT:weak_close+below_vwap_v+cvd_dn+mom_ignite_dn|nk0.5|vm1.2|am_0845_1130,17,0.28,14,2,1,82.4,87.5,7.34,3.8,0.3,68.2
SHORT:weak_close+below_vwap_v+cvd_dn+mom_ignite_dn|nk0.8|vm0.8|am_0845_1130,17,0.28,14,2,1,82.4,87.5,7.34,3.8,0.3,68.2
SHORT:weak_close+below_vwap_v+cvd_dn+mom_ignite_dn|nk0.8|vm1.2|am_0845_1130,17,0.28,14,2,1,82.4,87.5,7.34,3.8,0.3,68.2
SHORT:weak_close+below_vwap_v+cvd_dn_v+mom_ignite_dn|nk0.0|vm0.8|am_0845_1130,17,0.28,14,2,1,82.4,87.5,7.34,3.8,0.3,68.2
SHORT:weak_close+below_vwap_v+cvd_dn_v+mom_ignite_dn|nk0.0|vm1.2|am_0845_1130,17,0.28,14,2,1,82.4,87.5,7.34,3.8,0.3,68.2
SHORT:weak_close+below_vwap_v+cvd_dn_v+mom_ignite_dn|nk0.5|vm0.8|am_0845_1130,17,0.28,14,2,1,82.4,87.5,7.34,3.8,0.3,68.2
SHORT:weak_close+below_vwap_v+cvd_dn_v+mom_ignite_dn|nk0.5|vm1.2|am_0845_1130,17,0.28,14,2,1,82.4,87.5,7.34,3.8,0.3,68.2
SHORT:weak_close+below_vwap_v+cvd_dn_v+mom_ignite_dn|nk0.8|vm0.8|am_0845_1130,17,0.28,14,2,1,82.4,87.5,7.34,3.8,0.3,68.2
SHORT:weak_close+below_vwap_v+cvd_dn_v+mom_ignite_dn|nk0.8|vm1.2|am_0845_1130,17,0.28,14,2,1,82.4,87.5,7.34,3.8,0.3,68.2
SHORT:rvol_thrust_dn+below_vwap_v+cvd_dn+mom_ignite_dn|nk0.0|vm0.8|am_0845_1130,17,0.28,14,2,1,82.4,87.5,7.34,3.8,0.3,68.2
SHORT:rvol_thrust_dn+below_vwap_v+cvd_dn+mom_ignite_dn|nk0.0|vm1.2|am_0845_1130,17,0.28,14,2,1,82.4,87.5,7.34,3.8,0.3,68.2
SHORT:rvol_thrust_dn+below_vwap_v+cvd_dn+mom_ignite_dn|nk0.5|vm0.8|am_0845_1130,17,0.28,14,2,1,82.4,87.5,7.34,3.8,0.3,68.2
SHORT:rvol_thrust_dn+below_vwap_v+cvd_dn+mom_ignite_dn|nk0.5|vm1.2|am_0845_1130,17,0.28,14,2,1,82.4,87.5,7.34,3.8,0.3,68.2
SHORT:rvol_thrust_dn+below_vwap_v+cvd_dn+mom_ignite_dn|nk0.8|vm0.8|am_0845_1130,17,0.28,14,2,1,82.4,87.5,7.34,3.8,0.3,68.2
SHORT:rvol_thrust_dn+below_vwap_v+cvd_dn+mom_ignite_dn|nk0.8|vm1.2|am_0845_1130,17,0.28,14,2,1,82.4,87.5,7.34,3.8,0.3,68.2
SHORT:rvol_thrust_dn+below_vwap_v+cvd_dn_v+mom_ignite_dn|nk0.0|vm0.8|am_0845_1130,17,0.28,14,2,1,82.4,87.5,7.34,3.8,0.3,68.2
SHORT:rvol_thrust_dn+below_vwap_v+cvd_dn_v+mom_ignite_dn|nk0.0|vm1.2|am_0845_1130,17,0.28,14,2,1,82.4,87.5,7.34,3.8,0.3,68.2
SHORT:rvol_thrust_dn+below_vwap_v+cvd_dn_v+mom_ignite_dn|nk0.5|vm0.8|am_0845_1130,17,0.28,14,2,1,82.4,87.5,7.34,3.8,0.3,68.2
SHORT:rvol_thrust_dn+below_vwap_v+cvd_dn_v+mom_ignite_dn|nk0.5|vm1.2|am_0845_1130,17,0.28,14,2,1,82.4,87.5,7.34,3.8,0.3,68.2
SHORT:rvol_thrust_dn+below_vwap_v+cvd_dn_v+mom_ignite_dn|nk0.8|vm0.8|am_0845_1130,17,0.28,14,2,1,82.4,87.5,7.34,3.8,0.3,68.2
SHORT:rvol_thrust_dn+below_vwap_v+cvd_dn_v+mom_ignite_dn|nk0.8|vm1.2|am_0845_1130,17,0.28,14,2,1,82.4,87.5,7.34,3.8,0.3,68.2
SHORT:rvol_thrust_dn+cvd_dn+cvd_dn_v+mom_ignite_dn|nk0.0|vm0.8|am_0845_1130,17,0.28,14,2,1,82.4,87.5,7.34,3.8,0.3,68.2
SHORT:rvol_thrust_dn+cvd_dn+cvd_dn_v+mom_ignite_dn|nk0.0|vm1.2|am_0845_1130,17,0.28,14,2,1,82.4,87.5,7.34,3.8,0.3,68.2
SHORT:rvol_thrust_dn+cvd_dn+cvd_dn_v+mom_ignite_dn|nk0.5|vm0.8|am_0845_1130,17,0.28,14,2,1,82.4,87.5,7.34,3.8,0.3,68.2
SHORT:rvol_thrust_dn+cvd_dn+cvd_dn_v+mom_ignite_dn|nk0.5|vm1.2|am_0845_1130,17,0.28,14,2,1,82.4,87.5,7.34,3.8,0.3,68.2
SHORT:rvol_thrust_dn+cvd_dn+cvd_dn_v+mom_ignite_dn|nk0.8|vm0.8|am_0845_1130,17,0.28,14,2,1,82.4,87.5,7.34,3.8,0.3,68.2
SHORT:rvol_thrust_dn+cvd_dn+cvd_dn_v+mom_ignite_dn|nk0.8|vm1.2|am_0845_1130,17,0.28,14,2,1,82.4,87.5,7.34,3.8,0.3,68.2
SHORT:weak_close+cvd_dn_v+mom_ignite_dn|nk0.5|vm0.8|am_0845_1130,21,0.35,17,3,1,81.0,85.0,5.89,4.4,0.6,63.8
SHORT:weak_close+cvd_dn_v+mom_ignite_dn|nk0.5|vm1.2|am_0845_1130,21,0.35,17,3,1,81.0,85.0,5.89,4.4,0.6,63.8
SHORT:below_vwap+weak_close+cvd_dn_v+mom_ignite_dn|nk0.5|vm0.8|am_0845_1130,21,0.35,17,3,1,81.0,85.0,5.89,4.4,0.6,63.8
SHORT:below_vwap+weak_close+cvd_dn_v+mom_ignite_dn|nk0.5|vm1.2|am_0845_1130,21,0.35,17,3,1,81.0,85.0,5.89,4.4,0.6,63.8
SHORT:adi_dn+weak_close+cvd_dn_v+mom_ignite_dn|nk0.5|vm0.8|am_0845_1130,21,0.35,17,3,1,81.0,85.0,5.89,4.4,0.6,63.8
SHORT:adi_dn+weak_close+cvd_dn_v+mom_ignite_dn|nk0.5|vm1.2|am_0845_1130,21,0.35,17,3,1,81.0,85.0,5.89,4.4,0.6,63.8
SHORT:weak_close+cvd_dn+cvd_dn_v+mom_ignite_dn|nk0.5|vm0.8|am_0845_1130,21,0.35,17,3,1,81.0,85.0,5.89,4.4,0.6,63.8
SHORT:weak_close+cvd_dn+cvd_dn_v+mom_ignite_dn|nk0.5|vm1.2|am_0845_1130,21,0.35,17,3,1,81.0,85.0,5.89,4.4,0.6,63.8
SHORT:below_pivot+cvd_dn_v+mom_ignite_dn|nk0.5|vm0.8|am_0845_1130,15,0.25,12,2,1,80.0,85.7,6.34,3.2,0.3,91.7
SHORT:below_pivot+cvd_dn_v+mom_ignite_dn|nk0.5|vm1.2|am_0845_1130,15,0.25,12,2,1,80.0,85.7,6.34,3.2,0.3,91.7
SHORT:below_vwap+below_pivot+cvd_dn_v+mom_ignite_dn|nk0.5|vm0.8|am_0845_1130,15,0.25,12,2,1,80.0,85.7,6.34,3.2,0.3,91.7
SHORT:below_vwap+below_pivot+cvd_dn_v+mom_ignite_dn|nk0.5|vm1.2|am_0845_1130,15,0.25,12,2,1,80.0,85.7,6.34,3.2,0.3,91.7
SHORT:adi_dn+below_pivot+cvd_dn_v+mom_ignite_dn|nk0.5|vm0.8|am_0845_1130,15,0.25,12,2,1,80.0,85.7,6.34,3.2,0.3,91.7
SHORT:adi_dn+below_pivot+cvd_dn_v+mom_ignite_dn|nk0.5|vm1.2|am_0845_1130,15,0.25,12,2,1,80.0,85.7,6.34,3.2,0.3,91.7
SHORT:below_pivot+cvd_dn+cvd_dn_v+mom_ignite_dn|nk0.5|vm0.8|am_0845_1130,15,0.25,12,2,1,80.0,85.7,6.34,3.2,0.3,91.7
SHORT:below_pivot+cvd_dn+cvd_dn_v+mom_ignite_dn|nk0.5|vm1.2|am_0845_1130,15,0.25,12,2,1,80.0,85.7,6.34,3.2,0.3,91.7
LONG:poc_reject_up+above_pivot|nk0.0|vm0.8|mid_1030_1300,10,0.17,8,0,2,80.0,100.0,197.08,2.58,0.01,98.5
LONG:poc_reject_up+above_pivot|nk0.5|vm0.8|mid_1030_1300,10,0.17,8,0,2,80.0,100.0,197.08,2.58,0.01,98.5
SHORT:adi_dn+cvd_dn_v+mom_ignite_dn|nk0.5|vm0.8|am_0845_1130,23,0.38,18,3,2,78.3,85.7,6.45,4.91,0.6,78.7
SHORT:adi_dn+cvd_dn_v+mom_ignite_dn|nk0.5|vm1.2|am_0845_1130,23,0.38,18,3,2,78.3,85.7,6.45,4.91,0.6,78.7
SHORT:below_vwap+adi_dn+cvd_dn_v+mom_ignite_dn|nk0.5|vm0.8|am_0845_1130,23,0.38,18,3,2,78.3,85.7,6.45,4.91,0.6,78.7
SHORT:below_vwap+adi_dn+cvd_dn_v+mom_ignite_dn|nk0.5|vm1.2|am_0845_1130,23,0.38,18,3,2,78.3,85.7,6.45,4.91,0.6,78.7
SHORT:adi_dn+cvd_dn+cvd_dn_v+mom_ignite_dn|nk0.5|vm0.8|am_0845_1130,23,0.38,18,3,2,78.3,85.7,6.45,4.91,0.6,78.7
SHORT:adi_dn+cvd_dn+cvd_dn_v+mom_ignite_dn|nk0.5|vm1.2|am_0845_1130,23,0.38,18,3,2,78.3,85.7,6.45,4.91,0.6,78.7
SHORT:below_vwap_v+mom_ignite_dn|nk0.0|vm0.8|am_0845_1130,18,0.3,14,2,2,77.8,87.5,7.68,4.01,0.3,77.8
SHORT:below_vwap_v+mom_ignite_dn|nk0.0|vm1.2|am_0845_1130,18,0.3,14,2,2,77.8,87.5,7.68,4.01,0.3,77.8
SHORT:below_vwap_v+mom_ignite_dn|nk0.5|vm0.8|am_0845_1130,18,0.3,14,2,2,77.8,87.5,7.68,4.01,0.3,77.8
SHORT:below_vwap_v+mom_ignite_dn|nk0.5|vm1.2|am_0845_1130,18,0.3,14,2,2,77.8,87.5,7.68,4.01,0.3,77.8
SHORT:below_vwap_v+mom_ignite_dn|nk0.8|vm0.8|am_0845_1130,18,0.3,14,2,2,77.8,87.5,7.68,4.01,0.3,77.8
SHORT:below_vwap_v+mom_ignite_dn|nk0.8|vm1.2|am_0845_1130,18,0.3,14,2,2,77.8,87.5,7.68,4.01,0.3,77.8
SHORT:below_vwap+below_vwap_v+mom_ignite_dn|nk0.0|vm0.8|am_0845_1130,18,0.3,14,2,2,77.8,87.5,7.68,4.01,0.3,77.8
SHORT:below_vwap+below_vwap_v+mom_ignite_dn|nk0.0|vm1.2|am_0845_1130,18,0.3,14,2,2,77.8,87.5,7.68,4.01,0.3,77.8
SHORT:below_vwap+below_vwap_v+mom_ignite_dn|nk0.5|vm0.8|am_0845_1130,18,0.3,14,2,2,77.8,87.5,7.68,4.01,0.3,77.8
SHORT:below_vwap+below_vwap_v+mom_ignite_dn|nk0.5|vm1.2|am_0845_1130,18,0.3,14,2,2,77.8,87.5,7.68,4.01,0.3,77.8
SHORT:below_vwap+below_vwap_v+mom_ignite_dn|nk0.8|vm0.8|am_0845_1130,18,0.3,14,2,2,77.8,87.5,7.68,4.01,0.3,77.8
SHORT:below_vwap+below_vwap_v+mom_ignite_dn|nk0.8|vm1.2|am_0845_1130,18,0.3,14,2,2,77.8,87.5,7.68,4.01,0.3,77.8
SHORT:adi_dn+below_vwap_v+mom_ignite_dn|nk0.0|vm0.8|am_0845_1130,18,0.3,14,2,2,77.8,87.5,7.68,4.01,0.3,77.8
SHORT:adi_dn+below_vwap_v+mom_ignite_dn|nk0.0|vm1.2|am_0845_1130,18,0.3,14,2,2,77.8,87.5,7.68,4.01,0.3,77.8
SHORT:adi_dn+below_vwap_v+mom_ignite_dn|nk0.5|vm0.8|am_0845_1130,18,0.3,14,2,2,77.8,87.5,7.68,4.01,0.3,77.8
SHORT:adi_dn+below_vwap_v+mom_ignite_dn|nk0.5|vm1.2|am_0845_1130,18,0.3,14,2,2,77.8,87.5,7.68,4.01,0.3,77.8
SHORT:adi_dn+below_vwap_v+mom_ignite_dn|nk0.8|vm0.8|am_0845_1130,18,0.3,14,2,2,77.8,87.5,7.68,4.01,0.3,77.8
SHORT:adi_dn+below_vwap_v+mom_ignite_dn|nk0.8|vm1.2|am_0845_1130,18,0.3,14,2,2,77.8,87.5,7.68,4.01,0.3,77.8
SHORT:below_vwap_v+cvd_dn+mom_ignite_dn|nk0.0|vm0.8|am_0845_1130,18,0.3,14,2,2,77.8,87.5,7.68,4.01,0.3,77.8
SHORT:below_vwap_v+cvd_dn+mom_ignite_dn|nk0.0|vm1.2|am_0845_1130,18,0.3,14,2,2,77.8,87.5,7.68,4.01,0.3,77.8
SHORT:below_vwap_v+cvd_dn+mom_ignite_dn|nk0.5|vm0.8|am_0845_1130,18,0.3,14,2,2,77.8,87.5,7.68,4.01,0.3,77.8
SHORT:below_vwap_v+cvd_dn+mom_ignite_dn|nk0.5|vm1.2|am_0845_1130,18,0.3,14,2,2,77.8,87.5,7.68,4.01,0.3,77.8
SHORT:below_vwap_v+cvd_dn+mom_ignite_dn|nk0.8|vm0.8|am_0845_1130,18,0.3,14,2,2,77.8,87.5,7.68,4.01,0.3,77.8
SHORT:below_vwap_v+cvd_dn+mom_ignite_dn|nk0.8|vm1.2|am_0845_1130,18,0.3,14,2,2,77.8,87.5,7.68,4.01,0.3,77.8
SHORT:below_vwap_v+cvd_dn_v+mom_ignite_dn|nk0.0|vm0.8|am_0845_1130,18,0.3,14,2,2,77.8,87.5,7.68,4.01,0.3,77.8
SHORT:below_vwap_v+cvd_dn_v+mom_ignite_dn|nk0.0|vm1.2|am_0845_1130,18,0.3,14,2,2,77.8,87.5,7.68,4.01,0.3,77.8
SHORT:below_vwap_v+cvd_dn_v+mom_ignite_dn|nk0.5|vm0.8|am_0845_1130,18,0.3,14,2,2,77.8,87.5,7.68,4.01,0.3,77.8
SHORT:below_vwap_v+cvd_dn_v+mom_ignite_dn|nk0.5|vm1.2|am_0845_1130,18,0.3,14,2,2,77.8,87.5,7.68,4.01,0.3,77.8
SHORT:below_vwap_v+cvd_dn_v+mom_ignite_dn|nk0.8|vm0.8|am_0845_1130,18,0.3,14,2,2,77.8,87.5,7.68,4.01,0.3,77.8
SHORT:below_vwap_v+cvd_dn_v+mom_ignite_dn|nk0.8|vm1.2|am_0845_1130,18,0.3,14,2,2,77.8,87.5,7.68,4.01,0.3,77.8
SHORT:below_vwap+adi_dn+below_vwap_v+mom_ignite_dn|nk0.0|vm0.8|am_0845_1130,18,0.3,14,2,2,77.8,87.5,7.68,4.01,0.3,77.8
SHORT:below_vwap+adi_dn+below_vwap_v+mom_ignite_dn|nk0.0|vm1.2|am_0845_1130,18,0.3,14,2,2,77.8,87.5,7.68,4.01,0.3,77.8
SHORT:below_vwap+adi_dn+below_vwap_v+mom_ignite_dn|nk0.5|vm0.8|am_0845_1130,18,0.3,14,2,2,77.8,87.5,7.68,4.01,0.3,77.8
SHORT:below_vwap+adi_dn+below_vwap_v+mom_ignite_dn|nk0.5|vm1.2|am_0845_1130,18,0.3,14,2,2,77.8,87.5,7.68,4.01,0.3,77.8
SHORT:below_vwap+adi_dn+below_vwap_v+mom_ignite_dn|nk0.8|vm0.8|am_0845_1130,18,0.3,14,2,2,77.8,87.5,7.68,4.01,0.3,77.8
SHORT:below_vwap+adi_dn+below_vwap_v+mom_ignite_dn|nk0.8|vm1.2|am_0845_1130,18,0.3,14,2,2,77.8,87.5,7.68,4.01,0.3,77.8
SHORT:below_vwap+below_vwap_v+cvd_dn+mom_ignite_dn|nk0.0|vm0.8|am_0845_1130,18,0.3,14,2,2,77.8,87.5,7.68,4.01,0.3,77.8
SHORT:below_vwap+below_vwap_v+cvd_dn+mom_ignite_dn|nk0.0|vm1.2|am_0845_1130,18,0.3,14,2,2,77.8,87.5,7.68,4.01,0.3,77.8
SHORT:below_vwap+below_vwap_v+cvd_dn+mom_ignite_dn|nk0.5|vm0.8|am_0845_1130,18,0.3,14,2,2,77.8,87.5,7.68,4.01,0.3,77.8
SHORT:below_vwap+below_vwap_v+cvd_dn+mom_ignite_dn|nk0.5|vm1.2|am_0845_1130,18,0.3,14,2,2,77.8,87.5,7.68,4.01,0.3,77.8
SHORT:below_vwap+below_vwap_v+cvd_dn+mom_ignite_dn|nk0.8|vm0.8|am_0845_1130,18,0.3,14,2,2,77.8,87.5,7.68,4.01,0.3,77.8
SHORT:below_vwap+below_vwap_v+cvd_dn+mom_ignite_dn|nk0.8|vm1.2|am_0845_1130,18,0.3,14,2,2,77.8,87.5,7.68,4.01,0.3,77.8
SHORT:below_vwap+below_vwap_v+cvd_dn_v+mom_ignite_dn|nk0.0|vm0.8|am_0845_1130,18,0.3,14,2,2,77.8,87.5,7.68,4.01,0.3,77.8
SHORT:below_vwap+below_vwap_v+cvd_dn_v+mom_ignite_dn|nk0.0|vm1.2|am_0845_1130,18,0.3,14,2,2,77.8,87.5,7.68,4.01,0.3,77.8
SHORT:below_vwap+below_vwap_v+cvd_dn_v+mom_ignite_dn|nk0.5|vm0.8|am_0845_1130,18,0.3,14,2,2,77.8,87.5,7.68,4.01,0.3,77.8
SHORT:below_vwap+below_vwap_v+cvd_dn_v+mom_ignite_dn|nk0.5|vm1.2|am_0845_1130,18,0.3,14,2,2,77.8,87.5,7.68,4.01,0.3,77.8
SHORT:below_vwap+below_vwap_v+cvd_dn_v+mom_ignite_dn|nk0.8|vm0.8|am_0845_1130,18,0.3,14,2,2,77.8,87.5,7.68,4.01,0.3,77.8
SHORT:below_vwap+below_vwap_v+cvd_dn_v+mom_ignite_dn|nk0.8|vm1.2|am_0845_1130,18,0.3,14,2,2,77.8,87.5,7.68,4.01,0.3,77.8
SHORT:adi_dn+below_vwap_v+cvd_dn+mom_ignite_dn|nk0.0|vm0.8|am_0845_1130,18,0.3,14,2,2,77.8,87.5,7.68,4.01,0.3,77.8
SHORT:adi_dn+below_vwap_v+cvd_dn+mom_ignite_dn|nk0.0|vm1.2|am_0845_1130,18,0.3,14,2,2,77.8,87.5,7.68,4.01,0.3,77.8
SHORT:adi_dn+below_vwap_v+cvd_dn+mom_ignite_dn|nk0.5|vm0.8|am_0845_1130,18,0.3,14,2,2,77.8,87.5,7.68,4.01,0.3,77.8
SHORT:adi_dn+below_vwap_v+cvd_dn+mom_ignite_dn|nk0.5|vm1.2|am_0845_1130,18,0.3,14,2,2,77.8,87.5,7.68,4.01,0.3,77.8
SHORT:adi_dn+below_vwap_v+cvd_dn+mom_ignite_dn|nk0.8|vm0.8|am_0845_1130,18,0.3,14,2,2,77.8,87.5,7.68,4.01,0.3,77.8
SHORT:adi_dn+below_vwap_v+cvd_dn+mom_ignite_dn|nk0.8|vm1.2|am_0845_1130,18,0.3,14,2,2,77.8,87.5,7.68,4.01,0.3,77.8
SHORT:adi_dn+below_vwap_v+cvd_dn_v+mom_ignite_dn|nk0.0|vm0.8|am_0845_1130,18,0.3,14,2,2,77.8,87.5,7.68,4.01,0.3,77.8
SHORT:adi_dn+below_vwap_v+cvd_dn_v+mom_ignite_dn|nk0.0|vm1.2|am_0845_1130,18,0.3,14,2,2,77.8,87.5,7.68,4.01,0.3,77.8
SHORT:adi_dn+below_vwap_v+cvd_dn_v+mom_ignite_dn|nk0.5|vm0.8|am_0845_1130,18,0.3,14,2,2,77.8,87.5,7.68,4.01,0.3,77.8
SHORT:adi_dn+below_vwap_v+cvd_dn_v+mom_ignite_dn|nk0.5|vm1.2|am_0845_1130,18,0.3,14,2,2,77.8,87.5,7.68,4.01,0.3,77.8
SHORT:adi_dn+below_vwap_v+cvd_dn_v+mom_ignite_dn|nk0.8|vm0.8|am_0845_1130,18,0.3,14,2,2,77.8,87.5,7.68,4.01,0.3,77.8
SHORT:adi_dn+below_vwap_v+cvd_dn_v+mom_ignite_dn|nk0.8|vm1.2|am_0845_1130,18,0.3,14,2,2,77.8,87.5,7.68,4.01,0.3,77.8
SHORT:below_vwap_v+cvd_dn+cvd_dn_v+mom_ignite_dn|nk0.0|vm0.8|am_0845_1130,18,0.3,14,2,2,77.8,87.5,7.68,4.01,0.3,77.8
SHORT:below_vwap_v+cvd_dn+cvd_dn_v+mom_ignite_dn|nk0.0|vm1.2|am_0845_1130,18,0.3,14,2,2,77.8,87.5,7.68,4.01,0.3,77.8
SHORT:below_vwap_v+cvd_dn+cvd_dn_v+mom_ignite_dn|nk0.5|vm0.8|am_0845_1130,18,0.3,14,2,2,77.8,87.5,7.68,4.01,0.3,77.8
SHORT:below_vwap_v+cvd_dn+cvd_dn_v+mom_ignite_dn|nk0.5|vm1.2|am_0845_1130,18,0.3,14,2,2,77.8,87.5,7.68,4.01,0.3,77.8
SHORT:below_vwap_v+cvd_dn+cvd_dn_v+mom_ignite_dn|nk0.8|vm0.8|am_0845_1130,18,0.3,14,2,2,77.8,87.5,7.68,4.01,0.3,77.8
SHORT:below_vwap_v+cvd_dn+cvd_dn_v+mom_ignite_dn|nk0.8|vm1.2|am_0845_1130,18,0.3,14,2,2,77.8,87.5,7.68,4.01,0.3,77.8
SHORT:macd_x_dn+mom_ignite_dn|nk0.0|vm0.8|am_0845_1130,9,0.15,7,1,1,77.8,87.5,7.69,2.01,0.3,95.0
SHORT:macd_x_dn+mom_ignite_dn|nk0.5|vm0.8|am_0845_1130,9,0.15,7,1,1,77.8,87.5,7.69,2.01,0.3,95.0
SHORT:adi_dn+macd_x_dn+mom_ignite_dn|nk0.0|vm0.8|am_0845_1130,9,0.15,7,1,1,77.8,87.5,7.69,2.01,0.3,95.0
SHORT:adi_dn+macd_x_dn+mom_ignite_dn|nk0.5|vm0.8|am_0845_1130,9,0.15,7,1,1,77.8,87.5,7.69,2.01,0.3,95.0
SHORT:adi_dn+cvd_dn_v+mom_ignite_dn|nk0.8|vm0.8|am_0845_1130,22,0.37,17,3,2,77.3,85.0,6.12,4.61,0.6,80.0
SHORT:adi_dn+cvd_dn_v+mom_ignite_dn|nk0.8|vm1.2|am_0845_1130,22,0.37,17,3,2,77.3,85.0,6.12,4.61,0.6,80.0
SHORT:below_vwap+adi_dn+cvd_dn_v+mom_ignite_dn|nk0.8|vm0.8|am_0845_1130,22,0.37,17,3,2,77.3,85.0,6.12,4.61,0.6,80.0
SHORT:below_vwap+adi_dn+cvd_dn_v+mom_ignite_dn|nk0.8|vm1.2|am_0845_1130,22,0.37,17,3,2,77.3,85.0,6.12,4.61,0.6,80.0
SHORT:adi_dn+cvd_dn+cvd_dn_v+mom_ignite_dn|nk0.8|vm0.8|am_0845_1130,22,0.37,17,3,2,77.3,85.0,6.12,4.61,0.6,80.0
SHORT:adi_dn+cvd_dn+cvd_dn_v+mom_ignite_dn|nk0.8|vm1.2|am_0845_1130,22,0.37,17,3,2,77.3,85.0,6.12,4.61,0.6,80.0
SHORT:cvd_dn_v+mom_ignite_dn|nk0.5|vm0.8|am_0845_1130,24,0.4,18,3,3,75.0,85.7,6.35,4.89,0.6,85.2
SHORT:cvd_dn_v+mom_ignite_dn|nk0.5|vm1.2|am_0845_1130,24,0.4,18,3,3,75.0,85.7,6.35,4.89,0.6,85.2
SHORT:below_vwap+cvd_dn_v+mom_ignite_dn|nk0.5|vm0.8|am_0845_1130,24,0.4,18,3,3,75.0,85.7,6.35,4.89,0.6,85.2
SHORT:below_vwap+cvd_dn_v+mom_ignite_dn|nk0.5|vm1.2|am_0845_1130,24,0.4,18,3,3,75.0,85.7,6.35,4.89,0.6,85.2
SHORT:cvd_dn+cvd_dn_v+mom_ignite_dn|nk0.5|vm0.8|am_0845_1130,24,0.4,18,3,3,75.0,85.7,6.35,4.89,0.6,85.2
SHORT:cvd_dn+cvd_dn_v+mom_ignite_dn|nk0.5|vm1.2|am_0845_1130,24,0.4,18,3,3,75.0,85.7,6.35,4.89,0.6,85.2
SHORT:below_vwap+cvd_dn+cvd_dn_v+mom_ignite_dn|nk0.5|vm0.8|am_0845_1130,24,0.4,18,3,3,75.0,85.7,6.35,4.89,0.6,85.2
SHORT:below_vwap+cvd_dn+cvd_dn_v+mom_ignite_dn|nk0.5|vm1.2|am_0845_1130,24,0.4,18,3,3,75.0,85.7,6.35,4.89,0.6,85.2
SHORT:below_vwap+delta_dump+below_pivot+mom_ignite_dn|nk0.0|vm0.8|am_0845_1130,16,0.27,12,2,2,75.0,85.7,6.17,3.19,0.32,96.6
SHORT:below_vwap+delta_dump+below_pivot+mom_ignite_dn|nk0.0|vm1.2|am_0845_1130,16,0.27,12,2,2,75.0,85.7,6.17,3.19,0.32,96.6
SHORT:below_vwap+delta_dump+below_pivot+mom_ignite_dn|nk0.5|vm0.8|am_0845_1130,16,0.27,12,2,2,75.0,85.7,6.17,3.19,0.32,96.6
SHORT:below_vwap+delta_dump+below_pivot+mom_ignite_dn|nk0.5|vm1.2|am_0845_1130,16,0.27,12,2,2,75.0,85.7,6.17,3.19,0.32,96.6
SHORT:below_vwap+delta_dump+below_pivot+mom_ignite_dn|nk0.8|vm0.8|am_0845_1130,16,0.27,12,2,2,75.0,85.7,6.17,3.19,0.32,96.6
SHORT:below_vwap+delta_dump+below_pivot+mom_ignite_dn|nk0.8|vm1.2|am_0845_1130,16,0.27,12,2,2,75.0,85.7,6.17,3.19,0.32,96.6
SHORT:delta_dump+below_pivot+cvd_dn+mom_ignite_dn|nk0.0|vm0.8|am_0845_1130,16,0.27,12,2,2,75.0,85.7,6.17,3.19,0.32,96.6
SHORT:delta_dump+below_pivot+cvd_dn+mom_ignite_dn|nk0.0|vm1.2|am_0845_1130,16,0.27,12,2,2,75.0,85.7,6.17,3.19,0.32,96.6
SHORT:delta_dump+below_pivot+cvd_dn+mom_ignite_dn|nk0.5|vm0.8|am_0845_1130,16,0.27,12,2,2,75.0,85.7,6.17,3.19,0.32,96.6
SHORT:delta_dump+below_pivot+cvd_dn+mom_ignite_dn|nk0.5|vm1.2|am_0845_1130,16,0.27,12,2,2,75.0,85.7,6.17,3.19,0.32,96.6
SHORT:delta_dump+below_pivot+cvd_dn+mom_ignite_dn|nk0.8|vm0.8|am_0845_1130,16,0.27,12,2,2,75.0,85.7,6.17,3.19,0.32,96.6
SHORT:delta_dump+below_pivot+cvd_dn+mom_ignite_dn|nk0.8|vm1.2|am_0845_1130,16,0.27,12,2,2,75.0,85.7,6.17,3.19,0.32,96.6
LONG:poc_reject_up+strong_close|nk0.8|vm0.8|pm_1130_1400,12,0.2,9,1,2,75.0,90.0,9.31,2.57,0.3,37.5
SHORT:orb_break_dn+rvol_thrust_dn|nk0.8|vm0.8|am_0845_1130,12,0.2,9,1,2,75.0,90.0,4.88,2.15,0.3,100.8
SHORT:orb_break_dn+rvol_thrust_dn|nk0.8|vm1.2|am_0845_1130,12,0.2,9,1,2,75.0,90.0,4.88,2.15,0.3,100.8
SHORT:orb_break_dn_v+rvol_thrust_dn|nk0.8|vm0.8|am_0845_1130,12,0.2,9,1,2,75.0,90.0,4.88,2.15,0.3,100.8
SHORT:orb_break_dn_v+rvol_thrust_dn|nk0.8|vm1.2|am_0845_1130,12,0.2,9,1,2,75.0,90.0,4.88,2.15,0.3,100.8
SHORT:below_vwap+orb_break_dn+rvol_thrust_dn|nk0.8|vm0.8|am_0845_1130,12,0.2,9,1,2,75.0,90.0,4.88,2.15,0.3,100.8
SHORT:below_vwap+orb_break_dn+rvol_thrust_dn|nk0.8|vm1.2|am_0845_1130,12,0.2,9,1,2,75.0,90.0,4.88,2.15,0.3,100.8
SHORT:below_vwap+orb_break_dn_v+rvol_thrust_dn|nk0.8|vm0.8|am_0845_1130,12,0.2,9,1,2,75.0,90.0,4.88,2.15,0.3,100.8
SHORT:below_vwap+orb_break_dn_v+rvol_thrust_dn|nk0.8|vm1.2|am_0845_1130,12,0.2,9,1,2,75.0,90.0,4.88,2.15,0.3,100.8
SHORT:adi_dn+orb_break_dn+below_vwap_v|nk0.8|vm0.8|am_0845_1130,12,0.2,9,1,2,75.0,90.0,4.88,2.15,0.3,106.2
SHORT:adi_dn+orb_break_dn+below_vwap_v|nk0.8|vm1.2|am_0845_1130,12,0.2,9,1,2,75.0,90.0,4.88,2.15,0.3,106.2
SHORT:adi_dn+orb_break_dn_v+below_vwap_v|nk0.8|vm0.8|am_0845_1130,12,0.2,9,1,2,75.0,90.0,4.88,2.15,0.3,106.2
SHORT:adi_dn+orb_break_dn_v+below_vwap_v|nk0.8|vm1.2|am_0845_1130,12,0.2,9,1,2,75.0,90.0,4.88,2.15,0.3,106.2
SHORT:weak_close+orb_break_dn+rvol_thrust_dn|nk0.8|vm0.8|am_0845_1130,12,0.2,9,1,2,75.0,90.0,4.88,2.15,0.3,100.8
SHORT:weak_close+orb_break_dn+rvol_thrust_dn|nk0.8|vm1.2|am_0845_1130,12,0.2,9,1,2,75.0,90.0,4.88,2.15,0.3,100.8
SHORT:weak_close+orb_break_dn+below_vwap_v|nk0.8|vm0.8|am_0845_1130,12,0.2,9,1,2,75.0,90.0,4.88,2.15,0.3,100.8
SHORT:weak_close+orb_break_dn+below_vwap_v|nk0.8|vm1.2|am_0845_1130,12,0.2,9,1,2,75.0,90.0,4.88,2.15,0.3,100.8
SHORT:weak_close+orb_break_dn_v+rvol_thrust_dn|nk0.8|vm0.8|am_0845_1130,12,0.2,9,1,2,75.0,90.0,4.88,2.15,0.3,100.8
SHORT:weak_close+orb_break_dn_v+rvol_thrust_dn|nk0.8|vm1.2|am_0845_1130,12,0.2,9,1,2,75.0,90.0,4.88,2.15,0.3,100.8
SHORT:weak_close+orb_break_dn_v+below_vwap_v|nk0.8|vm0.8|am_0845_1130,12,0.2,9,1,2,75.0,90.0,4.88,2.15,0.3,100.8
SHORT:weak_close+orb_break_dn_v+below_vwap_v|nk0.8|vm1.2|am_0845_1130,12,0.2,9,1,2,75.0,90.0,4.88,2.15,0.3,100.8
SHORT:orb_break_dn+orb_break_dn_v+rvol_thrust_dn|nk0.8|vm0.8|am_0845_1130,12,0.2,9,1,2,75.0,90.0,4.88,2.15,0.3,100.8
SHORT:orb_break_dn+orb_break_dn_v+rvol_thrust_dn|nk0.8|vm1.2|am_0845_1130,12,0.2,9,1,2,75.0,90.0,4.88,2.15,0.3,100.8
SHORT:orb_break_dn+rvol_thrust_dn+below_vwap_v|nk0.8|vm0.8|am_0845_1130,12,0.2,9,1,2,75.0,90.0,4.88,2.15,0.3,100.8
SHORT:orb_break_dn+rvol_thrust_dn+below_vwap_v|nk0.8|vm1.2|am_0845_1130,12,0.2,9,1,2,75.0,90.0,4.88,2.15,0.3,100.8
SHORT:orb_break_dn_v+rvol_thrust_dn+below_vwap_v|nk0.8|vm0.8|am_0845_1130,12,0.2,9,1,2,75.0,90.0,4.88,2.15,0.3,100.8
SHORT:orb_break_dn_v+rvol_thrust_dn+below_vwap_v|nk0.8|vm1.2|am_0845_1130,12,0.2,9,1,2,75.0,90.0,4.88,2.15,0.3,100.8
SHORT:below_vwap+adi_dn+orb_break_dn+below_vwap_v|nk0.8|vm0.8|am_0845_1130,12,0.2,9,1,2,75.0,90.0,4.88,2.15,0.3,106.2
SHORT:below_vwap+adi_dn+orb_break_dn+below_vwap_v|nk0.8|vm1.2|am_0845_1130,12,0.2,9,1,2,75.0,90.0,4.88,2.15,0.3,106.2
SHORT:below_vwap+adi_dn+orb_break_dn_v+below_vwap_v|nk0.8|vm0.8|am_0845_1130,12,0.2,9,1,2,75.0,90.0,4.88,2.15,0.3,106.2
SHORT:below_vwap+adi_dn+orb_break_dn_v+below_vwap_v|nk0.8|vm1.2|am_0845_1130,12,0.2,9,1,2,75.0,90.0,4.88,2.15,0.3,106.2
SHORT:below_vwap+weak_close+orb_break_dn+rvol_thrust_dn|nk0.8|vm0.8|am_0845_1130,12,0.2,9,1,2,75.0,90.0,4.88,2.15,0.3,100.8
SHORT:below_vwap+weak_close+orb_break_dn+rvol_thrust_dn|nk0.8|vm1.2|am_0845_1130,12,0.2,9,1,2,75.0,90.0,4.88,2.15,0.3,100.8
SHORT:below_vwap+weak_close+orb_break_dn+below_vwap_v|nk0.8|vm0.8|am_0845_1130,12,0.2,9,1,2,75.0,90.0,4.88,2.15,0.3,100.8
SHORT:below_vwap+weak_close+orb_break_dn+below_vwap_v|nk0.8|vm1.2|am_0845_1130,12,0.2,9,1,2,75.0,90.0,4.88,2.15,0.3,100.8
SHORT:below_vwap+weak_close+orb_break_dn_v+rvol_thrust_dn|nk0.8|vm0.8|am_0845_1130,12,0.2,9,1,2,75.0,90.0,4.88,2.15,0.3,100.8
SHORT:below_vwap+weak_close+orb_break_dn_v+rvol_thrust_dn|nk0.8|vm1.2|am_0845_1130,12,0.2,9,1,2,75.0,90.0,4.88,2.15,0.3,100.8
SHORT:below_vwap+weak_close+orb_break_dn_v+below_vwap_v|nk0.8|vm0.8|am_0845_1130,12,0.2,9,1,2,75.0,90.0,4.88,2.15,0.3,100.8
SHORT:below_vwap+weak_close+orb_break_dn_v+below_vwap_v|nk0.8|vm1.2|am_0845_1130,12,0.2,9,1,2,75.0,90.0,4.88,2.15,0.3,100.8
SHORT:below_vwap+orb_break_dn+orb_break_dn_v+rvol_thrust_dn|nk0.8|vm0.8|am_0845_1130,12,0.2,9,1,2,75.0,90.0,4.88,2.15,0.3,100.8
SHORT:below_vwap+orb_break_dn+orb_break_dn_v+rvol_thrust_dn|nk0.8|vm1.2|am_0845_1130,12,0.2,9,1,2,75.0,90.0,4.88,2.15,0.3,100.8
SHORT:below_vwap+orb_break_dn+rvol_thrust_dn+below_vwap_v|nk0.8|vm0.8|am_0845_1130,12,0.2,9,1,2,75.0,90.0,4.88,2.15,0.3,100.8
SHORT:below_vwap+orb_break_dn+rvol_thrust_dn+below_vwap_v|nk0.8|vm1.2|am_0845_1130,12,0.2,9,1,2,75.0,90.0,4.88,2.15,0.3,100.8
SHORT:below_vwap+orb_break_dn_v+rvol_thrust_dn+below_vwap_v|nk0.8|vm0.8|am_0845_1130,12,0.2,9,1,2,75.0,90.0,4.88,2.15,0.3,100.8
SHORT:below_vwap+orb_break_dn_v+rvol_thrust_dn+below_vwap_v|nk0.8|vm1.2|am_0845_1130,12,0.2,9,1,2,75.0,90.0,4.88,2.15,0.3,100.8
SHORT:adi_dn+orb_break_dn+orb_break_dn_v+below_vwap_v|nk0.8|vm0.8|am_0845_1130,12,0.2,9,1,2,75.0,90.0,4.88,2.15,0.3,106.2
SHORT:adi_dn+orb_break_dn+orb_break_dn_v+below_vwap_v|nk0.8|vm1.2|am_0845_1130,12,0.2,9,1,2,75.0,90.0,4.88,2.15,0.3,106.2
SHORT:adi_dn+orb_break_dn+below_vwap_v+cvd_dn|nk0.8|vm0.8|am_0845_1130,12,0.2,9,1,2,75.0,90.0,4.88,2.15,0.3,106.2
SHORT:adi_dn+orb_break_dn+below_vwap_v+cvd_dn|nk0.8|vm1.2|am_0845_1130,12,0.2,9,1,2,75.0,90.0,4.88,2.15,0.3,106.2
SHORT:adi_dn+orb_break_dn+below_vwap_v+cvd_dn_v|nk0.8|vm0.8|am_0845_1130,12,0.2,9,1,2,75.0,90.0,4.88,2.15,0.3,106.2
SHORT:adi_dn+orb_break_dn+below_vwap_v+cvd_dn_v|nk0.8|vm1.2|am_0845_1130,12,0.2,9,1,2,75.0,90.0,4.88,2.15,0.3,106.2
SHORT:adi_dn+orb_break_dn_v+below_vwap_v+cvd_dn|nk0.8|vm0.8|am_0845_1130,12,0.2,9,1,2,75.0,90.0,4.88,2.15,0.3,106.2
SHORT:adi_dn+orb_break_dn_v+below_vwap_v+cvd_dn|nk0.8|vm1.2|am_0845_1130,12,0.2,9,1,2,75.0,90.0,4.88,2.15,0.3,106.2
SHORT:adi_dn+orb_break_dn_v+below_vwap_v+cvd_dn_v|nk0.8|vm0.8|am_0845_1130,12,0.2,9,1,2,75.0,90.0,4.88,2.15,0.3,106.2
SHORT:adi_dn+orb_break_dn_v+below_vwap_v+cvd_dn_v|nk0.8|vm1.2|am_0845_1130,12,0.2,9,1,2,75.0,90.0,4.88,2.15,0.3,106.2
SHORT:weak_close+orb_break_dn+orb_break_dn_v+rvol_thrust_dn|nk0.8|vm0.8|am_0845_1130,12,0.2,9,1,2,75.0,90.0,4.88,2.15,0.3,100.8
SHORT:weak_close+orb_break_dn+orb_break_dn_v+rvol_thrust_dn|nk0.8|vm1.2|am_0845_1130,12,0.2,9,1,2,75.0,90.0,4.88,2.15,0.3,100.8
SHORT:weak_close+orb_break_dn+orb_break_dn_v+below_vwap_v|nk0.8|vm0.8|am_0845_1130,12,0.2,9,1,2,75.0,90.0,4.88,2.15,0.3,100.8
SHORT:weak_close+orb_break_dn+orb_break_dn_v+below_vwap_v|nk0.8|vm1.2|am_0845_1130,12,0.2,9,1,2,75.0,90.0,4.88,2.15,0.3,100.8
SHORT:weak_close+orb_break_dn+rvol_thrust_dn+below_vwap_v|nk0.8|vm0.8|am_0845_1130,12,0.2,9,1,2,75.0,90.0,4.88,2.15,0.3,100.8
SHORT:weak_close+orb_break_dn+rvol_thrust_dn+below_vwap_v|nk0.8|vm1.2|am_0845_1130,12,0.2,9,1,2,75.0,90.0,4.88,2.15,0.3,100.8
SHORT:weak_close+orb_break_dn_v+rvol_thrust_dn+below_vwap_v|nk0.8|vm0.8|am_0845_1130,12,0.2,9,1,2,75.0,90.0,4.88,2.15,0.3,100.8
SHORT:weak_close+orb_break_dn_v+rvol_thrust_dn+below_vwap_v|nk0.8|vm1.2|am_0845_1130,12,0.2,9,1,2,75.0,90.0,4.88,2.15,0.3,100.8
SHORT:orb_break_dn+orb_break_dn_v+rvol_thrust_dn+below_vwap_v|nk0.8|vm0.8|am_0845_1130,12,0.2,9,1,2,75.0,90.0,4.88,2.15,0.3,100.8
SHORT:orb_break_dn+orb_break_dn_v+rvol_thrust_dn+below_vwap_v|nk0.8|vm1.2|am_0845_1130,12,0.2,9,1,2,75.0,90.0,4.88,2.15,0.3,100.8
LONG:poc_reject_up+adi_up|nk0.8|vm0.8|pm_1130_1400,8,0.13,6,1,1,75.0,85.7,5.82,1.49,0.3,35.6
LONG:vwap_reclaim+orb_break_up+cvd_up|nk0.0|vm0.8|full_0845_1400,8,0.13,6,0,2,75.0,100.0,28.01,1.82,0.07,83.1
LONG:vwap_reclaim+orb_break_up+cvd_up|nk0.5|vm0.8|full_0845_1400,8,0.13,6,0,2,75.0,100.0,28.01,1.82,0.07,83.1
LONG:poc_reject_up+adi_up+strong_close|nk0.8|vm0.8|pm_1130_1400,8,0.13,6,1,1,75.0,85.7,5.82,1.49,0.3,35.6
LONG:delta_surge+strong_close+mom_ignite_up|nk0.5|vm0.8|am_0845_1130,8,0.13,6,0,2,75.0,100.0,21.68,1.82,0.09,123.1
LONG:delta_surge+strong_close+mom_ignite_up|nk0.5|vm1.2|am_0845_1130,8,0.13,6,0,2,75.0,100.0,21.68,1.82,0.09,123.1
LONG:vwap_reclaim+above_vwap+orb_break_up+cvd_up|nk0.0|vm0.8|full_0845_1400,8,0.13,6,0,2,75.0,100.0,28.01,1.82,0.07,83.1
LONG:vwap_reclaim+above_vwap+orb_break_up+cvd_up|nk0.5|vm0.8|full_0845_1400,8,0.13,6,0,2,75.0,100.0,28.01,1.82,0.07,83.1
LONG:vwap_reclaim+adi_up+orb_break_up+cvd_up|nk0.0|vm0.8|full_0845_1400,8,0.13,6,0,2,75.0,100.0,28.01,1.82,0.07,83.1
LONG:vwap_reclaim+adi_up+orb_break_up+cvd_up|nk0.5|vm0.8|full_0845_1400,8,0.13,6,0,2,75.0,100.0,28.01,1.82,0.07,83.1
LONG:vwap_reclaim+strong_close+orb_break_up+cvd_up|nk0.0|vm0.8|full_0845_1400,8,0.13,6,0,2,75.0,100.0,28.01,1.82,0.07,83.1
LONG:vwap_reclaim+strong_close+orb_break_up+cvd_up|nk0.5|vm0.8|full_0845_1400,8,0.13,6,0,2,75.0,100.0,28.01,1.82,0.07,83.1
LONG:above_vwap+delta_surge+strong_close+mom_ignite_up|nk0.5|vm0.8|am_0845_1130,8,0.13,6,0,2,75.0,100.0,21.68,1.82,0.09,123.1
LONG:above_vwap+delta_surge+strong_close+mom_ignite_up|nk0.5|vm1.2|am_0845_1130,8,0.13,6,0,2,75.0,100.0,21.68,1.82,0.09,123.1
LONG:adi_up+delta_surge+strong_close+mom_ignite_up|nk0.5|vm0.8|am_0845_1130,8,0.13,6,0,2,75.0,100.0,21.68,1.82,0.09,123.1
LONG:adi_up+delta_surge+strong_close+mom_ignite_up|nk0.5|vm1.2|am_0845_1130,8,0.13,6,0,2,75.0,100.0,21.68,1.82,0.09,123.1
LONG:delta_surge+strong_close+cvd_up+mom_ignite_up|nk0.5|vm0.8|am_0845_1130,8,0.13,6,0,2,75.0,100.0,21.68,1.82,0.09,123.1
LONG:delta_surge+strong_close+cvd_up+mom_ignite_up|nk0.5|vm1.2|am_0845_1130,8,0.13,6,0,2,75.0,100.0,21.68,1.82,0.09,123.1
SHORT:macd_x_dn+mom_ignite_dn|nk0.8|vm0.8|am_0845_1130,8,0.13,6,1,1,75.0,85.7,6.69,1.71,0.3,102.5
SHORT:vwap_loss+orb_break_dn+below_vwap_v|nk0.0|vm0.8|full_0845_1400,8,0.13,6,1,1,75.0,85.7,4.2,1.37,0.3,83.8
SHORT:vwap_loss+orb_break_dn+below_vwap_v|nk0.0|vm1.2|full_0845_1400,8,0.13,6,1,1,75.0,85.7,4.2,1.37,0.3,83.8
SHORT:vwap_loss+orb_break_dn+below_vwap_v|nk0.5|vm0.8|full_0845_1400,8,0.13,6,1,1,75.0,85.7,4.2,1.37,0.3,83.8
SHORT:vwap_loss+orb_break_dn+below_vwap_v|nk0.5|vm1.2|full_0845_1400,8,0.13,6,1,1,75.0,85.7,4.2,1.37,0.3,83.8
SHORT:vwap_loss+orb_break_dn+below_vwap_v|nk0.8|vm0.8|full_0845_1400,8,0.13,6,1,1,75.0,85.7,4.2,1.37,0.3,83.8
SHORT:vwap_loss+orb_break_dn+below_vwap_v|nk0.8|vm1.2|full_0845_1400,8,0.13,6,1,1,75.0,85.7,4.2,1.37,0.3,83.8
SHORT:vwap_loss+orb_break_dn_v+below_vwap_v|nk0.0|vm0.8|full_0845_1400,8,0.13,6,1,1,75.0,85.7,4.2,1.37,0.3,83.8
SHORT:vwap_loss+orb_break_dn_v+below_vwap_v|nk0.0|vm1.2|full_0845_1400,8,0.13,6,1,1,75.0,85.7,4.2,1.37,0.3,83.8
SHORT:vwap_loss+orb_break_dn_v+below_vwap_v|nk0.5|vm0.8|full_0845_1400,8,0.13,6,1,1,75.0,85.7,4.2,1.37,0.3,83.8
SHORT:vwap_loss+orb_break_dn_v+below_vwap_v|nk0.5|vm1.2|full_0845_1400,8,0.13,6,1,1,75.0,85.7,4.2,1.37,0.3,83.8
SHORT:vwap_loss+orb_break_dn_v+below_vwap_v|nk0.8|vm0.8|full_0845_1400,8,0.13,6,1,1,75.0,85.7,4.2,1.37,0.3,83.8
SHORT:vwap_loss+orb_break_dn_v+below_vwap_v|nk0.8|vm1.2|full_0845_1400,8,0.13,6,1,1,75.0,85.7,4.2,1.37,0.3,83.8
SHORT:below_vwap+macd_x_dn+mom_ignite_dn|nk0.0|vm0.8|am_0845_1130,8,0.13,6,1,1,75.0,85.7,6.69,1.71,0.3,102.5
SHORT:below_vwap+macd_x_dn+mom_ignite_dn|nk0.5|vm0.8|am_0845_1130,8,0.13,6,1,1,75.0,85.7,6.69,1.71,0.3,102.5
SHORT:below_vwap+macd_x_dn+mom_ignite_dn|nk0.8|vm0.8|am_0845_1130,8,0.13,6,1,1,75.0,85.7,6.69,1.71,0.3,102.5
SHORT:poc_reject_dn+adi_dn+below_vwap_v|nk0.0|vm0.8|am_0845_1130,8,0.13,6,0,2,75.0,100.0,8.3,1.76,0.24,127.5
SHORT:poc_reject_dn+adi_dn+below_vwap_v|nk0.0|vm1.2|am_0845_1130,8,0.13,6,0,2,75.0,100.0,8.3,1.76,0.24,127.5
SHORT:poc_reject_dn+adi_dn+below_vwap_v|nk0.5|vm0.8|am_0845_1130,8,0.13,6,0,2,75.0,100.0,8.3,1.76,0.24,127.5
SHORT:poc_reject_dn+adi_dn+below_vwap_v|nk0.5|vm1.2|am_0845_1130,8,0.13,6,0,2,75.0,100.0,8.3,1.76,0.24,127.5
SHORT:poc_reject_dn+adi_dn+below_vwap_v|nk0.8|vm0.8|am_0845_1130,8,0.13,6,0,2,75.0,100.0,8.3,1.76,0.24,127.5
SHORT:poc_reject_dn+adi_dn+below_vwap_v|nk0.8|vm1.2|am_0845_1130,8,0.13,6,0,2,75.0,100.0,8.3,1.76,0.24,127.5
SHORT:adi_dn+macd_x_dn+mom_ignite_dn|nk0.8|vm0.8|am_0845_1130,8,0.13,6,1,1,75.0,85.7,6.69,1.71,0.3,102.5
SHORT:delta_dump+macd_x_dn_pos+cvd_dn|nk0.0|vm0.8|am_0845_1130,8,0.13,6,1,1,75.0,85.7,6.02,1.5,0.3,65.6
SHORT:delta_dump+macd_x_dn_pos+cvd_dn|nk0.0|vm1.2|am_0845_1130,8,0.13,6,1,1,75.0,85.7,6.02,1.5,0.3,65.6
SHORT:delta_dump+macd_x_dn_pos+cvd_dn|nk0.5|vm0.8|am_0845_1130,8,0.13,6,1,1,75.0,85.7,6.02,1.5,0.3,65.6
SHORT:delta_dump+macd_x_dn_pos+cvd_dn|nk0.5|vm1.2|am_0845_1130,8,0.13,6,1,1,75.0,85.7,6.02,1.5,0.3,65.6
SHORT:delta_dump+macd_x_dn_pos+cvd_dn|nk0.8|vm0.8|am_0845_1130,8,0.13,6,1,1,75.0,85.7,6.02,1.5,0.3,65.6
SHORT:delta_dump+macd_x_dn_pos+cvd_dn|nk0.8|vm1.2|am_0845_1130,8,0.13,6,1,1,75.0,85.7,6.02,1.5,0.3,65.6
SHORT:below_pivot+orb_break_dn+rvol_thrust_dn|nk0.8|vm0.8|pm_1130_1400,8,0.13,6,1,1,75.0,85.7,4.2,1.37,0.3,53.1
SHORT:below_pivot+orb_break_dn+rvol_thrust_dn|nk0.8|vm1.2|pm_1130_1400,8,0.13,6,1,1,75.0,85.7,4.2,1.37,0.3,53.1
SHORT:below_pivot+orb_break_dn+below_vwap_v|nk0.8|vm0.8|pm_1130_1400,8,0.13,6,1,1,75.0,85.7,4.2,1.37,0.3,53.1
SHORT:below_pivot+orb_break_dn+below_vwap_v|nk0.8|vm1.2|pm_1130_1400,8,0.13,6,1,1,75.0,85.7,4.2,1.37,0.3,53.1
SHORT:below_pivot+orb_break_dn_v+rvol_thrust_dn|nk0.8|vm0.8|pm_1130_1400,8,0.13,6,1,1,75.0,85.7,4.2,1.37,0.3,53.1
SHORT:below_pivot+orb_break_dn_v+rvol_thrust_dn|nk0.8|vm1.2|pm_1130_1400,8,0.13,6,1,1,75.0,85.7,4.2,1.37,0.3,53.1
SHORT:below_pivot+orb_break_dn_v+below_vwap_v|nk0.8|vm0.8|pm_1130_1400,8,0.13,6,1,1,75.0,85.7,4.2,1.37,0.3,53.1
SHORT:below_pivot+orb_break_dn_v+below_vwap_v|nk0.8|vm1.2|pm_1130_1400,8,0.13,6,1,1,75.0,85.7,4.2,1.37,0.3,53.1
SHORT:macd_x_dn+cvd_dn+mom_ignite_dn|nk0.0|vm0.8|am_0845_1130,8,0.13,6,1,1,75.0,85.7,6.69,1.71,0.3,102.5
SHORT:macd_x_dn+cvd_dn+mom_ignite_dn|nk0.5|vm0.8|am_0845_1130,8,0.13,6,1,1,75.0,85.7,6.69,1.71,0.3,102.5
SHORT:macd_x_dn+cvd_dn+mom_ignite_dn|nk0.8|vm0.8|am_0845_1130,8,0.13,6,1,1,75.0,85.7,6.69,1.71,0.3,102.5
SHORT:orb_break_dn+vwap_loss_v+below_vwap_v|nk0.0|vm0.8|full_0845_1400,8,0.13,6,1,1,75.0,85.7,4.2,1.37,0.3,83.8
SHORT:orb_break_dn+vwap_loss_v+below_vwap_v|nk0.0|vm1.2|full_0845_1400,8,0.13,6,1,1,75.0,85.7,4.2,1.37,0.3,83.8
SHORT:orb_break_dn+vwap_loss_v+below_vwap_v|nk0.5|vm0.8|full_0845_1400,8,0.13,6,1,1,75.0,85.7,4.2,1.37,0.3,83.8
SHORT:orb_break_dn+vwap_loss_v+below_vwap_v|nk0.5|vm1.2|full_0845_1400,8,0.13,6,1,1,75.0,85.7,4.2,1.37,0.3,83.8
SHORT:orb_break_dn+vwap_loss_v+below_vwap_v|nk0.8|vm0.8|full_0845_1400,8,0.13,6,1,1,75.0,85.7,4.2,1.37,0.3,83.8
SHORT:orb_break_dn+vwap_loss_v+below_vwap_v|nk0.8|vm1.2|full_0845_1400,8,0.13,6,1,1,75.0,85.7,4.2,1.37,0.3,83.8
SHORT:orb_break_dn_v+vwap_loss_v+below_vwap_v|nk0.0|vm0.8|full_0845_1400,8,0.13,6,1,1,75.0,85.7,4.2,1.37,0.3,83.8
SHORT:orb_break_dn_v+vwap_loss_v+below_vwap_v|nk0.0|vm1.2|full_0845_1400,8,0.13,6,1,1,75.0,85.7,4.2,1.37,0.3,83.8
SHORT:orb_break_dn_v+vwap_loss_v+below_vwap_v|nk0.5|vm0.8|full_0845_1400,8,0.13,6,1,1,75.0,85.7,4.2,1.37,0.3,83.8
SHORT:orb_break_dn_v+vwap_loss_v+below_vwap_v|nk0.5|vm1.2|full_0845_1400,8,0.13,6,1,1,75.0,85.7,4.2,1.37,0.3,83.8
SHORT:orb_break_dn_v+vwap_loss_v+below_vwap_v|nk0.8|vm0.8|full_0845_1400,8,0.13,6,1,1,75.0,85.7,4.2,1.37,0.3,83.8
SHORT:orb_break_dn_v+vwap_loss_v+below_vwap_v|nk0.8|vm1.2|full_0845_1400,8,0.13,6,1,1,75.0,85.7,4.2,1.37,0.3,83.8
SHORT:vwap_loss+below_vwap+orb_break_dn+below_vwap_v|nk0.0|vm0.8|full_0845_1400,8,0.13,6,1,1,75.0,85.7,4.2,1.37,0.3,83.8
SHORT:vwap_loss+below_vwap+orb_break_dn+below_vwap_v|nk0.0|vm1.2|full_0845_1400,8,0.13,6,1,1,75.0,85.7,4.2,1.37,0.3,83.8
SHORT:vwap_loss+below_vwap+orb_break_dn+below_vwap_v|nk0.5|vm0.8|full_0845_1400,8,0.13,6,1,1,75.0,85.7,4.2,1.37,0.3,83.8
SHORT:vwap_loss+below_vwap+orb_break_dn+below_vwap_v|nk0.5|vm1.2|full_0845_1400,8,0.13,6,1,1,75.0,85.7,4.2,1.37,0.3,83.8
SHORT:vwap_loss+below_vwap+orb_break_dn+below_vwap_v|nk0.8|vm0.8|full_0845_1400,8,0.13,6,1,1,75.0,85.7,4.2,1.37,0.3,83.8
SHORT:vwap_loss+below_vwap+orb_break_dn+below_vwap_v|nk0.8|vm1.2|full_0845_1400,8,0.13,6,1,1,75.0,85.7,4.2,1.37,0.3,83.8
SHORT:vwap_loss+below_vwap+orb_break_dn_v+below_vwap_v|nk0.0|vm0.8|full_0845_1400,8,0.13,6,1,1,75.0,85.7,4.2,1.37,0.3,83.8
SHORT:vwap_loss+below_vwap+orb_break_dn_v+below_vwap_v|nk0.0|vm1.2|full_0845_1400,8,0.13,6,1,1,75.0,85.7,4.2,1.37,0.3,83.8
SHORT:vwap_loss+below_vwap+orb_break_dn_v+below_vwap_v|nk0.5|vm0.8|full_0845_1400,8,0.13,6,1,1,75.0,85.7,4.2,1.37,0.3,83.8
SHORT:vwap_loss+below_vwap+orb_break_dn_v+below_vwap_v|nk0.5|vm1.2|full_0845_1400,8,0.13,6,1,1,75.0,85.7,4.2,1.37,0.3,83.8
SHORT:vwap_loss+below_vwap+orb_break_dn_v+below_vwap_v|nk0.8|vm0.8|full_0845_1400,8,0.13,6,1,1,75.0,85.7,4.2,1.37,0.3,83.8
SHORT:vwap_loss+below_vwap+orb_break_dn_v+below_vwap_v|nk0.8|vm1.2|full_0845_1400,8,0.13,6,1,1,75.0,85.7,4.2,1.37,0.3,83.8
SHORT:vwap_loss+orb_break_dn+orb_break_dn_v+below_vwap_v|nk0.0|vm0.8|full_0845_1400,8,0.13,6,1,1,75.0,85.7,4.2,1.37,0.3,83.8
SHORT:vwap_loss+orb_break_dn+orb_break_dn_v+below_vwap_v|nk0.0|vm1.2|full_0845_1400,8,0.13,6,1,1,75.0,85.7,4.2,1.37,0.3,83.8
SHORT:vwap_loss+orb_break_dn+orb_break_dn_v+below_vwap_v|nk0.5|vm0.8|full_0845_1400,8,0.13,6,1,1,75.0,85.7,4.2,1.37,0.3,83.8
SHORT:vwap_loss+orb_break_dn+orb_break_dn_v+below_vwap_v|nk0.5|vm1.2|full_0845_1400,8,0.13,6,1,1,75.0,85.7,4.2,1.37,0.3,83.8
SHORT:vwap_loss+orb_break_dn+orb_break_dn_v+below_vwap_v|nk0.8|vm0.8|full_0845_1400,8,0.13,6,1,1,75.0,85.7,4.2,1.37,0.3,83.8
SHORT:vwap_loss+orb_break_dn+orb_break_dn_v+below_vwap_v|nk0.8|vm1.2|full_0845_1400,8,0.13,6,1,1,75.0,85.7,4.2,1.37,0.3,83.8
SHORT:vwap_loss+orb_break_dn+vwap_loss_v+below_vwap_v|nk0.0|vm0.8|full_0845_1400,8,0.13,6,1,1,75.0,85.7,4.2,1.37,0.3,83.8
SHORT:vwap_loss+orb_break_dn+vwap_loss_v+below_vwap_v|nk0.0|vm1.2|full_0845_1400,8,0.13,6,1,1,75.0,85.7,4.2,1.37,0.3,83.8
SHORT:vwap_loss+orb_break_dn+vwap_loss_v+below_vwap_v|nk0.5|vm0.8|full_0845_1400,8,0.13,6,1,1,75.0,85.7,4.2,1.37,0.3,83.8
SHORT:vwap_loss+orb_break_dn+vwap_loss_v+below_vwap_v|nk0.5|vm1.2|full_0845_1400,8,0.13,6,1,1,75.0,85.7,4.2,1.37,0.3,83.8
SHORT:vwap_loss+orb_break_dn+vwap_loss_v+below_vwap_v|nk0.8|vm0.8|full_0845_1400,8,0.13,6,1,1,75.0,85.7,4.2,1.37,0.3,83.8
SHORT:vwap_loss+orb_break_dn+vwap_loss_v+below_vwap_v|nk0.8|vm1.2|full_0845_1400,8,0.13,6,1,1,75.0,85.7,4.2,1.37,0.3,83.8
SHORT:vwap_loss+orb_break_dn_v+vwap_loss_v+below_vwap_v|nk0.0|vm0.8|full_0845_1400,8,0.13,6,1,1,75.0,85.7,4.2,1.37,0.3,83.8
SHORT:vwap_loss+orb_break_dn_v+vwap_loss_v+below_vwap_v|nk0.0|vm1.2|full_0845_1400,8,0.13,6,1,1,75.0,85.7,4.2,1.37,0.3,83.8
SHORT:vwap_loss+orb_break_dn_v+vwap_loss_v+below_vwap_v|nk0.5|vm0.8|full_0845_1400,8,0.13,6,1,1,75.0,85.7,4.2,1.37,0.3,83.8
SHORT:vwap_loss+orb_break_dn_v+vwap_loss_v+below_vwap_v|nk0.5|vm1.2|full_0845_1400,8,0.13,6,1,1,75.0,85.7,4.2,1.37,0.3,83.8
SHORT:vwap_loss+orb_break_dn_v+vwap_loss_v+below_vwap_v|nk0.8|vm0.8|full_0845_1400,8,0.13,6,1,1,75.0,85.7,4.2,1.37,0.3,83.8
SHORT:vwap_loss+orb_break_dn_v+vwap_loss_v+below_vwap_v|nk0.8|vm1.2|full_0845_1400,8,0.13,6,1,1,75.0,85.7,4.2,1.37,0.3,83.8
SHORT:below_vwap+poc_reject_dn+adi_dn+below_vwap_v|nk0.0|vm0.8|am_0845_1130,8,0.13,6,0,2,75.0,100.0,8.3,1.76,0.24,127.5
SHORT:below_vwap+poc_reject_dn+adi_dn+below_vwap_v|nk0.0|vm1.2|am_0845_1130,8,0.13,6,0,2,75.0,100.0,8.3,1.76,0.24,127.5
SHORT:below_vwap+poc_reject_dn+adi_dn+below_vwap_v|nk0.5|vm0.8|am_0845_1130,8,0.13,6,0,2,75.0,100.0,8.3,1.76,0.24,127.5
SHORT:below_vwap+poc_reject_dn+adi_dn+below_vwap_v|nk0.5|vm1.2|am_0845_1130,8,0.13,6,0,2,75.0,100.0,8.3,1.76,0.24,127.5
SHORT:below_vwap+poc_reject_dn+adi_dn+below_vwap_v|nk0.8|vm0.8|am_0845_1130,8,0.13,6,0,2,75.0,100.0,8.3,1.76,0.24,127.5
SHORT:below_vwap+poc_reject_dn+adi_dn+below_vwap_v|nk0.8|vm1.2|am_0845_1130,8,0.13,6,0,2,75.0,100.0,8.3,1.76,0.24,127.5
SHORT:below_vwap+adi_dn+macd_x_dn+mom_ignite_dn|nk0.0|vm0.8|am_0845_1130,8,0.13,6,1,1,75.0,85.7,6.69,1.71,0.3,102.5
SHORT:below_vwap+adi_dn+macd_x_dn+mom_ignite_dn|nk0.5|vm0.8|am_0845_1130,8,0.13,6,1,1,75.0,85.7,6.69,1.71,0.3,102.5
SHORT:below_vwap+adi_dn+macd_x_dn+mom_ignite_dn|nk0.8|vm0.8|am_0845_1130,8,0.13,6,1,1,75.0,85.7,6.69,1.71,0.3,102.5
SHORT:below_vwap+delta_dump+macd_x_dn_pos+cvd_dn|nk0.0|vm0.8|am_0845_1130,8,0.13,6,1,1,75.0,85.7,6.02,1.5,0.3,65.6
SHORT:below_vwap+delta_dump+macd_x_dn_pos+cvd_dn|nk0.0|vm1.2|am_0845_1130,8,0.13,6,1,1,75.0,85.7,6.02,1.5,0.3,65.6
SHORT:below_vwap+delta_dump+macd_x_dn_pos+cvd_dn|nk0.5|vm0.8|am_0845_1130,8,0.13,6,1,1,75.0,85.7,6.02,1.5,0.3,65.6
SHORT:below_vwap+delta_dump+macd_x_dn_pos+cvd_dn|nk0.5|vm1.2|am_0845_1130,8,0.13,6,1,1,75.0,85.7,6.02,1.5,0.3,65.6
SHORT:below_vwap+delta_dump+macd_x_dn_pos+cvd_dn|nk0.8|vm0.8|am_0845_1130,8,0.13,6,1,1,75.0,85.7,6.02,1.5,0.3,65.6
SHORT:below_vwap+delta_dump+macd_x_dn_pos+cvd_dn|nk0.8|vm1.2|am_0845_1130,8,0.13,6,1,1,75.0,85.7,6.02,1.5,0.3,65.6
SHORT:below_vwap+below_pivot+orb_break_dn+rvol_thrust_dn|nk0.8|vm0.8|pm_1130_1400,8,0.13,6,1,1,75.0,85.7,4.2,1.37,0.3,53.1
SHORT:below_vwap+below_pivot+orb_break_dn+rvol_thrust_dn|nk0.8|vm1.2|pm_1130_1400,8,0.13,6,1,1,75.0,85.7,4.2,1.37,0.3,53.1
SHORT:below_vwap+below_pivot+orb_break_dn+below_vwap_v|nk0.8|vm0.8|pm_1130_1400,8,0.13,6,1,1,75.0,85.7,4.2,1.37,0.3,53.1
SHORT:below_vwap+below_pivot+orb_break_dn+below_vwap_v|nk0.8|vm1.2|pm_1130_1400,8,0.13,6,1,1,75.0,85.7,4.2,1.37,0.3,53.1
SHORT:below_vwap+below_pivot+orb_break_dn_v+rvol_thrust_dn|nk0.8|vm0.8|pm_1130_1400,8,0.13,6,1,1,75.0,85.7,4.2,1.37,0.3,53.1
SHORT:below_vwap+below_pivot+orb_break_dn_v+rvol_thrust_dn|nk0.8|vm1.2|pm_1130_1400,8,0.13,6,1,1,75.0,85.7,4.2,1.37,0.3,53.1
SHORT:below_vwap+below_pivot+orb_break_dn_v+below_vwap_v|nk0.8|vm0.8|pm_1130_1400,8,0.13,6,1,1,75.0,85.7,4.2,1.37,0.3,53.1
SHORT:below_vwap+below_pivot+orb_break_dn_v+below_vwap_v|nk0.8|vm1.2|pm_1130_1400,8,0.13,6,1,1,75.0,85.7,4.2,1.37,0.3,53.1
SHORT:below_vwap+macd_x_dn+weak_close+mom_ignite_dn|nk0.0|vm1.2|full_0845_1400,8,0.13,6,0,2,75.0,100.0,10.03,1.74,0.19,69.4
SHORT:below_vwap+macd_x_dn+weak_close+mom_ignite_dn|nk0.5|vm1.2|full_0845_1400,8,0.13,6,0,2,75.0,100.0,10.03,1.74,0.19,69.4
SHORT:below_vwap+macd_x_dn+weak_close+mom_ignite_dn|nk0.8|vm1.2|full_0845_1400,8,0.13,6,0,2,75.0,100.0,10.03,1.74,0.19,69.4
SHORT:below_vwap+macd_x_dn+cvd_dn+mom_ignite_dn|nk0.0|vm0.8|am_0845_1130,8,0.13,6,1,1,75.0,85.7,6.69,1.71,0.3,102.5
SHORT:below_vwap+macd_x_dn+cvd_dn+mom_ignite_dn|nk0.5|vm0.8|am_0845_1130,8,0.13,6,1,1,75.0,85.7,6.69,1.71,0.3,102.5
SHORT:below_vwap+macd_x_dn+cvd_dn+mom_ignite_dn|nk0.8|vm0.8|am_0845_1130,8,0.13,6,1,1,75.0,85.7,6.69,1.71,0.3,102.5
SHORT:below_vwap+orb_break_dn+vwap_loss_v+below_vwap_v|nk0.0|vm0.8|full_0845_1400,8,0.13,6,1,1,75.0,85.7,4.2,1.37,0.3,83.8
SHORT:below_vwap+orb_break_dn+vwap_loss_v+below_vwap_v|nk0.0|vm1.2|full_0845_1400,8,0.13,6,1,1,75.0,85.7,4.2,1.37,0.3,83.8
SHORT:below_vwap+orb_break_dn+vwap_loss_v+below_vwap_v|nk0.5|vm0.8|full_0845_1400,8,0.13,6,1,1,75.0,85.7,4.2,1.37,0.3,83.8
SHORT:below_vwap+orb_break_dn+vwap_loss_v+below_vwap_v|nk0.5|vm1.2|full_0845_1400,8,0.13,6,1,1,75.0,85.7,4.2,1.37,0.3,83.8
SHORT:below_vwap+orb_break_dn+vwap_loss_v+below_vwap_v|nk0.8|vm0.8|full_0845_1400,8,0.13,6,1,1,75.0,85.7,4.2,1.37,0.3,83.8
SHORT:below_vwap+orb_break_dn+vwap_loss_v+below_vwap_v|nk0.8|vm1.2|full_0845_1400,8,0.13,6,1,1,75.0,85.7,4.2,1.37,0.3,83.8
SHORT:below_vwap+orb_break_dn_v+vwap_loss_v+below_vwap_v|nk0.0|vm0.8|full_0845_1400,8,0.13,6,1,1,75.0,85.7,4.2,1.37,0.3,83.8
SHORT:below_vwap+orb_break_dn_v+vwap_loss_v+below_vwap_v|nk0.0|vm1.2|full_0845_1400,8,0.13,6,1,1,75.0,85.7,4.2,1.37,0.3,83.8
SHORT:below_vwap+orb_break_dn_v+vwap_loss_v+below_vwap_v|nk0.5|vm0.8|full_0845_1400,8,0.13,6,1,1,75.0,85.7,4.2,1.37,0.3,83.8
SHORT:below_vwap+orb_break_dn_v+vwap_loss_v+below_vwap_v|nk0.5|vm1.2|full_0845_1400,8,0.13,6,1,1,75.0,85.7,4.2,1.37,0.3,83.8
SHORT:below_vwap+orb_break_dn_v+vwap_loss_v+below_vwap_v|nk0.8|vm0.8|full_0845_1400,8,0.13,6,1,1,75.0,85.7,4.2,1.37,0.3,83.8
SHORT:below_vwap+orb_break_dn_v+vwap_loss_v+below_vwap_v|nk0.8|vm1.2|full_0845_1400,8,0.13,6,1,1,75.0,85.7,4.2,1.37,0.3,83.8
SHORT:poc_reject_dn+adi_dn+below_vwap_v+cvd_dn|nk0.0|vm0.8|am_0845_1130,8,0.13,6,0,2,75.0,100.0,8.3,1.76,0.24,127.5
SHORT:poc_reject_dn+adi_dn+below_vwap_v+cvd_dn|nk0.0|vm1.2|am_0845_1130,8,0.13,6,0,2,75.0,100.0,8.3,1.76,0.24,127.5
SHORT:poc_reject_dn+adi_dn+below_vwap_v+cvd_dn|nk0.5|vm0.8|am_0845_1130,8,0.13,6,0,2,75.0,100.0,8.3,1.76,0.24,127.5
SHORT:poc_reject_dn+adi_dn+below_vwap_v+cvd_dn|nk0.5|vm1.2|am_0845_1130,8,0.13,6,0,2,75.0,100.0,8.3,1.76,0.24,127.5
SHORT:poc_reject_dn+adi_dn+below_vwap_v+cvd_dn|nk0.8|vm0.8|am_0845_1130,8,0.13,6,0,2,75.0,100.0,8.3,1.76,0.24,127.5
SHORT:poc_reject_dn+adi_dn+below_vwap_v+cvd_dn|nk0.8|vm1.2|am_0845_1130,8,0.13,6,0,2,75.0,100.0,8.3,1.76,0.24,127.5
SHORT:poc_reject_dn+adi_dn+below_vwap_v+cvd_dn_v|nk0.0|vm0.8|am_0845_1130,8,0.13,6,0,2,75.0,100.0,8.3,1.76,0.24,127.5
SHORT:poc_reject_dn+adi_dn+below_vwap_v+cvd_dn_v|nk0.0|vm1.2|am_0845_1130,8,0.13,6,0,2,75.0,100.0,8.3,1.76,0.24,127.5
SHORT:poc_reject_dn+adi_dn+below_vwap_v+cvd_dn_v|nk0.5|vm0.8|am_0845_1130,8,0.13,6,0,2,75.0,100.0,8.3,1.76,0.24,127.5
SHORT:poc_reject_dn+adi_dn+below_vwap_v+cvd_dn_v|nk0.5|vm1.2|am_0845_1130,8,0.13,6,0,2,75.0,100.0,8.3,1.76,0.24,127.5
SHORT:poc_reject_dn+adi_dn+below_vwap_v+cvd_dn_v|nk0.8|vm0.8|am_0845_1130,8,0.13,6,0,2,75.0,100.0,8.3,1.76,0.24,127.5
SHORT:poc_reject_dn+adi_dn+below_vwap_v+cvd_dn_v|nk0.8|vm1.2|am_0845_1130,8,0.13,6,0,2,75.0,100.0,8.3,1.76,0.24,127.5
SHORT:adi_dn+delta_dump+macd_x_dn_pos+cvd_dn|nk0.0|vm0.8|am_0845_1130,8,0.13,6,1,1,75.0,85.7,6.02,1.5,0.3,65.6
SHORT:adi_dn+delta_dump+macd_x_dn_pos+cvd_dn|nk0.0|vm1.2|am_0845_1130,8,0.13,6,1,1,75.0,85.7,6.02,1.5,0.3,65.6
SHORT:adi_dn+delta_dump+macd_x_dn_pos+cvd_dn|nk0.5|vm0.8|am_0845_1130,8,0.13,6,1,1,75.0,85.7,6.02,1.5,0.3,65.6
SHORT:adi_dn+delta_dump+macd_x_dn_pos+cvd_dn|nk0.5|vm1.2|am_0845_1130,8,0.13,6,1,1,75.0,85.7,6.02,1.5,0.3,65.6
SHORT:adi_dn+delta_dump+macd_x_dn_pos+cvd_dn|nk0.8|vm0.8|am_0845_1130,8,0.13,6,1,1,75.0,85.7,6.02,1.5,0.3,65.6
SHORT:adi_dn+delta_dump+macd_x_dn_pos+cvd_dn|nk0.8|vm1.2|am_0845_1130,8,0.13,6,1,1,75.0,85.7,6.02,1.5,0.3,65.6
SHORT:adi_dn+macd_x_dn+cvd_dn+mom_ignite_dn|nk0.0|vm0.8|am_0845_1130,8,0.13,6,1,1,75.0,85.7,6.69,1.71,0.3,102.5
SHORT:adi_dn+macd_x_dn+cvd_dn+mom_ignite_dn|nk0.5|vm0.8|am_0845_1130,8,0.13,6,1,1,75.0,85.7,6.69,1.71,0.3,102.5
SHORT:adi_dn+macd_x_dn+cvd_dn+mom_ignite_dn|nk0.8|vm0.8|am_0845_1130,8,0.13,6,1,1,75.0,85.7,6.69,1.71,0.3,102.5
SHORT:delta_dump+below_pivot+orb_break_dn+mom_ignite_dn|nk0.0|vm0.8|full_0845_1400,8,0.13,6,1,1,75.0,85.7,5.7,1.48,0.32,106.2
SHORT:delta_dump+below_pivot+orb_break_dn+mom_ignite_dn|nk0.0|vm1.2|full_0845_1400,8,0.13,6,1,1,75.0,85.7,5.7,1.48,0.32,106.2
SHORT:delta_dump+below_pivot+orb_break_dn+mom_ignite_dn|nk0.5|vm0.8|full_0845_1400,8,0.13,6,1,1,75.0,85.7,5.7,1.48,0.32,106.2
SHORT:delta_dump+below_pivot+orb_break_dn+mom_ignite_dn|nk0.5|vm1.2|full_0845_1400,8,0.13,6,1,1,75.0,85.7,5.7,1.48,0.32,106.2
SHORT:delta_dump+below_pivot+orb_break_dn+mom_ignite_dn|nk0.8|vm0.8|full_0845_1400,8,0.13,6,1,1,75.0,85.7,5.7,1.48,0.32,106.2
SHORT:delta_dump+below_pivot+orb_break_dn+mom_ignite_dn|nk0.8|vm1.2|full_0845_1400,8,0.13,6,1,1,75.0,85.7,5.7,1.48,0.32,106.2
SHORT:delta_dump+macd_x_dn+macd_x_dn_pos+cvd_dn|nk0.0|vm0.8|am_0845_1130,8,0.13,6,1,1,75.0,85.7,6.02,1.5,0.3,65.6
SHORT:delta_dump+macd_x_dn+macd_x_dn_pos+cvd_dn|nk0.0|vm1.2|am_0845_1130,8,0.13,6,1,1,75.0,85.7,6.02,1.5,0.3,65.6
SHORT:delta_dump+macd_x_dn+macd_x_dn_pos+cvd_dn|nk0.5|vm0.8|am_0845_1130,8,0.13,6,1,1,75.0,85.7,6.02,1.5,0.3,65.6
SHORT:delta_dump+macd_x_dn+macd_x_dn_pos+cvd_dn|nk0.5|vm1.2|am_0845_1130,8,0.13,6,1,1,75.0,85.7,6.02,1.5,0.3,65.6
SHORT:delta_dump+macd_x_dn+macd_x_dn_pos+cvd_dn|nk0.8|vm0.8|am_0845_1130,8,0.13,6,1,1,75.0,85.7,6.02,1.5,0.3,65.6
SHORT:delta_dump+macd_x_dn+macd_x_dn_pos+cvd_dn|nk0.8|vm1.2|am_0845_1130,8,0.13,6,1,1,75.0,85.7,6.02,1.5,0.3,65.6
SHORT:below_pivot+weak_close+orb_break_dn+rvol_thrust_dn|nk0.8|vm0.8|pm_1130_1400,8,0.13,6,1,1,75.0,85.7,4.2,1.37,0.3,53.1
SHORT:below_pivot+weak_close+orb_break_dn+rvol_thrust_dn|nk0.8|vm1.2|pm_1130_1400,8,0.13,6,1,1,75.0,85.7,4.2,1.37,0.3,53.1
SHORT:below_pivot+weak_close+orb_break_dn+below_vwap_v|nk0.8|vm0.8|pm_1130_1400,8,0.13,6,1,1,75.0,85.7,4.2,1.37,0.3,53.1
SHORT:below_pivot+weak_close+orb_break_dn+below_vwap_v|nk0.8|vm1.2|pm_1130_1400,8,0.13,6,1,1,75.0,85.7,4.2,1.37,0.3,53.1
SHORT:below_pivot+weak_close+orb_break_dn_v+rvol_thrust_dn|nk0.8|vm0.8|pm_1130_1400,8,0.13,6,1,1,75.0,85.7,4.2,1.37,0.3,53.1
SHORT:below_pivot+weak_close+orb_break_dn_v+rvol_thrust_dn|nk0.8|vm1.2|pm_1130_1400,8,0.13,6,1,1,75.0,85.7,4.2,1.37,0.3,53.1
SHORT:below_pivot+weak_close+orb_break_dn_v+below_vwap_v|nk0.8|vm0.8|pm_1130_1400,8,0.13,6,1,1,75.0,85.7,4.2,1.37,0.3,53.1
SHORT:below_pivot+weak_close+orb_break_dn_v+below_vwap_v|nk0.8|vm1.2|pm_1130_1400,8,0.13,6,1,1,75.0,85.7,4.2,1.37,0.3,53.1
SHORT:below_pivot+orb_break_dn+orb_break_dn_v+rvol_thrust_dn|nk0.8|vm0.8|pm_1130_1400,8,0.13,6,1,1,75.0,85.7,4.2,1.37,0.3,53.1
SHORT:below_pivot+orb_break_dn+orb_break_dn_v+rvol_thrust_dn|nk0.8|vm1.2|pm_1130_1400,8,0.13,6,1,1,75.0,85.7,4.2,1.37,0.3,53.1
SHORT:below_pivot+orb_break_dn+orb_break_dn_v+below_vwap_v|nk0.8|vm0.8|pm_1130_1400,8,0.13,6,1,1,75.0,85.7,4.2,1.37,0.3,53.1
SHORT:below_pivot+orb_break_dn+orb_break_dn_v+below_vwap_v|nk0.8|vm1.2|pm_1130_1400,8,0.13,6,1,1,75.0,85.7,4.2,1.37,0.3,53.1
SHORT:below_pivot+orb_break_dn+rvol_thrust_dn+below_vwap_v|nk0.8|vm0.8|pm_1130_1400,8,0.13,6,1,1,75.0,85.7,4.2,1.37,0.3,53.1
SHORT:below_pivot+orb_break_dn+rvol_thrust_dn+below_vwap_v|nk0.8|vm1.2|pm_1130_1400,8,0.13,6,1,1,75.0,85.7,4.2,1.37,0.3,53.1
SHORT:below_pivot+orb_break_dn_v+rvol_thrust_dn+below_vwap_v|nk0.8|vm0.8|pm_1130_1400,8,0.13,6,1,1,75.0,85.7,4.2,1.37,0.3,53.1
SHORT:below_pivot+orb_break_dn_v+rvol_thrust_dn+below_vwap_v|nk0.8|vm1.2|pm_1130_1400,8,0.13,6,1,1,75.0,85.7,4.2,1.37,0.3,53.1
SHORT:macd_x_dn+weak_close+cvd_dn+mom_ignite_dn|nk0.0|vm1.2|full_0845_1400,8,0.13,6,0,2,75.0,100.0,10.03,1.74,0.19,69.4
SHORT:macd_x_dn+weak_close+cvd_dn+mom_ignite_dn|nk0.5|vm1.2|full_0845_1400,8,0.13,6,0,2,75.0,100.0,10.03,1.74,0.19,69.4
SHORT:macd_x_dn+weak_close+cvd_dn+mom_ignite_dn|nk0.8|vm1.2|full_0845_1400,8,0.13,6,0,2,75.0,100.0,10.03,1.74,0.19,69.4
SHORT:macd_x_dn+weak_close+cvd_dn_v+mom_ignite_dn|nk0.0|vm0.8|full_0845_1400,8,0.13,6,0,2,75.0,100.0,10.03,1.74,0.19,69.4
SHORT:macd_x_dn+weak_close+cvd_dn_v+mom_ignite_dn|nk0.0|vm1.2|full_0845_1400,8,0.13,6,0,2,75.0,100.0,10.03,1.74,0.19,69.4
SHORT:macd_x_dn+weak_close+cvd_dn_v+mom_ignite_dn|nk0.5|vm0.8|full_0845_1400,8,0.13,6,0,2,75.0,100.0,10.03,1.74,0.19,69.4
SHORT:macd_x_dn+weak_close+cvd_dn_v+mom_ignite_dn|nk0.5|vm1.2|full_0845_1400,8,0.13,6,0,2,75.0,100.0,10.03,1.74,0.19,69.4
SHORT:macd_x_dn+weak_close+cvd_dn_v+mom_ignite_dn|nk0.8|vm0.8|full_0845_1400,8,0.13,6,0,2,75.0,100.0,10.03,1.74,0.19,69.4
SHORT:macd_x_dn+weak_close+cvd_dn_v+mom_ignite_dn|nk0.8|vm1.2|full_0845_1400,8,0.13,6,0,2,75.0,100.0,10.03,1.74,0.19,69.4
SHORT:orb_break_dn+orb_break_dn_v+vwap_loss_v+below_vwap_v|nk0.0|vm0.8|full_0845_1400,8,0.13,6,1,1,75.0,85.7,4.2,1.37,0.3,83.8
SHORT:orb_break_dn+orb_break_dn_v+vwap_loss_v+below_vwap_v|nk0.0|vm1.2|full_0845_1400,8,0.13,6,1,1,75.0,85.7,4.2,1.37,0.3,83.8
SHORT:orb_break_dn+orb_break_dn_v+vwap_loss_v+below_vwap_v|nk0.5|vm0.8|full_0845_1400,8,0.13,6,1,1,75.0,85.7,4.2,1.37,0.3,83.8
SHORT:orb_break_dn+orb_break_dn_v+vwap_loss_v+below_vwap_v|nk0.5|vm1.2|full_0845_1400,8,0.13,6,1,1,75.0,85.7,4.2,1.37,0.3,83.8
SHORT:orb_break_dn+orb_break_dn_v+vwap_loss_v+below_vwap_v|nk0.8|vm0.8|full_0845_1400,8,0.13,6,1,1,75.0,85.7,4.2,1.37,0.3,83.8
SHORT:orb_break_dn+orb_break_dn_v+vwap_loss_v+below_vwap_v|nk0.8|vm1.2|full_0845_1400,8,0.13,6,1,1,75.0,85.7,4.2,1.37,0.3,83.8
SHORT:cvd_dn_v+mom_ignite_dn|nk0.8|vm0.8|am_0845_1130,23,0.38,17,3,3,73.9,85.0,6.02,4.59,0.6,86.7
SHORT:cvd_dn_v+mom_ignite_dn|nk0.8|vm1.2|am_0845_1130,23,0.38,17,3,3,73.9,85.0,6.02,4.59,0.6,86.7
SHORT:below_vwap+cvd_dn_v+mom_ignite_dn|nk0.8|vm0.8|am_0845_1130,23,0.38,17,3,3,73.9,85.0,6.02,4.59,0.6,86.7
SHORT:below_vwap+cvd_dn_v+mom_ignite_dn|nk0.8|vm1.2|am_0845_1130,23,0.38,17,3,3,73.9,85.0,6.02,4.59,0.6,86.7
SHORT:cvd_dn+cvd_dn_v+mom_ignite_dn|nk0.8|vm0.8|am_0845_1130,23,0.38,17,3,3,73.9,85.0,6.02,4.59,0.6,86.7
SHORT:cvd_dn+cvd_dn_v+mom_ignite_dn|nk0.8|vm1.2|am_0845_1130,23,0.38,17,3,3,73.9,85.0,6.02,4.59,0.6,86.7
SHORT:below_vwap+cvd_dn+cvd_dn_v+mom_ignite_dn|nk0.8|vm0.8|am_0845_1130,23,0.38,17,3,3,73.9,85.0,6.02,4.59,0.6,86.7
SHORT:below_vwap+cvd_dn+cvd_dn_v+mom_ignite_dn|nk0.8|vm1.2|am_0845_1130,23,0.38,17,3,3,73.9,85.0,6.02,4.59,0.6,86.7
SHORT:below_pivot+orb_break_dn+below_vwap_v|nk0.8|vm0.8|full_0845_1400,19,0.32,14,2,3,73.7,87.5,4.28,3.22,0.38,96.3
SHORT:below_pivot+orb_break_dn+below_vwap_v|nk0.8|vm1.2|full_0845_1400,19,0.32,14,2,3,73.7,87.5,4.28,3.22,0.38,96.3
SHORT:below_pivot+orb_break_dn_v+below_vwap_v|nk0.8|vm0.8|full_0845_1400,19,0.32,14,2,3,73.7,87.5,4.28,3.22,0.38,96.3
SHORT:below_pivot+orb_break_dn_v+below_vwap_v|nk0.8|vm1.2|full_0845_1400,19,0.32,14,2,3,73.7,87.5,4.28,3.22,0.38,96.3
SHORT:below_pivot+rvol_thrust_dn+mom_ignite_dn|nk0.0|vm0.8|full_0845_1400,19,0.32,14,2,3,73.7,87.5,5.97,3.77,0.3,78.7
SHORT:below_pivot+rvol_thrust_dn+mom_ignite_dn|nk0.0|vm1.2|full_0845_1400,19,0.32,14,2,3,73.7,87.5,5.97,3.77,0.3,78.7
SHORT:below_pivot+rvol_thrust_dn+mom_ignite_dn|nk0.5|vm0.8|full_0845_1400,19,0.32,14,2,3,73.7,87.5,5.97,3.77,0.3,78.7
SHORT:below_pivot+rvol_thrust_dn+mom_ignite_dn|nk0.5|vm1.2|full_0845_1400,19,0.32,14,2,3,73.7,87.5,5.97,3.77,0.3,78.7
SHORT:below_pivot+rvol_thrust_dn+mom_ignite_dn|nk0.8|vm0.8|full_0845_1400,19,0.32,14,2,3,73.7,87.5,5.97,3.77,0.3,78.7
SHORT:below_pivot+rvol_thrust_dn+mom_ignite_dn|nk0.8|vm1.2|full_0845_1400,19,0.32,14,2,3,73.7,87.5,5.97,3.77,0.3,78.7
SHORT:below_vwap+below_pivot+orb_break_dn+below_vwap_v|nk0.8|vm0.8|full_0845_1400,19,0.32,14,2,3,73.7,87.5,4.28,3.22,0.38,96.3
SHORT:below_vwap+below_pivot+orb_break_dn+below_vwap_v|nk0.8|vm1.2|full_0845_1400,19,0.32,14,2,3,73.7,87.5,4.28,3.22,0.38,96.3
SHORT:below_vwap+below_pivot+orb_break_dn_v+below_vwap_v|nk0.8|vm0.8|full_0845_1400,19,0.32,14,2,3,73.7,87.5,4.28,3.22,0.38,96.3
SHORT:below_vwap+below_pivot+orb_break_dn_v+below_vwap_v|nk0.8|vm1.2|full_0845_1400,19,0.32,14,2,3,73.7,87.5,4.28,3.22,0.38,96.3
SHORT:below_vwap+below_pivot+rvol_thrust_dn+mom_ignite_dn|nk0.0|vm0.8|full_0845_1400,19,0.32,14,2,3,73.7,87.5,5.97,3.77,0.3,78.7
SHORT:below_vwap+below_pivot+rvol_thrust_dn+mom_ignite_dn|nk0.0|vm1.2|full_0845_1400,19,0.32,14,2,3,73.7,87.5,5.97,3.77,0.3,78.7
SHORT:below_vwap+below_pivot+rvol_thrust_dn+mom_ignite_dn|nk0.5|vm0.8|full_0845_1400,19,0.32,14,2,3,73.7,87.5,5.97,3.77,0.3,78.7
SHORT:below_vwap+below_pivot+rvol_thrust_dn+mom_ignite_dn|nk0.5|vm1.2|full_0845_1400,19,0.32,14,2,3,73.7,87.5,5.97,3.77,0.3,78.7
SHORT:below_vwap+below_pivot+rvol_thrust_dn+mom_ignite_dn|nk0.8|vm0.8|full_0845_1400,19,0.32,14,2,3,73.7,87.5,5.97,3.77,0.3,78.7
SHORT:below_vwap+below_pivot+rvol_thrust_dn+mom_ignite_dn|nk0.8|vm1.2|full_0845_1400,19,0.32,14,2,3,73.7,87.5,5.97,3.77,0.3,78.7
SHORT:adi_dn+below_pivot+rvol_thrust_dn+mom_ignite_dn|nk0.0|vm0.8|full_0845_1400,19,0.32,14,2,3,73.7,87.5,5.97,3.77,0.3,78.7
SHORT:adi_dn+below_pivot+rvol_thrust_dn+mom_ignite_dn|nk0.0|vm1.2|full_0845_1400,19,0.32,14,2,3,73.7,87.5,5.97,3.77,0.3,78.7
SHORT:adi_dn+below_pivot+rvol_thrust_dn+mom_ignite_dn|nk0.5|vm0.8|full_0845_1400,19,0.32,14,2,3,73.7,87.5,5.97,3.77,0.3,78.7
SHORT:adi_dn+below_pivot+rvol_thrust_dn+mom_ignite_dn|nk0.5|vm1.2|full_0845_1400,19,0.32,14,2,3,73.7,87.5,5.97,3.77,0.3,78.7
SHORT:adi_dn+below_pivot+rvol_thrust_dn+mom_ignite_dn|nk0.8|vm0.8|full_0845_1400,19,0.32,14,2,3,73.7,87.5,5.97,3.77,0.3,78.7
SHORT:adi_dn+below_pivot+rvol_thrust_dn+mom_ignite_dn|nk0.8|vm1.2|full_0845_1400,19,0.32,14,2,3,73.7,87.5,5.97,3.77,0.3,78.7
SHORT:delta_dump+below_pivot+rvol_thrust_dn+mom_ignite_dn|nk0.0|vm0.8|full_0845_1400,19,0.32,14,2,3,73.7,87.5,5.97,3.77,0.3,78.7
SHORT:delta_dump+below_pivot+rvol_thrust_dn+mom_ignite_dn|nk0.0|vm1.2|full_0845_1400,19,0.32,14,2,3,73.7,87.5,5.97,3.77,0.3,78.7
SHORT:delta_dump+below_pivot+rvol_thrust_dn+mom_ignite_dn|nk0.5|vm0.8|full_0845_1400,19,0.32,14,2,3,73.7,87.5,5.97,3.77,0.3,78.7
SHORT:delta_dump+below_pivot+rvol_thrust_dn+mom_ignite_dn|nk0.5|vm1.2|full_0845_1400,19,0.32,14,2,3,73.7,87.5,5.97,3.77,0.3,78.7
SHORT:delta_dump+below_pivot+rvol_thrust_dn+mom_ignite_dn|nk0.8|vm0.8|full_0845_1400,19,0.32,14,2,3,73.7,87.5,5.97,3.77,0.3,78.7
SHORT:delta_dump+below_pivot+rvol_thrust_dn+mom_ignite_dn|nk0.8|vm1.2|full_0845_1400,19,0.32,14,2,3,73.7,87.5,5.97,3.77,0.3,78.7
SHORT:below_pivot+weak_close+rvol_thrust_dn+mom_ignite_dn|nk0.0|vm0.8|full_0845_1400,19,0.32,14,2,3,73.7,87.5,5.97,3.77,0.3,78.7
SHORT:below_pivot+weak_close+rvol_thrust_dn+mom_ignite_dn|nk0.0|vm1.2|full_0845_1400,19,0.32,14,2,3,73.7,87.5,5.97,3.77,0.3,78.7
SHORT:below_pivot+weak_close+rvol_thrust_dn+mom_ignite_dn|nk0.5|vm0.8|full_0845_1400,19,0.32,14,2,3,73.7,87.5,5.97,3.77,0.3,78.7
SHORT:below_pivot+weak_close+rvol_thrust_dn+mom_ignite_dn|nk0.5|vm1.2|full_0845_1400,19,0.32,14,2,3,73.7,87.5,5.97,3.77,0.3,78.7
SHORT:below_pivot+weak_close+rvol_thrust_dn+mom_ignite_dn|nk0.8|vm0.8|full_0845_1400,19,0.32,14,2,3,73.7,87.5,5.97,3.77,0.3,78.7
SHORT:below_pivot+weak_close+rvol_thrust_dn+mom_ignite_dn|nk0.8|vm1.2|full_0845_1400,19,0.32,14,2,3,73.7,87.5,5.97,3.77,0.3,78.7
SHORT:below_pivot+weak_close+below_vwap_v+mom_ignite_dn|nk0.0|vm0.8|full_0845_1400,19,0.32,14,2,3,73.7,87.5,5.97,3.77,0.3,78.7
SHORT:below_pivot+weak_close+below_vwap_v+mom_ignite_dn|nk0.0|vm1.2|full_0845_1400,19,0.32,14,2,3,73.7,87.5,5.97,3.77,0.3,78.7
SHORT:below_pivot+weak_close+below_vwap_v+mom_ignite_dn|nk0.5|vm0.8|full_0845_1400,19,0.32,14,2,3,73.7,87.5,5.97,3.77,0.3,78.7
SHORT:below_pivot+weak_close+below_vwap_v+mom_ignite_dn|nk0.5|vm1.2|full_0845_1400,19,0.32,14,2,3,73.7,87.5,5.97,3.77,0.3,78.7
SHORT:below_pivot+weak_close+below_vwap_v+mom_ignite_dn|nk0.8|vm0.8|full_0845_1400,19,0.32,14,2,3,73.7,87.5,5.97,3.77,0.3,78.7
SHORT:below_pivot+weak_close+below_vwap_v+mom_ignite_dn|nk0.8|vm1.2|full_0845_1400,19,0.32,14,2,3,73.7,87.5,5.97,3.77,0.3,78.7
SHORT:below_pivot+orb_break_dn+orb_break_dn_v+below_vwap_v|nk0.8|vm0.8|full_0845_1400,19,0.32,14,2,3,73.7,87.5,4.28,3.22,0.38,96.3
SHORT:below_pivot+orb_break_dn+orb_break_dn_v+below_vwap_v|nk0.8|vm1.2|full_0845_1400,19,0.32,14,2,3,73.7,87.5,4.28,3.22,0.38,96.3
SHORT:below_pivot+rvol_thrust_dn+below_vwap_v+mom_ignite_dn|nk0.0|vm0.8|full_0845_1400,19,0.32,14,2,3,73.7,87.5,5.97,3.77,0.3,78.7
SHORT:below_pivot+rvol_thrust_dn+below_vwap_v+mom_ignite_dn|nk0.0|vm1.2|full_0845_1400,19,0.32,14,2,3,73.7,87.5,5.97,3.77,0.3,78.7
SHORT:below_pivot+rvol_thrust_dn+below_vwap_v+mom_ignite_dn|nk0.5|vm0.8|full_0845_1400,19,0.32,14,2,3,73.7,87.5,5.97,3.77,0.3,78.7
SHORT:below_pivot+rvol_thrust_dn+below_vwap_v+mom_ignite_dn|nk0.5|vm1.2|full_0845_1400,19,0.32,14,2,3,73.7,87.5,5.97,3.77,0.3,78.7
SHORT:below_pivot+rvol_thrust_dn+below_vwap_v+mom_ignite_dn|nk0.8|vm0.8|full_0845_1400,19,0.32,14,2,3,73.7,87.5,5.97,3.77,0.3,78.7
SHORT:below_pivot+rvol_thrust_dn+below_vwap_v+mom_ignite_dn|nk0.8|vm1.2|full_0845_1400,19,0.32,14,2,3,73.7,87.5,5.97,3.77,0.3,78.7
SHORT:below_pivot+rvol_thrust_dn+cvd_dn+mom_ignite_dn|nk0.0|vm0.8|full_0845_1400,19,0.32,14,2,3,73.7,87.5,5.97,3.77,0.3,78.7
SHORT:below_pivot+rvol_thrust_dn+cvd_dn+mom_ignite_dn|nk0.0|vm1.2|full_0845_1400,19,0.32,14,2,3,73.7,87.5,5.97,3.77,0.3,78.7
SHORT:below_pivot+rvol_thrust_dn+cvd_dn+mom_ignite_dn|nk0.5|vm0.8|full_0845_1400,19,0.32,14,2,3,73.7,87.5,5.97,3.77,0.3,78.7
SHORT:below_pivot+rvol_thrust_dn+cvd_dn+mom_ignite_dn|nk0.5|vm1.2|full_0845_1400,19,0.32,14,2,3,73.7,87.5,5.97,3.77,0.3,78.7
SHORT:below_pivot+rvol_thrust_dn+cvd_dn+mom_ignite_dn|nk0.8|vm0.8|full_0845_1400,19,0.32,14,2,3,73.7,87.5,5.97,3.77,0.3,78.7
SHORT:below_pivot+rvol_thrust_dn+cvd_dn+mom_ignite_dn|nk0.8|vm1.2|full_0845_1400,19,0.32,14,2,3,73.7,87.5,5.97,3.77,0.3,78.7
SHORT:below_pivot+rvol_thrust_dn+cvd_dn_v+mom_ignite_dn|nk0.0|vm0.8|full_0845_1400,19,0.32,14,2,3,73.7,87.5,5.97,3.77,0.3,78.7
SHORT:below_pivot+rvol_thrust_dn+cvd_dn_v+mom_ignite_dn|nk0.0|vm1.2|full_0845_1400,19,0.32,14,2,3,73.7,87.5,5.97,3.77,0.3,78.7
SHORT:below_pivot+rvol_thrust_dn+cvd_dn_v+mom_ignite_dn|nk0.5|vm0.8|full_0845_1400,19,0.32,14,2,3,73.7,87.5,5.97,3.77,0.3,78.7
SHORT:below_pivot+rvol_thrust_dn+cvd_dn_v+mom_ignite_dn|nk0.5|vm1.2|full_0845_1400,19,0.32,14,2,3,73.7,87.5,5.97,3.77,0.3,78.7
SHORT:below_pivot+rvol_thrust_dn+cvd_dn_v+mom_ignite_dn|nk0.8|vm0.8|full_0845_1400,19,0.32,14,2,3,73.7,87.5,5.97,3.77,0.3,78.7
SHORT:below_pivot+rvol_thrust_dn+cvd_dn_v+mom_ignite_dn|nk0.8|vm1.2|full_0845_1400,19,0.32,14,2,3,73.7,87.5,5.97,3.77,0.3,78.7
LONG:adi_up+above_pivot+strong_close+vwap_reclaim_v|nk0.0|vm0.8|am_0845_1130,11,0.18,8,1,2,72.7,88.9,6.7,2.1,0.3,103.2
LONG:adi_up+above_pivot+strong_close+vwap_reclaim_v|nk0.0|vm1.2|am_0845_1130,11,0.18,8,1,2,72.7,88.9,6.7,2.1,0.3,103.2
SHORT:delta_dump+orb_break_dn_v|nk0.8|vm0.8|am_0845_1130,11,0.18,8,1,2,72.7,88.9,4.34,1.85,0.3,98.2
SHORT:delta_dump+orb_break_dn_v|nk0.8|vm1.2|am_0845_1130,11,0.18,8,1,2,72.7,88.9,4.34,1.85,0.3,98.2
SHORT:below_vwap+delta_dump+orb_break_dn_v|nk0.8|vm0.8|am_0845_1130,11,0.18,8,1,2,72.7,88.9,4.34,1.85,0.3,98.2
SHORT:below_vwap+delta_dump+orb_break_dn_v|nk0.8|vm1.2|am_0845_1130,11,0.18,8,1,2,72.7,88.9,4.34,1.85,0.3,98.2
SHORT:adi_dn+delta_dump+orb_break_dn_v|nk0.8|vm0.8|am_0845_1130,11,0.18,8,1,2,72.7,88.9,4.34,1.85,0.3,98.2
SHORT:adi_dn+delta_dump+orb_break_dn_v|nk0.8|vm1.2|am_0845_1130,11,0.18,8,1,2,72.7,88.9,4.34,1.85,0.3,98.2
SHORT:adi_dn+orb_break_dn+rvol_thrust_dn|nk0.8|vm0.8|am_0845_1130,11,0.18,8,1,2,72.7,88.9,4.34,1.85,0.3,98.2
SHORT:adi_dn+orb_break_dn+rvol_thrust_dn|nk0.8|vm1.2|am_0845_1130,11,0.18,8,1,2,72.7,88.9,4.34,1.85,0.3,98.2
SHORT:adi_dn+orb_break_dn_v+rvol_thrust_dn|nk0.8|vm0.8|am_0845_1130,11,0.18,8,1,2,72.7,88.9,4.34,1.85,0.3,98.2
SHORT:adi_dn+orb_break_dn_v+rvol_thrust_dn|nk0.8|vm1.2|am_0845_1130,11,0.18,8,1,2,72.7,88.9,4.34,1.85,0.3,98.2
SHORT:delta_dump+weak_close+orb_break_dn_v|nk0.8|vm0.8|am_0845_1130,11,0.18,8,1,2,72.7,88.9,4.34,1.85,0.3,98.2
SHORT:delta_dump+weak_close+orb_break_dn_v|nk0.8|vm1.2|am_0845_1130,11,0.18,8,1,2,72.7,88.9,4.34,1.85,0.3,98.2
SHORT:delta_dump+orb_break_dn+orb_break_dn_v|nk0.8|vm0.8|am_0845_1130,11,0.18,8,1,2,72.7,88.9,4.34,1.85,0.3,98.2
SHORT:delta_dump+orb_break_dn+orb_break_dn_v|nk0.8|vm1.2|am_0845_1130,11,0.18,8,1,2,72.7,88.9,4.34,1.85,0.3,98.2
SHORT:delta_dump+orb_break_dn+rvol_thrust_dn|nk0.8|vm0.8|am_0845_1130,11,0.18,8,1,2,72.7,88.9,4.34,1.85,0.3,98.2
SHORT:delta_dump+orb_break_dn+rvol_thrust_dn|nk0.8|vm1.2|am_0845_1130,11,0.18,8,1,2,72.7,88.9,4.34,1.85,0.3,98.2
SHORT:delta_dump+orb_break_dn+below_vwap_v|nk0.8|vm0.8|am_0845_1130,11,0.18,8,1,2,72.7,88.9,4.34,1.85,0.3,98.2
SHORT:delta_dump+orb_break_dn+below_vwap_v|nk0.8|vm1.2|am_0845_1130,11,0.18,8,1,2,72.7,88.9,4.34,1.85,0.3,98.2
SHORT:delta_dump+orb_break_dn+cvd_dn_v|nk0.8|vm0.8|am_0845_1130,11,0.18,8,1,2,72.7,88.9,4.34,1.85,0.3,98.2
SHORT:delta_dump+orb_break_dn+cvd_dn_v|nk0.8|vm1.2|am_0845_1130,11,0.18,8,1,2,72.7,88.9,4.34,1.85,0.3,98.2
SHORT:delta_dump+orb_break_dn_v+rvol_thrust_dn|nk0.8|vm0.8|am_0845_1130,11,0.18,8,1,2,72.7,88.9,4.34,1.85,0.3,98.2
SHORT:delta_dump+orb_break_dn_v+rvol_thrust_dn|nk0.8|vm1.2|am_0845_1130,11,0.18,8,1,2,72.7,88.9,4.34,1.85,0.3,98.2
SHORT:delta_dump+orb_break_dn_v+below_vwap_v|nk0.8|vm0.8|am_0845_1130,11,0.18,8,1,2,72.7,88.9,4.34,1.85,0.3,98.2
SHORT:delta_dump+orb_break_dn_v+below_vwap_v|nk0.8|vm1.2|am_0845_1130,11,0.18,8,1,2,72.7,88.9,4.34,1.85,0.3,98.2
SHORT:delta_dump+orb_break_dn_v+cvd_dn|nk0.8|vm0.8|am_0845_1130,11,0.18,8,1,2,72.7,88.9,4.34,1.85,0.3,98.2
SHORT:delta_dump+orb_break_dn_v+cvd_dn|nk0.8|vm1.2|am_0845_1130,11,0.18,8,1,2,72.7,88.9,4.34,1.85,0.3,98.2
SHORT:delta_dump+orb_break_dn_v+cvd_dn_v|nk0.8|vm0.8|am_0845_1130,11,0.18,8,1,2,72.7,88.9,4.34,1.85,0.3,98.2
SHORT:delta_dump+orb_break_dn_v+cvd_dn_v|nk0.8|vm1.2|am_0845_1130,11,0.18,8,1,2,72.7,88.9,4.34,1.85,0.3,98.2
SHORT:below_pivot+orb_break_dn+below_vwap_v|nk0.0|vm0.8|am_0845_1130,11,0.18,8,1,2,72.7,88.9,4.34,1.85,0.3,127.7
SHORT:below_pivot+orb_break_dn+below_vwap_v|nk0.0|vm1.2|am_0845_1130,11,0.18,8,1,2,72.7,88.9,4.34,1.85,0.3,127.7
SHORT:below_pivot+orb_break_dn+below_vwap_v|nk0.5|vm0.8|am_0845_1130,11,0.18,8,1,2,72.7,88.9,4.34,1.85,0.3,127.7
SHORT:below_pivot+orb_break_dn+below_vwap_v|nk0.5|vm1.2|am_0845_1130,11,0.18,8,1,2,72.7,88.9,4.34,1.85,0.3,127.7
SHORT:below_pivot+orb_break_dn+below_vwap_v|nk0.8|vm0.8|am_0845_1130,11,0.18,8,1,2,72.7,88.9,4.34,1.85,0.3,127.7
SHORT:below_pivot+orb_break_dn+below_vwap_v|nk0.8|vm1.2|am_0845_1130,11,0.18,8,1,2,72.7,88.9,4.34,1.85,0.3,127.7
SHORT:below_pivot+orb_break_dn_v+below_vwap_v|nk0.0|vm0.8|am_0845_1130,11,0.18,8,1,2,72.7,88.9,4.34,1.85,0.3,127.7
SHORT:below_pivot+orb_break_dn_v+below_vwap_v|nk0.0|vm1.2|am_0845_1130,11,0.18,8,1,2,72.7,88.9,4.34,1.85,0.3,127.7
SHORT:below_pivot+orb_break_dn_v+below_vwap_v|nk0.5|vm0.8|am_0845_1130,11,0.18,8,1,2,72.7,88.9,4.34,1.85,0.3,127.7
SHORT:below_pivot+orb_break_dn_v+below_vwap_v|nk0.5|vm1.2|am_0845_1130,11,0.18,8,1,2,72.7,88.9,4.34,1.85,0.3,127.7
SHORT:below_pivot+orb_break_dn_v+below_vwap_v|nk0.8|vm0.8|am_0845_1130,11,0.18,8,1,2,72.7,88.9,4.34,1.85,0.3,127.7
SHORT:below_pivot+orb_break_dn_v+below_vwap_v|nk0.8|vm1.2|am_0845_1130,11,0.18,8,1,2,72.7,88.9,4.34,1.85,0.3,127.7
SHORT:orb_break_dn+rvol_thrust_dn+cvd_dn|nk0.8|vm0.8|am_0845_1130,11,0.18,8,1,2,72.7,88.9,4.34,1.85,0.3,98.2
SHORT:orb_break_dn+rvol_thrust_dn+cvd_dn|nk0.8|vm1.2|am_0845_1130,11,0.18,8,1,2,72.7,88.9,4.34,1.85,0.3,98.2
SHORT:orb_break_dn+rvol_thrust_dn+cvd_dn_v|nk0.8|vm0.8|am_0845_1130,11,0.18,8,1,2,72.7,88.9,4.34,1.85,0.3,98.2
SHORT:orb_break_dn+rvol_thrust_dn+cvd_dn_v|nk0.8|vm1.2|am_0845_1130,11,0.18,8,1,2,72.7,88.9,4.34,1.85,0.3,98.2
SHORT:orb_break_dn_v+rvol_thrust_dn+cvd_dn|nk0.8|vm0.8|am_0845_1130,11,0.18,8,1,2,72.7,88.9,4.34,1.85,0.3,98.2
SHORT:orb_break_dn_v+rvol_thrust_dn+cvd_dn|nk0.8|vm1.2|am_0845_1130,11,0.18,8,1,2,72.7,88.9,4.34,1.85,0.3,98.2
SHORT:orb_break_dn_v+rvol_thrust_dn+cvd_dn_v|nk0.8|vm0.8|am_0845_1130,11,0.18,8,1,2,72.7,88.9,4.34,1.85,0.3,98.2
SHORT:orb_break_dn_v+rvol_thrust_dn+cvd_dn_v|nk0.8|vm1.2|am_0845_1130,11,0.18,8,1,2,72.7,88.9,4.34,1.85,0.3,98.2
SHORT:below_vwap+adi_dn+delta_dump+orb_break_dn_v|nk0.8|vm0.8|am_0845_1130,11,0.18,8,1,2,72.7,88.9,4.34,1.85,0.3,98.2
SHORT:below_vwap+adi_dn+delta_dump+orb_break_dn_v|nk0.8|vm1.2|am_0845_1130,11,0.18,8,1,2,72.7,88.9,4.34,1.85,0.3,98.2
SHORT:below_vwap+adi_dn+orb_break_dn+rvol_thrust_dn|nk0.8|vm0.8|am_0845_1130,11,0.18,8,1,2,72.7,88.9,4.34,1.85,0.3,98.2
SHORT:below_vwap+adi_dn+orb_break_dn+rvol_thrust_dn|nk0.8|vm1.2|am_0845_1130,11,0.18,8,1,2,72.7,88.9,4.34,1.85,0.3,98.2
SHORT:below_vwap+adi_dn+orb_break_dn_v+rvol_thrust_dn|nk0.8|vm0.8|am_0845_1130,11,0.18,8,1,2,72.7,88.9,4.34,1.85,0.3,98.2
SHORT:below_vwap+adi_dn+orb_break_dn_v+rvol_thrust_dn|nk0.8|vm1.2|am_0845_1130,11,0.18,8,1,2,72.7,88.9,4.34,1.85,0.3,98.2
SHORT:below_vwap+delta_dump+weak_close+orb_break_dn_v|nk0.8|vm0.8|am_0845_1130,11,0.18,8,1,2,72.7,88.9,4.34,1.85,0.3,98.2
SHORT:below_vwap+delta_dump+weak_close+orb_break_dn_v|nk0.8|vm1.2|am_0845_1130,11,0.18,8,1,2,72.7,88.9,4.34,1.85,0.3,98.2
SHORT:below_vwap+delta_dump+orb_break_dn+orb_break_dn_v|nk0.8|vm0.8|am_0845_1130,11,0.18,8,1,2,72.7,88.9,4.34,1.85,0.3,98.2
SHORT:below_vwap+delta_dump+orb_break_dn+orb_break_dn_v|nk0.8|vm1.2|am_0845_1130,11,0.18,8,1,2,72.7,88.9,4.34,1.85,0.3,98.2
SHORT:below_vwap+delta_dump+orb_break_dn+rvol_thrust_dn|nk0.8|vm0.8|am_0845_1130,11,0.18,8,1,2,72.7,88.9,4.34,1.85,0.3,98.2
SHORT:below_vwap+delta_dump+orb_break_dn+rvol_thrust_dn|nk0.8|vm1.2|am_0845_1130,11,0.18,8,1,2,72.7,88.9,4.34,1.85,0.3,98.2
SHORT:below_vwap+delta_dump+orb_break_dn+below_vwap_v|nk0.8|vm0.8|am_0845_1130,11,0.18,8,1,2,72.7,88.9,4.34,1.85,0.3,98.2
SHORT:below_vwap+delta_dump+orb_break_dn+below_vwap_v|nk0.8|vm1.2|am_0845_1130,11,0.18,8,1,2,72.7,88.9,4.34,1.85,0.3,98.2
SHORT:below_vwap+delta_dump+orb_break_dn+cvd_dn_v|nk0.8|vm0.8|am_0845_1130,11,0.18,8,1,2,72.7,88.9,4.34,1.85,0.3,98.2
SHORT:below_vwap+delta_dump+orb_break_dn+cvd_dn_v|nk0.8|vm1.2|am_0845_1130,11,0.18,8,1,2,72.7,88.9,4.34,1.85,0.3,98.2
SHORT:below_vwap+delta_dump+orb_break_dn_v+rvol_thrust_dn|nk0.8|vm0.8|am_0845_1130,11,0.18,8,1,2,72.7,88.9,4.34,1.85,0.3,98.2
SHORT:below_vwap+delta_dump+orb_break_dn_v+rvol_thrust_dn|nk0.8|vm1.2|am_0845_1130,11,0.18,8,1,2,72.7,88.9,4.34,1.85,0.3,98.2
SHORT:below_vwap+delta_dump+orb_break_dn_v+below_vwap_v|nk0.8|vm0.8|am_0845_1130,11,0.18,8,1,2,72.7,88.9,4.34,1.85,0.3,98.2
SHORT:below_vwap+delta_dump+orb_break_dn_v+below_vwap_v|nk0.8|vm1.2|am_0845_1130,11,0.18,8,1,2,72.7,88.9,4.34,1.85,0.3,98.2
SHORT:below_vwap+delta_dump+orb_break_dn_v+cvd_dn|nk0.8|vm0.8|am_0845_1130,11,0.18,8,1,2,72.7,88.9,4.34,1.85,0.3,98.2
SHORT:below_vwap+delta_dump+orb_break_dn_v+cvd_dn|nk0.8|vm1.2|am_0845_1130,11,0.18,8,1,2,72.7,88.9,4.34,1.85,0.3,98.2
SHORT:below_vwap+delta_dump+orb_break_dn_v+cvd_dn_v|nk0.8|vm0.8|am_0845_1130,11,0.18,8,1,2,72.7,88.9,4.34,1.85,0.3,98.2
SHORT:below_vwap+delta_dump+orb_break_dn_v+cvd_dn_v|nk0.8|vm1.2|am_0845_1130,11,0.18,8,1,2,72.7,88.9,4.34,1.85,0.3,98.2
SHORT:below_vwap+below_pivot+orb_break_dn+below_vwap_v|nk0.0|vm0.8|am_0845_1130,11,0.18,8,1,2,72.7,88.9,4.34,1.85,0.3,127.7
SHORT:below_vwap+below_pivot+orb_break_dn+below_vwap_v|nk0.0|vm1.2|am_0845_1130,11,0.18,8,1,2,72.7,88.9,4.34,1.85,0.3,127.7
SHORT:below_vwap+below_pivot+orb_break_dn+below_vwap_v|nk0.5|vm0.8|am_0845_1130,11,0.18,8,1,2,72.7,88.9,4.34,1.85,0.3,127.7
SHORT:below_vwap+below_pivot+orb_break_dn+below_vwap_v|nk0.5|vm1.2|am_0845_1130,11,0.18,8,1,2,72.7,88.9,4.34,1.85,0.3,127.7
SHORT:below_vwap+below_pivot+orb_break_dn+below_vwap_v|nk0.8|vm0.8|am_0845_1130,11,0.18,8,1,2,72.7,88.9,4.34,1.85,0.3,127.7
SHORT:below_vwap+below_pivot+orb_break_dn+below_vwap_v|nk0.8|vm1.2|am_0845_1130,11,0.18,8,1,2,72.7,88.9,4.34,1.85,0.3,127.7
SHORT:below_vwap+below_pivot+orb_break_dn_v+below_vwap_v|nk0.0|vm0.8|am_0845_1130,11,0.18,8,1,2,72.7,88.9,4.34,1.85,0.3,127.7
SHORT:below_vwap+below_pivot+orb_break_dn_v+below_vwap_v|nk0.0|vm1.2|am_0845_1130,11,0.18,8,1,2,72.7,88.9,4.34,1.85,0.3,127.7
SHORT:below_vwap+below_pivot+orb_break_dn_v+below_vwap_v|nk0.5|vm0.8|am_0845_1130,11,0.18,8,1,2,72.7,88.9,4.34,1.85,0.3,127.7
SHORT:below_vwap+below_pivot+orb_break_dn_v+below_vwap_v|nk0.5|vm1.2|am_0845_1130,11,0.18,8,1,2,72.7,88.9,4.34,1.85,0.3,127.7
SHORT:below_vwap+below_pivot+orb_break_dn_v+below_vwap_v|nk0.8|vm0.8|am_0845_1130,11,0.18,8,1,2,72.7,88.9,4.34,1.85,0.3,127.7
SHORT:below_vwap+below_pivot+orb_break_dn_v+below_vwap_v|nk0.8|vm1.2|am_0845_1130,11,0.18,8,1,2,72.7,88.9,4.34,1.85,0.3,127.7
SHORT:below_vwap+orb_break_dn+rvol_thrust_dn+cvd_dn|nk0.8|vm0.8|am_0845_1130,11,0.18,8,1,2,72.7,88.9,4.34,1.85,0.3,98.2
SHORT:below_vwap+orb_break_dn+rvol_thrust_dn+cvd_dn|nk0.8|vm1.2|am_0845_1130,11,0.18,8,1,2,72.7,88.9,4.34,1.85,0.3,98.2
SHORT:below_vwap+orb_break_dn+rvol_thrust_dn+cvd_dn_v|nk0.8|vm0.8|am_0845_1130,11,0.18,8,1,2,72.7,88.9,4.34,1.85,0.3,98.2
SHORT:below_vwap+orb_break_dn+rvol_thrust_dn+cvd_dn_v|nk0.8|vm1.2|am_0845_1130,11,0.18,8,1,2,72.7,88.9,4.34,1.85,0.3,98.2
SHORT:below_vwap+orb_break_dn_v+rvol_thrust_dn+cvd_dn|nk0.8|vm0.8|am_0845_1130,11,0.18,8,1,2,72.7,88.9,4.34,1.85,0.3,98.2
SHORT:below_vwap+orb_break_dn_v+rvol_thrust_dn+cvd_dn|nk0.8|vm1.2|am_0845_1130,11,0.18,8,1,2,72.7,88.9,4.34,1.85,0.3,98.2
SHORT:below_vwap+orb_break_dn_v+rvol_thrust_dn+cvd_dn_v|nk0.8|vm0.8|am_0845_1130,11,0.18,8,1,2,72.7,88.9,4.34,1.85,0.3,98.2
SHORT:below_vwap+orb_break_dn_v+rvol_thrust_dn+cvd_dn_v|nk0.8|vm1.2|am_0845_1130,11,0.18,8,1,2,72.7,88.9,4.34,1.85,0.3,98.2
SHORT:adi_dn+delta_dump+weak_close+orb_break_dn_v|nk0.8|vm0.8|am_0845_1130,11,0.18,8,1,2,72.7,88.9,4.34,1.85,0.3,98.2
SHORT:adi_dn+delta_dump+weak_close+orb_break_dn_v|nk0.8|vm1.2|am_0845_1130,11,0.18,8,1,2,72.7,88.9,4.34,1.85,0.3,98.2
SHORT:adi_dn+delta_dump+orb_break_dn+orb_break_dn_v|nk0.8|vm0.8|am_0845_1130,11,0.18,8,1,2,72.7,88.9,4.34,1.85,0.3,98.2
SHORT:adi_dn+delta_dump+orb_break_dn+orb_break_dn_v|nk0.8|vm1.2|am_0845_1130,11,0.18,8,1,2,72.7,88.9,4.34,1.85,0.3,98.2
SHORT:adi_dn+delta_dump+orb_break_dn+rvol_thrust_dn|nk0.8|vm0.8|am_0845_1130,11,0.18,8,1,2,72.7,88.9,4.34,1.85,0.3,98.2
SHORT:adi_dn+delta_dump+orb_break_dn+rvol_thrust_dn|nk0.8|vm1.2|am_0845_1130,11,0.18,8,1,2,72.7,88.9,4.34,1.85,0.3,98.2
SHORT:adi_dn+delta_dump+orb_break_dn+below_vwap_v|nk0.8|vm0.8|am_0845_1130,11,0.18,8,1,2,72.7,88.9,4.34,1.85,0.3,98.2
SHORT:adi_dn+delta_dump+orb_break_dn+below_vwap_v|nk0.8|vm1.2|am_0845_1130,11,0.18,8,1,2,72.7,88.9,4.34,1.85,0.3,98.2
SHORT:adi_dn+delta_dump+orb_break_dn+cvd_dn_v|nk0.8|vm0.8|am_0845_1130,11,0.18,8,1,2,72.7,88.9,4.34,1.85,0.3,98.2
SHORT:adi_dn+delta_dump+orb_break_dn+cvd_dn_v|nk0.8|vm1.2|am_0845_1130,11,0.18,8,1,2,72.7,88.9,4.34,1.85,0.3,98.2
SHORT:adi_dn+delta_dump+orb_break_dn_v+rvol_thrust_dn|nk0.8|vm0.8|am_0845_1130,11,0.18,8,1,2,72.7,88.9,4.34,1.85,0.3,98.2
SHORT:adi_dn+delta_dump+orb_break_dn_v+rvol_thrust_dn|nk0.8|vm1.2|am_0845_1130,11,0.18,8,1,2,72.7,88.9,4.34,1.85,0.3,98.2
SHORT:adi_dn+delta_dump+orb_break_dn_v+below_vwap_v|nk0.8|vm0.8|am_0845_1130,11,0.18,8,1,2,72.7,88.9,4.34,1.85,0.3,98.2
SHORT:adi_dn+delta_dump+orb_break_dn_v+below_vwap_v|nk0.8|vm1.2|am_0845_1130,11,0.18,8,1,2,72.7,88.9,4.34,1.85,0.3,98.2
SHORT:adi_dn+delta_dump+orb_break_dn_v+cvd_dn|nk0.8|vm0.8|am_0845_1130,11,0.18,8,1,2,72.7,88.9,4.34,1.85,0.3,98.2
SHORT:adi_dn+delta_dump+orb_break_dn_v+cvd_dn|nk0.8|vm1.2|am_0845_1130,11,0.18,8,1,2,72.7,88.9,4.34,1.85,0.3,98.2
SHORT:adi_dn+delta_dump+orb_break_dn_v+cvd_dn_v|nk0.8|vm0.8|am_0845_1130,11,0.18,8,1,2,72.7,88.9,4.34,1.85,0.3,98.2
SHORT:adi_dn+delta_dump+orb_break_dn_v+cvd_dn_v|nk0.8|vm1.2|am_0845_1130,11,0.18,8,1,2,72.7,88.9,4.34,1.85,0.3,98.2
SHORT:adi_dn+weak_close+orb_break_dn+rvol_thrust_dn|nk0.8|vm0.8|am_0845_1130,11,0.18,8,1,2,72.7,88.9,4.34,1.85,0.3,98.2
SHORT:adi_dn+weak_close+orb_break_dn+rvol_thrust_dn|nk0.8|vm1.2|am_0845_1130,11,0.18,8,1,2,72.7,88.9,4.34,1.85,0.3,98.2
SHORT:adi_dn+weak_close+orb_break_dn+below_vwap_v|nk0.8|vm0.8|am_0845_1130,11,0.18,8,1,2,72.7,88.9,4.34,1.85,0.3,98.2
SHORT:adi_dn+weak_close+orb_break_dn+below_vwap_v|nk0.8|vm1.2|am_0845_1130,11,0.18,8,1,2,72.7,88.9,4.34,1.85,0.3,98.2
SHORT:adi_dn+weak_close+orb_break_dn_v+rvol_thrust_dn|nk0.8|vm0.8|am_0845_1130,11,0.18,8,1,2,72.7,88.9,4.34,1.85,0.3,98.2
SHORT:adi_dn+weak_close+orb_break_dn_v+rvol_thrust_dn|nk0.8|vm1.2|am_0845_1130,11,0.18,8,1,2,72.7,88.9,4.34,1.85,0.3,98.2
SHORT:adi_dn+weak_close+orb_break_dn_v+below_vwap_v|nk0.8|vm0.8|am_0845_1130,11,0.18,8,1,2,72.7,88.9,4.34,1.85,0.3,98.2
SHORT:adi_dn+weak_close+orb_break_dn_v+below_vwap_v|nk0.8|vm1.2|am_0845_1130,11,0.18,8,1,2,72.7,88.9,4.34,1.85,0.3,98.2
SHORT:adi_dn+orb_break_dn+orb_break_dn_v+rvol_thrust_dn|nk0.8|vm0.8|am_0845_1130,11,0.18,8,1,2,72.7,88.9,4.34,1.85,0.3,98.2
SHORT:adi_dn+orb_break_dn+orb_break_dn_v+rvol_thrust_dn|nk0.8|vm1.2|am_0845_1130,11,0.18,8,1,2,72.7,88.9,4.34,1.85,0.3,98.2
SHORT:adi_dn+orb_break_dn+rvol_thrust_dn+below_vwap_v|nk0.8|vm0.8|am_0845_1130,11,0.18,8,1,2,72.7,88.9,4.34,1.85,0.3,98.2
SHORT:adi_dn+orb_break_dn+rvol_thrust_dn+below_vwap_v|nk0.8|vm1.2|am_0845_1130,11,0.18,8,1,2,72.7,88.9,4.34,1.85,0.3,98.2
SHORT:adi_dn+orb_break_dn+rvol_thrust_dn+cvd_dn|nk0.8|vm0.8|am_0845_1130,11,0.18,8,1,2,72.7,88.9,4.34,1.85,0.3,98.2
SHORT:adi_dn+orb_break_dn+rvol_thrust_dn+cvd_dn|nk0.8|vm1.2|am_0845_1130,11,0.18,8,1,2,72.7,88.9,4.34,1.85,0.3,98.2
SHORT:adi_dn+orb_break_dn+rvol_thrust_dn+cvd_dn_v|nk0.8|vm0.8|am_0845_1130,11,0.18,8,1,2,72.7,88.9,4.34,1.85,0.3,98.2
SHORT:adi_dn+orb_break_dn+rvol_thrust_dn+cvd_dn_v|nk0.8|vm1.2|am_0845_1130,11,0.18,8,1,2,72.7,88.9,4.34,1.85,0.3,98.2
SHORT:adi_dn+orb_break_dn_v+rvol_thrust_dn+below_vwap_v|nk0.8|vm0.8|am_0845_1130,11,0.18,8,1,2,72.7,88.9,4.34,1.85,0.3,98.2
SHORT:adi_dn+orb_break_dn_v+rvol_thrust_dn+below_vwap_v|nk0.8|vm1.2|am_0845_1130,11,0.18,8,1,2,72.7,88.9,4.34,1.85,0.3,98.2
SHORT:adi_dn+orb_break_dn_v+rvol_thrust_dn+cvd_dn|nk0.8|vm0.8|am_0845_1130,11,0.18,8,1,2,72.7,88.9,4.34,1.85,0.3,98.2
SHORT:adi_dn+orb_break_dn_v+rvol_thrust_dn+cvd_dn|nk0.8|vm1.2|am_0845_1130,11,0.18,8,1,2,72.7,88.9,4.34,1.85,0.3,98.2
SHORT:adi_dn+orb_break_dn_v+rvol_thrust_dn+cvd_dn_v|nk0.8|vm0.8|am_0845_1130,11,0.18,8,1,2,72.7,88.9,4.34,1.85,0.3,98.2
SHORT:adi_dn+orb_break_dn_v+rvol_thrust_dn+cvd_dn_v|nk0.8|vm1.2|am_0845_1130,11,0.18,8,1,2,72.7,88.9,4.34,1.85,0.3,98.2
SHORT:delta_dump+weak_close+orb_break_dn+orb_break_dn_v|nk0.8|vm0.8|am_0845_1130,11,0.18,8,1,2,72.7,88.9,4.34,1.85,0.3,98.2
SHORT:delta_dump+weak_close+orb_break_dn+orb_break_dn_v|nk0.8|vm1.2|am_0845_1130,11,0.18,8,1,2,72.7,88.9,4.34,1.85,0.3,98.2
SHORT:delta_dump+weak_close+orb_break_dn+rvol_thrust_dn|nk0.8|vm0.8|am_0845_1130,11,0.18,8,1,2,72.7,88.9,4.34,1.85,0.3,98.2
SHORT:delta_dump+weak_close+orb_break_dn+rvol_thrust_dn|nk0.8|vm1.2|am_0845_1130,11,0.18,8,1,2,72.7,88.9,4.34,1.85,0.3,98.2
SHORT:delta_dump+weak_close+orb_break_dn+below_vwap_v|nk0.8|vm0.8|am_0845_1130,11,0.18,8,1,2,72.7,88.9,4.34,1.85,0.3,98.2
SHORT:delta_dump+weak_close+orb_break_dn+below_vwap_v|nk0.8|vm1.2|am_0845_1130,11,0.18,8,1,2,72.7,88.9,4.34,1.85,0.3,98.2
SHORT:delta_dump+weak_close+orb_break_dn+cvd_dn_v|nk0.8|vm0.8|am_0845_1130,11,0.18,8,1,2,72.7,88.9,4.34,1.85,0.3,98.2
SHORT:delta_dump+weak_close+orb_break_dn+cvd_dn_v|nk0.8|vm1.2|am_0845_1130,11,0.18,8,1,2,72.7,88.9,4.34,1.85,0.3,98.2
SHORT:delta_dump+weak_close+orb_break_dn_v+rvol_thrust_dn|nk0.8|vm0.8|am_0845_1130,11,0.18,8,1,2,72.7,88.9,4.34,1.85,0.3,98.2
SHORT:delta_dump+weak_close+orb_break_dn_v+rvol_thrust_dn|nk0.8|vm1.2|am_0845_1130,11,0.18,8,1,2,72.7,88.9,4.34,1.85,0.3,98.2
SHORT:delta_dump+weak_close+orb_break_dn_v+below_vwap_v|nk0.8|vm0.8|am_0845_1130,11,0.18,8,1,2,72.7,88.9,4.34,1.85,0.3,98.2
SHORT:delta_dump+weak_close+orb_break_dn_v+below_vwap_v|nk0.8|vm1.2|am_0845_1130,11,0.18,8,1,2,72.7,88.9,4.34,1.85,0.3,98.2
SHORT:delta_dump+weak_close+orb_break_dn_v+cvd_dn|nk0.8|vm0.8|am_0845_1130,11,0.18,8,1,2,72.7,88.9,4.34,1.85,0.3,98.2
SHORT:delta_dump+weak_close+orb_break_dn_v+cvd_dn|nk0.8|vm1.2|am_0845_1130,11,0.18,8,1,2,72.7,88.9,4.34,1.85,0.3,98.2
SHORT:delta_dump+weak_close+orb_break_dn_v+cvd_dn_v|nk0.8|vm0.8|am_0845_1130,11,0.18,8,1,2,72.7,88.9,4.34,1.85,0.3,98.2
SHORT:delta_dump+weak_close+orb_break_dn_v+cvd_dn_v|nk0.8|vm1.2|am_0845_1130,11,0.18,8,1,2,72.7,88.9,4.34,1.85,0.3,98.2
SHORT:delta_dump+orb_break_dn+orb_break_dn_v+rvol_thrust_dn|nk0.8|vm0.8|am_0845_1130,11,0.18,8,1,2,72.7,88.9,4.34,1.85,0.3,98.2
SHORT:delta_dump+orb_break_dn+orb_break_dn_v+rvol_thrust_dn|nk0.8|vm1.2|am_0845_1130,11,0.18,8,1,2,72.7,88.9,4.34,1.85,0.3,98.2
SHORT:delta_dump+orb_break_dn+orb_break_dn_v+below_vwap_v|nk0.8|vm0.8|am_0845_1130,11,0.18,8,1,2,72.7,88.9,4.34,1.85,0.3,98.2
SHORT:delta_dump+orb_break_dn+orb_break_dn_v+below_vwap_v|nk0.8|vm1.2|am_0845_1130,11,0.18,8,1,2,72.7,88.9,4.34,1.85,0.3,98.2
SHORT:delta_dump+orb_break_dn+orb_break_dn_v+cvd_dn|nk0.8|vm0.8|am_0845_1130,11,0.18,8,1,2,72.7,88.9,4.34,1.85,0.3,98.2
SHORT:delta_dump+orb_break_dn+orb_break_dn_v+cvd_dn|nk0.8|vm1.2|am_0845_1130,11,0.18,8,1,2,72.7,88.9,4.34,1.85,0.3,98.2
SHORT:delta_dump+orb_break_dn+orb_break_dn_v+cvd_dn_v|nk0.8|vm0.8|am_0845_1130,11,0.18,8,1,2,72.7,88.9,4.34,1.85,0.3,98.2
SHORT:delta_dump+orb_break_dn+orb_break_dn_v+cvd_dn_v|nk0.8|vm1.2|am_0845_1130,11,0.18,8,1,2,72.7,88.9,4.34,1.85,0.3,98.2
SHORT:delta_dump+orb_break_dn+rvol_thrust_dn+below_vwap_v|nk0.8|vm0.8|am_0845_1130,11,0.18,8,1,2,72.7,88.9,4.34,1.85,0.3,98.2
SHORT:delta_dump+orb_break_dn+rvol_thrust_dn+below_vwap_v|nk0.8|vm1.2|am_0845_1130,11,0.18,8,1,2,72.7,88.9,4.34,1.85,0.3,98.2
SHORT:delta_dump+orb_break_dn+rvol_thrust_dn+cvd_dn|nk0.8|vm0.8|am_0845_1130,11,0.18,8,1,2,72.7,88.9,4.34,1.85,0.3,98.2
SHORT:delta_dump+orb_break_dn+rvol_thrust_dn+cvd_dn|nk0.8|vm1.2|am_0845_1130,11,0.18,8,1,2,72.7,88.9,4.34,1.85,0.3,98.2
SHORT:delta_dump+orb_break_dn+rvol_thrust_dn+cvd_dn_v|nk0.8|vm0.8|am_0845_1130,11,0.18,8,1,2,72.7,88.9,4.34,1.85,0.3,98.2
SHORT:delta_dump+orb_break_dn+rvol_thrust_dn+cvd_dn_v|nk0.8|vm1.2|am_0845_1130,11,0.18,8,1,2,72.7,88.9,4.34,1.85,0.3,98.2
SHORT:delta_dump+orb_break_dn+below_vwap_v+cvd_dn|nk0.8|vm0.8|am_0845_1130,11,0.18,8,1,2,72.7,88.9,4.34,1.85,0.3,98.2
SHORT:delta_dump+orb_break_dn+below_vwap_v+cvd_dn|nk0.8|vm1.2|am_0845_1130,11,0.18,8,1,2,72.7,88.9,4.34,1.85,0.3,98.2
SHORT:delta_dump+orb_break_dn+below_vwap_v+cvd_dn_v|nk0.8|vm0.8|am_0845_1130,11,0.18,8,1,2,72.7,88.9,4.34,1.85,0.3,98.2
SHORT:delta_dump+orb_break_dn+below_vwap_v+cvd_dn_v|nk0.8|vm1.2|am_0845_1130,11,0.18,8,1,2,72.7,88.9,4.34,1.85,0.3,98.2
SHORT:delta_dump+orb_break_dn+cvd_dn+cvd_dn_v|nk0.8|vm0.8|am_0845_1130,11,0.18,8,1,2,72.7,88.9,4.34,1.85,0.3,98.2
SHORT:delta_dump+orb_break_dn+cvd_dn+cvd_dn_v|nk0.8|vm1.2|am_0845_1130,11,0.18,8,1,2,72.7,88.9,4.34,1.85,0.3,98.2
SHORT:delta_dump+orb_break_dn_v+rvol_thrust_dn+below_vwap_v|nk0.8|vm0.8|am_0845_1130,11,0.18,8,1,2,72.7,88.9,4.34,1.85,0.3,98.2
SHORT:delta_dump+orb_break_dn_v+rvol_thrust_dn+below_vwap_v|nk0.8|vm1.2|am_0845_1130,11,0.18,8,1,2,72.7,88.9,4.34,1.85,0.3,98.2
SHORT:delta_dump+orb_break_dn_v+rvol_thrust_dn+cvd_dn|nk0.8|vm0.8|am_0845_1130,11,0.18,8,1,2,72.7,88.9,4.34,1.85,0.3,98.2
SHORT:delta_dump+orb_break_dn_v+rvol_thrust_dn+cvd_dn|nk0.8|vm1.2|am_0845_1130,11,0.18,8,1,2,72.7,88.9,4.34,1.85,0.3,98.2
SHORT:delta_dump+orb_break_dn_v+rvol_thrust_dn+cvd_dn_v|nk0.8|vm0.8|am_0845_1130,11,0.18,8,1,2,72.7,88.9,4.34,1.85,0.3,98.2
SHORT:delta_dump+orb_break_dn_v+rvol_thrust_dn+cvd_dn_v|nk0.8|vm1.2|am_0845_1130,11,0.18,8,1,2,72.7,88.9,4.34,1.85,0.3,98.2
SHORT:delta_dump+orb_break_dn_v+below_vwap_v+cvd_dn|nk0.8|vm0.8|am_0845_1130,11,0.18,8,1,2,72.7,88.9,4.34,1.85,0.3,98.2
SHORT:delta_dump+orb_break_dn_v+below_vwap_v+cvd_dn|nk0.8|vm1.2|am_0845_1130,11,0.18,8,1,2,72.7,88.9,4.34,1.85,0.3,98.2
SHORT:delta_dump+orb_break_dn_v+below_vwap_v+cvd_dn_v|nk0.8|vm0.8|am_0845_1130,11,0.18,8,1,2,72.7,88.9,4.34,1.85,0.3,98.2
SHORT:delta_dump+orb_break_dn_v+below_vwap_v+cvd_dn_v|nk0.8|vm1.2|am_0845_1130,11,0.18,8,1,2,72.7,88.9,4.34,1.85,0.3,98.2
SHORT:delta_dump+orb_break_dn_v+cvd_dn+cvd_dn_v|nk0.8|vm0.8|am_0845_1130,11,0.18,8,1,2,72.7,88.9,4.34,1.85,0.3,98.2
SHORT:delta_dump+orb_break_dn_v+cvd_dn+cvd_dn_v|nk0.8|vm1.2|am_0845_1130,11,0.18,8,1,2,72.7,88.9,4.34,1.85,0.3,98.2
SHORT:below_pivot+orb_break_dn+orb_break_dn_v+below_vwap_v|nk0.0|vm0.8|am_0845_1130,11,0.18,8,1,2,72.7,88.9,4.34,1.85,0.3,127.7
SHORT:below_pivot+orb_break_dn+orb_break_dn_v+below_vwap_v|nk0.0|vm1.2|am_0845_1130,11,0.18,8,1,2,72.7,88.9,4.34,1.85,0.3,127.7
SHORT:below_pivot+orb_break_dn+orb_break_dn_v+below_vwap_v|nk0.5|vm0.8|am_0845_1130,11,0.18,8,1,2,72.7,88.9,4.34,1.85,0.3,127.7
SHORT:below_pivot+orb_break_dn+orb_break_dn_v+below_vwap_v|nk0.5|vm1.2|am_0845_1130,11,0.18,8,1,2,72.7,88.9,4.34,1.85,0.3,127.7
SHORT:below_pivot+orb_break_dn+orb_break_dn_v+below_vwap_v|nk0.8|vm0.8|am_0845_1130,11,0.18,8,1,2,72.7,88.9,4.34,1.85,0.3,127.7
SHORT:below_pivot+orb_break_dn+orb_break_dn_v+below_vwap_v|nk0.8|vm1.2|am_0845_1130,11,0.18,8,1,2,72.7,88.9,4.34,1.85,0.3,127.7
SHORT:weak_close+orb_break_dn+rvol_thrust_dn+cvd_dn|nk0.8|vm0.8|am_0845_1130,11,0.18,8,1,2,72.7,88.9,4.34,1.85,0.3,98.2
SHORT:weak_close+orb_break_dn+rvol_thrust_dn+cvd_dn|nk0.8|vm1.2|am_0845_1130,11,0.18,8,1,2,72.7,88.9,4.34,1.85,0.3,98.2
SHORT:weak_close+orb_break_dn+rvol_thrust_dn+cvd_dn_v|nk0.8|vm0.8|am_0845_1130,11,0.18,8,1,2,72.7,88.9,4.34,1.85,0.3,98.2
SHORT:weak_close+orb_break_dn+rvol_thrust_dn+cvd_dn_v|nk0.8|vm1.2|am_0845_1130,11,0.18,8,1,2,72.7,88.9,4.34,1.85,0.3,98.2
SHORT:weak_close+orb_break_dn+below_vwap_v+cvd_dn|nk0.8|vm0.8|am_0845_1130,11,0.18,8,1,2,72.7,88.9,4.34,1.85,0.3,98.2
SHORT:weak_close+orb_break_dn+below_vwap_v+cvd_dn|nk0.8|vm1.2|am_0845_1130,11,0.18,8,1,2,72.7,88.9,4.34,1.85,0.3,98.2
SHORT:weak_close+orb_break_dn+below_vwap_v+cvd_dn_v|nk0.8|vm0.8|am_0845_1130,11,0.18,8,1,2,72.7,88.9,4.34,1.85,0.3,98.2
SHORT:weak_close+orb_break_dn+below_vwap_v+cvd_dn_v|nk0.8|vm1.2|am_0845_1130,11,0.18,8,1,2,72.7,88.9,4.34,1.85,0.3,98.2
SHORT:weak_close+orb_break_dn_v+rvol_thrust_dn+cvd_dn|nk0.8|vm0.8|am_0845_1130,11,0.18,8,1,2,72.7,88.9,4.34,1.85,0.3,98.2
SHORT:weak_close+orb_break_dn_v+rvol_thrust_dn+cvd_dn|nk0.8|vm1.2|am_0845_1130,11,0.18,8,1,2,72.7,88.9,4.34,1.85,0.3,98.2
SHORT:weak_close+orb_break_dn_v+rvol_thrust_dn+cvd_dn_v|nk0.8|vm0.8|am_0845_1130,11,0.18,8,1,2,72.7,88.9,4.34,1.85,0.3,98.2
SHORT:weak_close+orb_break_dn_v+rvol_thrust_dn+cvd_dn_v|nk0.8|vm1.2|am_0845_1130,11,0.18,8,1,2,72.7,88.9,4.34,1.85,0.3,98.2
SHORT:weak_close+orb_break_dn_v+below_vwap_v+cvd_dn|nk0.8|vm0.8|am_0845_1130,11,0.18,8,1,2,72.7,88.9,4.34,1.85,0.3,98.2
SHORT:weak_close+orb_break_dn_v+below_vwap_v+cvd_dn|nk0.8|vm1.2|am_0845_1130,11,0.18,8,1,2,72.7,88.9,4.34,1.85,0.3,98.2
SHORT:weak_close+orb_break_dn_v+below_vwap_v+cvd_dn_v|nk0.8|vm0.8|am_0845_1130,11,0.18,8,1,2,72.7,88.9,4.34,1.85,0.3,98.2
SHORT:weak_close+orb_break_dn_v+below_vwap_v+cvd_dn_v|nk0.8|vm1.2|am_0845_1130,11,0.18,8,1,2,72.7,88.9,4.34,1.85,0.3,98.2
SHORT:orb_break_dn+orb_break_dn_v+rvol_thrust_dn+cvd_dn|nk0.8|vm0.8|am_0845_1130,11,0.18,8,1,2,72.7,88.9,4.34,1.85,0.3,98.2
SHORT:orb_break_dn+orb_break_dn_v+rvol_thrust_dn+cvd_dn|nk0.8|vm1.2|am_0845_1130,11,0.18,8,1,2,72.7,88.9,4.34,1.85,0.3,98.2
SHORT:orb_break_dn+orb_break_dn_v+rvol_thrust_dn+cvd_dn_v|nk0.8|vm0.8|am_0845_1130,11,0.18,8,1,2,72.7,88.9,4.34,1.85,0.3,98.2
SHORT:orb_break_dn+orb_break_dn_v+rvol_thrust_dn+cvd_dn_v|nk0.8|vm1.2|am_0845_1130,11,0.18,8,1,2,72.7,88.9,4.34,1.85,0.3,98.2
SHORT:orb_break_dn+rvol_thrust_dn+below_vwap_v+cvd_dn|nk0.8|vm0.8|am_0845_1130,11,0.18,8,1,2,72.7,88.9,4.34,1.85,0.3,98.2
SHORT:orb_break_dn+rvol_thrust_dn+below_vwap_v+cvd_dn|nk0.8|vm1.2|am_0845_1130,11,0.18,8,1,2,72.7,88.9,4.34,1.85,0.3,98.2
SHORT:orb_break_dn+rvol_thrust_dn+below_vwap_v+cvd_dn_v|nk0.8|vm0.8|am_0845_1130,11,0.18,8,1,2,72.7,88.9,4.34,1.85,0.3,98.2
SHORT:orb_break_dn+rvol_thrust_dn+below_vwap_v+cvd_dn_v|nk0.8|vm1.2|am_0845_1130,11,0.18,8,1,2,72.7,88.9,4.34,1.85,0.3,98.2
SHORT:orb_break_dn+rvol_thrust_dn+cvd_dn+cvd_dn_v|nk0.8|vm0.8|am_0845_1130,11,0.18,8,1,2,72.7,88.9,4.34,1.85,0.3,98.2
SHORT:orb_break_dn+rvol_thrust_dn+cvd_dn+cvd_dn_v|nk0.8|vm1.2|am_0845_1130,11,0.18,8,1,2,72.7,88.9,4.34,1.85,0.3,98.2
SHORT:orb_break_dn_v+rvol_thrust_dn+below_vwap_v+cvd_dn|nk0.8|vm0.8|am_0845_1130,11,0.18,8,1,2,72.7,88.9,4.34,1.85,0.3,98.2
SHORT:orb_break_dn_v+rvol_thrust_dn+below_vwap_v+cvd_dn|nk0.8|vm1.2|am_0845_1130,11,0.18,8,1,2,72.7,88.9,4.34,1.85,0.3,98.2
SHORT:orb_break_dn_v+rvol_thrust_dn+below_vwap_v+cvd_dn_v|nk0.8|vm0.8|am_0845_1130,11,0.18,8,1,2,72.7,88.9,4.34,1.85,0.3,98.2
SHORT:orb_break_dn_v+rvol_thrust_dn+below_vwap_v+cvd_dn_v|nk0.8|vm1.2|am_0845_1130,11,0.18,8,1,2,72.7,88.9,4.34,1.85,0.3,98.2
SHORT:orb_break_dn_v+rvol_thrust_dn+cvd_dn+cvd_dn_v|nk0.8|vm0.8|am_0845_1130,11,0.18,8,1,2,72.7,88.9,4.34,1.85,0.3,98.2
SHORT:orb_break_dn_v+rvol_thrust_dn+cvd_dn+cvd_dn_v|nk0.8|vm1.2|am_0845_1130,11,0.18,8,1,2,72.7,88.9,4.34,1.85,0.3,98.2
LONG:vwap_reclaim+orb_break_up+cvd_up|nk0.8|vm0.8|full_0845_1400,7,0.12,5,0,2,71.4,100.0,23.56,1.52,0.07,92.9
LONG:vwap_reclaim+above_vwap+orb_break_up+cvd_up|nk0.8|vm0.8|full_0845_1400,7,0.12,5,0,2,71.4,100.0,23.56,1.52,0.07,92.9
LONG:vwap_reclaim+adi_up+orb_break_up+cvd_up|nk0.8|vm0.8|full_0845_1400,7,0.12,5,0,2,71.4,100.0,23.56,1.52,0.07,92.9
LONG:vwap_reclaim+strong_close+orb_break_up+cvd_up|nk0.8|vm0.8|full_0845_1400,7,0.12,5,0,2,71.4,100.0,23.56,1.52,0.07,92.9
LONG:delta_surge+above_pivot+strong_close+mom_ignite_up|nk0.5|vm0.8|am_0845_1130,7,0.12,5,0,2,71.4,100.0,18.28,1.52,0.09,128.6
LONG:delta_surge+above_pivot+strong_close+mom_ignite_up|nk0.5|vm1.2|am_0845_1130,7,0.12,5,0,2,71.4,100.0,18.28,1.52,0.09,128.6
SHORT:poc_reject_dn+rvol_thrust_dn|nk0.0|vm0.8|am_0845_1130,7,0.12,5,0,2,71.4,100.0,7.06,1.46,0.24,117.9
SHORT:poc_reject_dn+rvol_thrust_dn|nk0.0|vm1.2|am_0845_1130,7,0.12,5,0,2,71.4,100.0,7.06,1.46,0.24,117.9
SHORT:poc_reject_dn+rvol_thrust_dn|nk0.5|vm0.8|am_0845_1130,7,0.12,5,0,2,71.4,100.0,7.06,1.46,0.24,117.9
SHORT:poc_reject_dn+rvol_thrust_dn|nk0.5|vm1.2|am_0845_1130,7,0.12,5,0,2,71.4,100.0,7.06,1.46,0.24,117.9
SHORT:poc_reject_dn+rvol_thrust_dn|nk0.8|vm0.8|am_0845_1130,7,0.12,5,0,2,71.4,100.0,7.06,1.46,0.24,117.9
SHORT:poc_reject_dn+rvol_thrust_dn|nk0.8|vm1.2|am_0845_1130,7,0.12,5,0,2,71.4,100.0,7.06,1.46,0.24,117.9
SHORT:r1_reject+cvd_dn_v|nk0.0|vm0.8|am_0845_1130,7,0.12,5,0,2,71.4,100.0,inf,1.61,0.0,96.4
SHORT:r1_reject+cvd_dn_v|nk0.0|vm1.2|am_0845_1130,7,0.12,5,0,2,71.4,100.0,inf,1.61,0.0,96.4
SHORT:r1_reject+cvd_dn_v|nk0.5|vm0.8|am_0845_1130,7,0.12,5,0,2,71.4,100.0,inf,1.61,0.0,96.4
SHORT:r1_reject+cvd_dn_v|nk0.5|vm1.2|am_0845_1130,7,0.12,5,0,2,71.4,100.0,inf,1.61,0.0,96.4
SHORT:r1_reject+cvd_dn_v|nk0.8|vm0.8|am_0845_1130,7,0.12,5,0,2,71.4,100.0,inf,1.61,0.0,96.4
SHORT:r1_reject+cvd_dn_v|nk0.8|vm1.2|am_0845_1130,7,0.12,5,0,2,71.4,100.0,inf,1.61,0.0,96.4
SHORT:macd_x_dn_pos+below_vwap_v|nk0.0|vm0.8|am_0845_1130,7,0.12,5,0,2,71.4,100.0,inf,1.71,0.0,112.9
SHORT:macd_x_dn_pos+below_vwap_v|nk0.0|vm1.2|am_0845_1130,7,0.12,5,0,2,71.4,100.0,inf,1.71,0.0,112.9
SHORT:macd_x_dn_pos+below_vwap_v|nk0.5|vm0.8|am_0845_1130,7,0.12,5,0,2,71.4,100.0,inf,1.71,0.0,112.9
SHORT:macd_x_dn_pos+below_vwap_v|nk0.5|vm1.2|am_0845_1130,7,0.12,5,0,2,71.4,100.0,inf,1.71,0.0,112.9
SHORT:macd_x_dn_pos+below_vwap_v|nk0.8|vm0.8|am_0845_1130,7,0.12,5,0,2,71.4,100.0,inf,1.71,0.0,112.9
SHORT:macd_x_dn_pos+below_vwap_v|nk0.8|vm1.2|am_0845_1130,7,0.12,5,0,2,71.4,100.0,inf,1.71,0.0,112.9
SHORT:vwap_loss+mom_ignite_dn+rsi_thrust_dn|nk0.0|vm0.8|full_0845_1400,7,0.12,5,0,2,71.4,100.0,8.47,1.44,0.19,93.6
SHORT:vwap_loss+mom_ignite_dn+rsi_thrust_dn|nk0.0|vm1.2|full_0845_1400,7,0.12,5,0,2,71.4,100.0,8.47,1.44,0.19,93.6
SHORT:vwap_loss+mom_ignite_dn+rsi_thrust_dn|nk0.5|vm0.8|full_0845_1400,7,0.12,5,0,2,71.4,100.0,8.47,1.44,0.19,93.6
SHORT:vwap_loss+mom_ignite_dn+rsi_thrust_dn|nk0.5|vm1.2|full_0845_1400,7,0.12,5,0,2,71.4,100.0,8.47,1.44,0.19,93.6
SHORT:vwap_loss+mom_ignite_dn+rsi_thrust_dn|nk0.8|vm0.8|full_0845_1400,7,0.12,5,0,2,71.4,100.0,8.47,1.44,0.19,93.6
SHORT:vwap_loss+mom_ignite_dn+rsi_thrust_dn|nk0.8|vm1.2|full_0845_1400,7,0.12,5,0,2,71.4,100.0,8.47,1.44,0.19,93.6
SHORT:below_vwap+poc_reject_dn+rvol_thrust_dn|nk0.0|vm0.8|am_0845_1130,7,0.12,5,0,2,71.4,100.0,7.06,1.46,0.24,117.9
SHORT:below_vwap+poc_reject_dn+rvol_thrust_dn|nk0.0|vm1.2|am_0845_1130,7,0.12,5,0,2,71.4,100.0,7.06,1.46,0.24,117.9
SHORT:below_vwap+poc_reject_dn+rvol_thrust_dn|nk0.5|vm0.8|am_0845_1130,7,0.12,5,0,2,71.4,100.0,7.06,1.46,0.24,117.9
SHORT:below_vwap+poc_reject_dn+rvol_thrust_dn|nk0.5|vm1.2|am_0845_1130,7,0.12,5,0,2,71.4,100.0,7.06,1.46,0.24,117.9
SHORT:below_vwap+poc_reject_dn+rvol_thrust_dn|nk0.8|vm0.8|am_0845_1130,7,0.12,5,0,2,71.4,100.0,7.06,1.46,0.24,117.9
SHORT:below_vwap+poc_reject_dn+rvol_thrust_dn|nk0.8|vm1.2|am_0845_1130,7,0.12,5,0,2,71.4,100.0,7.06,1.46,0.24,117.9
SHORT:below_vwap+r1_reject+cvd_dn_v|nk0.0|vm0.8|am_0845_1130,7,0.12,5,0,2,71.4,100.0,inf,1.61,0.0,96.4
SHORT:below_vwap+r1_reject+cvd_dn_v|nk0.0|vm1.2|am_0845_1130,7,0.12,5,0,2,71.4,100.0,inf,1.61,0.0,96.4
SHORT:below_vwap+r1_reject+cvd_dn_v|nk0.5|vm0.8|am_0845_1130,7,0.12,5,0,2,71.4,100.0,inf,1.61,0.0,96.4
SHORT:below_vwap+r1_reject+cvd_dn_v|nk0.5|vm1.2|am_0845_1130,7,0.12,5,0,2,71.4,100.0,inf,1.61,0.0,96.4
SHORT:below_vwap+r1_reject+cvd_dn_v|nk0.8|vm0.8|am_0845_1130,7,0.12,5,0,2,71.4,100.0,inf,1.61,0.0,96.4
SHORT:below_vwap+r1_reject+cvd_dn_v|nk0.8|vm1.2|am_0845_1130,7,0.12,5,0,2,71.4,100.0,inf,1.61,0.0,96.4
SHORT:below_vwap+macd_x_dn_pos+below_vwap_v|nk0.0|vm0.8|am_0845_1130,7,0.12,5,0,2,71.4,100.0,inf,1.71,0.0,112.9
SHORT:below_vwap+macd_x_dn_pos+below_vwap_v|nk0.0|vm1.2|am_0845_1130,7,0.12,5,0,2,71.4,100.0,inf,1.71,0.0,112.9
SHORT:below_vwap+macd_x_dn_pos+below_vwap_v|nk0.5|vm0.8|am_0845_1130,7,0.12,5,0,2,71.4,100.0,inf,1.71,0.0,112.9
SHORT:below_vwap+macd_x_dn_pos+below_vwap_v|nk0.5|vm1.2|am_0845_1130,7,0.12,5,0,2,71.4,100.0,inf,1.71,0.0,112.9
SHORT:below_vwap+macd_x_dn_pos+below_vwap_v|nk0.8|vm0.8|am_0845_1130,7,0.12,5,0,2,71.4,100.0,inf,1.71,0.0,112.9
SHORT:below_vwap+macd_x_dn_pos+below_vwap_v|nk0.8|vm1.2|am_0845_1130,7,0.12,5,0,2,71.4,100.0,inf,1.71,0.0,112.9
SHORT:poc_reject_dn+adi_dn+rvol_thrust_dn|nk0.0|vm0.8|am_0845_1130,7,0.12,5,0,2,71.4,100.0,7.06,1.46,0.24,117.9
SHORT:poc_reject_dn+adi_dn+rvol_thrust_dn|nk0.0|vm1.2|am_0845_1130,7,0.12,5,0,2,71.4,100.0,7.06,1.46,0.24,117.9
SHORT:poc_reject_dn+adi_dn+rvol_thrust_dn|nk0.5|vm0.8|am_0845_1130,7,0.12,5,0,2,71.4,100.0,7.06,1.46,0.24,117.9
SHORT:poc_reject_dn+adi_dn+rvol_thrust_dn|nk0.5|vm1.2|am_0845_1130,7,0.12,5,0,2,71.4,100.0,7.06,1.46,0.24,117.9
SHORT:poc_reject_dn+adi_dn+rvol_thrust_dn|nk0.8|vm0.8|am_0845_1130,7,0.12,5,0,2,71.4,100.0,7.06,1.46,0.24,117.9
SHORT:poc_reject_dn+adi_dn+rvol_thrust_dn|nk0.8|vm1.2|am_0845_1130,7,0.12,5,0,2,71.4,100.0,7.06,1.46,0.24,117.9
SHORT:poc_reject_dn+delta_dump+rvol_thrust_dn|nk0.0|vm0.8|am_0845_1130,7,0.12,5,0,2,71.4,100.0,7.06,1.46,0.24,117.9
SHORT:poc_reject_dn+delta_dump+rvol_thrust_dn|nk0.0|vm1.2|am_0845_1130,7,0.12,5,0,2,71.4,100.0,7.06,1.46,0.24,117.9
SHORT:poc_reject_dn+delta_dump+rvol_thrust_dn|nk0.5|vm0.8|am_0845_1130,7,0.12,5,0,2,71.4,100.0,7.06,1.46,0.24,117.9
SHORT:poc_reject_dn+delta_dump+rvol_thrust_dn|nk0.5|vm1.2|am_0845_1130,7,0.12,5,0,2,71.4,100.0,7.06,1.46,0.24,117.9
SHORT:poc_reject_dn+delta_dump+rvol_thrust_dn|nk0.8|vm0.8|am_0845_1130,7,0.12,5,0,2,71.4,100.0,7.06,1.46,0.24,117.9
SHORT:poc_reject_dn+delta_dump+rvol_thrust_dn|nk0.8|vm1.2|am_0845_1130,7,0.12,5,0,2,71.4,100.0,7.06,1.46,0.24,117.9
SHORT:poc_reject_dn+delta_dump+below_vwap_v|nk0.0|vm0.8|am_0845_1130,7,0.12,5,0,2,71.4,100.0,7.06,1.46,0.24,117.9
SHORT:poc_reject_dn+delta_dump+below_vwap_v|nk0.0|vm1.2|am_0845_1130,7,0.12,5,0,2,71.4,100.0,7.06,1.46,0.24,117.9
SHORT:poc_reject_dn+delta_dump+below_vwap_v|nk0.5|vm0.8|am_0845_1130,7,0.12,5,0,2,71.4,100.0,7.06,1.46,0.24,117.9
SHORT:poc_reject_dn+delta_dump+below_vwap_v|nk0.5|vm1.2|am_0845_1130,7,0.12,5,0,2,71.4,100.0,7.06,1.46,0.24,117.9
SHORT:poc_reject_dn+delta_dump+below_vwap_v|nk0.8|vm0.8|am_0845_1130,7,0.12,5,0,2,71.4,100.0,7.06,1.46,0.24,117.9
SHORT:poc_reject_dn+delta_dump+below_vwap_v|nk0.8|vm1.2|am_0845_1130,7,0.12,5,0,2,71.4,100.0,7.06,1.46,0.24,117.9
SHORT:poc_reject_dn+delta_dump+cvd_dn_v|nk0.0|vm0.8|am_0845_1130,7,0.12,5,0,2,71.4,100.0,7.06,1.46,0.24,117.9
SHORT:poc_reject_dn+delta_dump+cvd_dn_v|nk0.0|vm1.2|am_0845_1130,7,0.12,5,0,2,71.4,100.0,7.06,1.46,0.24,117.9
SHORT:poc_reject_dn+delta_dump+cvd_dn_v|nk0.5|vm0.8|am_0845_1130,7,0.12,5,0,2,71.4,100.0,7.06,1.46,0.24,117.9
SHORT:poc_reject_dn+delta_dump+cvd_dn_v|nk0.5|vm1.2|am_0845_1130,7,0.12,5,0,2,71.4,100.0,7.06,1.46,0.24,117.9
SHORT:poc_reject_dn+delta_dump+cvd_dn_v|nk0.8|vm0.8|am_0845_1130,7,0.12,5,0,2,71.4,100.0,7.06,1.46,0.24,117.9
SHORT:poc_reject_dn+delta_dump+cvd_dn_v|nk0.8|vm1.2|am_0845_1130,7,0.12,5,0,2,71.4,100.0,7.06,1.46,0.24,117.9
SHORT:poc_reject_dn+weak_close+rvol_thrust_dn|nk0.0|vm0.8|am_0845_1130,7,0.12,5,0,2,71.4,100.0,7.06,1.46,0.24,117.9
SHORT:poc_reject_dn+weak_close+rvol_thrust_dn|nk0.0|vm1.2|am_0845_1130,7,0.12,5,0,2,71.4,100.0,7.06,1.46,0.24,117.9
SHORT:poc_reject_dn+weak_close+rvol_thrust_dn|nk0.5|vm0.8|am_0845_1130,7,0.12,5,0,2,71.4,100.0,7.06,1.46,0.24,117.9
SHORT:poc_reject_dn+weak_close+rvol_thrust_dn|nk0.5|vm1.2|am_0845_1130,7,0.12,5,0,2,71.4,100.0,7.06,1.46,0.24,117.9
SHORT:poc_reject_dn+weak_close+rvol_thrust_dn|nk0.8|vm0.8|am_0845_1130,7,0.12,5,0,2,71.4,100.0,7.06,1.46,0.24,117.9
SHORT:poc_reject_dn+weak_close+rvol_thrust_dn|nk0.8|vm1.2|am_0845_1130,7,0.12,5,0,2,71.4,100.0,7.06,1.46,0.24,117.9
SHORT:poc_reject_dn+weak_close+below_vwap_v|nk0.0|vm0.8|am_0845_1130,7,0.12,5,0,2,71.4,100.0,7.06,1.46,0.24,117.9
SHORT:poc_reject_dn+weak_close+below_vwap_v|nk0.0|vm1.2|am_0845_1130,7,0.12,5,0,2,71.4,100.0,7.06,1.46,0.24,117.9
SHORT:poc_reject_dn+weak_close+below_vwap_v|nk0.5|vm0.8|am_0845_1130,7,0.12,5,0,2,71.4,100.0,7.06,1.46,0.24,117.9
SHORT:poc_reject_dn+weak_close+below_vwap_v|nk0.5|vm1.2|am_0845_1130,7,0.12,5,0,2,71.4,100.0,7.06,1.46,0.24,117.9
SHORT:poc_reject_dn+weak_close+below_vwap_v|nk0.8|vm0.8|am_0845_1130,7,0.12,5,0,2,71.4,100.0,7.06,1.46,0.24,117.9
SHORT:poc_reject_dn+weak_close+below_vwap_v|nk0.8|vm1.2|am_0845_1130,7,0.12,5,0,2,71.4,100.0,7.06,1.46,0.24,117.9
SHORT:poc_reject_dn+rvol_thrust_dn+below_vwap_v|nk0.0|vm0.8|am_0845_1130,7,0.12,5,0,2,71.4,100.0,7.06,1.46,0.24,117.9
SHORT:poc_reject_dn+rvol_thrust_dn+below_vwap_v|nk0.0|vm1.2|am_0845_1130,7,0.12,5,0,2,71.4,100.0,7.06,1.46,0.24,117.9
SHORT:poc_reject_dn+rvol_thrust_dn+below_vwap_v|nk0.5|vm0.8|am_0845_1130,7,0.12,5,0,2,71.4,100.0,7.06,1.46,0.24,117.9
SHORT:poc_reject_dn+rvol_thrust_dn+below_vwap_v|nk0.5|vm1.2|am_0845_1130,7,0.12,5,0,2,71.4,100.0,7.06,1.46,0.24,117.9
SHORT:poc_reject_dn+rvol_thrust_dn+below_vwap_v|nk0.8|vm0.8|am_0845_1130,7,0.12,5,0,2,71.4,100.0,7.06,1.46,0.24,117.9
SHORT:poc_reject_dn+rvol_thrust_dn+below_vwap_v|nk0.8|vm1.2|am_0845_1130,7,0.12,5,0,2,71.4,100.0,7.06,1.46,0.24,117.9
SHORT:poc_reject_dn+rvol_thrust_dn+cvd_dn|nk0.0|vm0.8|am_0845_1130,7,0.12,5,0,2,71.4,100.0,7.06,1.46,0.24,117.9
SHORT:poc_reject_dn+rvol_thrust_dn+cvd_dn|nk0.0|vm1.2|am_0845_1130,7,0.12,5,0,2,71.4,100.0,7.06,1.46,0.24,117.9
SHORT:poc_reject_dn+rvol_thrust_dn+cvd_dn|nk0.5|vm0.8|am_0845_1130,7,0.12,5,0,2,71.4,100.0,7.06,1.46,0.24,117.9
SHORT:poc_reject_dn+rvol_thrust_dn+cvd_dn|nk0.5|vm1.2|am_0845_1130,7,0.12,5,0,2,71.4,100.0,7.06,1.46,0.24,117.9
SHORT:poc_reject_dn+rvol_thrust_dn+cvd_dn|nk0.8|vm0.8|am_0845_1130,7,0.12,5,0,2,71.4,100.0,7.06,1.46,0.24,117.9
SHORT:poc_reject_dn+rvol_thrust_dn+cvd_dn|nk0.8|vm1.2|am_0845_1130,7,0.12,5,0,2,71.4,100.0,7.06,1.46,0.24,117.9
SHORT:poc_reject_dn+rvol_thrust_dn+cvd_dn_v|nk0.0|vm0.8|am_0845_1130,7,0.12,5,0,2,71.4,100.0,7.06,1.46,0.24,117.9
SHORT:poc_reject_dn+rvol_thrust_dn+cvd_dn_v|nk0.0|vm1.2|am_0845_1130,7,0.12,5,0,2,71.4,100.0,7.06,1.46,0.24,117.9
SHORT:poc_reject_dn+rvol_thrust_dn+cvd_dn_v|nk0.5|vm0.8|am_0845_1130,7,0.12,5,0,2,71.4,100.0,7.06,1.46,0.24,117.9
SHORT:poc_reject_dn+rvol_thrust_dn+cvd_dn_v|nk0.5|vm1.2|am_0845_1130,7,0.12,5,0,2,71.4,100.0,7.06,1.46,0.24,117.9
SHORT:poc_reject_dn+rvol_thrust_dn+cvd_dn_v|nk0.8|vm0.8|am_0845_1130,7,0.12,5,0,2,71.4,100.0,7.06,1.46,0.24,117.9
SHORT:poc_reject_dn+rvol_thrust_dn+cvd_dn_v|nk0.8|vm1.2|am_0845_1130,7,0.12,5,0,2,71.4,100.0,7.06,1.46,0.24,117.9
SHORT:adi_dn+r1_reject+cvd_dn_v|nk0.0|vm0.8|am_0845_1130,7,0.12,5,0,2,71.4,100.0,inf,1.61,0.0,96.4
SHORT:adi_dn+r1_reject+cvd_dn_v|nk0.0|vm1.2|am_0845_1130,7,0.12,5,0,2,71.4,100.0,inf,1.61,0.0,96.4
SHORT:adi_dn+r1_reject+cvd_dn_v|nk0.5|vm0.8|am_0845_1130,7,0.12,5,0,2,71.4,100.0,inf,1.61,0.0,96.4
SHORT:adi_dn+r1_reject+cvd_dn_v|nk0.5|vm1.2|am_0845_1130,7,0.12,5,0,2,71.4,100.0,inf,1.61,0.0,96.4
SHORT:adi_dn+r1_reject+cvd_dn_v|nk0.8|vm0.8|am_0845_1130,7,0.12,5,0,2,71.4,100.0,inf,1.61,0.0,96.4
SHORT:adi_dn+r1_reject+cvd_dn_v|nk0.8|vm1.2|am_0845_1130,7,0.12,5,0,2,71.4,100.0,inf,1.61,0.0,96.4
SHORT:r1_reject+weak_close+cvd_dn_v|nk0.0|vm0.8|am_0845_1130,7,0.12,5,0,2,71.4,100.0,inf,1.61,0.0,96.4
SHORT:r1_reject+weak_close+cvd_dn_v|nk0.0|vm1.2|am_0845_1130,7,0.12,5,0,2,71.4,100.0,inf,1.61,0.0,96.4
SHORT:r1_reject+weak_close+cvd_dn_v|nk0.5|vm0.8|am_0845_1130,7,0.12,5,0,2,71.4,100.0,inf,1.61,0.0,96.4
SHORT:r1_reject+weak_close+cvd_dn_v|nk0.5|vm1.2|am_0845_1130,7,0.12,5,0,2,71.4,100.0,inf,1.61,0.0,96.4
SHORT:r1_reject+weak_close+cvd_dn_v|nk0.8|vm0.8|am_0845_1130,7,0.12,5,0,2,71.4,100.0,inf,1.61,0.0,96.4
SHORT:r1_reject+weak_close+cvd_dn_v|nk0.8|vm1.2|am_0845_1130,7,0.12,5,0,2,71.4,100.0,inf,1.61,0.0,96.4
SHORT:r1_reject+cvd_dn+cvd_dn_v|nk0.0|vm0.8|am_0845_1130,7,0.12,5,0,2,71.4,100.0,inf,1.61,0.0,96.4
SHORT:r1_reject+cvd_dn+cvd_dn_v|nk0.0|vm1.2|am_0845_1130,7,0.12,5,0,2,71.4,100.0,inf,1.61,0.0,96.4
SHORT:r1_reject+cvd_dn+cvd_dn_v|nk0.5|vm0.8|am_0845_1130,7,0.12,5,0,2,71.4,100.0,inf,1.61,0.0,96.4
SHORT:r1_reject+cvd_dn+cvd_dn_v|nk0.5|vm1.2|am_0845_1130,7,0.12,5,0,2,71.4,100.0,inf,1.61,0.0,96.4
SHORT:r1_reject+cvd_dn+cvd_dn_v|nk0.8|vm0.8|am_0845_1130,7,0.12,5,0,2,71.4,100.0,inf,1.61,0.0,96.4
SHORT:r1_reject+cvd_dn+cvd_dn_v|nk0.8|vm1.2|am_0845_1130,7,0.12,5,0,2,71.4,100.0,inf,1.61,0.0,96.4
SHORT:macd_x_dn+macd_x_dn_pos+below_vwap_v|nk0.0|vm0.8|am_0845_1130,7,0.12,5,0,2,71.4,100.0,inf,1.71,0.0,112.9
SHORT:macd_x_dn+macd_x_dn_pos+below_vwap_v|nk0.0|vm1.2|am_0845_1130,7,0.12,5,0,2,71.4,100.0,inf,1.71,0.0,112.9
SHORT:macd_x_dn+macd_x_dn_pos+below_vwap_v|nk0.5|vm0.8|am_0845_1130,7,0.12,5,0,2,71.4,100.0,inf,1.71,0.0,112.9
SHORT:macd_x_dn+macd_x_dn_pos+below_vwap_v|nk0.5|vm1.2|am_0845_1130,7,0.12,5,0,2,71.4,100.0,inf,1.71,0.0,112.9
SHORT:macd_x_dn+macd_x_dn_pos+below_vwap_v|nk0.8|vm0.8|am_0845_1130,7,0.12,5,0,2,71.4,100.0,inf,1.71,0.0,112.9
SHORT:macd_x_dn+macd_x_dn_pos+below_vwap_v|nk0.8|vm1.2|am_0845_1130,7,0.12,5,0,2,71.4,100.0,inf,1.71,0.0,112.9
SHORT:macd_x_dn_pos+below_vwap_v+cvd_dn|nk0.0|vm0.8|am_0845_1130,7,0.12,5,0,2,71.4,100.0,inf,1.71,0.0,112.9
SHORT:macd_x_dn_pos+below_vwap_v+cvd_dn|nk0.0|vm1.2|am_0845_1130,7,0.12,5,0,2,71.4,100.0,inf,1.71,0.0,112.9
SHORT:macd_x_dn_pos+below_vwap_v+cvd_dn|nk0.5|vm0.8|am_0845_1130,7,0.12,5,0,2,71.4,100.0,inf,1.71,0.0,112.9
SHORT:macd_x_dn_pos+below_vwap_v+cvd_dn|nk0.5|vm1.2|am_0845_1130,7,0.12,5,0,2,71.4,100.0,inf,1.71,0.0,112.9
SHORT:macd_x_dn_pos+below_vwap_v+cvd_dn|nk0.8|vm0.8|am_0845_1130,7,0.12,5,0,2,71.4,100.0,inf,1.71,0.0,112.9
SHORT:macd_x_dn_pos+below_vwap_v+cvd_dn|nk0.8|vm1.2|am_0845_1130,7,0.12,5,0,2,71.4,100.0,inf,1.71,0.0,112.9
SHORT:macd_x_dn_pos+below_vwap_v+cvd_dn_v|nk0.0|vm0.8|am_0845_1130,7,0.12,5,0,2,71.4,100.0,inf,1.71,0.0,112.9
SHORT:macd_x_dn_pos+below_vwap_v+cvd_dn_v|nk0.0|vm1.2|am_0845_1130,7,0.12,5,0,2,71.4,100.0,inf,1.71,0.0,112.9
SHORT:macd_x_dn_pos+below_vwap_v+cvd_dn_v|nk0.5|vm0.8|am_0845_1130,7,0.12,5,0,2,71.4,100.0,inf,1.71,0.0,112.9
SHORT:macd_x_dn_pos+below_vwap_v+cvd_dn_v|nk0.5|vm1.2|am_0845_1130,7,0.12,5,0,2,71.4,100.0,inf,1.71,0.0,112.9
SHORT:macd_x_dn_pos+below_vwap_v+cvd_dn_v|nk0.8|vm0.8|am_0845_1130,7,0.12,5,0,2,71.4,100.0,inf,1.71,0.0,112.9
SHORT:macd_x_dn_pos+below_vwap_v+cvd_dn_v|nk0.8|vm1.2|am_0845_1130,7,0.12,5,0,2,71.4,100.0,inf,1.71,0.0,112.9
SHORT:vwap_loss_v+mom_ignite_dn+rsi_thrust_dn|nk0.0|vm0.8|full_0845_1400,7,0.12,5,0,2,71.4,100.0,8.47,1.44,0.19,93.6
SHORT:vwap_loss_v+mom_ignite_dn+rsi_thrust_dn|nk0.0|vm1.2|full_0845_1400,7,0.12,5,0,2,71.4,100.0,8.47,1.44,0.19,93.6
SHORT:vwap_loss_v+mom_ignite_dn+rsi_thrust_dn|nk0.5|vm0.8|full_0845_1400,7,0.12,5,0,2,71.4,100.0,8.47,1.44,0.19,93.6
SHORT:vwap_loss_v+mom_ignite_dn+rsi_thrust_dn|nk0.5|vm1.2|full_0845_1400,7,0.12,5,0,2,71.4,100.0,8.47,1.44,0.19,93.6
SHORT:vwap_loss_v+mom_ignite_dn+rsi_thrust_dn|nk0.8|vm0.8|full_0845_1400,7,0.12,5,0,2,71.4,100.0,8.47,1.44,0.19,93.6
SHORT:vwap_loss_v+mom_ignite_dn+rsi_thrust_dn|nk0.8|vm1.2|full_0845_1400,7,0.12,5,0,2,71.4,100.0,8.47,1.44,0.19,93.6
SHORT:vwap_loss+below_vwap+mom_ignite_dn+rsi_thrust_dn|nk0.0|vm0.8|full_0845_1400,7,0.12,5,0,2,71.4,100.0,8.47,1.44,0.19,93.6
SHORT:vwap_loss+below_vwap+mom_ignite_dn+rsi_thrust_dn|nk0.0|vm1.2|full_0845_1400,7,0.12,5,0,2,71.4,100.0,8.47,1.44,0.19,93.6
SHORT:vwap_loss+below_vwap+mom_ignite_dn+rsi_thrust_dn|nk0.5|vm0.8|full_0845_1400,7,0.12,5,0,2,71.4,100.0,8.47,1.44,0.19,93.6
SHORT:vwap_loss+below_vwap+mom_ignite_dn+rsi_thrust_dn|nk0.5|vm1.2|full_0845_1400,7,0.12,5,0,2,71.4,100.0,8.47,1.44,0.19,93.6
SHORT:vwap_loss+below_vwap+mom_ignite_dn+rsi_thrust_dn|nk0.8|vm0.8|full_0845_1400,7,0.12,5,0,2,71.4,100.0,8.47,1.44,0.19,93.6
SHORT:vwap_loss+below_vwap+mom_ignite_dn+rsi_thrust_dn|nk0.8|vm1.2|full_0845_1400,7,0.12,5,0,2,71.4,100.0,8.47,1.44,0.19,93.6
SHORT:vwap_loss+adi_dn+mom_ignite_dn+rsi_thrust_dn|nk0.0|vm0.8|full_0845_1400,7,0.12,5,0,2,71.4,100.0,8.47,1.44,0.19,93.6
SHORT:vwap_loss+adi_dn+mom_ignite_dn+rsi_thrust_dn|nk0.0|vm1.2|full_0845_1400,7,0.12,5,0,2,71.4,100.0,8.47,1.44,0.19,93.6
SHORT:vwap_loss+adi_dn+mom_ignite_dn+rsi_thrust_dn|nk0.5|vm0.8|full_0845_1400,7,0.12,5,0,2,71.4,100.0,8.47,1.44,0.19,93.6
SHORT:vwap_loss+adi_dn+mom_ignite_dn+rsi_thrust_dn|nk0.5|vm1.2|full_0845_1400,7,0.12,5,0,2,71.4,100.0,8.47,1.44,0.19,93.6
SHORT:vwap_loss+adi_dn+mom_ignite_dn+rsi_thrust_dn|nk0.8|vm0.8|full_0845_1400,7,0.12,5,0,2,71.4,100.0,8.47,1.44,0.19,93.6
SHORT:vwap_loss+adi_dn+mom_ignite_dn+rsi_thrust_dn|nk0.8|vm1.2|full_0845_1400,7,0.12,5,0,2,71.4,100.0,8.47,1.44,0.19,93.6
SHORT:vwap_loss+weak_close+mom_ignite_dn+rsi_thrust_dn|nk0.0|vm0.8|full_0845_1400,7,0.12,5,0,2,71.4,100.0,8.47,1.44,0.19,93.6
SHORT:vwap_loss+weak_close+mom_ignite_dn+rsi_thrust_dn|nk0.0|vm1.2|full_0845_1400,7,0.12,5,0,2,71.4,100.0,8.47,1.44,0.19,93.6
SHORT:vwap_loss+weak_close+mom_ignite_dn+rsi_thrust_dn|nk0.5|vm0.8|full_0845_1400,7,0.12,5,0,2,71.4,100.0,8.47,1.44,0.19,93.6
SHORT:vwap_loss+weak_close+mom_ignite_dn+rsi_thrust_dn|nk0.5|vm1.2|full_0845_1400,7,0.12,5,0,2,71.4,100.0,8.47,1.44,0.19,93.6
SHORT:vwap_loss+weak_close+mom_ignite_dn+rsi_thrust_dn|nk0.8|vm0.8|full_0845_1400,7,0.12,5,0,2,71.4,100.0,8.47,1.44,0.19,93.6
SHORT:vwap_loss+weak_close+mom_ignite_dn+rsi_thrust_dn|nk0.8|vm1.2|full_0845_1400,7,0.12,5,0,2,71.4,100.0,8.47,1.44,0.19,93.6
SHORT:vwap_loss+vwap_loss_v+mom_ignite_dn+rsi_thrust_dn|nk0.0|vm0.8|full_0845_1400,7,0.12,5,0,2,71.4,100.0,8.47,1.44,0.19,93.6
SHORT:vwap_loss+vwap_loss_v+mom_ignite_dn+rsi_thrust_dn|nk0.0|vm1.2|full_0845_1400,7,0.12,5,0,2,71.4,100.0,8.47,1.44,0.19,93.6
SHORT:vwap_loss+vwap_loss_v+mom_ignite_dn+rsi_thrust_dn|nk0.5|vm0.8|full_0845_1400,7,0.12,5,0,2,71.4,100.0,8.47,1.44,0.19,93.6
SHORT:vwap_loss+vwap_loss_v+mom_ignite_dn+rsi_thrust_dn|nk0.5|vm1.2|full_0845_1400,7,0.12,5,0,2,71.4,100.0,8.47,1.44,0.19,93.6
SHORT:vwap_loss+vwap_loss_v+mom_ignite_dn+rsi_thrust_dn|nk0.8|vm0.8|full_0845_1400,7,0.12,5,0,2,71.4,100.0,8.47,1.44,0.19,93.6
SHORT:vwap_loss+vwap_loss_v+mom_ignite_dn+rsi_thrust_dn|nk0.8|vm1.2|full_0845_1400,7,0.12,5,0,2,71.4,100.0,8.47,1.44,0.19,93.6
SHORT:vwap_loss+cvd_dn+mom_ignite_dn+rsi_thrust_dn|nk0.0|vm0.8|full_0845_1400,7,0.12,5,0,2,71.4,100.0,8.47,1.44,0.19,93.6
SHORT:vwap_loss+cvd_dn+mom_ignite_dn+rsi_thrust_dn|nk0.0|vm1.2|full_0845_1400,7,0.12,5,0,2,71.4,100.0,8.47,1.44,0.19,93.6
SHORT:vwap_loss+cvd_dn+mom_ignite_dn+rsi_thrust_dn|nk0.5|vm0.8|full_0845_1400,7,0.12,5,0,2,71.4,100.0,8.47,1.44,0.19,93.6
SHORT:vwap_loss+cvd_dn+mom_ignite_dn+rsi_thrust_dn|nk0.5|vm1.2|full_0845_1400,7,0.12,5,0,2,71.4,100.0,8.47,1.44,0.19,93.6
SHORT:vwap_loss+cvd_dn+mom_ignite_dn+rsi_thrust_dn|nk0.8|vm0.8|full_0845_1400,7,0.12,5,0,2,71.4,100.0,8.47,1.44,0.19,93.6
SHORT:vwap_loss+cvd_dn+mom_ignite_dn+rsi_thrust_dn|nk0.8|vm1.2|full_0845_1400,7,0.12,5,0,2,71.4,100.0,8.47,1.44,0.19,93.6
SHORT:vwap_loss+cvd_dn_v+mom_ignite_dn+rsi_thrust_dn|nk0.0|vm0.8|full_0845_1400,7,0.12,5,0,2,71.4,100.0,8.47,1.44,0.19,93.6
SHORT:vwap_loss+cvd_dn_v+mom_ignite_dn+rsi_thrust_dn|nk0.0|vm1.2|full_0845_1400,7,0.12,5,0,2,71.4,100.0,8.47,1.44,0.19,93.6
SHORT:vwap_loss+cvd_dn_v+mom_ignite_dn+rsi_thrust_dn|nk0.5|vm0.8|full_0845_1400,7,0.12,5,0,2,71.4,100.0,8.47,1.44,0.19,93.6
SHORT:vwap_loss+cvd_dn_v+mom_ignite_dn+rsi_thrust_dn|nk0.5|vm1.2|full_0845_1400,7,0.12,5,0,2,71.4,100.0,8.47,1.44,0.19,93.6
SHORT:vwap_loss+cvd_dn_v+mom_ignite_dn+rsi_thrust_dn|nk0.8|vm0.8|full_0845_1400,7,0.12,5,0,2,71.4,100.0,8.47,1.44,0.19,93.6
SHORT:vwap_loss+cvd_dn_v+mom_ignite_dn+rsi_thrust_dn|nk0.8|vm1.2|full_0845_1400,7,0.12,5,0,2,71.4,100.0,8.47,1.44,0.19,93.6
SHORT:below_vwap+poc_reject_dn+adi_dn+rvol_thrust_dn|nk0.0|vm0.8|am_0845_1130,7,0.12,5,0,2,71.4,100.0,7.06,1.46,0.24,117.9
SHORT:below_vwap+poc_reject_dn+adi_dn+rvol_thrust_dn|nk0.0|vm1.2|am_0845_1130,7,0.12,5,0,2,71.4,100.0,7.06,1.46,0.24,117.9
SHORT:below_vwap+poc_reject_dn+adi_dn+rvol_thrust_dn|nk0.5|vm0.8|am_0845_1130,7,0.12,5,0,2,71.4,100.0,7.06,1.46,0.24,117.9
SHORT:below_vwap+poc_reject_dn+adi_dn+rvol_thrust_dn|nk0.5|vm1.2|am_0845_1130,7,0.12,5,0,2,71.4,100.0,7.06,1.46,0.24,117.9
SHORT:below_vwap+poc_reject_dn+adi_dn+rvol_thrust_dn|nk0.8|vm0.8|am_0845_1130,7,0.12,5,0,2,71.4,100.0,7.06,1.46,0.24,117.9
SHORT:below_vwap+poc_reject_dn+adi_dn+rvol_thrust_dn|nk0.8|vm1.2|am_0845_1130,7,0.12,5,0,2,71.4,100.0,7.06,1.46,0.24,117.9
SHORT:below_vwap+poc_reject_dn+delta_dump+rvol_thrust_dn|nk0.0|vm0.8|am_0845_1130,7,0.12,5,0,2,71.4,100.0,7.06,1.46,0.24,117.9
SHORT:below_vwap+poc_reject_dn+delta_dump+rvol_thrust_dn|nk0.0|vm1.2|am_0845_1130,7,0.12,5,0,2,71.4,100.0,7.06,1.46,0.24,117.9
SHORT:below_vwap+poc_reject_dn+delta_dump+rvol_thrust_dn|nk0.5|vm0.8|am_0845_1130,7,0.12,5,0,2,71.4,100.0,7.06,1.46,0.24,117.9
SHORT:below_vwap+poc_reject_dn+delta_dump+rvol_thrust_dn|nk0.5|vm1.2|am_0845_1130,7,0.12,5,0,2,71.4,100.0,7.06,1.46,0.24,117.9
SHORT:below_vwap+poc_reject_dn+delta_dump+rvol_thrust_dn|nk0.8|vm0.8|am_0845_1130,7,0.12,5,0,2,71.4,100.0,7.06,1.46,0.24,117.9
SHORT:below_vwap+poc_reject_dn+delta_dump+rvol_thrust_dn|nk0.8|vm1.2|am_0845_1130,7,0.12,5,0,2,71.4,100.0,7.06,1.46,0.24,117.9
SHORT:below_vwap+poc_reject_dn+delta_dump+below_vwap_v|nk0.0|vm0.8|am_0845_1130,7,0.12,5,0,2,71.4,100.0,7.06,1.46,0.24,117.9
SHORT:below_vwap+poc_reject_dn+delta_dump+below_vwap_v|nk0.0|vm1.2|am_0845_1130,7,0.12,5,0,2,71.4,100.0,7.06,1.46,0.24,117.9
SHORT:below_vwap+poc_reject_dn+delta_dump+below_vwap_v|nk0.5|vm0.8|am_0845_1130,7,0.12,5,0,2,71.4,100.0,7.06,1.46,0.24,117.9
SHORT:below_vwap+poc_reject_dn+delta_dump+below_vwap_v|nk0.5|vm1.2|am_0845_1130,7,0.12,5,0,2,71.4,100.0,7.06,1.46,0.24,117.9
SHORT:below_vwap+poc_reject_dn+delta_dump+below_vwap_v|nk0.8|vm0.8|am_0845_1130,7,0.12,5,0,2,71.4,100.0,7.06,1.46,0.24,117.9
SHORT:below_vwap+poc_reject_dn+delta_dump+below_vwap_v|nk0.8|vm1.2|am_0845_1130,7,0.12,5,0,2,71.4,100.0,7.06,1.46,0.24,117.9
SHORT:below_vwap+poc_reject_dn+delta_dump+cvd_dn_v|nk0.0|vm0.8|am_0845_1130,7,0.12,5,0,2,71.4,100.0,7.06,1.46,0.24,117.9
SHORT:below_vwap+poc_reject_dn+delta_dump+cvd_dn_v|nk0.0|vm1.2|am_0845_1130,7,0.12,5,0,2,71.4,100.0,7.06,1.46,0.24,117.9
SHORT:below_vwap+poc_reject_dn+delta_dump+cvd_dn_v|nk0.5|vm0.8|am_0845_1130,7,0.12,5,0,2,71.4,100.0,7.06,1.46,0.24,117.9
SHORT:below_vwap+poc_reject_dn+delta_dump+cvd_dn_v|nk0.5|vm1.2|am_0845_1130,7,0.12,5,0,2,71.4,100.0,7.06,1.46,0.24,117.9
SHORT:below_vwap+poc_reject_dn+delta_dump+cvd_dn_v|nk0.8|vm0.8|am_0845_1130,7,0.12,5,0,2,71.4,100.0,7.06,1.46,0.24,117.9
SHORT:below_vwap+poc_reject_dn+delta_dump+cvd_dn_v|nk0.8|vm1.2|am_0845_1130,7,0.12,5,0,2,71.4,100.0,7.06,1.46,0.24,117.9
SHORT:below_vwap+poc_reject_dn+weak_close+rvol_thrust_dn|nk0.0|vm0.8|am_0845_1130,7,0.12,5,0,2,71.4,100.0,7.06,1.46,0.24,117.9
SHORT:below_vwap+poc_reject_dn+weak_close+rvol_thrust_dn|nk0.0|vm1.2|am_0845_1130,7,0.12,5,0,2,71.4,100.0,7.06,1.46,0.24,117.9
SHORT:below_vwap+poc_reject_dn+weak_close+rvol_thrust_dn|nk0.5|vm0.8|am_0845_1130,7,0.12,5,0,2,71.4,100.0,7.06,1.46,0.24,117.9
SHORT:below_vwap+poc_reject_dn+weak_close+rvol_thrust_dn|nk0.5|vm1.2|am_0845_1130,7,0.12,5,0,2,71.4,100.0,7.06,1.46,0.24,117.9
SHORT:below_vwap+poc_reject_dn+weak_close+rvol_thrust_dn|nk0.8|vm0.8|am_0845_1130,7,0.12,5,0,2,71.4,100.0,7.06,1.46,0.24,117.9
SHORT:below_vwap+poc_reject_dn+weak_close+rvol_thrust_dn|nk0.8|vm1.2|am_0845_1130,7,0.12,5,0,2,71.4,100.0,7.06,1.46,0.24,117.9
SHORT:below_vwap+poc_reject_dn+weak_close+below_vwap_v|nk0.0|vm0.8|am_0845_1130,7,0.12,5,0,2,71.4,100.0,7.06,1.46,0.24,117.9
SHORT:below_vwap+poc_reject_dn+weak_close+below_vwap_v|nk0.0|vm1.2|am_0845_1130,7,0.12,5,0,2,71.4,100.0,7.06,1.46,0.24,117.9
SHORT:below_vwap+poc_reject_dn+weak_close+below_vwap_v|nk0.5|vm0.8|am_0845_1130,7,0.12,5,0,2,71.4,100.0,7.06,1.46,0.24,117.9
SHORT:below_vwap+poc_reject_dn+weak_close+below_vwap_v|nk0.5|vm1.2|am_0845_1130,7,0.12,5,0,2,71.4,100.0,7.06,1.46,0.24,117.9
SHORT:below_vwap+poc_reject_dn+weak_close+below_vwap_v|nk0.8|vm0.8|am_0845_1130,7,0.12,5,0,2,71.4,100.0,7.06,1.46,0.24,117.9
SHORT:below_vwap+poc_reject_dn+weak_close+below_vwap_v|nk0.8|vm1.2|am_0845_1130,7,0.12,5,0,2,71.4,100.0,7.06,1.46,0.24,117.9
SHORT:below_vwap+poc_reject_dn+rvol_thrust_dn+below_vwap_v|nk0.0|vm0.8|am_0845_1130,7,0.12,5,0,2,71.4,100.0,7.06,1.46,0.24,117.9
SHORT:below_vwap+poc_reject_dn+rvol_thrust_dn+below_vwap_v|nk0.0|vm1.2|am_0845_1130,7,0.12,5,0,2,71.4,100.0,7.06,1.46,0.24,117.9
SHORT:below_vwap+poc_reject_dn+rvol_thrust_dn+below_vwap_v|nk0.5|vm0.8|am_0845_1130,7,0.12,5,0,2,71.4,100.0,7.06,1.46,0.24,117.9
SHORT:below_vwap+poc_reject_dn+rvol_thrust_dn+below_vwap_v|nk0.5|vm1.2|am_0845_1130,7,0.12,5,0,2,71.4,100.0,7.06,1.46,0.24,117.9
SHORT:below_vwap+poc_reject_dn+rvol_thrust_dn+below_vwap_v|nk0.8|vm0.8|am_0845_1130,7,0.12,5,0,2,71.4,100.0,7.06,1.46,0.24,117.9
SHORT:below_vwap+poc_reject_dn+rvol_thrust_dn+below_vwap_v|nk0.8|vm1.2|am_0845_1130,7,0.12,5,0,2,71.4,100.0,7.06,1.46,0.24,117.9
SHORT:below_vwap+poc_reject_dn+rvol_thrust_dn+cvd_dn|nk0.0|vm0.8|am_0845_1130,7,0.12,5,0,2,71.4,100.0,7.06,1.46,0.24,117.9
SHORT:below_vwap+poc_reject_dn+rvol_thrust_dn+cvd_dn|nk0.0|vm1.2|am_0845_1130,7,0.12,5,0,2,71.4,100.0,7.06,1.46,0.24,117.9
SHORT:below_vwap+poc_reject_dn+rvol_thrust_dn+cvd_dn|nk0.5|vm0.8|am_0845_1130,7,0.12,5,0,2,71.4,100.0,7.06,1.46,0.24,117.9
SHORT:below_vwap+poc_reject_dn+rvol_thrust_dn+cvd_dn|nk0.5|vm1.2|am_0845_1130,7,0.12,5,0,2,71.4,100.0,7.06,1.46,0.24,117.9
SHORT:below_vwap+poc_reject_dn+rvol_thrust_dn+cvd_dn|nk0.8|vm0.8|am_0845_1130,7,0.12,5,0,2,71.4,100.0,7.06,1.46,0.24,117.9
SHORT:below_vwap+poc_reject_dn+rvol_thrust_dn+cvd_dn|nk0.8|vm1.2|am_0845_1130,7,0.12,5,0,2,71.4,100.0,7.06,1.46,0.24,117.9
SHORT:below_vwap+poc_reject_dn+rvol_thrust_dn+cvd_dn_v|nk0.0|vm0.8|am_0845_1130,7,0.12,5,0,2,71.4,100.0,7.06,1.46,0.24,117.9
SHORT:below_vwap+poc_reject_dn+rvol_thrust_dn+cvd_dn_v|nk0.0|vm1.2|am_0845_1130,7,0.12,5,0,2,71.4,100.0,7.06,1.46,0.24,117.9
SHORT:below_vwap+poc_reject_dn+rvol_thrust_dn+cvd_dn_v|nk0.5|vm0.8|am_0845_1130,7,0.12,5,0,2,71.4,100.0,7.06,1.46,0.24,117.9
SHORT:below_vwap+poc_reject_dn+rvol_thrust_dn+cvd_dn_v|nk0.5|vm1.2|am_0845_1130,7,0.12,5,0,2,71.4,100.0,7.06,1.46,0.24,117.9
SHORT:below_vwap+poc_reject_dn+rvol_thrust_dn+cvd_dn_v|nk0.8|vm0.8|am_0845_1130,7,0.12,5,0,2,71.4,100.0,7.06,1.46,0.24,117.9
SHORT:below_vwap+poc_reject_dn+rvol_thrust_dn+cvd_dn_v|nk0.8|vm1.2|am_0845_1130,7,0.12,5,0,2,71.4,100.0,7.06,1.46,0.24,117.9
SHORT:below_vwap+adi_dn+r1_reject+cvd_dn_v|nk0.0|vm0.8|am_0845_1130,7,0.12,5,0,2,71.4,100.0,inf,1.61,0.0,96.4
SHORT:below_vwap+adi_dn+r1_reject+cvd_dn_v|nk0.0|vm1.2|am_0845_1130,7,0.12,5,0,2,71.4,100.0,inf,1.61,0.0,96.4
SHORT:below_vwap+adi_dn+r1_reject+cvd_dn_v|nk0.5|vm0.8|am_0845_1130,7,0.12,5,0,2,71.4,100.0,inf,1.61,0.0,96.4
SHORT:below_vwap+adi_dn+r1_reject+cvd_dn_v|nk0.5|vm1.2|am_0845_1130,7,0.12,5,0,2,71.4,100.0,inf,1.61,0.0,96.4
SHORT:below_vwap+adi_dn+r1_reject+cvd_dn_v|nk0.8|vm0.8|am_0845_1130,7,0.12,5,0,2,71.4,100.0,inf,1.61,0.0,96.4
SHORT:below_vwap+adi_dn+r1_reject+cvd_dn_v|nk0.8|vm1.2|am_0845_1130,7,0.12,5,0,2,71.4,100.0,inf,1.61,0.0,96.4
SHORT:below_vwap+r1_reject+weak_close+cvd_dn_v|nk0.0|vm0.8|am_0845_1130,7,0.12,5,0,2,71.4,100.0,inf,1.61,0.0,96.4
SHORT:below_vwap+r1_reject+weak_close+cvd_dn_v|nk0.0|vm1.2|am_0845_1130,7,0.12,5,0,2,71.4,100.0,inf,1.61,0.0,96.4
SHORT:below_vwap+r1_reject+weak_close+cvd_dn_v|nk0.5|vm0.8|am_0845_1130,7,0.12,5,0,2,71.4,100.0,inf,1.61,0.0,96.4
SHORT:below_vwap+r1_reject+weak_close+cvd_dn_v|nk0.5|vm1.2|am_0845_1130,7,0.12,5,0,2,71.4,100.0,inf,1.61,0.0,96.4
SHORT:below_vwap+r1_reject+weak_close+cvd_dn_v|nk0.8|vm0.8|am_0845_1130,7,0.12,5,0,2,71.4,100.0,inf,1.61,0.0,96.4
SHORT:below_vwap+r1_reject+weak_close+cvd_dn_v|nk0.8|vm1.2|am_0845_1130,7,0.12,5,0,2,71.4,100.0,inf,1.61,0.0,96.4
SHORT:below_vwap+r1_reject+cvd_dn+cvd_dn_v|nk0.0|vm0.8|am_0845_1130,7,0.12,5,0,2,71.4,100.0,inf,1.61,0.0,96.4
SHORT:below_vwap+r1_reject+cvd_dn+cvd_dn_v|nk0.0|vm1.2|am_0845_1130,7,0.12,5,0,2,71.4,100.0,inf,1.61,0.0,96.4
SHORT:below_vwap+r1_reject+cvd_dn+cvd_dn_v|nk0.5|vm0.8|am_0845_1130,7,0.12,5,0,2,71.4,100.0,inf,1.61,0.0,96.4
SHORT:below_vwap+r1_reject+cvd_dn+cvd_dn_v|nk0.5|vm1.2|am_0845_1130,7,0.12,5,0,2,71.4,100.0,inf,1.61,0.0,96.4
SHORT:below_vwap+r1_reject+cvd_dn+cvd_dn_v|nk0.8|vm0.8|am_0845_1130,7,0.12,5,0,2,71.4,100.0,inf,1.61,0.0,96.4
SHORT:below_vwap+r1_reject+cvd_dn+cvd_dn_v|nk0.8|vm1.2|am_0845_1130,7,0.12,5,0,2,71.4,100.0,inf,1.61,0.0,96.4
SHORT:below_vwap+macd_x_dn+macd_x_dn_pos+below_vwap_v|nk0.0|vm0.8|am_0845_1130,7,0.12,5,0,2,71.4,100.0,inf,1.71,0.0,112.9
SHORT:below_vwap+macd_x_dn+macd_x_dn_pos+below_vwap_v|nk0.0|vm1.2|am_0845_1130,7,0.12,5,0,2,71.4,100.0,inf,1.71,0.0,112.9
SHORT:below_vwap+macd_x_dn+macd_x_dn_pos+below_vwap_v|nk0.5|vm0.8|am_0845_1130,7,0.12,5,0,2,71.4,100.0,inf,1.71,0.0,112.9
SHORT:below_vwap+macd_x_dn+macd_x_dn_pos+below_vwap_v|nk0.5|vm1.2|am_0845_1130,7,0.12,5,0,2,71.4,100.0,inf,1.71,0.0,112.9
SHORT:below_vwap+macd_x_dn+macd_x_dn_pos+below_vwap_v|nk0.8|vm0.8|am_0845_1130,7,0.12,5,0,2,71.4,100.0,inf,1.71,0.0,112.9
SHORT:below_vwap+macd_x_dn+macd_x_dn_pos+below_vwap_v|nk0.8|vm1.2|am_0845_1130,7,0.12,5,0,2,71.4,100.0,inf,1.71,0.0,112.9
SHORT:below_vwap+macd_x_dn_pos+below_vwap_v+cvd_dn|nk0.0|vm0.8|am_0845_1130,7,0.12,5,0,2,71.4,100.0,inf,1.71,0.0,112.9
SHORT:below_vwap+macd_x_dn_pos+below_vwap_v+cvd_dn|nk0.0|vm1.2|am_0845_1130,7,0.12,5,0,2,71.4,100.0,inf,1.71,0.0,112.9
SHORT:below_vwap+macd_x_dn_pos+below_vwap_v+cvd_dn|nk0.5|vm0.8|am_0845_1130,7,0.12,5,0,2,71.4,100.0,inf,1.71,0.0,112.9
SHORT:below_vwap+macd_x_dn_pos+below_vwap_v+cvd_dn|nk0.5|vm1.2|am_0845_1130,7,0.12,5,0,2,71.4,100.0,inf,1.71,0.0,112.9
SHORT:below_vwap+macd_x_dn_pos+below_vwap_v+cvd_dn|nk0.8|vm0.8|am_0845_1130,7,0.12,5,0,2,71.4,100.0,inf,1.71,0.0,112.9
SHORT:below_vwap+macd_x_dn_pos+below_vwap_v+cvd_dn|nk0.8|vm1.2|am_0845_1130,7,0.12,5,0,2,71.4,100.0,inf,1.71,0.0,112.9
SHORT:below_vwap+macd_x_dn_pos+below_vwap_v+cvd_dn_v|nk0.0|vm0.8|am_0845_1130,7,0.12,5,0,2,71.4,100.0,inf,1.71,0.0,112.9
SHORT:below_vwap+macd_x_dn_pos+below_vwap_v+cvd_dn_v|nk0.0|vm1.2|am_0845_1130,7,0.12,5,0,2,71.4,100.0,inf,1.71,0.0,112.9
SHORT:below_vwap+macd_x_dn_pos+below_vwap_v+cvd_dn_v|nk0.5|vm0.8|am_0845_1130,7,0.12,5,0,2,71.4,100.0,inf,1.71,0.0,112.9
SHORT:below_vwap+macd_x_dn_pos+below_vwap_v+cvd_dn_v|nk0.5|vm1.2|am_0845_1130,7,0.12,5,0,2,71.4,100.0,inf,1.71,0.0,112.9
SHORT:below_vwap+macd_x_dn_pos+below_vwap_v+cvd_dn_v|nk0.8|vm0.8|am_0845_1130,7,0.12,5,0,2,71.4,100.0,inf,1.71,0.0,112.9
SHORT:below_vwap+macd_x_dn_pos+below_vwap_v+cvd_dn_v|nk0.8|vm1.2|am_0845_1130,7,0.12,5,0,2,71.4,100.0,inf,1.71,0.0,112.9
SHORT:below_vwap+vwap_loss_v+mom_ignite_dn+rsi_thrust_dn|nk0.0|vm0.8|full_0845_1400,7,0.12,5,0,2,71.4,100.0,8.47,1.44,0.19,93.6
SHORT:below_vwap+vwap_loss_v+mom_ignite_dn+rsi_thrust_dn|nk0.0|vm1.2|full_0845_1400,7,0.12,5,0,2,71.4,100.0,8.47,1.44,0.19,93.6
SHORT:below_vwap+vwap_loss_v+mom_ignite_dn+rsi_thrust_dn|nk0.5|vm0.8|full_0845_1400,7,0.12,5,0,2,71.4,100.0,8.47,1.44,0.19,93.6
SHORT:below_vwap+vwap_loss_v+mom_ignite_dn+rsi_thrust_dn|nk0.5|vm1.2|full_0845_1400,7,0.12,5,0,2,71.4,100.0,8.47,1.44,0.19,93.6
SHORT:below_vwap+vwap_loss_v+mom_ignite_dn+rsi_thrust_dn|nk0.8|vm0.8|full_0845_1400,7,0.12,5,0,2,71.4,100.0,8.47,1.44,0.19,93.6
SHORT:below_vwap+vwap_loss_v+mom_ignite_dn+rsi_thrust_dn|nk0.8|vm1.2|full_0845_1400,7,0.12,5,0,2,71.4,100.0,8.47,1.44,0.19,93.6
SHORT:poc_reject_dn+adi_dn+delta_dump+rvol_thrust_dn|nk0.0|vm0.8|am_0845_1130,7,0.12,5,0,2,71.4,100.0,7.06,1.46,0.24,117.9
SHORT:poc_reject_dn+adi_dn+delta_dump+rvol_thrust_dn|nk0.0|vm1.2|am_0845_1130,7,0.12,5,0,2,71.4,100.0,7.06,1.46,0.24,117.9
SHORT:poc_reject_dn+adi_dn+delta_dump+rvol_thrust_dn|nk0.5|vm0.8|am_0845_1130,7,0.12,5,0,2,71.4,100.0,7.06,1.46,0.24,117.9
SHORT:poc_reject_dn+adi_dn+delta_dump+rvol_thrust_dn|nk0.5|vm1.2|am_0845_1130,7,0.12,5,0,2,71.4,100.0,7.06,1.46,0.24,117.9
SHORT:poc_reject_dn+adi_dn+delta_dump+rvol_thrust_dn|nk0.8|vm0.8|am_0845_1130,7,0.12,5,0,2,71.4,100.0,7.06,1.46,0.24,117.9
SHORT:poc_reject_dn+adi_dn+delta_dump+rvol_thrust_dn|nk0.8|vm1.2|am_0845_1130,7,0.12,5,0,2,71.4,100.0,7.06,1.46,0.24,117.9
SHORT:poc_reject_dn+adi_dn+delta_dump+below_vwap_v|nk0.0|vm0.8|am_0845_1130,7,0.12,5,0,2,71.4,100.0,7.06,1.46,0.24,117.9
SHORT:poc_reject_dn+adi_dn+delta_dump+below_vwap_v|nk0.0|vm1.2|am_0845_1130,7,0.12,5,0,2,71.4,100.0,7.06,1.46,0.24,117.9
SHORT:poc_reject_dn+adi_dn+delta_dump+below_vwap_v|nk0.5|vm0.8|am_0845_1130,7,0.12,5,0,2,71.4,100.0,7.06,1.46,0.24,117.9
SHORT:poc_reject_dn+adi_dn+delta_dump+below_vwap_v|nk0.5|vm1.2|am_0845_1130,7,0.12,5,0,2,71.4,100.0,7.06,1.46,0.24,117.9
SHORT:poc_reject_dn+adi_dn+delta_dump+below_vwap_v|nk0.8|vm0.8|am_0845_1130,7,0.12,5,0,2,71.4,100.0,7.06,1.46,0.24,117.9
SHORT:poc_reject_dn+adi_dn+delta_dump+below_vwap_v|nk0.8|vm1.2|am_0845_1130,7,0.12,5,0,2,71.4,100.0,7.06,1.46,0.24,117.9
SHORT:poc_reject_dn+adi_dn+delta_dump+cvd_dn_v|nk0.0|vm0.8|am_0845_1130,7,0.12,5,0,2,71.4,100.0,7.06,1.46,0.24,117.9
SHORT:poc_reject_dn+adi_dn+delta_dump+cvd_dn_v|nk0.0|vm1.2|am_0845_1130,7,0.12,5,0,2,71.4,100.0,7.06,1.46,0.24,117.9
SHORT:poc_reject_dn+adi_dn+delta_dump+cvd_dn_v|nk0.5|vm0.8|am_0845_1130,7,0.12,5,0,2,71.4,100.0,7.06,1.46,0.24,117.9
SHORT:poc_reject_dn+adi_dn+delta_dump+cvd_dn_v|nk0.5|vm1.2|am_0845_1130,7,0.12,5,0,2,71.4,100.0,7.06,1.46,0.24,117.9
SHORT:poc_reject_dn+adi_dn+delta_dump+cvd_dn_v|nk0.8|vm0.8|am_0845_1130,7,0.12,5,0,2,71.4,100.0,7.06,1.46,0.24,117.9
SHORT:poc_reject_dn+adi_dn+delta_dump+cvd_dn_v|nk0.8|vm1.2|am_0845_1130,7,0.12,5,0,2,71.4,100.0,7.06,1.46,0.24,117.9
SHORT:poc_reject_dn+adi_dn+weak_close+rvol_thrust_dn|nk0.0|vm0.8|am_0845_1130,7,0.12,5,0,2,71.4,100.0,7.06,1.46,0.24,117.9
SHORT:poc_reject_dn+adi_dn+weak_close+rvol_thrust_dn|nk0.0|vm1.2|am_0845_1130,7,0.12,5,0,2,71.4,100.0,7.06,1.46,0.24,117.9
SHORT:poc_reject_dn+adi_dn+weak_close+rvol_thrust_dn|nk0.5|vm0.8|am_0845_1130,7,0.12,5,0,2,71.4,100.0,7.06,1.46,0.24,117.9
SHORT:poc_reject_dn+adi_dn+weak_close+rvol_thrust_dn|nk0.5|vm1.2|am_0845_1130,7,0.12,5,0,2,71.4,100.0,7.06,1.46,0.24,117.9
SHORT:poc_reject_dn+adi_dn+weak_close+rvol_thrust_dn|nk0.8|vm0.8|am_0845_1130,7,0.12,5,0,2,71.4,100.0,7.06,1.46,0.24,117.9
SHORT:poc_reject_dn+adi_dn+weak_close+rvol_thrust_dn|nk0.8|vm1.2|am_0845_1130,7,0.12,5,0,2,71.4,100.0,7.06,1.46,0.24,117.9
SHORT:poc_reject_dn+adi_dn+weak_close+below_vwap_v|nk0.0|vm0.8|am_0845_1130,7,0.12,5,0,2,71.4,100.0,7.06,1.46,0.24,117.9
SHORT:poc_reject_dn+adi_dn+weak_close+below_vwap_v|nk0.0|vm1.2|am_0845_1130,7,0.12,5,0,2,71.4,100.0,7.06,1.46,0.24,117.9
SHORT:poc_reject_dn+adi_dn+weak_close+below_vwap_v|nk0.5|vm0.8|am_0845_1130,7,0.12,5,0,2,71.4,100.0,7.06,1.46,0.24,117.9
SHORT:poc_reject_dn+adi_dn+weak_close+below_vwap_v|nk0.5|vm1.2|am_0845_1130,7,0.12,5,0,2,71.4,100.0,7.06,1.46,0.24,117.9
SHORT:poc_reject_dn+adi_dn+weak_close+below_vwap_v|nk0.8|vm0.8|am_0845_1130,7,0.12,5,0,2,71.4,100.0,7.06,1.46,0.24,117.9
SHORT:poc_reject_dn+adi_dn+weak_close+below_vwap_v|nk0.8|vm1.2|am_0845_1130,7,0.12,5,0,2,71.4,100.0,7.06,1.46,0.24,117.9
SHORT:poc_reject_dn+adi_dn+rvol_thrust_dn+below_vwap_v|nk0.0|vm0.8|am_0845_1130,7,0.12,5,0,2,71.4,100.0,7.06,1.46,0.24,117.9
SHORT:poc_reject_dn+adi_dn+rvol_thrust_dn+below_vwap_v|nk0.0|vm1.2|am_0845_1130,7,0.12,5,0,2,71.4,100.0,7.06,1.46,0.24,117.9
SHORT:poc_reject_dn+adi_dn+rvol_thrust_dn+below_vwap_v|nk0.5|vm0.8|am_0845_1130,7,0.12,5,0,2,71.4,100.0,7.06,1.46,0.24,117.9
SHORT:poc_reject_dn+adi_dn+rvol_thrust_dn+below_vwap_v|nk0.5|vm1.2|am_0845_1130,7,0.12,5,0,2,71.4,100.0,7.06,1.46,0.24,117.9
SHORT:poc_reject_dn+adi_dn+rvol_thrust_dn+below_vwap_v|nk0.8|vm0.8|am_0845_1130,7,0.12,5,0,2,71.4,100.0,7.06,1.46,0.24,117.9
SHORT:poc_reject_dn+adi_dn+rvol_thrust_dn+below_vwap_v|nk0.8|vm1.2|am_0845_1130,7,0.12,5,0,2,71.4,100.0,7.06,1.46,0.24,117.9
SHORT:poc_reject_dn+adi_dn+rvol_thrust_dn+cvd_dn|nk0.0|vm0.8|am_0845_1130,7,0.12,5,0,2,71.4,100.0,7.06,1.46,0.24,117.9
SHORT:poc_reject_dn+adi_dn+rvol_thrust_dn+cvd_dn|nk0.0|vm1.2|am_0845_1130,7,0.12,5,0,2,71.4,100.0,7.06,1.46,0.24,117.9
SHORT:poc_reject_dn+adi_dn+rvol_thrust_dn+cvd_dn|nk0.5|vm0.8|am_0845_1130,7,0.12,5,0,2,71.4,100.0,7.06,1.46,0.24,117.9
SHORT:poc_reject_dn+adi_dn+rvol_thrust_dn+cvd_dn|nk0.5|vm1.2|am_0845_1130,7,0.12,5,0,2,71.4,100.0,7.06,1.46,0.24,117.9
SHORT:poc_reject_dn+adi_dn+rvol_thrust_dn+cvd_dn|nk0.8|vm0.8|am_0845_1130,7,0.12,5,0,2,71.4,100.0,7.06,1.46,0.24,117.9
SHORT:poc_reject_dn+adi_dn+rvol_thrust_dn+cvd_dn|nk0.8|vm1.2|am_0845_1130,7,0.12,5,0,2,71.4,100.0,7.06,1.46,0.24,117.9
SHORT:poc_reject_dn+adi_dn+rvol_thrust_dn+cvd_dn_v|nk0.0|vm0.8|am_0845_1130,7,0.12,5,0,2,71.4,100.0,7.06,1.46,0.24,117.9
SHORT:poc_reject_dn+adi_dn+rvol_thrust_dn+cvd_dn_v|nk0.0|vm1.2|am_0845_1130,7,0.12,5,0,2,71.4,100.0,7.06,1.46,0.24,117.9
SHORT:poc_reject_dn+adi_dn+rvol_thrust_dn+cvd_dn_v|nk0.5|vm0.8|am_0845_1130,7,0.12,5,0,2,71.4,100.0,7.06,1.46,0.24,117.9
SHORT:poc_reject_dn+adi_dn+rvol_thrust_dn+cvd_dn_v|nk0.5|vm1.2|am_0845_1130,7,0.12,5,0,2,71.4,100.0,7.06,1.46,0.24,117.9
SHORT:poc_reject_dn+adi_dn+rvol_thrust_dn+cvd_dn_v|nk0.8|vm0.8|am_0845_1130,7,0.12,5,0,2,71.4,100.0,7.06,1.46,0.24,117.9
SHORT:poc_reject_dn+adi_dn+rvol_thrust_dn+cvd_dn_v|nk0.8|vm1.2|am_0845_1130,7,0.12,5,0,2,71.4,100.0,7.06,1.46,0.24,117.9
SHORT:poc_reject_dn+delta_dump+weak_close+rvol_thrust_dn|nk0.0|vm0.8|am_0845_1130,7,0.12,5,0,2,71.4,100.0,7.06,1.46,0.24,117.9
SHORT:poc_reject_dn+delta_dump+weak_close+rvol_thrust_dn|nk0.0|vm1.2|am_0845_1130,7,0.12,5,0,2,71.4,100.0,7.06,1.46,0.24,117.9
SHORT:poc_reject_dn+delta_dump+weak_close+rvol_thrust_dn|nk0.5|vm0.8|am_0845_1130,7,0.12,5,0,2,71.4,100.0,7.06,1.46,0.24,117.9
SHORT:poc_reject_dn+delta_dump+weak_close+rvol_thrust_dn|nk0.5|vm1.2|am_0845_1130,7,0.12,5,0,2,71.4,100.0,7.06,1.46,0.24,117.9
SHORT:poc_reject_dn+delta_dump+weak_close+rvol_thrust_dn|nk0.8|vm0.8|am_0845_1130,7,0.12,5,0,2,71.4,100.0,7.06,1.46,0.24,117.9
SHORT:poc_reject_dn+delta_dump+weak_close+rvol_thrust_dn|nk0.8|vm1.2|am_0845_1130,7,0.12,5,0,2,71.4,100.0,7.06,1.46,0.24,117.9
SHORT:poc_reject_dn+delta_dump+weak_close+below_vwap_v|nk0.0|vm0.8|am_0845_1130,7,0.12,5,0,2,71.4,100.0,7.06,1.46,0.24,117.9
SHORT:poc_reject_dn+delta_dump+weak_close+below_vwap_v|nk0.0|vm1.2|am_0845_1130,7,0.12,5,0,2,71.4,100.0,7.06,1.46,0.24,117.9
SHORT:poc_reject_dn+delta_dump+weak_close+below_vwap_v|nk0.5|vm0.8|am_0845_1130,7,0.12,5,0,2,71.4,100.0,7.06,1.46,0.24,117.9
SHORT:poc_reject_dn+delta_dump+weak_close+below_vwap_v|nk0.5|vm1.2|am_0845_1130,7,0.12,5,0,2,71.4,100.0,7.06,1.46,0.24,117.9
SHORT:poc_reject_dn+delta_dump+weak_close+below_vwap_v|nk0.8|vm0.8|am_0845_1130,7,0.12,5,0,2,71.4,100.0,7.06,1.46,0.24,117.9
SHORT:poc_reject_dn+delta_dump+weak_close+below_vwap_v|nk0.8|vm1.2|am_0845_1130,7,0.12,5,0,2,71.4,100.0,7.06,1.46,0.24,117.9
SHORT:poc_reject_dn+delta_dump+weak_close+cvd_dn_v|nk0.0|vm0.8|am_0845_1130,7,0.12,5,0,2,71.4,100.0,7.06,1.46,0.24,117.9
SHORT:poc_reject_dn+delta_dump+weak_close+cvd_dn_v|nk0.0|vm1.2|am_0845_1130,7,0.12,5,0,2,71.4,100.0,7.06,1.46,0.24,117.9
SHORT:poc_reject_dn+delta_dump+weak_close+cvd_dn_v|nk0.5|vm0.8|am_0845_1130,7,0.12,5,0,2,71.4,100.0,7.06,1.46,0.24,117.9
SHORT:poc_reject_dn+delta_dump+weak_close+cvd_dn_v|nk0.5|vm1.2|am_0845_1130,7,0.12,5,0,2,71.4,100.0,7.06,1.46,0.24,117.9
SHORT:poc_reject_dn+delta_dump+weak_close+cvd_dn_v|nk0.8|vm0.8|am_0845_1130,7,0.12,5,0,2,71.4,100.0,7.06,1.46,0.24,117.9
SHORT:poc_reject_dn+delta_dump+weak_close+cvd_dn_v|nk0.8|vm1.2|am_0845_1130,7,0.12,5,0,2,71.4,100.0,7.06,1.46,0.24,117.9
SHORT:poc_reject_dn+delta_dump+rvol_thrust_dn+below_vwap_v|nk0.0|vm0.8|am_0845_1130,7,0.12,5,0,2,71.4,100.0,7.06,1.46,0.24,117.9
SHORT:poc_reject_dn+delta_dump+rvol_thrust_dn+below_vwap_v|nk0.0|vm1.2|am_0845_1130,7,0.12,5,0,2,71.4,100.0,7.06,1.46,0.24,117.9
SHORT:poc_reject_dn+delta_dump+rvol_thrust_dn+below_vwap_v|nk0.5|vm0.8|am_0845_1130,7,0.12,5,0,2,71.4,100.0,7.06,1.46,0.24,117.9
SHORT:poc_reject_dn+delta_dump+rvol_thrust_dn+below_vwap_v|nk0.5|vm1.2|am_0845_1130,7,0.12,5,0,2,71.4,100.0,7.06,1.46,0.24,117.9
SHORT:poc_reject_dn+delta_dump+rvol_thrust_dn+below_vwap_v|nk0.8|vm0.8|am_0845_1130,7,0.12,5,0,2,71.4,100.0,7.06,1.46,0.24,117.9
SHORT:poc_reject_dn+delta_dump+rvol_thrust_dn+below_vwap_v|nk0.8|vm1.2|am_0845_1130,7,0.12,5,0,2,71.4,100.0,7.06,1.46,0.24,117.9
SHORT:poc_reject_dn+delta_dump+rvol_thrust_dn+cvd_dn|nk0.0|vm0.8|am_0845_1130,7,0.12,5,0,2,71.4,100.0,7.06,1.46,0.24,117.9
SHORT:poc_reject_dn+delta_dump+rvol_thrust_dn+cvd_dn|nk0.0|vm1.2|am_0845_1130,7,0.12,5,0,2,71.4,100.0,7.06,1.46,0.24,117.9
SHORT:poc_reject_dn+delta_dump+rvol_thrust_dn+cvd_dn|nk0.5|vm0.8|am_0845_1130,7,0.12,5,0,2,71.4,100.0,7.06,1.46,0.24,117.9
SHORT:poc_reject_dn+delta_dump+rvol_thrust_dn+cvd_dn|nk0.5|vm1.2|am_0845_1130,7,0.12,5,0,2,71.4,100.0,7.06,1.46,0.24,117.9
SHORT:poc_reject_dn+delta_dump+rvol_thrust_dn+cvd_dn|nk0.8|vm0.8|am_0845_1130,7,0.12,5,0,2,71.4,100.0,7.06,1.46,0.24,117.9
SHORT:poc_reject_dn+delta_dump+rvol_thrust_dn+cvd_dn|nk0.8|vm1.2|am_0845_1130,7,0.12,5,0,2,71.4,100.0,7.06,1.46,0.24,117.9
SHORT:poc_reject_dn+delta_dump+rvol_thrust_dn+cvd_dn_v|nk0.0|vm0.8|am_0845_1130,7,0.12,5,0,2,71.4,100.0,7.06,1.46,0.24,117.9
SHORT:poc_reject_dn+delta_dump+rvol_thrust_dn+cvd_dn_v|nk0.0|vm1.2|am_0845_1130,7,0.12,5,0,2,71.4,100.0,7.06,1.46,0.24,117.9
SHORT:poc_reject_dn+delta_dump+rvol_thrust_dn+cvd_dn_v|nk0.5|vm0.8|am_0845_1130,7,0.12,5,0,2,71.4,100.0,7.06,1.46,0.24,117.9
SHORT:poc_reject_dn+delta_dump+rvol_thrust_dn+cvd_dn_v|nk0.5|vm1.2|am_0845_1130,7,0.12,5,0,2,71.4,100.0,7.06,1.46,0.24,117.9
SHORT:poc_reject_dn+delta_dump+rvol_thrust_dn+cvd_dn_v|nk0.8|vm0.8|am_0845_1130,7,0.12,5,0,2,71.4,100.0,7.06,1.46,0.24,117.9
SHORT:poc_reject_dn+delta_dump+rvol_thrust_dn+cvd_dn_v|nk0.8|vm1.2|am_0845_1130,7,0.12,5,0,2,71.4,100.0,7.06,1.46,0.24,117.9
SHORT:poc_reject_dn+delta_dump+below_vwap_v+cvd_dn|nk0.0|vm0.8|am_0845_1130,7,0.12,5,0,2,71.4,100.0,7.06,1.46,0.24,117.9
SHORT:poc_reject_dn+delta_dump+below_vwap_v+cvd_dn|nk0.0|vm1.2|am_0845_1130,7,0.12,5,0,2,71.4,100.0,7.06,1.46,0.24,117.9
SHORT:poc_reject_dn+delta_dump+below_vwap_v+cvd_dn|nk0.5|vm0.8|am_0845_1130,7,0.12,5,0,2,71.4,100.0,7.06,1.46,0.24,117.9
SHORT:poc_reject_dn+delta_dump+below_vwap_v+cvd_dn|nk0.5|vm1.2|am_0845_1130,7,0.12,5,0,2,71.4,100.0,7.06,1.46,0.24,117.9
SHORT:poc_reject_dn+delta_dump+below_vwap_v+cvd_dn|nk0.8|vm0.8|am_0845_1130,7,0.12,5,0,2,71.4,100.0,7.06,1.46,0.24,117.9
SHORT:poc_reject_dn+delta_dump+below_vwap_v+cvd_dn|nk0.8|vm1.2|am_0845_1130,7,0.12,5,0,2,71.4,100.0,7.06,1.46,0.24,117.9
SHORT:poc_reject_dn+delta_dump+below_vwap_v+cvd_dn_v|nk0.0|vm0.8|am_0845_1130,7,0.12,5,0,2,71.4,100.0,7.06,1.46,0.24,117.9
SHORT:poc_reject_dn+delta_dump+below_vwap_v+cvd_dn_v|nk0.0|vm1.2|am_0845_1130,7,0.12,5,0,2,71.4,100.0,7.06,1.46,0.24,117.9
SHORT:poc_reject_dn+delta_dump+below_vwap_v+cvd_dn_v|nk0.5|vm0.8|am_0845_1130,7,0.12,5,0,2,71.4,100.0,7.06,1.46,0.24,117.9
SHORT:poc_reject_dn+delta_dump+below_vwap_v+cvd_dn_v|nk0.5|vm1.2|am_0845_1130,7,0.12,5,0,2,71.4,100.0,7.06,1.46,0.24,117.9
SHORT:poc_reject_dn+delta_dump+below_vwap_v+cvd_dn_v|nk0.8|vm0.8|am_0845_1130,7,0.12,5,0,2,71.4,100.0,7.06,1.46,0.24,117.9
SHORT:poc_reject_dn+delta_dump+below_vwap_v+cvd_dn_v|nk0.8|vm1.2|am_0845_1130,7,0.12,5,0,2,71.4,100.0,7.06,1.46,0.24,117.9
SHORT:poc_reject_dn+delta_dump+cvd_dn+cvd_dn_v|nk0.0|vm0.8|am_0845_1130,7,0.12,5,0,2,71.4,100.0,7.06,1.46,0.24,117.9
SHORT:poc_reject_dn+delta_dump+cvd_dn+cvd_dn_v|nk0.0|vm1.2|am_0845_1130,7,0.12,5,0,2,71.4,100.0,7.06,1.46,0.24,117.9
SHORT:poc_reject_dn+delta_dump+cvd_dn+cvd_dn_v|nk0.5|vm0.8|am_0845_1130,7,0.12,5,0,2,71.4,100.0,7.06,1.46,0.24,117.9
SHORT:poc_reject_dn+delta_dump+cvd_dn+cvd_dn_v|nk0.5|vm1.2|am_0845_1130,7,0.12,5,0,2,71.4,100.0,7.06,1.46,0.24,117.9
SHORT:poc_reject_dn+delta_dump+cvd_dn+cvd_dn_v|nk0.8|vm0.8|am_0845_1130,7,0.12,5,0,2,71.4,100.0,7.06,1.46,0.24,117.9
SHORT:poc_reject_dn+delta_dump+cvd_dn+cvd_dn_v|nk0.8|vm1.2|am_0845_1130,7,0.12,5,0,2,71.4,100.0,7.06,1.46,0.24,117.9
SHORT:poc_reject_dn+weak_close+rvol_thrust_dn+below_vwap_v|nk0.0|vm0.8|am_0845_1130,7,0.12,5,0,2,71.4,100.0,7.06,1.46,0.24,117.9
SHORT:poc_reject_dn+weak_close+rvol_thrust_dn+below_vwap_v|nk0.0|vm1.2|am_0845_1130,7,0.12,5,0,2,71.4,100.0,7.06,1.46,0.24,117.9
SHORT:poc_reject_dn+weak_close+rvol_thrust_dn+below_vwap_v|nk0.5|vm0.8|am_0845_1130,7,0.12,5,0,2,71.4,100.0,7.06,1.46,0.24,117.9
SHORT:poc_reject_dn+weak_close+rvol_thrust_dn+below_vwap_v|nk0.5|vm1.2|am_0845_1130,7,0.12,5,0,2,71.4,100.0,7.06,1.46,0.24,117.9
SHORT:poc_reject_dn+weak_close+rvol_thrust_dn+below_vwap_v|nk0.8|vm0.8|am_0845_1130,7,0.12,5,0,2,71.4,100.0,7.06,1.46,0.24,117.9
SHORT:poc_reject_dn+weak_close+rvol_thrust_dn+below_vwap_v|nk0.8|vm1.2|am_0845_1130,7,0.12,5,0,2,71.4,100.0,7.06,1.46,0.24,117.9
SHORT:poc_reject_dn+weak_close+rvol_thrust_dn+cvd_dn|nk0.0|vm0.8|am_0845_1130,7,0.12,5,0,2,71.4,100.0,7.06,1.46,0.24,117.9
SHORT:poc_reject_dn+weak_close+rvol_thrust_dn+cvd_dn|nk0.0|vm1.2|am_0845_1130,7,0.12,5,0,2,71.4,100.0,7.06,1.46,0.24,117.9
SHORT:poc_reject_dn+weak_close+rvol_thrust_dn+cvd_dn|nk0.5|vm0.8|am_0845_1130,7,0.12,5,0,2,71.4,100.0,7.06,1.46,0.24,117.9
SHORT:poc_reject_dn+weak_close+rvol_thrust_dn+cvd_dn|nk0.5|vm1.2|am_0845_1130,7,0.12,5,0,2,71.4,100.0,7.06,1.46,0.24,117.9
SHORT:poc_reject_dn+weak_close+rvol_thrust_dn+cvd_dn|nk0.8|vm0.8|am_0845_1130,7,0.12,5,0,2,71.4,100.0,7.06,1.46,0.24,117.9
SHORT:poc_reject_dn+weak_close+rvol_thrust_dn+cvd_dn|nk0.8|vm1.2|am_0845_1130,7,0.12,5,0,2,71.4,100.0,7.06,1.46,0.24,117.9
SHORT:poc_reject_dn+weak_close+rvol_thrust_dn+cvd_dn_v|nk0.0|vm0.8|am_0845_1130,7,0.12,5,0,2,71.4,100.0,7.06,1.46,0.24,117.9
SHORT:poc_reject_dn+weak_close+rvol_thrust_dn+cvd_dn_v|nk0.0|vm1.2|am_0845_1130,7,0.12,5,0,2,71.4,100.0,7.06,1.46,0.24,117.9
SHORT:poc_reject_dn+weak_close+rvol_thrust_dn+cvd_dn_v|nk0.5|vm0.8|am_0845_1130,7,0.12,5,0,2,71.4,100.0,7.06,1.46,0.24,117.9
SHORT:poc_reject_dn+weak_close+rvol_thrust_dn+cvd_dn_v|nk0.5|vm1.2|am_0845_1130,7,0.12,5,0,2,71.4,100.0,7.06,1.46,0.24,117.9
SHORT:poc_reject_dn+weak_close+rvol_thrust_dn+cvd_dn_v|nk0.8|vm0.8|am_0845_1130,7,0.12,5,0,2,71.4,100.0,7.06,1.46,0.24,117.9
SHORT:poc_reject_dn+weak_close+rvol_thrust_dn+cvd_dn_v|nk0.8|vm1.2|am_0845_1130,7,0.12,5,0,2,71.4,100.0,7.06,1.46,0.24,117.9
SHORT:poc_reject_dn+weak_close+below_vwap_v+cvd_dn|nk0.0|vm0.8|am_0845_1130,7,0.12,5,0,2,71.4,100.0,7.06,1.46,0.24,117.9
SHORT:poc_reject_dn+weak_close+below_vwap_v+cvd_dn|nk0.0|vm1.2|am_0845_1130,7,0.12,5,0,2,71.4,100.0,7.06,1.46,0.24,117.9
SHORT:poc_reject_dn+weak_close+below_vwap_v+cvd_dn|nk0.5|vm0.8|am_0845_1130,7,0.12,5,0,2,71.4,100.0,7.06,1.46,0.24,117.9
SHORT:poc_reject_dn+weak_close+below_vwap_v+cvd_dn|nk0.5|vm1.2|am_0845_1130,7,0.12,5,0,2,71.4,100.0,7.06,1.46,0.24,117.9
SHORT:poc_reject_dn+weak_close+below_vwap_v+cvd_dn|nk0.8|vm0.8|am_0845_1130,7,0.12,5,0,2,71.4,100.0,7.06,1.46,0.24,117.9
SHORT:poc_reject_dn+weak_close+below_vwap_v+cvd_dn|nk0.8|vm1.2|am_0845_1130,7,0.12,5,0,2,71.4,100.0,7.06,1.46,0.24,117.9
SHORT:poc_reject_dn+weak_close+below_vwap_v+cvd_dn_v|nk0.0|vm0.8|am_0845_1130,7,0.12,5,0,2,71.4,100.0,7.06,1.46,0.24,117.9
SHORT:poc_reject_dn+weak_close+below_vwap_v+cvd_dn_v|nk0.0|vm1.2|am_0845_1130,7,0.12,5,0,2,71.4,100.0,7.06,1.46,0.24,117.9
SHORT:poc_reject_dn+weak_close+below_vwap_v+cvd_dn_v|nk0.5|vm0.8|am_0845_1130,7,0.12,5,0,2,71.4,100.0,7.06,1.46,0.24,117.9
SHORT:poc_reject_dn+weak_close+below_vwap_v+cvd_dn_v|nk0.5|vm1.2|am_0845_1130,7,0.12,5,0,2,71.4,100.0,7.06,1.46,0.24,117.9
SHORT:poc_reject_dn+weak_close+below_vwap_v+cvd_dn_v|nk0.8|vm0.8|am_0845_1130,7,0.12,5,0,2,71.4,100.0,7.06,1.46,0.24,117.9
SHORT:poc_reject_dn+weak_close+below_vwap_v+cvd_dn_v|nk0.8|vm1.2|am_0845_1130,7,0.12,5,0,2,71.4,100.0,7.06,1.46,0.24,117.9
SHORT:poc_reject_dn+rvol_thrust_dn+below_vwap_v+cvd_dn|nk0.0|vm0.8|am_0845_1130,7,0.12,5,0,2,71.4,100.0,7.06,1.46,0.24,117.9
SHORT:poc_reject_dn+rvol_thrust_dn+below_vwap_v+cvd_dn|nk0.0|vm1.2|am_0845_1130,7,0.12,5,0,2,71.4,100.0,7.06,1.46,0.24,117.9
SHORT:poc_reject_dn+rvol_thrust_dn+below_vwap_v+cvd_dn|nk0.5|vm0.8|am_0845_1130,7,0.12,5,0,2,71.4,100.0,7.06,1.46,0.24,117.9
SHORT:poc_reject_dn+rvol_thrust_dn+below_vwap_v+cvd_dn|nk0.5|vm1.2|am_0845_1130,7,0.12,5,0,2,71.4,100.0,7.06,1.46,0.24,117.9
SHORT:poc_reject_dn+rvol_thrust_dn+below_vwap_v+cvd_dn|nk0.8|vm0.8|am_0845_1130,7,0.12,5,0,2,71.4,100.0,7.06,1.46,0.24,117.9
SHORT:poc_reject_dn+rvol_thrust_dn+below_vwap_v+cvd_dn|nk0.8|vm1.2|am_0845_1130,7,0.12,5,0,2,71.4,100.0,7.06,1.46,0.24,117.9
SHORT:poc_reject_dn+rvol_thrust_dn+below_vwap_v+cvd_dn_v|nk0.0|vm0.8|am_0845_1130,7,0.12,5,0,2,71.4,100.0,7.06,1.46,0.24,117.9
SHORT:poc_reject_dn+rvol_thrust_dn+below_vwap_v+cvd_dn_v|nk0.0|vm1.2|am_0845_1130,7,0.12,5,0,2,71.4,100.0,7.06,1.46,0.24,117.9
SHORT:poc_reject_dn+rvol_thrust_dn+below_vwap_v+cvd_dn_v|nk0.5|vm0.8|am_0845_1130,7,0.12,5,0,2,71.4,100.0,7.06,1.46,0.24,117.9
SHORT:poc_reject_dn+rvol_thrust_dn+below_vwap_v+cvd_dn_v|nk0.5|vm1.2|am_0845_1130,7,0.12,5,0,2,71.4,100.0,7.06,1.46,0.24,117.9
SHORT:poc_reject_dn+rvol_thrust_dn+below_vwap_v+cvd_dn_v|nk0.8|vm0.8|am_0845_1130,7,0.12,5,0,2,71.4,100.0,7.06,1.46,0.24,117.9
SHORT:poc_reject_dn+rvol_thrust_dn+below_vwap_v+cvd_dn_v|nk0.8|vm1.2|am_0845_1130,7,0.12,5,0,2,71.4,100.0,7.06,1.46,0.24,117.9
SHORT:poc_reject_dn+rvol_thrust_dn+cvd_dn+cvd_dn_v|nk0.0|vm0.8|am_0845_1130,7,0.12,5,0,2,71.4,100.0,7.06,1.46,0.24,117.9
SHORT:poc_reject_dn+rvol_thrust_dn+cvd_dn+cvd_dn_v|nk0.0|vm1.2|am_0845_1130,7,0.12,5,0,2,71.4,100.0,7.06,1.46,0.24,117.9
SHORT:poc_reject_dn+rvol_thrust_dn+cvd_dn+cvd_dn_v|nk0.5|vm0.8|am_0845_1130,7,0.12,5,0,2,71.4,100.0,7.06,1.46,0.24,117.9
SHORT:poc_reject_dn+rvol_thrust_dn+cvd_dn+cvd_dn_v|nk0.5|vm1.2|am_0845_1130,7,0.12,5,0,2,71.4,100.0,7.06,1.46,0.24,117.9
SHORT:poc_reject_dn+rvol_thrust_dn+cvd_dn+cvd_dn_v|nk0.8|vm0.8|am_0845_1130,7,0.12,5,0,2,71.4,100.0,7.06,1.46,0.24,117.9
SHORT:poc_reject_dn+rvol_thrust_dn+cvd_dn+cvd_dn_v|nk0.8|vm1.2|am_0845_1130,7,0.12,5,0,2,71.4,100.0,7.06,1.46,0.24,117.9
SHORT:adi_dn+r1_reject+weak_close+cvd_dn_v|nk0.0|vm0.8|am_0845_1130,7,0.12,5,0,2,71.4,100.0,inf,1.61,0.0,96.4
SHORT:adi_dn+r1_reject+weak_close+cvd_dn_v|nk0.0|vm1.2|am_0845_1130,7,0.12,5,0,2,71.4,100.0,inf,1.61,0.0,96.4
SHORT:adi_dn+r1_reject+weak_close+cvd_dn_v|nk0.5|vm0.8|am_0845_1130,7,0.12,5,0,2,71.4,100.0,inf,1.61,0.0,96.4
SHORT:adi_dn+r1_reject+weak_close+cvd_dn_v|nk0.5|vm1.2|am_0845_1130,7,0.12,5,0,2,71.4,100.0,inf,1.61,0.0,96.4
SHORT:adi_dn+r1_reject+weak_close+cvd_dn_v|nk0.8|vm0.8|am_0845_1130,7,0.12,5,0,2,71.4,100.0,inf,1.61,0.0,96.4
SHORT:adi_dn+r1_reject+weak_close+cvd_dn_v|nk0.8|vm1.2|am_0845_1130,7,0.12,5,0,2,71.4,100.0,inf,1.61,0.0,96.4
SHORT:adi_dn+r1_reject+cvd_dn+cvd_dn_v|nk0.0|vm0.8|am_0845_1130,7,0.12,5,0,2,71.4,100.0,inf,1.61,0.0,96.4
SHORT:adi_dn+r1_reject+cvd_dn+cvd_dn_v|nk0.0|vm1.2|am_0845_1130,7,0.12,5,0,2,71.4,100.0,inf,1.61,0.0,96.4
SHORT:adi_dn+r1_reject+cvd_dn+cvd_dn_v|nk0.5|vm0.8|am_0845_1130,7,0.12,5,0,2,71.4,100.0,inf,1.61,0.0,96.4
SHORT:adi_dn+r1_reject+cvd_dn+cvd_dn_v|nk0.5|vm1.2|am_0845_1130,7,0.12,5,0,2,71.4,100.0,inf,1.61,0.0,96.4
SHORT:adi_dn+r1_reject+cvd_dn+cvd_dn_v|nk0.8|vm0.8|am_0845_1130,7,0.12,5,0,2,71.4,100.0,inf,1.61,0.0,96.4
SHORT:adi_dn+r1_reject+cvd_dn+cvd_dn_v|nk0.8|vm1.2|am_0845_1130,7,0.12,5,0,2,71.4,100.0,inf,1.61,0.0,96.4
SHORT:adi_dn+vwap_loss_v+mom_ignite_dn+rsi_thrust_dn|nk0.0|vm0.8|full_0845_1400,7,0.12,5,0,2,71.4,100.0,8.47,1.44,0.19,93.6
SHORT:adi_dn+vwap_loss_v+mom_ignite_dn+rsi_thrust_dn|nk0.0|vm1.2|full_0845_1400,7,0.12,5,0,2,71.4,100.0,8.47,1.44,0.19,93.6
SHORT:adi_dn+vwap_loss_v+mom_ignite_dn+rsi_thrust_dn|nk0.5|vm0.8|full_0845_1400,7,0.12,5,0,2,71.4,100.0,8.47,1.44,0.19,93.6
SHORT:adi_dn+vwap_loss_v+mom_ignite_dn+rsi_thrust_dn|nk0.5|vm1.2|full_0845_1400,7,0.12,5,0,2,71.4,100.0,8.47,1.44,0.19,93.6
SHORT:adi_dn+vwap_loss_v+mom_ignite_dn+rsi_thrust_dn|nk0.8|vm0.8|full_0845_1400,7,0.12,5,0,2,71.4,100.0,8.47,1.44,0.19,93.6
SHORT:adi_dn+vwap_loss_v+mom_ignite_dn+rsi_thrust_dn|nk0.8|vm1.2|full_0845_1400,7,0.12,5,0,2,71.4,100.0,8.47,1.44,0.19,93.6
SHORT:r1_reject+weak_close+cvd_dn+cvd_dn_v|nk0.0|vm0.8|am_0845_1130,7,0.12,5,0,2,71.4,100.0,inf,1.61,0.0,96.4
SHORT:r1_reject+weak_close+cvd_dn+cvd_dn_v|nk0.0|vm1.2|am_0845_1130,7,0.12,5,0,2,71.4,100.0,inf,1.61,0.0,96.4
SHORT:r1_reject+weak_close+cvd_dn+cvd_dn_v|nk0.5|vm0.8|am_0845_1130,7,0.12,5,0,2,71.4,100.0,inf,1.61,0.0,96.4
SHORT:r1_reject+weak_close+cvd_dn+cvd_dn_v|nk0.5|vm1.2|am_0845_1130,7,0.12,5,0,2,71.4,100.0,inf,1.61,0.0,96.4
SHORT:r1_reject+weak_close+cvd_dn+cvd_dn_v|nk0.8|vm0.8|am_0845_1130,7,0.12,5,0,2,71.4,100.0,inf,1.61,0.0,96.4
SHORT:r1_reject+weak_close+cvd_dn+cvd_dn_v|nk0.8|vm1.2|am_0845_1130,7,0.12,5,0,2,71.4,100.0,inf,1.61,0.0,96.4
SHORT:macd_x_dn+macd_x_dn_pos+below_vwap_v+cvd_dn|nk0.0|vm0.8|am_0845_1130,7,0.12,5,0,2,71.4,100.0,inf,1.71,0.0,112.9
SHORT:macd_x_dn+macd_x_dn_pos+below_vwap_v+cvd_dn|nk0.0|vm1.2|am_0845_1130,7,0.12,5,0,2,71.4,100.0,inf,1.71,0.0,112.9
SHORT:macd_x_dn+macd_x_dn_pos+below_vwap_v+cvd_dn|nk0.5|vm0.8|am_0845_1130,7,0.12,5,0,2,71.4,100.0,inf,1.71,0.0,112.9
SHORT:macd_x_dn+macd_x_dn_pos+below_vwap_v+cvd_dn|nk0.5|vm1.2|am_0845_1130,7,0.12,5,0,2,71.4,100.0,inf,1.71,0.0,112.9
SHORT:macd_x_dn+macd_x_dn_pos+below_vwap_v+cvd_dn|nk0.8|vm0.8|am_0845_1130,7,0.12,5,0,2,71.4,100.0,inf,1.71,0.0,112.9
SHORT:macd_x_dn+macd_x_dn_pos+below_vwap_v+cvd_dn|nk0.8|vm1.2|am_0845_1130,7,0.12,5,0,2,71.4,100.0,inf,1.71,0.0,112.9
SHORT:macd_x_dn+macd_x_dn_pos+below_vwap_v+cvd_dn_v|nk0.0|vm0.8|am_0845_1130,7,0.12,5,0,2,71.4,100.0,inf,1.71,0.0,112.9
SHORT:macd_x_dn+macd_x_dn_pos+below_vwap_v+cvd_dn_v|nk0.0|vm1.2|am_0845_1130,7,0.12,5,0,2,71.4,100.0,inf,1.71,0.0,112.9
SHORT:macd_x_dn+macd_x_dn_pos+below_vwap_v+cvd_dn_v|nk0.5|vm0.8|am_0845_1130,7,0.12,5,0,2,71.4,100.0,inf,1.71,0.0,112.9
SHORT:macd_x_dn+macd_x_dn_pos+below_vwap_v+cvd_dn_v|nk0.5|vm1.2|am_0845_1130,7,0.12,5,0,2,71.4,100.0,inf,1.71,0.0,112.9
SHORT:macd_x_dn+macd_x_dn_pos+below_vwap_v+cvd_dn_v|nk0.8|vm0.8|am_0845_1130,7,0.12,5,0,2,71.4,100.0,inf,1.71,0.0,112.9
SHORT:macd_x_dn+macd_x_dn_pos+below_vwap_v+cvd_dn_v|nk0.8|vm1.2|am_0845_1130,7,0.12,5,0,2,71.4,100.0,inf,1.71,0.0,112.9
SHORT:macd_x_dn_pos+below_vwap_v+cvd_dn+cvd_dn_v|nk0.0|vm0.8|am_0845_1130,7,0.12,5,0,2,71.4,100.0,inf,1.71,0.0,112.9
SHORT:macd_x_dn_pos+below_vwap_v+cvd_dn+cvd_dn_v|nk0.0|vm1.2|am_0845_1130,7,0.12,5,0,2,71.4,100.0,inf,1.71,0.0,112.9
SHORT:macd_x_dn_pos+below_vwap_v+cvd_dn+cvd_dn_v|nk0.5|vm0.8|am_0845_1130,7,0.12,5,0,2,71.4,100.0,inf,1.71,0.0,112.9
SHORT:macd_x_dn_pos+below_vwap_v+cvd_dn+cvd_dn_v|nk0.5|vm1.2|am_0845_1130,7,0.12,5,0,2,71.4,100.0,inf,1.71,0.0,112.9
SHORT:macd_x_dn_pos+below_vwap_v+cvd_dn+cvd_dn_v|nk0.8|vm0.8|am_0845_1130,7,0.12,5,0,2,71.4,100.0,inf,1.71,0.0,112.9
SHORT:macd_x_dn_pos+below_vwap_v+cvd_dn+cvd_dn_v|nk0.8|vm1.2|am_0845_1130,7,0.12,5,0,2,71.4,100.0,inf,1.71,0.0,112.9
SHORT:weak_close+vwap_loss_v+mom_ignite_dn+rsi_thrust_dn|nk0.0|vm0.8|full_0845_1400,7,0.12,5,0,2,71.4,100.0,8.47,1.44,0.19,93.6
SHORT:weak_close+vwap_loss_v+mom_ignite_dn+rsi_thrust_dn|nk0.0|vm1.2|full_0845_1400,7,0.12,5,0,2,71.4,100.0,8.47,1.44,0.19,93.6
SHORT:weak_close+vwap_loss_v+mom_ignite_dn+rsi_thrust_dn|nk0.5|vm0.8|full_0845_1400,7,0.12,5,0,2,71.4,100.0,8.47,1.44,0.19,93.6
SHORT:weak_close+vwap_loss_v+mom_ignite_dn+rsi_thrust_dn|nk0.5|vm1.2|full_0845_1400,7,0.12,5,0,2,71.4,100.0,8.47,1.44,0.19,93.6
SHORT:weak_close+vwap_loss_v+mom_ignite_dn+rsi_thrust_dn|nk0.8|vm0.8|full_0845_1400,7,0.12,5,0,2,71.4,100.0,8.47,1.44,0.19,93.6
SHORT:weak_close+vwap_loss_v+mom_ignite_dn+rsi_thrust_dn|nk0.8|vm1.2|full_0845_1400,7,0.12,5,0,2,71.4,100.0,8.47,1.44,0.19,93.6
SHORT:vwap_loss_v+cvd_dn+mom_ignite_dn+rsi_thrust_dn|nk0.0|vm0.8|full_0845_1400,7,0.12,5,0,2,71.4,100.0,8.47,1.44,0.19,93.6
SHORT:vwap_loss_v+cvd_dn+mom_ignite_dn+rsi_thrust_dn|nk0.0|vm1.2|full_0845_1400,7,0.12,5,0,2,71.4,100.0,8.47,1.44,0.19,93.6
SHORT:vwap_loss_v+cvd_dn+mom_ignite_dn+rsi_thrust_dn|nk0.5|vm0.8|full_0845_1400,7,0.12,5,0,2,71.4,100.0,8.47,1.44,0.19,93.6
SHORT:vwap_loss_v+cvd_dn+mom_ignite_dn+rsi_thrust_dn|nk0.5|vm1.2|full_0845_1400,7,0.12,5,0,2,71.4,100.0,8.47,1.44,0.19,93.6
SHORT:vwap_loss_v+cvd_dn+mom_ignite_dn+rsi_thrust_dn|nk0.8|vm0.8|full_0845_1400,7,0.12,5,0,2,71.4,100.0,8.47,1.44,0.19,93.6
SHORT:vwap_loss_v+cvd_dn+mom_ignite_dn+rsi_thrust_dn|nk0.8|vm1.2|full_0845_1400,7,0.12,5,0,2,71.4,100.0,8.47,1.44,0.19,93.6
SHORT:vwap_loss_v+cvd_dn_v+mom_ignite_dn+rsi_thrust_dn|nk0.0|vm0.8|full_0845_1400,7,0.12,5,0,2,71.4,100.0,8.47,1.44,0.19,93.6
SHORT:vwap_loss_v+cvd_dn_v+mom_ignite_dn+rsi_thrust_dn|nk0.0|vm1.2|full_0845_1400,7,0.12,5,0,2,71.4,100.0,8.47,1.44,0.19,93.6
SHORT:vwap_loss_v+cvd_dn_v+mom_ignite_dn+rsi_thrust_dn|nk0.5|vm0.8|full_0845_1400,7,0.12,5,0,2,71.4,100.0,8.47,1.44,0.19,93.6
SHORT:vwap_loss_v+cvd_dn_v+mom_ignite_dn+rsi_thrust_dn|nk0.5|vm1.2|full_0845_1400,7,0.12,5,0,2,71.4,100.0,8.47,1.44,0.19,93.6
SHORT:vwap_loss_v+cvd_dn_v+mom_ignite_dn+rsi_thrust_dn|nk0.8|vm0.8|full_0845_1400,7,0.12,5,0,2,71.4,100.0,8.47,1.44,0.19,93.6
SHORT:vwap_loss_v+cvd_dn_v+mom_ignite_dn+rsi_thrust_dn|nk0.8|vm1.2|full_0845_1400,7,0.12,5,0,2,71.4,100.0,8.47,1.44,0.19,93.6
SHORT:below_pivot+orb_break_dn+rvol_thrust_dn|nk0.8|vm0.8|full_0845_1400,17,0.28,12,2,3,70.6,85.7,3.67,2.62,0.38,88.2
SHORT:below_pivot+orb_break_dn+rvol_thrust_dn|nk0.8|vm1.2|full_0845_1400,17,0.28,12,2,3,70.6,85.7,3.67,2.62,0.38,88.2
SHORT:below_pivot+orb_break_dn_v+rvol_thrust_dn|nk0.8|vm0.8|full_0845_1400,17,0.28,12,2,3,70.6,85.7,3.67,2.62,0.38,88.2
SHORT:below_pivot+orb_break_dn_v+rvol_thrust_dn|nk0.8|vm1.2|full_0845_1400,17,0.28,12,2,3,70.6,85.7,3.67,2.62,0.38,88.2
SHORT:below_vwap+below_pivot+orb_break_dn+rvol_thrust_dn|nk0.8|vm0.8|full_0845_1400,17,0.28,12,2,3,70.6,85.7,3.67,2.62,0.38,88.2
SHORT:below_vwap+below_pivot+orb_break_dn+rvol_thrust_dn|nk0.8|vm1.2|full_0845_1400,17,0.28,12,2,3,70.6,85.7,3.67,2.62,0.38,88.2
SHORT:below_vwap+below_pivot+orb_break_dn_v+rvol_thrust_dn|nk0.8|vm0.8|full_0845_1400,17,0.28,12,2,3,70.6,85.7,3.67,2.62,0.38,88.2
SHORT:below_vwap+below_pivot+orb_break_dn_v+rvol_thrust_dn|nk0.8|vm1.2|full_0845_1400,17,0.28,12,2,3,70.6,85.7,3.67,2.62,0.38,88.2
SHORT:below_pivot+weak_close+orb_break_dn+rvol_thrust_dn|nk0.8|vm0.8|full_0845_1400,17,0.28,12,2,3,70.6,85.7,3.67,2.62,0.38,88.2
SHORT:below_pivot+weak_close+orb_break_dn+rvol_thrust_dn|nk0.8|vm1.2|full_0845_1400,17,0.28,12,2,3,70.6,85.7,3.67,2.62,0.38,88.2
SHORT:below_pivot+weak_close+orb_break_dn+below_vwap_v|nk0.8|vm0.8|full_0845_1400,17,0.28,12,2,3,70.6,85.7,3.67,2.62,0.38,88.2
SHORT:below_pivot+weak_close+orb_break_dn+below_vwap_v|nk0.8|vm1.2|full_0845_1400,17,0.28,12,2,3,70.6,85.7,3.67,2.62,0.38,88.2
SHORT:below_pivot+weak_close+orb_break_dn_v+rvol_thrust_dn|nk0.8|vm0.8|full_0845_1400,17,0.28,12,2,3,70.6,85.7,3.67,2.62,0.38,88.2
SHORT:below_pivot+weak_close+orb_break_dn_v+rvol_thrust_dn|nk0.8|vm1.2|full_0845_1400,17,0.28,12,2,3,70.6,85.7,3.67,2.62,0.38,88.2
SHORT:below_pivot+weak_close+orb_break_dn_v+below_vwap_v|nk0.8|vm0.8|full_0845_1400,17,0.28,12,2,3,70.6,85.7,3.67,2.62,0.38,88.2
SHORT:below_pivot+weak_close+orb_break_dn_v+below_vwap_v|nk0.8|vm1.2|full_0845_1400,17,0.28,12,2,3,70.6,85.7,3.67,2.62,0.38,88.2
SHORT:below_pivot+orb_break_dn+orb_break_dn_v+rvol_thrust_dn|nk0.8|vm0.8|full_0845_1400,17,0.28,12,2,3,70.6,85.7,3.67,2.62,0.38,88.2
SHORT:below_pivot+orb_break_dn+orb_break_dn_v+rvol_thrust_dn|nk0.8|vm1.2|full_0845_1400,17,0.28,12,2,3,70.6,85.7,3.67,2.62,0.38,88.2
SHORT:below_pivot+orb_break_dn+rvol_thrust_dn+below_vwap_v|nk0.8|vm0.8|full_0845_1400,17,0.28,12,2,3,70.6,85.7,3.67,2.62,0.38,88.2
SHORT:below_pivot+orb_break_dn+rvol_thrust_dn+below_vwap_v|nk0.8|vm1.2|full_0845_1400,17,0.28,12,2,3,70.6,85.7,3.67,2.62,0.38,88.2
SHORT:below_pivot+orb_break_dn_v+rvol_thrust_dn+below_vwap_v|nk0.8|vm0.8|full_0845_1400,17,0.28,12,2,3,70.6,85.7,3.67,2.62,0.38,88.2
SHORT:below_pivot+orb_break_dn_v+rvol_thrust_dn+below_vwap_v|nk0.8|vm1.2|full_0845_1400,17,0.28,12,2,3,70.6,85.7,3.67,2.62,0.38,88.2
SHORT:below_pivot+orb_break_dn+below_vwap_v|nk0.0|vm0.8|full_0845_1400,20,0.33,14,2,4,70.0,87.5,3.6,3.03,0.38,97.8
SHORT:below_pivot+orb_break_dn+below_vwap_v|nk0.0|vm1.2|full_0845_1400,20,0.33,14,2,4,70.0,87.5,3.6,3.03,0.38,97.8
SHORT:below_pivot+orb_break_dn+below_vwap_v|nk0.5|vm0.8|full_0845_1400,20,0.33,14,2,4,70.0,87.5,3.6,3.03,0.38,97.8
SHORT:below_pivot+orb_break_dn+below_vwap_v|nk0.5|vm1.2|full_0845_1400,20,0.33,14,2,4,70.0,87.5,3.6,3.03,0.38,97.8
SHORT:below_pivot+orb_break_dn_v+below_vwap_v|nk0.0|vm0.8|full_0845_1400,20,0.33,14,2,4,70.0,87.5,3.6,3.03,0.38,97.8
SHORT:below_pivot+orb_break_dn_v+below_vwap_v|nk0.0|vm1.2|full_0845_1400,20,0.33,14,2,4,70.0,87.5,3.6,3.03,0.38,97.8
SHORT:below_pivot+orb_break_dn_v+below_vwap_v|nk0.5|vm0.8|full_0845_1400,20,0.33,14,2,4,70.0,87.5,3.6,3.03,0.38,97.8
SHORT:below_pivot+orb_break_dn_v+below_vwap_v|nk0.5|vm1.2|full_0845_1400,20,0.33,14,2,4,70.0,87.5,3.6,3.03,0.38,97.8
SHORT:below_vwap+below_pivot+orb_break_dn+below_vwap_v|nk0.0|vm0.8|full_0845_1400,20,0.33,14,2,4,70.0,87.5,3.6,3.03,0.38,97.8
SHORT:below_vwap+below_pivot+orb_break_dn+below_vwap_v|nk0.0|vm1.2|full_0845_1400,20,0.33,14,2,4,70.0,87.5,3.6,3.03,0.38,97.8
SHORT:below_vwap+below_pivot+orb_break_dn+below_vwap_v|nk0.5|vm0.8|full_0845_1400,20,0.33,14,2,4,70.0,87.5,3.6,3.03,0.38,97.8
SHORT:below_vwap+below_pivot+orb_break_dn+below_vwap_v|nk0.5|vm1.2|full_0845_1400,20,0.33,14,2,4,70.0,87.5,3.6,3.03,0.38,97.8
SHORT:below_vwap+below_pivot+orb_break_dn_v+below_vwap_v|nk0.0|vm0.8|full_0845_1400,20,0.33,14,2,4,70.0,87.5,3.6,3.03,0.38,97.8
SHORT:below_vwap+below_pivot+orb_break_dn_v+below_vwap_v|nk0.0|vm1.2|full_0845_1400,20,0.33,14,2,4,70.0,87.5,3.6,3.03,0.38,97.8
SHORT:below_vwap+below_pivot+orb_break_dn_v+below_vwap_v|nk0.5|vm0.8|full_0845_1400,20,0.33,14,2,4,70.0,87.5,3.6,3.03,0.38,97.8
SHORT:below_vwap+below_pivot+orb_break_dn_v+below_vwap_v|nk0.5|vm1.2|full_0845_1400,20,0.33,14,2,4,70.0,87.5,3.6,3.03,0.38,97.8
SHORT:delta_dump+below_pivot+below_vwap_v+mom_ignite_dn|nk0.0|vm0.8|full_0845_1400,20,0.33,14,2,4,70.0,87.5,6.07,3.85,0.3,76.8
SHORT:delta_dump+below_pivot+below_vwap_v+mom_ignite_dn|nk0.0|vm1.2|full_0845_1400,20,0.33,14,2,4,70.0,87.5,6.07,3.85,0.3,76.8
SHORT:delta_dump+below_pivot+below_vwap_v+mom_ignite_dn|nk0.5|vm0.8|full_0845_1400,20,0.33,14,2,4,70.0,87.5,6.07,3.85,0.3,76.8
SHORT:delta_dump+below_pivot+below_vwap_v+mom_ignite_dn|nk0.5|vm1.2|full_0845_1400,20,0.33,14,2,4,70.0,87.5,6.07,3.85,0.3,76.8
SHORT:delta_dump+below_pivot+below_vwap_v+mom_ignite_dn|nk0.8|vm0.8|full_0845_1400,20,0.33,14,2,4,70.0,87.5,6.07,3.85,0.3,76.8
SHORT:delta_dump+below_pivot+below_vwap_v+mom_ignite_dn|nk0.8|vm1.2|full_0845_1400,20,0.33,14,2,4,70.0,87.5,6.07,3.85,0.3,76.8
SHORT:delta_dump+below_pivot+cvd_dn_v+mom_ignite_dn|nk0.0|vm0.8|full_0845_1400,20,0.33,14,2,4,70.0,87.5,6.07,3.85,0.3,76.8
SHORT:delta_dump+below_pivot+cvd_dn_v+mom_ignite_dn|nk0.0|vm1.2|full_0845_1400,20,0.33,14,2,4,70.0,87.5,6.07,3.85,0.3,76.8
SHORT:delta_dump+below_pivot+cvd_dn_v+mom_ignite_dn|nk0.5|vm0.8|full_0845_1400,20,0.33,14,2,4,70.0,87.5,6.07,3.85,0.3,76.8
SHORT:delta_dump+below_pivot+cvd_dn_v+mom_ignite_dn|nk0.5|vm1.2|full_0845_1400,20,0.33,14,2,4,70.0,87.5,6.07,3.85,0.3,76.8
SHORT:delta_dump+below_pivot+cvd_dn_v+mom_ignite_dn|nk0.8|vm0.8|full_0845_1400,20,0.33,14,2,4,70.0,87.5,6.07,3.85,0.3,76.8
SHORT:delta_dump+below_pivot+cvd_dn_v+mom_ignite_dn|nk0.8|vm1.2|full_0845_1400,20,0.33,14,2,4,70.0,87.5,6.07,3.85,0.3,76.8
SHORT:below_pivot+orb_break_dn+orb_break_dn_v+below_vwap_v|nk0.0|vm0.8|full_0845_1400,20,0.33,14,2,4,70.0,87.5,3.6,3.03,0.38,97.8
SHORT:below_pivot+orb_break_dn+orb_break_dn_v+below_vwap_v|nk0.0|vm1.2|full_0845_1400,20,0.33,14,2,4,70.0,87.5,3.6,3.03,0.38,97.8
SHORT:below_pivot+orb_break_dn+orb_break_dn_v+below_vwap_v|nk0.5|vm0.8|full_0845_1400,20,0.33,14,2,4,70.0,87.5,3.6,3.03,0.38,97.8
SHORT:below_pivot+orb_break_dn+orb_break_dn_v+below_vwap_v|nk0.5|vm1.2|full_0845_1400,20,0.33,14,2,4,70.0,87.5,3.6,3.03,0.38,97.8
LONG:above_pivot+strong_close+rsi_thrust_up|nk0.0|vm0.8|am_0845_1130,10,0.17,7,1,2,70.0,87.5,4.26,1.66,0.3,98.0
LONG:above_pivot+strong_close+rsi_thrust_up|nk0.0|vm1.2|am_0845_1130,10,0.17,7,1,2,70.0,87.5,4.26,1.66,0.3,98.0
LONG:above_pivot+strong_close+rsi_thrust_up|nk0.5|vm0.8|am_0845_1130,10,0.17,7,1,2,70.0,87.5,4.26,1.66,0.3,98.0
LONG:above_pivot+strong_close+rsi_thrust_up|nk0.5|vm1.2|am_0845_1130,10,0.17,7,1,2,70.0,87.5,4.26,1.66,0.3,98.0
LONG:above_vwap+above_pivot+strong_close+rsi_thrust_up|nk0.0|vm0.8|am_0845_1130,10,0.17,7,1,2,70.0,87.5,4.26,1.66,0.3,98.0
LONG:above_vwap+above_pivot+strong_close+rsi_thrust_up|nk0.0|vm1.2|am_0845_1130,10,0.17,7,1,2,70.0,87.5,4.26,1.66,0.3,98.0
LONG:above_vwap+above_pivot+strong_close+rsi_thrust_up|nk0.5|vm0.8|am_0845_1130,10,0.17,7,1,2,70.0,87.5,4.26,1.66,0.3,98.0
LONG:above_vwap+above_pivot+strong_close+rsi_thrust_up|nk0.5|vm1.2|am_0845_1130,10,0.17,7,1,2,70.0,87.5,4.26,1.66,0.3,98.0
LONG:adi_up+above_pivot+strong_close+vwap_reclaim_v|nk0.5|vm0.8|am_0845_1130,10,0.17,7,1,2,70.0,87.5,5.89,1.8,0.3,105.0
LONG:adi_up+above_pivot+strong_close+vwap_reclaim_v|nk0.5|vm1.2|am_0845_1130,10,0.17,7,1,2,70.0,87.5,5.89,1.8,0.3,105.0
LONG:adi_up+above_pivot+strong_close+vwap_reclaim_v|nk0.8|vm0.8|am_0845_1130,10,0.17,7,1,2,70.0,87.5,5.89,1.8,0.3,105.0
LONG:adi_up+above_pivot+strong_close+vwap_reclaim_v|nk0.8|vm1.2|am_0845_1130,10,0.17,7,1,2,70.0,87.5,5.89,1.8,0.3,105.0
LONG:adi_up+above_pivot+strong_close+rsi_thrust_up|nk0.0|vm0.8|am_0845_1130,10,0.17,7,1,2,70.0,87.5,4.26,1.66,0.3,98.0
LONG:adi_up+above_pivot+strong_close+rsi_thrust_up|nk0.0|vm1.2|am_0845_1130,10,0.17,7,1,2,70.0,87.5,4.26,1.66,0.3,98.0
LONG:adi_up+above_pivot+strong_close+rsi_thrust_up|nk0.5|vm0.8|am_0845_1130,10,0.17,7,1,2,70.0,87.5,4.26,1.66,0.3,98.0
LONG:adi_up+above_pivot+strong_close+rsi_thrust_up|nk0.5|vm1.2|am_0845_1130,10,0.17,7,1,2,70.0,87.5,4.26,1.66,0.3,98.0
LONG:above_pivot+strong_close+cvd_up+rsi_thrust_up|nk0.0|vm0.8|am_0845_1130,10,0.17,7,1,2,70.0,87.5,4.26,1.66,0.3,98.0
LONG:above_pivot+strong_close+cvd_up+rsi_thrust_up|nk0.0|vm1.2|am_0845_1130,10,0.17,7,1,2,70.0,87.5,4.26,1.66,0.3,98.0
LONG:above_pivot+strong_close+cvd_up+rsi_thrust_up|nk0.5|vm0.8|am_0845_1130,10,0.17,7,1,2,70.0,87.5,4.26,1.66,0.3,98.0
LONG:above_pivot+strong_close+cvd_up+rsi_thrust_up|nk0.5|vm1.2|am_0845_1130,10,0.17,7,1,2,70.0,87.5,4.26,1.66,0.3,98.0
LONG:above_pivot+strong_close+cvd_up_v+rsi_thrust_up|nk0.0|vm0.8|am_0845_1130,10,0.17,7,1,2,70.0,87.5,4.26,1.66,0.3,98.0
LONG:above_pivot+strong_close+cvd_up_v+rsi_thrust_up|nk0.0|vm1.2|am_0845_1130,10,0.17,7,1,2,70.0,87.5,4.26,1.66,0.3,98.0
LONG:above_pivot+strong_close+cvd_up_v+rsi_thrust_up|nk0.5|vm0.8|am_0845_1130,10,0.17,7,1,2,70.0,87.5,4.26,1.66,0.3,98.0
LONG:above_pivot+strong_close+cvd_up_v+rsi_thrust_up|nk0.5|vm1.2|am_0845_1130,10,0.17,7,1,2,70.0,87.5,4.26,1.66,0.3,98.0
SHORT:below_vwap+mom_ignite_dn+rsi_thrust_dn|nk0.0|vm0.8|full_0845_1400,10,0.17,7,1,2,70.0,87.5,4.53,1.74,0.3,73.5
SHORT:below_vwap+mom_ignite_dn+rsi_thrust_dn|nk0.0|vm1.2|full_0845_1400,10,0.17,7,1,2,70.0,87.5,4.53,1.74,0.3,73.5
SHORT:below_vwap+mom_ignite_dn+rsi_thrust_dn|nk0.5|vm0.8|full_0845_1400,10,0.17,7,1,2,70.0,87.5,4.53,1.74,0.3,73.5
SHORT:below_vwap+mom_ignite_dn+rsi_thrust_dn|nk0.5|vm1.2|full_0845_1400,10,0.17,7,1,2,70.0,87.5,4.53,1.74,0.3,73.5
SHORT:below_vwap+mom_ignite_dn+rsi_thrust_dn|nk0.8|vm0.8|full_0845_1400,10,0.17,7,1,2,70.0,87.5,4.53,1.74,0.3,73.5
SHORT:below_vwap+mom_ignite_dn+rsi_thrust_dn|nk0.8|vm1.2|full_0845_1400,10,0.17,7,1,2,70.0,87.5,4.53,1.74,0.3,73.5
SHORT:cvd_dn+mom_ignite_dn+rsi_thrust_dn|nk0.0|vm0.8|full_0845_1400,10,0.17,7,1,2,70.0,87.5,4.53,1.74,0.3,73.5
SHORT:cvd_dn+mom_ignite_dn+rsi_thrust_dn|nk0.0|vm1.2|full_0845_1400,10,0.17,7,1,2,70.0,87.5,4.53,1.74,0.3,73.5
SHORT:cvd_dn+mom_ignite_dn+rsi_thrust_dn|nk0.5|vm0.8|full_0845_1400,10,0.17,7,1,2,70.0,87.5,4.53,1.74,0.3,73.5
SHORT:cvd_dn+mom_ignite_dn+rsi_thrust_dn|nk0.5|vm1.2|full_0845_1400,10,0.17,7,1,2,70.0,87.5,4.53,1.74,0.3,73.5
SHORT:cvd_dn+mom_ignite_dn+rsi_thrust_dn|nk0.8|vm0.8|full_0845_1400,10,0.17,7,1,2,70.0,87.5,4.53,1.74,0.3,73.5
SHORT:cvd_dn+mom_ignite_dn+rsi_thrust_dn|nk0.8|vm1.2|full_0845_1400,10,0.17,7,1,2,70.0,87.5,4.53,1.74,0.3,73.5
SHORT:cvd_dn_v+mom_ignite_dn+rsi_thrust_dn|nk0.0|vm0.8|full_0845_1400,10,0.17,7,1,2,70.0,87.5,4.53,1.74,0.3,73.5
SHORT:cvd_dn_v+mom_ignite_dn+rsi_thrust_dn|nk0.0|vm1.2|full_0845_1400,10,0.17,7,1,2,70.0,87.5,4.53,1.74,0.3,73.5
SHORT:cvd_dn_v+mom_ignite_dn+rsi_thrust_dn|nk0.5|vm0.8|full_0845_1400,10,0.17,7,1,2,70.0,87.5,4.53,1.74,0.3,73.5
SHORT:cvd_dn_v+mom_ignite_dn+rsi_thrust_dn|nk0.5|vm1.2|full_0845_1400,10,0.17,7,1,2,70.0,87.5,4.53,1.74,0.3,73.5
SHORT:cvd_dn_v+mom_ignite_dn+rsi_thrust_dn|nk0.8|vm0.8|full_0845_1400,10,0.17,7,1,2,70.0,87.5,4.53,1.74,0.3,73.5
SHORT:cvd_dn_v+mom_ignite_dn+rsi_thrust_dn|nk0.8|vm1.2|full_0845_1400,10,0.17,7,1,2,70.0,87.5,4.53,1.74,0.3,73.5
SHORT:below_vwap+adi_dn+mom_ignite_dn+rsi_thrust_dn|nk0.0|vm0.8|full_0845_1400,10,0.17,7,1,2,70.0,87.5,4.53,1.74,0.3,73.5
SHORT:below_vwap+adi_dn+mom_ignite_dn+rsi_thrust_dn|nk0.0|vm1.2|full_0845_1400,10,0.17,7,1,2,70.0,87.5,4.53,1.74,0.3,73.5
SHORT:below_vwap+adi_dn+mom_ignite_dn+rsi_thrust_dn|nk0.5|vm0.8|full_0845_1400,10,0.17,7,1,2,70.0,87.5,4.53,1.74,0.3,73.5
SHORT:below_vwap+adi_dn+mom_ignite_dn+rsi_thrust_dn|nk0.5|vm1.2|full_0845_1400,10,0.17,7,1,2,70.0,87.5,4.53,1.74,0.3,73.5
SHORT:below_vwap+adi_dn+mom_ignite_dn+rsi_thrust_dn|nk0.8|vm0.8|full_0845_1400,10,0.17,7,1,2,70.0,87.5,4.53,1.74,0.3,73.5
SHORT:below_vwap+adi_dn+mom_ignite_dn+rsi_thrust_dn|nk0.8|vm1.2|full_0845_1400,10,0.17,7,1,2,70.0,87.5,4.53,1.74,0.3,73.5
SHORT:below_vwap+weak_close+mom_ignite_dn+rsi_thrust_dn|nk0.0|vm0.8|full_0845_1400,10,0.17,7,1,2,70.0,87.5,4.53,1.74,0.3,73.5
SHORT:below_vwap+weak_close+mom_ignite_dn+rsi_thrust_dn|nk0.0|vm1.2|full_0845_1400,10,0.17,7,1,2,70.0,87.5,4.53,1.74,0.3,73.5
SHORT:below_vwap+weak_close+mom_ignite_dn+rsi_thrust_dn|nk0.5|vm0.8|full_0845_1400,10,0.17,7,1,2,70.0,87.5,4.53,1.74,0.3,73.5
SHORT:below_vwap+weak_close+mom_ignite_dn+rsi_thrust_dn|nk0.5|vm1.2|full_0845_1400,10,0.17,7,1,2,70.0,87.5,4.53,1.74,0.3,73.5
SHORT:below_vwap+weak_close+mom_ignite_dn+rsi_thrust_dn|nk0.8|vm0.8|full_0845_1400,10,0.17,7,1,2,70.0,87.5,4.53,1.74,0.3,73.5
SHORT:below_vwap+weak_close+mom_ignite_dn+rsi_thrust_dn|nk0.8|vm1.2|full_0845_1400,10,0.17,7,1,2,70.0,87.5,4.53,1.74,0.3,73.5
SHORT:below_vwap+cvd_dn+mom_ignite_dn+rsi_thrust_dn|nk0.0|vm0.8|full_0845_1400,10,0.17,7,1,2,70.0,87.5,4.53,1.74,0.3,73.5
SHORT:below_vwap+cvd_dn+mom_ignite_dn+rsi_thrust_dn|nk0.0|vm1.2|full_0845_1400,10,0.17,7,1,2,70.0,87.5,4.53,1.74,0.3,73.5
SHORT:below_vwap+cvd_dn+mom_ignite_dn+rsi_thrust_dn|nk0.5|vm0.8|full_0845_1400,10,0.17,7,1,2,70.0,87.5,4.53,1.74,0.3,73.5
SHORT:below_vwap+cvd_dn+mom_ignite_dn+rsi_thrust_dn|nk0.5|vm1.2|full_0845_1400,10,0.17,7,1,2,70.0,87.5,4.53,1.74,0.3,73.5
SHORT:below_vwap+cvd_dn+mom_ignite_dn+rsi_thrust_dn|nk0.8|vm0.8|full_0845_1400,10,0.17,7,1,2,70.0,87.5,4.53,1.74,0.3,73.5
SHORT:below_vwap+cvd_dn+mom_ignite_dn+rsi_thrust_dn|nk0.8|vm1.2|full_0845_1400,10,0.17,7,1,2,70.0,87.5,4.53,1.74,0.3,73.5
SHORT:below_vwap+cvd_dn_v+mom_ignite_dn+rsi_thrust_dn|nk0.0|vm0.8|full_0845_1400,10,0.17,7,1,2,70.0,87.5,4.53,1.74,0.3,73.5
SHORT:below_vwap+cvd_dn_v+mom_ignite_dn+rsi_thrust_dn|nk0.0|vm1.2|full_0845_1400,10,0.17,7,1,2,70.0,87.5,4.53,1.74,0.3,73.5
SHORT:below_vwap+cvd_dn_v+mom_ignite_dn+rsi_thrust_dn|nk0.5|vm0.8|full_0845_1400,10,0.17,7,1,2,70.0,87.5,4.53,1.74,0.3,73.5
SHORT:below_vwap+cvd_dn_v+mom_ignite_dn+rsi_thrust_dn|nk0.5|vm1.2|full_0845_1400,10,0.17,7,1,2,70.0,87.5,4.53,1.74,0.3,73.5
SHORT:below_vwap+cvd_dn_v+mom_ignite_dn+rsi_thrust_dn|nk0.8|vm0.8|full_0845_1400,10,0.17,7,1,2,70.0,87.5,4.53,1.74,0.3,73.5
SHORT:below_vwap+cvd_dn_v+mom_ignite_dn+rsi_thrust_dn|nk0.8|vm1.2|full_0845_1400,10,0.17,7,1,2,70.0,87.5,4.53,1.74,0.3,73.5
SHORT:adi_dn+cvd_dn+mom_ignite_dn+rsi_thrust_dn|nk0.0|vm0.8|full_0845_1400,10,0.17,7,1,2,70.0,87.5,4.53,1.74,0.3,73.5
SHORT:adi_dn+cvd_dn+mom_ignite_dn+rsi_thrust_dn|nk0.0|vm1.2|full_0845_1400,10,0.17,7,1,2,70.0,87.5,4.53,1.74,0.3,73.5
SHORT:adi_dn+cvd_dn+mom_ignite_dn+rsi_thrust_dn|nk0.5|vm0.8|full_0845_1400,10,0.17,7,1,2,70.0,87.5,4.53,1.74,0.3,73.5
SHORT:adi_dn+cvd_dn+mom_ignite_dn+rsi_thrust_dn|nk0.5|vm1.2|full_0845_1400,10,0.17,7,1,2,70.0,87.5,4.53,1.74,0.3,73.5
SHORT:adi_dn+cvd_dn+mom_ignite_dn+rsi_thrust_dn|nk0.8|vm0.8|full_0845_1400,10,0.17,7,1,2,70.0,87.5,4.53,1.74,0.3,73.5
SHORT:adi_dn+cvd_dn+mom_ignite_dn+rsi_thrust_dn|nk0.8|vm1.2|full_0845_1400,10,0.17,7,1,2,70.0,87.5,4.53,1.74,0.3,73.5
SHORT:adi_dn+cvd_dn_v+mom_ignite_dn+rsi_thrust_dn|nk0.0|vm0.8|full_0845_1400,10,0.17,7,1,2,70.0,87.5,4.53,1.74,0.3,73.5
SHORT:adi_dn+cvd_dn_v+mom_ignite_dn+rsi_thrust_dn|nk0.0|vm1.2|full_0845_1400,10,0.17,7,1,2,70.0,87.5,4.53,1.74,0.3,73.5
SHORT:adi_dn+cvd_dn_v+mom_ignite_dn+rsi_thrust_dn|nk0.5|vm0.8|full_0845_1400,10,0.17,7,1,2,70.0,87.5,4.53,1.74,0.3,73.5
SHORT:adi_dn+cvd_dn_v+mom_ignite_dn+rsi_thrust_dn|nk0.5|vm1.2|full_0845_1400,10,0.17,7,1,2,70.0,87.5,4.53,1.74,0.3,73.5
SHORT:adi_dn+cvd_dn_v+mom_ignite_dn+rsi_thrust_dn|nk0.8|vm0.8|full_0845_1400,10,0.17,7,1,2,70.0,87.5,4.53,1.74,0.3,73.5
SHORT:adi_dn+cvd_dn_v+mom_ignite_dn+rsi_thrust_dn|nk0.8|vm1.2|full_0845_1400,10,0.17,7,1,2,70.0,87.5,4.53,1.74,0.3,73.5
SHORT:below_pivot+orb_break_dn+below_vwap_v+cvd_dn|nk0.0|vm0.8|am_0845_1130,10,0.17,7,1,2,70.0,87.5,3.8,1.55,0.3,127.5
SHORT:below_pivot+orb_break_dn+below_vwap_v+cvd_dn|nk0.0|vm1.2|am_0845_1130,10,0.17,7,1,2,70.0,87.5,3.8,1.55,0.3,127.5
SHORT:below_pivot+orb_break_dn+below_vwap_v+cvd_dn|nk0.5|vm0.8|am_0845_1130,10,0.17,7,1,2,70.0,87.5,3.8,1.55,0.3,127.5
SHORT:below_pivot+orb_break_dn+below_vwap_v+cvd_dn|nk0.5|vm1.2|am_0845_1130,10,0.17,7,1,2,70.0,87.5,3.8,1.55,0.3,127.5
SHORT:below_pivot+orb_break_dn+below_vwap_v+cvd_dn|nk0.8|vm0.8|am_0845_1130,10,0.17,7,1,2,70.0,87.5,3.8,1.55,0.3,127.5
SHORT:below_pivot+orb_break_dn+below_vwap_v+cvd_dn|nk0.8|vm1.2|am_0845_1130,10,0.17,7,1,2,70.0,87.5,3.8,1.55,0.3,127.5
SHORT:below_pivot+orb_break_dn+below_vwap_v+cvd_dn_v|nk0.0|vm0.8|am_0845_1130,10,0.17,7,1,2,70.0,87.5,3.8,1.55,0.3,127.5
SHORT:below_pivot+orb_break_dn+below_vwap_v+cvd_dn_v|nk0.0|vm1.2|am_0845_1130,10,0.17,7,1,2,70.0,87.5,3.8,1.55,0.3,127.5
SHORT:below_pivot+orb_break_dn+below_vwap_v+cvd_dn_v|nk0.5|vm0.8|am_0845_1130,10,0.17,7,1,2,70.0,87.5,3.8,1.55,0.3,127.5
SHORT:below_pivot+orb_break_dn+below_vwap_v+cvd_dn_v|nk0.5|vm1.2|am_0845_1130,10,0.17,7,1,2,70.0,87.5,3.8,1.55,0.3,127.5
SHORT:below_pivot+orb_break_dn+below_vwap_v+cvd_dn_v|nk0.8|vm0.8|am_0845_1130,10,0.17,7,1,2,70.0,87.5,3.8,1.55,0.3,127.5
SHORT:below_pivot+orb_break_dn+below_vwap_v+cvd_dn_v|nk0.8|vm1.2|am_0845_1130,10,0.17,7,1,2,70.0,87.5,3.8,1.55,0.3,127.5
SHORT:below_pivot+orb_break_dn_v+below_vwap_v+cvd_dn|nk0.0|vm0.8|am_0845_1130,10,0.17,7,1,2,70.0,87.5,3.8,1.55,0.3,127.5
SHORT:below_pivot+orb_break_dn_v+below_vwap_v+cvd_dn|nk0.0|vm1.2|am_0845_1130,10,0.17,7,1,2,70.0,87.5,3.8,1.55,0.3,127.5
SHORT:below_pivot+orb_break_dn_v+below_vwap_v+cvd_dn|nk0.5|vm0.8|am_0845_1130,10,0.17,7,1,2,70.0,87.5,3.8,1.55,0.3,127.5
SHORT:below_pivot+orb_break_dn_v+below_vwap_v+cvd_dn|nk0.5|vm1.2|am_0845_1130,10,0.17,7,1,2,70.0,87.5,3.8,1.55,0.3,127.5
SHORT:below_pivot+orb_break_dn_v+below_vwap_v+cvd_dn|nk0.8|vm0.8|am_0845_1130,10,0.17,7,1,2,70.0,87.5,3.8,1.55,0.3,127.5
SHORT:below_pivot+orb_break_dn_v+below_vwap_v+cvd_dn|nk0.8|vm1.2|am_0845_1130,10,0.17,7,1,2,70.0,87.5,3.8,1.55,0.3,127.5
SHORT:below_pivot+orb_break_dn_v+below_vwap_v+cvd_dn_v|nk0.0|vm0.8|am_0845_1130,10,0.17,7,1,2,70.0,87.5,3.8,1.55,0.3,127.5
SHORT:below_pivot+orb_break_dn_v+below_vwap_v+cvd_dn_v|nk0.0|vm1.2|am_0845_1130,10,0.17,7,1,2,70.0,87.5,3.8,1.55,0.3,127.5
SHORT:below_pivot+orb_break_dn_v+below_vwap_v+cvd_dn_v|nk0.5|vm0.8|am_0845_1130,10,0.17,7,1,2,70.0,87.5,3.8,1.55,0.3,127.5
SHORT:below_pivot+orb_break_dn_v+below_vwap_v+cvd_dn_v|nk0.5|vm1.2|am_0845_1130,10,0.17,7,1,2,70.0,87.5,3.8,1.55,0.3,127.5
SHORT:below_pivot+orb_break_dn_v+below_vwap_v+cvd_dn_v|nk0.8|vm0.8|am_0845_1130,10,0.17,7,1,2,70.0,87.5,3.8,1.55,0.3,127.5
SHORT:below_pivot+orb_break_dn_v+below_vwap_v+cvd_dn_v|nk0.8|vm1.2|am_0845_1130,10,0.17,7,1,2,70.0,87.5,3.8,1.55,0.3,127.5
SHORT:weak_close+cvd_dn+mom_ignite_dn+rsi_thrust_dn|nk0.0|vm0.8|full_0845_1400,10,0.17,7,1,2,70.0,87.5,4.53,1.74,0.3,73.5
SHORT:weak_close+cvd_dn+mom_ignite_dn+rsi_thrust_dn|nk0.0|vm1.2|full_0845_1400,10,0.17,7,1,2,70.0,87.5,4.53,1.74,0.3,73.5
SHORT:weak_close+cvd_dn+mom_ignite_dn+rsi_thrust_dn|nk0.5|vm0.8|full_0845_1400,10,0.17,7,1,2,70.0,87.5,4.53,1.74,0.3,73.5
SHORT:weak_close+cvd_dn+mom_ignite_dn+rsi_thrust_dn|nk0.5|vm1.2|full_0845_1400,10,0.17,7,1,2,70.0,87.5,4.53,1.74,0.3,73.5
SHORT:weak_close+cvd_dn+mom_ignite_dn+rsi_thrust_dn|nk0.8|vm0.8|full_0845_1400,10,0.17,7,1,2,70.0,87.5,4.53,1.74,0.3,73.5
SHORT:weak_close+cvd_dn+mom_ignite_dn+rsi_thrust_dn|nk0.8|vm1.2|full_0845_1400,10,0.17,7,1,2,70.0,87.5,4.53,1.74,0.3,73.5
SHORT:weak_close+cvd_dn_v+mom_ignite_dn+rsi_thrust_dn|nk0.0|vm0.8|full_0845_1400,10,0.17,7,1,2,70.0,87.5,4.53,1.74,0.3,73.5
SHORT:weak_close+cvd_dn_v+mom_ignite_dn+rsi_thrust_dn|nk0.0|vm1.2|full_0845_1400,10,0.17,7,1,2,70.0,87.5,4.53,1.74,0.3,73.5
SHORT:weak_close+cvd_dn_v+mom_ignite_dn+rsi_thrust_dn|nk0.5|vm0.8|full_0845_1400,10,0.17,7,1,2,70.0,87.5,4.53,1.74,0.3,73.5
SHORT:weak_close+cvd_dn_v+mom_ignite_dn+rsi_thrust_dn|nk0.5|vm1.2|full_0845_1400,10,0.17,7,1,2,70.0,87.5,4.53,1.74,0.3,73.5
SHORT:weak_close+cvd_dn_v+mom_ignite_dn+rsi_thrust_dn|nk0.8|vm0.8|full_0845_1400,10,0.17,7,1,2,70.0,87.5,4.53,1.74,0.3,73.5
SHORT:weak_close+cvd_dn_v+mom_ignite_dn+rsi_thrust_dn|nk0.8|vm1.2|full_0845_1400,10,0.17,7,1,2,70.0,87.5,4.53,1.74,0.3,73.5
SHORT:cvd_dn+cvd_dn_v+mom_ignite_dn+rsi_thrust_dn|nk0.0|vm0.8|full_0845_1400,10,0.17,7,1,2,70.0,87.5,4.53,1.74,0.3,73.5
SHORT:cvd_dn+cvd_dn_v+mom_ignite_dn+rsi_thrust_dn|nk0.0|vm1.2|full_0845_1400,10,0.17,7,1,2,70.0,87.5,4.53,1.74,0.3,73.5
SHORT:cvd_dn+cvd_dn_v+mom_ignite_dn+rsi_thrust_dn|nk0.5|vm0.8|full_0845_1400,10,0.17,7,1,2,70.0,87.5,4.53,1.74,0.3,73.5
SHORT:cvd_dn+cvd_dn_v+mom_ignite_dn+rsi_thrust_dn|nk0.5|vm1.2|full_0845_1400,10,0.17,7,1,2,70.0,87.5,4.53,1.74,0.3,73.5
SHORT:cvd_dn+cvd_dn_v+mom_ignite_dn+rsi_thrust_dn|nk0.8|vm0.8|full_0845_1400,10,0.17,7,1,2,70.0,87.5,4.53,1.74,0.3,73.5
SHORT:cvd_dn+cvd_dn_v+mom_ignite_dn+rsi_thrust_dn|nk0.8|vm1.2|full_0845_1400,10,0.17,7,1,2,70.0,87.5,4.53,1.74,0.3,73.5
