config,trades,trades_per_day,wins,stops,scratch,win_rate,tp_before_sl,profit_factor,net_pct,max_drawdown_pct,avg_hold_min
SHORT:vwap_loss+delta_dump|nk0.8|vm0.8|am_0930_1130,9,0.16,9,0,0,100.0,100.0,inf,2.7,0.0,92.8
SHORT:vwap_loss+delta_dump|nk0.8|vm1.2|am_0930_1130,9,0.16,9,0,0,100.0,100.0,inf,2.7,0.0,92.8
SHORT:delta_dump+vwap_loss_v|nk0.8|vm0.8|am_0930_1130,9,0.16,9,0,0,100.0,100.0,inf,2.7,0.0,92.8
SHORT:delta_dump+vwap_loss_v|nk0.8|vm1.2|am_0930_1130,9,0.16,9,0,0,100.0,100.0,inf,2.7,0.0,92.8
SHORT:vwap_loss+below_vwap+delta_dump|nk0.8|vm0.8|am_0930_1130,9,0.16,9,0,0,100.0,100.0,inf,2.7,0.0,92.8
SHORT:vwap_loss+below_vwap+delta_dump|nk0.8|vm1.2|am_0930_1130,9,0.16,9,0,0,100.0,100.0,inf,2.7,0.0,92.8
SHORT:vwap_loss+adi_dn+delta_dump|nk0.8|vm0.8|am_0930_1130,9,0.16,9,0,0,100.0,100.0,inf,2.7,0.0,92.8
SHORT:vwap_loss+adi_dn+delta_dump|nk0.8|vm1.2|am_0930_1130,9,0.16,9,0,0,100.0,100.0,inf,2.7,0.0,92.8
SHORT:vwap_loss+adi_dn+rvol_thrust_dn|nk0.8|vm0.8|am_0930_1130,9,0.16,9,0,0,100.0,100.0,inf,2.7,0.0,92.8
SHORT:vwap_loss+adi_dn+rvol_thrust_dn|nk0.8|vm1.2|am_0930_1130,9,0.16,9,0,0,100.0,100.0,inf,2.7,0.0,92.8
SHORT:vwap_loss+adi_dn+below_vwap_v|nk0.8|vm0.8|am_0930_1130,9,0.16,9,0,0,100.0,100.0,inf,2.7,0.0,92.8
SHORT:vwap_loss+adi_dn+below_vwap_v|nk0.8|vm1.2|am_0930_1130,9,0.16,9,0,0,100.0,100.0,inf,2.7,0.0,92.8
SHORT:vwap_loss+delta_dump+weak_close|nk0.8|vm0.8|am_0930_1130,9,0.16,9,0,0,100.0,100.0,inf,2.7,0.0,92.8
SHORT:vwap_loss+delta_dump+weak_close|nk0.8|vm1.2|am_0930_1130,9,0.16,9,0,0,100.0,100.0,inf,2.7,0.0,92.8
SHORT:vwap_loss+delta_dump+vwap_loss_v|nk0.8|vm0.8|am_0930_1130,9,0.16,9,0,0,100.0,100.0,inf,2.7,0.0,92.8
SHORT:vwap_loss+delta_dump+vwap_loss_v|nk0.8|vm1.2|am_0930_1130,9,0.16,9,0,0,100.0,100.0,inf,2.7,0.0,92.8
SHORT:vwap_loss+delta_dump+rvol_thrust_dn|nk0.8|vm0.8|am_0930_1130,9,0.16,9,0,0,100.0,100.0,inf,2.7,0.0,92.8
SHORT:vwap_loss+delta_dump+rvol_thrust_dn|nk0.8|vm1.2|am_0930_1130,9,0.16,9,0,0,100.0,100.0,inf,2.7,0.0,92.8
SHORT:vwap_loss+delta_dump+below_vwap_v|nk0.8|vm0.8|am_0930_1130,9,0.16,9,0,0,100.0,100.0,inf,2.7,0.0,92.8
SHORT:vwap_loss+delta_dump+below_vwap_v|nk0.8|vm1.2|am_0930_1130,9,0.16,9,0,0,100.0,100.0,inf,2.7,0.0,92.8
SHORT:vwap_loss+rvol_thrust_dn+cvd_dn|nk0.8|vm0.8|am_0930_1130,9,0.16,9,0,0,100.0,100.0,inf,2.7,0.0,70.6
SHORT:vwap_loss+rvol_thrust_dn+cvd_dn|nk0.8|vm1.2|am_0930_1130,9,0.16,9,0,0,100.0,100.0,inf,2.7,0.0,70.6
SHORT:vwap_loss+rvol_thrust_dn+cvd_dn_v|nk0.8|vm0.8|am_0930_1130,9,0.16,9,0,0,100.0,100.0,inf,2.7,0.0,70.6
SHORT:vwap_loss+rvol_thrust_dn+cvd_dn_v|nk0.8|vm1.2|am_0930_1130,9,0.16,9,0,0,100.0,100.0,inf,2.7,0.0,70.6
SHORT:vwap_loss+below_vwap_v+cvd_dn|nk0.8|vm0.8|am_0930_1130,9,0.16,9,0,0,100.0,100.0,inf,2.7,0.0,70.6
SHORT:vwap_loss+below_vwap_v+cvd_dn|nk0.8|vm1.2|am_0930_1130,9,0.16,9,0,0,100.0,100.0,inf,2.7,0.0,70.6
SHORT:vwap_loss+below_vwap_v+cvd_dn_v|nk0.8|vm0.8|am_0930_1130,9,0.16,9,0,0,100.0,100.0,inf,2.7,0.0,70.6
SHORT:vwap_loss+below_vwap_v+cvd_dn_v|nk0.8|vm1.2|am_0930_1130,9,0.16,9,0,0,100.0,100.0,inf,2.7,0.0,70.6
SHORT:below_vwap+delta_dump+vwap_loss_v|nk0.8|vm0.8|am_0930_1130,9,0.16,9,0,0,100.0,100.0,inf,2.7,0.0,92.8
SHORT:below_vwap+delta_dump+vwap_loss_v|nk0.8|vm1.2|am_0930_1130,9,0.16,9,0,0,100.0,100.0,inf,2.7,0.0,92.8
SHORT:adi_dn+delta_dump+vwap_loss_v|nk0.8|vm0.8|am_0930_1130,9,0.16,9,0,0,100.0,100.0,inf,2.7,0.0,92.8
SHORT:adi_dn+delta_dump+vwap_loss_v|nk0.8|vm1.2|am_0930_1130,9,0.16,9,0,0,100.0,100.0,inf,2.7,0.0,92.8
SHORT:adi_dn+vwap_loss_v+rvol_thrust_dn|nk0.8|vm0.8|am_0930_1130,9,0.16,9,0,0,100.0,100.0,inf,2.7,0.0,92.8
SHORT:adi_dn+vwap_loss_v+rvol_thrust_dn|nk0.8|vm1.2|am_0930_1130,9,0.16,9,0,0,100.0,100.0,inf,2.7,0.0,92.8
SHORT:adi_dn+vwap_loss_v+below_vwap_v|nk0.8|vm0.8|am_0930_1130,9,0.16,9,0,0,100.0,100.0,inf,2.7,0.0,92.8
SHORT:adi_dn+vwap_loss_v+below_vwap_v|nk0.8|vm1.2|am_0930_1130,9,0.16,9,0,0,100.0,100.0,inf,2.7,0.0,92.8
SHORT:delta_dump+weak_close+vwap_loss_v|nk0.8|vm0.8|am_0930_1130,9,0.16,9,0,0,100.0,100.0,inf,2.7,0.0,92.8
SHORT:delta_dump+weak_close+vwap_loss_v|nk0.8|vm1.2|am_0930_1130,9,0.16,9,0,0,100.0,100.0,inf,2.7,0.0,92.8
SHORT:delta_dump+vwap_loss_v+rvol_thrust_dn|nk0.8|vm0.8|am_0930_1130,9,0.16,9,0,0,100.0,100.0,inf,2.7,0.0,92.8
SHORT:delta_dump+vwap_loss_v+rvol_thrust_dn|nk0.8|vm1.2|am_0930_1130,9,0.16,9,0,0,100.0,100.0,inf,2.7,0.0,92.8
SHORT:delta_dump+vwap_loss_v+below_vwap_v|nk0.8|vm0.8|am_0930_1130,9,0.16,9,0,0,100.0,100.0,inf,2.7,0.0,92.8
SHORT:delta_dump+vwap_loss_v+below_vwap_v|nk0.8|vm1.2|am_0930_1130,9,0.16,9,0,0,100.0,100.0,inf,2.7,0.0,92.8
SHORT:vwap_loss_v+rvol_thrust_dn+cvd_dn|nk0.8|vm0.8|am_0930_1130,9,0.16,9,0,0,100.0,100.0,inf,2.7,0.0,70.6
SHORT:vwap_loss_v+rvol_thrust_dn+cvd_dn|nk0.8|vm1.2|am_0930_1130,9,0.16,9,0,0,100.0,100.0,inf,2.7,0.0,70.6
SHORT:vwap_loss_v+rvol_thrust_dn+cvd_dn_v|nk0.8|vm0.8|am_0930_1130,9,0.16,9,0,0,100.0,100.0,inf,2.7,0.0,70.6
SHORT:vwap_loss_v+rvol_thrust_dn+cvd_dn_v|nk0.8|vm1.2|am_0930_1130,9,0.16,9,0,0,100.0,100.0,inf,2.7,0.0,70.6
SHORT:vwap_loss_v+below_vwap_v+cvd_dn|nk0.8|vm0.8|am_0930_1130,9,0.16,9,0,0,100.0,100.0,inf,2.7,0.0,70.6
SHORT:vwap_loss_v+below_vwap_v+cvd_dn|nk0.8|vm1.2|am_0930_1130,9,0.16,9,0,0,100.0,100.0,inf,2.7,0.0,70.6
SHORT:vwap_loss_v+below_vwap_v+cvd_dn_v|nk0.8|vm0.8|am_0930_1130,9,0.16,9,0,0,100.0,100.0,inf,2.7,0.0,70.6
SHORT:vwap_loss_v+below_vwap_v+cvd_dn_v|nk0.8|vm1.2|am_0930_1130,9,0.16,9,0,0,100.0,100.0,inf,2.7,0.0,70.6
SHORT:vwap_loss+below_vwap+adi_dn+delta_dump|nk0.8|vm0.8|am_0930_1130,9,0.16,9,0,0,100.0,100.0,inf,2.7,0.0,92.8
SHORT:vwap_loss+below_vwap+adi_dn+delta_dump|nk0.8|vm1.2|am_0930_1130,9,0.16,9,0,0,100.0,100.0,inf,2.7,0.0,92.8
SHORT:vwap_loss+below_vwap+adi_dn+rvol_thrust_dn|nk0.8|vm0.8|am_0930_1130,9,0.16,9,0,0,100.0,100.0,inf,2.7,0.0,92.8
SHORT:vwap_loss+below_vwap+adi_dn+rvol_thrust_dn|nk0.8|vm1.2|am_0930_1130,9,0.16,9,0,0,100.0,100.0,inf,2.7,0.0,92.8
SHORT:vwap_loss+below_vwap+adi_dn+below_vwap_v|nk0.8|vm0.8|am_0930_1130,9,0.16,9,0,0,100.0,100.0,inf,2.7,0.0,92.8
SHORT:vwap_loss+below_vwap+adi_dn+below_vwap_v|nk0.8|vm1.2|am_0930_1130,9,0.16,9,0,0,100.0,100.0,inf,2.7,0.0,92.8
SHORT:vwap_loss+below_vwap+delta_dump+weak_close|nk0.8|vm0.8|am_0930_1130,9,0.16,9,0,0,100.0,100.0,inf,2.7,0.0,92.8
SHORT:vwap_loss+below_vwap+delta_dump+weak_close|nk0.8|vm1.2|am_0930_1130,9,0.16,9,0,0,100.0,100.0,inf,2.7,0.0,92.8
SHORT:vwap_loss+below_vwap+delta_dump+vwap_loss_v|nk0.8|vm0.8|am_0930_1130,9,0.16,9,0,0,100.0,100.0,inf,2.7,0.0,92.8
SHORT:vwap_loss+below_vwap+delta_dump+vwap_loss_v|nk0.8|vm1.2|am_0930_1130,9,0.16,9,0,0,100.0,100.0,inf,2.7,0.0,92.8
SHORT:vwap_loss+below_vwap+delta_dump+rvol_thrust_dn|nk0.8|vm0.8|am_0930_1130,9,0.16,9,0,0,100.0,100.0,inf,2.7,0.0,92.8
SHORT:vwap_loss+below_vwap+delta_dump+rvol_thrust_dn|nk0.8|vm1.2|am_0930_1130,9,0.16,9,0,0,100.0,100.0,inf,2.7,0.0,92.8
SHORT:vwap_loss+below_vwap+delta_dump+below_vwap_v|nk0.8|vm0.8|am_0930_1130,9,0.16,9,0,0,100.0,100.0,inf,2.7,0.0,92.8
SHORT:vwap_loss+below_vwap+delta_dump+below_vwap_v|nk0.8|vm1.2|am_0930_1130,9,0.16,9,0,0,100.0,100.0,inf,2.7,0.0,92.8
SHORT:vwap_loss+below_vwap+rvol_thrust_dn+cvd_dn|nk0.8|vm0.8|am_0930_1130,9,0.16,9,0,0,100.0,100.0,inf,2.7,0.0,70.6
SHORT:vwap_loss+below_vwap+rvol_thrust_dn+cvd_dn|nk0.8|vm1.2|am_0930_1130,9,0.16,9,0,0,100.0,100.0,inf,2.7,0.0,70.6
SHORT:vwap_loss+below_vwap+rvol_thrust_dn+cvd_dn_v|nk0.8|vm0.8|am_0930_1130,9,0.16,9,0,0,100.0,100.0,inf,2.7,0.0,70.6
SHORT:vwap_loss+below_vwap+rvol_thrust_dn+cvd_dn_v|nk0.8|vm1.2|am_0930_1130,9,0.16,9,0,0,100.0,100.0,inf,2.7,0.0,70.6
SHORT:vwap_loss+below_vwap+below_vwap_v+cvd_dn|nk0.8|vm0.8|am_0930_1130,9,0.16,9,0,0,100.0,100.0,inf,2.7,0.0,70.6
SHORT:vwap_loss+below_vwap+below_vwap_v+cvd_dn|nk0.8|vm1.2|am_0930_1130,9,0.16,9,0,0,100.0,100.0,inf,2.7,0.0,70.6
SHORT:vwap_loss+below_vwap+below_vwap_v+cvd_dn_v|nk0.8|vm0.8|am_0930_1130,9,0.16,9,0,0,100.0,100.0,inf,2.7,0.0,70.6
SHORT:vwap_loss+below_vwap+below_vwap_v+cvd_dn_v|nk0.8|vm1.2|am_0930_1130,9,0.16,9,0,0,100.0,100.0,inf,2.7,0.0,70.6
SHORT:vwap_loss+adi_dn+delta_dump+weak_close|nk0.8|vm0.8|am_0930_1130,9,0.16,9,0,0,100.0,100.0,inf,2.7,0.0,92.8
SHORT:vwap_loss+adi_dn+delta_dump+weak_close|nk0.8|vm1.2|am_0930_1130,9,0.16,9,0,0,100.0,100.0,inf,2.7,0.0,92.8
SHORT:vwap_loss+adi_dn+delta_dump+vwap_loss_v|nk0.8|vm0.8|am_0930_1130,9,0.16,9,0,0,100.0,100.0,inf,2.7,0.0,92.8
SHORT:vwap_loss+adi_dn+delta_dump+vwap_loss_v|nk0.8|vm1.2|am_0930_1130,9,0.16,9,0,0,100.0,100.0,inf,2.7,0.0,92.8
SHORT:vwap_loss+adi_dn+delta_dump+rvol_thrust_dn|nk0.8|vm0.8|am_0930_1130,9,0.16,9,0,0,100.0,100.0,inf,2.7,0.0,92.8
SHORT:vwap_loss+adi_dn+delta_dump+rvol_thrust_dn|nk0.8|vm1.2|am_0930_1130,9,0.16,9,0,0,100.0,100.0,inf,2.7,0.0,92.8
SHORT:vwap_loss+adi_dn+delta_dump+below_vwap_v|nk0.8|vm0.8|am_0930_1130,9,0.16,9,0,0,100.0,100.0,inf,2.7,0.0,92.8
SHORT:vwap_loss+adi_dn+delta_dump+below_vwap_v|nk0.8|vm1.2|am_0930_1130,9,0.16,9,0,0,100.0,100.0,inf,2.7,0.0,92.8
SHORT:vwap_loss+adi_dn+weak_close+rvol_thrust_dn|nk0.8|vm0.8|am_0930_1130,9,0.16,9,0,0,100.0,100.0,inf,2.7,0.0,92.8
SHORT:vwap_loss+adi_dn+weak_close+rvol_thrust_dn|nk0.8|vm1.2|am_0930_1130,9,0.16,9,0,0,100.0,100.0,inf,2.7,0.0,92.8
SHORT:vwap_loss+adi_dn+weak_close+below_vwap_v|nk0.8|vm0.8|am_0930_1130,9,0.16,9,0,0,100.0,100.0,inf,2.7,0.0,92.8
SHORT:vwap_loss+adi_dn+weak_close+below_vwap_v|nk0.8|vm1.2|am_0930_1130,9,0.16,9,0,0,100.0,100.0,inf,2.7,0.0,92.8
SHORT:vwap_loss+adi_dn+vwap_loss_v+rvol_thrust_dn|nk0.8|vm0.8|am_0930_1130,9,0.16,9,0,0,100.0,100.0,inf,2.7,0.0,92.8
SHORT:vwap_loss+adi_dn+vwap_loss_v+rvol_thrust_dn|nk0.8|vm1.2|am_0930_1130,9,0.16,9,0,0,100.0,100.0,inf,2.7,0.0,92.8
SHORT:vwap_loss+adi_dn+vwap_loss_v+below_vwap_v|nk0.8|vm0.8|am_0930_1130,9,0.16,9,0,0,100.0,100.0,inf,2.7,0.0,92.8
SHORT:vwap_loss+adi_dn+vwap_loss_v+below_vwap_v|nk0.8|vm1.2|am_0930_1130,9,0.16,9,0,0,100.0,100.0,inf,2.7,0.0,92.8
SHORT:vwap_loss+adi_dn+rvol_thrust_dn+below_vwap_v|nk0.8|vm0.8|am_0930_1130,9,0.16,9,0,0,100.0,100.0,inf,2.7,0.0,92.8
SHORT:vwap_loss+adi_dn+rvol_thrust_dn+below_vwap_v|nk0.8|vm1.2|am_0930_1130,9,0.16,9,0,0,100.0,100.0,inf,2.7,0.0,92.8
SHORT:vwap_loss+delta_dump+weak_close+vwap_loss_v|nk0.8|vm0.8|am_0930_1130,9,0.16,9,0,0,100.0,100.0,inf,2.7,0.0,92.8
SHORT:vwap_loss+delta_dump+weak_close+vwap_loss_v|nk0.8|vm1.2|am_0930_1130,9,0.16,9,0,0,100.0,100.0,inf,2.7,0.0,92.8
SHORT:vwap_loss+delta_dump+weak_close+rvol_thrust_dn|nk0.8|vm0.8|am_0930_1130,9,0.16,9,0,0,100.0,100.0,inf,2.7,0.0,92.8
SHORT:vwap_loss+delta_dump+weak_close+rvol_thrust_dn|nk0.8|vm1.2|am_0930_1130,9,0.16,9,0,0,100.0,100.0,inf,2.7,0.0,92.8
SHORT:vwap_loss+delta_dump+weak_close+below_vwap_v|nk0.8|vm0.8|am_0930_1130,9,0.16,9,0,0,100.0,100.0,inf,2.7,0.0,92.8
SHORT:vwap_loss+delta_dump+weak_close+below_vwap_v|nk0.8|vm1.2|am_0930_1130,9,0.16,9,0,0,100.0,100.0,inf,2.7,0.0,92.8
SHORT:vwap_loss+delta_dump+vwap_loss_v+rvol_thrust_dn|nk0.8|vm0.8|am_0930_1130,9,0.16,9,0,0,100.0,100.0,inf,2.7,0.0,92.8
SHORT:vwap_loss+delta_dump+vwap_loss_v+rvol_thrust_dn|nk0.8|vm1.2|am_0930_1130,9,0.16,9,0,0,100.0,100.0,inf,2.7,0.0,92.8
SHORT:vwap_loss+delta_dump+vwap_loss_v+below_vwap_v|nk0.8|vm0.8|am_0930_1130,9,0.16,9,0,0,100.0,100.0,inf,2.7,0.0,92.8
SHORT:vwap_loss+delta_dump+vwap_loss_v+below_vwap_v|nk0.8|vm1.2|am_0930_1130,9,0.16,9,0,0,100.0,100.0,inf,2.7,0.0,92.8
SHORT:vwap_loss+delta_dump+rvol_thrust_dn+below_vwap_v|nk0.8|vm0.8|am_0930_1130,9,0.16,9,0,0,100.0,100.0,inf,2.7,0.0,92.8
SHORT:vwap_loss+delta_dump+rvol_thrust_dn+below_vwap_v|nk0.8|vm1.2|am_0930_1130,9,0.16,9,0,0,100.0,100.0,inf,2.7,0.0,92.8
SHORT:vwap_loss+weak_close+rvol_thrust_dn+cvd_dn|nk0.8|vm0.8|am_0930_1130,9,0.16,9,0,0,100.0,100.0,inf,2.7,0.0,70.6
SHORT:vwap_loss+weak_close+rvol_thrust_dn+cvd_dn|nk0.8|vm1.2|am_0930_1130,9,0.16,9,0,0,100.0,100.0,inf,2.7,0.0,70.6
SHORT:vwap_loss+weak_close+rvol_thrust_dn+cvd_dn_v|nk0.8|vm0.8|am_0930_1130,9,0.16,9,0,0,100.0,100.0,inf,2.7,0.0,70.6
SHORT:vwap_loss+weak_close+rvol_thrust_dn+cvd_dn_v|nk0.8|vm1.2|am_0930_1130,9,0.16,9,0,0,100.0,100.0,inf,2.7,0.0,70.6
SHORT:vwap_loss+weak_close+below_vwap_v+cvd_dn|nk0.8|vm0.8|am_0930_1130,9,0.16,9,0,0,100.0,100.0,inf,2.7,0.0,70.6
SHORT:vwap_loss+weak_close+below_vwap_v+cvd_dn|nk0.8|vm1.2|am_0930_1130,9,0.16,9,0,0,100.0,100.0,inf,2.7,0.0,70.6
SHORT:vwap_loss+weak_close+below_vwap_v+cvd_dn_v|nk0.8|vm0.8|am_0930_1130,9,0.16,9,0,0,100.0,100.0,inf,2.7,0.0,70.6
SHORT:vwap_loss+weak_close+below_vwap_v+cvd_dn_v|nk0.8|vm1.2|am_0930_1130,9,0.16,9,0,0,100.0,100.0,inf,2.7,0.0,70.6
SHORT:vwap_loss+vwap_loss_v+rvol_thrust_dn+cvd_dn|nk0.8|vm0.8|am_0930_1130,9,0.16,9,0,0,100.0,100.0,inf,2.7,0.0,70.6
SHORT:vwap_loss+vwap_loss_v+rvol_thrust_dn+cvd_dn|nk0.8|vm1.2|am_0930_1130,9,0.16,9,0,0,100.0,100.0,inf,2.7,0.0,70.6
SHORT:vwap_loss+vwap_loss_v+rvol_thrust_dn+cvd_dn_v|nk0.8|vm0.8|am_0930_1130,9,0.16,9,0,0,100.0,100.0,inf,2.7,0.0,70.6
SHORT:vwap_loss+vwap_loss_v+rvol_thrust_dn+cvd_dn_v|nk0.8|vm1.2|am_0930_1130,9,0.16,9,0,0,100.0,100.0,inf,2.7,0.0,70.6
SHORT:vwap_loss+vwap_loss_v+below_vwap_v+cvd_dn|nk0.8|vm0.8|am_0930_1130,9,0.16,9,0,0,100.0,100.0,inf,2.7,0.0,70.6
SHORT:vwap_loss+vwap_loss_v+below_vwap_v+cvd_dn|nk0.8|vm1.2|am_0930_1130,9,0.16,9,0,0,100.0,100.0,inf,2.7,0.0,70.6
SHORT:vwap_loss+vwap_loss_v+below_vwap_v+cvd_dn_v|nk0.8|vm0.8|am_0930_1130,9,0.16,9,0,0,100.0,100.0,inf,2.7,0.0,70.6
SHORT:vwap_loss+vwap_loss_v+below_vwap_v+cvd_dn_v|nk0.8|vm1.2|am_0930_1130,9,0.16,9,0,0,100.0,100.0,inf,2.7,0.0,70.6
SHORT:vwap_loss+rvol_thrust_dn+below_vwap_v+cvd_dn|nk0.8|vm0.8|am_0930_1130,9,0.16,9,0,0,100.0,100.0,inf,2.7,0.0,70.6
SHORT:vwap_loss+rvol_thrust_dn+below_vwap_v+cvd_dn|nk0.8|vm1.2|am_0930_1130,9,0.16,9,0,0,100.0,100.0,inf,2.7,0.0,70.6
SHORT:vwap_loss+rvol_thrust_dn+below_vwap_v+cvd_dn_v|nk0.8|vm0.8|am_0930_1130,9,0.16,9,0,0,100.0,100.0,inf,2.7,0.0,70.6
SHORT:vwap_loss+rvol_thrust_dn+below_vwap_v+cvd_dn_v|nk0.8|vm1.2|am_0930_1130,9,0.16,9,0,0,100.0,100.0,inf,2.7,0.0,70.6
SHORT:vwap_loss+rvol_thrust_dn+cvd_dn+cvd_dn_v|nk0.8|vm0.8|am_0930_1130,9,0.16,9,0,0,100.0,100.0,inf,2.7,0.0,70.6
SHORT:vwap_loss+rvol_thrust_dn+cvd_dn+cvd_dn_v|nk0.8|vm1.2|am_0930_1130,9,0.16,9,0,0,100.0,100.0,inf,2.7,0.0,70.6
SHORT:vwap_loss+below_vwap_v+cvd_dn+cvd_dn_v|nk0.8|vm0.8|am_0930_1130,9,0.16,9,0,0,100.0,100.0,inf,2.7,0.0,70.6
SHORT:vwap_loss+below_vwap_v+cvd_dn+cvd_dn_v|nk0.8|vm1.2|am_0930_1130,9,0.16,9,0,0,100.0,100.0,inf,2.7,0.0,70.6
SHORT:below_vwap+adi_dn+delta_dump+vwap_loss_v|nk0.8|vm0.8|am_0930_1130,9,0.16,9,0,0,100.0,100.0,inf,2.7,0.0,92.8
SHORT:below_vwap+adi_dn+delta_dump+vwap_loss_v|nk0.8|vm1.2|am_0930_1130,9,0.16,9,0,0,100.0,100.0,inf,2.7,0.0,92.8
SHORT:below_vwap+adi_dn+vwap_loss_v+rvol_thrust_dn|nk0.8|vm0.8|am_0930_1130,9,0.16,9,0,0,100.0,100.0,inf,2.7,0.0,92.8
SHORT:below_vwap+adi_dn+vwap_loss_v+rvol_thrust_dn|nk0.8|vm1.2|am_0930_1130,9,0.16,9,0,0,100.0,100.0,inf,2.7,0.0,92.8
SHORT:below_vwap+adi_dn+vwap_loss_v+below_vwap_v|nk0.8|vm0.8|am_0930_1130,9,0.16,9,0,0,100.0,100.0,inf,2.7,0.0,92.8
SHORT:below_vwap+adi_dn+vwap_loss_v+below_vwap_v|nk0.8|vm1.2|am_0930_1130,9,0.16,9,0,0,100.0,100.0,inf,2.7,0.0,92.8
SHORT:below_vwap+delta_dump+weak_close+vwap_loss_v|nk0.8|vm0.8|am_0930_1130,9,0.16,9,0,0,100.0,100.0,inf,2.7,0.0,92.8
SHORT:below_vwap+delta_dump+weak_close+vwap_loss_v|nk0.8|vm1.2|am_0930_1130,9,0.16,9,0,0,100.0,100.0,inf,2.7,0.0,92.8
SHORT:below_vwap+delta_dump+vwap_loss_v+rvol_thrust_dn|nk0.8|vm0.8|am_0930_1130,9,0.16,9,0,0,100.0,100.0,inf,2.7,0.0,92.8
SHORT:below_vwap+delta_dump+vwap_loss_v+rvol_thrust_dn|nk0.8|vm1.2|am_0930_1130,9,0.16,9,0,0,100.0,100.0,inf,2.7,0.0,92.8
SHORT:below_vwap+delta_dump+vwap_loss_v+below_vwap_v|nk0.8|vm0.8|am_0930_1130,9,0.16,9,0,0,100.0,100.0,inf,2.7,0.0,92.8
SHORT:below_vwap+delta_dump+vwap_loss_v+below_vwap_v|nk0.8|vm1.2|am_0930_1130,9,0.16,9,0,0,100.0,100.0,inf,2.7,0.0,92.8
SHORT:below_vwap+vwap_loss_v+rvol_thrust_dn+cvd_dn|nk0.8|vm0.8|am_0930_1130,9,0.16,9,0,0,100.0,100.0,inf,2.7,0.0,70.6
SHORT:below_vwap+vwap_loss_v+rvol_thrust_dn+cvd_dn|nk0.8|vm1.2|am_0930_1130,9,0.16,9,0,0,100.0,100.0,inf,2.7,0.0,70.6
SHORT:below_vwap+vwap_loss_v+rvol_thrust_dn+cvd_dn_v|nk0.8|vm0.8|am_0930_1130,9,0.16,9,0,0,100.0,100.0,inf,2.7,0.0,70.6
SHORT:below_vwap+vwap_loss_v+rvol_thrust_dn+cvd_dn_v|nk0.8|vm1.2|am_0930_1130,9,0.16,9,0,0,100.0,100.0,inf,2.7,0.0,70.6
SHORT:below_vwap+vwap_loss_v+below_vwap_v+cvd_dn|nk0.8|vm0.8|am_0930_1130,9,0.16,9,0,0,100.0,100.0,inf,2.7,0.0,70.6
SHORT:below_vwap+vwap_loss_v+below_vwap_v+cvd_dn|nk0.8|vm1.2|am_0930_1130,9,0.16,9,0,0,100.0,100.0,inf,2.7,0.0,70.6
SHORT:below_vwap+vwap_loss_v+below_vwap_v+cvd_dn_v|nk0.8|vm0.8|am_0930_1130,9,0.16,9,0,0,100.0,100.0,inf,2.7,0.0,70.6
SHORT:below_vwap+vwap_loss_v+below_vwap_v+cvd_dn_v|nk0.8|vm1.2|am_0930_1130,9,0.16,9,0,0,100.0,100.0,inf,2.7,0.0,70.6
SHORT:adi_dn+delta_dump+weak_close+vwap_loss_v|nk0.8|vm0.8|am_0930_1130,9,0.16,9,0,0,100.0,100.0,inf,2.7,0.0,92.8
SHORT:adi_dn+delta_dump+weak_close+vwap_loss_v|nk0.8|vm1.2|am_0930_1130,9,0.16,9,0,0,100.0,100.0,inf,2.7,0.0,92.8
SHORT:adi_dn+delta_dump+vwap_loss_v+rvol_thrust_dn|nk0.8|vm0.8|am_0930_1130,9,0.16,9,0,0,100.0,100.0,inf,2.7,0.0,92.8
SHORT:adi_dn+delta_dump+vwap_loss_v+rvol_thrust_dn|nk0.8|vm1.2|am_0930_1130,9,0.16,9,0,0,100.0,100.0,inf,2.7,0.0,92.8
SHORT:adi_dn+delta_dump+vwap_loss_v+below_vwap_v|nk0.8|vm0.8|am_0930_1130,9,0.16,9,0,0,100.0,100.0,inf,2.7,0.0,92.8
SHORT:adi_dn+delta_dump+vwap_loss_v+below_vwap_v|nk0.8|vm1.2|am_0930_1130,9,0.16,9,0,0,100.0,100.0,inf,2.7,0.0,92.8
SHORT:adi_dn+weak_close+vwap_loss_v+rvol_thrust_dn|nk0.8|vm0.8|am_0930_1130,9,0.16,9,0,0,100.0,100.0,inf,2.7,0.0,92.8
SHORT:adi_dn+weak_close+vwap_loss_v+rvol_thrust_dn|nk0.8|vm1.2|am_0930_1130,9,0.16,9,0,0,100.0,100.0,inf,2.7,0.0,92.8
SHORT:adi_dn+weak_close+vwap_loss_v+below_vwap_v|nk0.8|vm0.8|am_0930_1130,9,0.16,9,0,0,100.0,100.0,inf,2.7,0.0,92.8
SHORT:adi_dn+weak_close+vwap_loss_v+below_vwap_v|nk0.8|vm1.2|am_0930_1130,9,0.16,9,0,0,100.0,100.0,inf,2.7,0.0,92.8
SHORT:adi_dn+vwap_loss_v+rvol_thrust_dn+below_vwap_v|nk0.8|vm0.8|am_0930_1130,9,0.16,9,0,0,100.0,100.0,inf,2.7,0.0,92.8
SHORT:adi_dn+vwap_loss_v+rvol_thrust_dn+below_vwap_v|nk0.8|vm1.2|am_0930_1130,9,0.16,9,0,0,100.0,100.0,inf,2.7,0.0,92.8
SHORT:delta_dump+weak_close+vwap_loss_v+rvol_thrust_dn|nk0.8|vm0.8|am_0930_1130,9,0.16,9,0,0,100.0,100.0,inf,2.7,0.0,92.8
SHORT:delta_dump+weak_close+vwap_loss_v+rvol_thrust_dn|nk0.8|vm1.2|am_0930_1130,9,0.16,9,0,0,100.0,100.0,inf,2.7,0.0,92.8
SHORT:delta_dump+weak_close+vwap_loss_v+below_vwap_v|nk0.8|vm0.8|am_0930_1130,9,0.16,9,0,0,100.0,100.0,inf,2.7,0.0,92.8
SHORT:delta_dump+weak_close+vwap_loss_v+below_vwap_v|nk0.8|vm1.2|am_0930_1130,9,0.16,9,0,0,100.0,100.0,inf,2.7,0.0,92.8
SHORT:delta_dump+vwap_loss_v+rvol_thrust_dn+below_vwap_v|nk0.8|vm0.8|am_0930_1130,9,0.16,9,0,0,100.0,100.0,inf,2.7,0.0,92.8
SHORT:delta_dump+vwap_loss_v+rvol_thrust_dn+below_vwap_v|nk0.8|vm1.2|am_0930_1130,9,0.16,9,0,0,100.0,100.0,inf,2.7,0.0,92.8
SHORT:weak_close+vwap_loss_v+rvol_thrust_dn+cvd_dn|nk0.8|vm0.8|am_0930_1130,9,0.16,9,0,0,100.0,100.0,inf,2.7,0.0,70.6
SHORT:weak_close+vwap_loss_v+rvol_thrust_dn+cvd_dn|nk0.8|vm1.2|am_0930_1130,9,0.16,9,0,0,100.0,100.0,inf,2.7,0.0,70.6
SHORT:weak_close+vwap_loss_v+rvol_thrust_dn+cvd_dn_v|nk0.8|vm0.8|am_0930_1130,9,0.16,9,0,0,100.0,100.0,inf,2.7,0.0,70.6
SHORT:weak_close+vwap_loss_v+rvol_thrust_dn+cvd_dn_v|nk0.8|vm1.2|am_0930_1130,9,0.16,9,0,0,100.0,100.0,inf,2.7,0.0,70.6
SHORT:weak_close+vwap_loss_v+below_vwap_v+cvd_dn|nk0.8|vm0.8|am_0930_1130,9,0.16,9,0,0,100.0,100.0,inf,2.7,0.0,70.6
SHORT:weak_close+vwap_loss_v+below_vwap_v+cvd_dn|nk0.8|vm1.2|am_0930_1130,9,0.16,9,0,0,100.0,100.0,inf,2.7,0.0,70.6
SHORT:weak_close+vwap_loss_v+below_vwap_v+cvd_dn_v|nk0.8|vm0.8|am_0930_1130,9,0.16,9,0,0,100.0,100.0,inf,2.7,0.0,70.6
SHORT:weak_close+vwap_loss_v+below_vwap_v+cvd_dn_v|nk0.8|vm1.2|am_0930_1130,9,0.16,9,0,0,100.0,100.0,inf,2.7,0.0,70.6
SHORT:vwap_loss_v+rvol_thrust_dn+below_vwap_v+cvd_dn|nk0.8|vm0.8|am_0930_1130,9,0.16,9,0,0,100.0,100.0,inf,2.7,0.0,70.6
SHORT:vwap_loss_v+rvol_thrust_dn+below_vwap_v+cvd_dn|nk0.8|vm1.2|am_0930_1130,9,0.16,9,0,0,100.0,100.0,inf,2.7,0.0,70.6
SHORT:vwap_loss_v+rvol_thrust_dn+below_vwap_v+cvd_dn_v|nk0.8|vm0.8|am_0930_1130,9,0.16,9,0,0,100.0,100.0,inf,2.7,0.0,70.6
SHORT:vwap_loss_v+rvol_thrust_dn+below_vwap_v+cvd_dn_v|nk0.8|vm1.2|am_0930_1130,9,0.16,9,0,0,100.0,100.0,inf,2.7,0.0,70.6
SHORT:vwap_loss_v+rvol_thrust_dn+cvd_dn+cvd_dn_v|nk0.8|vm0.8|am_0930_1130,9,0.16,9,0,0,100.0,100.0,inf,2.7,0.0,70.6
SHORT:vwap_loss_v+rvol_thrust_dn+cvd_dn+cvd_dn_v|nk0.8|vm1.2|am_0930_1130,9,0.16,9,0,0,100.0,100.0,inf,2.7,0.0,70.6
SHORT:vwap_loss_v+below_vwap_v+cvd_dn+cvd_dn_v|nk0.8|vm0.8|am_0930_1130,9,0.16,9,0,0,100.0,100.0,inf,2.7,0.0,70.6
SHORT:vwap_loss_v+below_vwap_v+cvd_dn+cvd_dn_v|nk0.8|vm1.2|am_0930_1130,9,0.16,9,0,0,100.0,100.0,inf,2.7,0.0,70.6
SHORT:yhigh_reject+cvd_dn|nk0.8|vm0.8|full_0930_1400,8,0.14,8,0,0,100.0,100.0,inf,2.4,0.0,80.6
SHORT:vwap_loss+delta_dump+cvd_dn|nk0.8|vm0.8|am_0930_1130,8,0.14,8,0,0,100.0,100.0,inf,2.4,0.0,78.8
SHORT:vwap_loss+delta_dump+cvd_dn|nk0.8|vm1.2|am_0930_1130,8,0.14,8,0,0,100.0,100.0,inf,2.4,0.0,78.8
SHORT:vwap_loss+delta_dump+cvd_dn_v|nk0.8|vm0.8|am_0930_1130,8,0.14,8,0,0,100.0,100.0,inf,2.4,0.0,78.8
SHORT:vwap_loss+delta_dump+cvd_dn_v|nk0.8|vm1.2|am_0930_1130,8,0.14,8,0,0,100.0,100.0,inf,2.4,0.0,78.8
SHORT:below_vwap+yhigh_reject+cvd_dn|nk0.8|vm0.8|full_0930_1400,8,0.14,8,0,0,100.0,100.0,inf,2.4,0.0,80.6
SHORT:delta_dump+vwap_loss_v+cvd_dn|nk0.8|vm0.8|am_0930_1130,8,0.14,8,0,0,100.0,100.0,inf,2.4,0.0,78.8
SHORT:delta_dump+vwap_loss_v+cvd_dn|nk0.8|vm1.2|am_0930_1130,8,0.14,8,0,0,100.0,100.0,inf,2.4,0.0,78.8
SHORT:delta_dump+vwap_loss_v+cvd_dn_v|nk0.8|vm0.8|am_0930_1130,8,0.14,8,0,0,100.0,100.0,inf,2.4,0.0,78.8
SHORT:delta_dump+vwap_loss_v+cvd_dn_v|nk0.8|vm1.2|am_0930_1130,8,0.14,8,0,0,100.0,100.0,inf,2.4,0.0,78.8
SHORT:vwap_loss+below_vwap+delta_dump+cvd_dn|nk0.8|vm0.8|am_0930_1130,8,0.14,8,0,0,100.0,100.0,inf,2.4,0.0,78.8
SHORT:vwap_loss+below_vwap+delta_dump+cvd_dn|nk0.8|vm1.2|am_0930_1130,8,0.14,8,0,0,100.0,100.0,inf,2.4,0.0,78.8
SHORT:vwap_loss+below_vwap+delta_dump+cvd_dn_v|nk0.8|vm0.8|am_0930_1130,8,0.14,8,0,0,100.0,100.0,inf,2.4,0.0,78.8
SHORT:vwap_loss+below_vwap+delta_dump+cvd_dn_v|nk0.8|vm1.2|am_0930_1130,8,0.14,8,0,0,100.0,100.0,inf,2.4,0.0,78.8
SHORT:vwap_loss+adi_dn+delta_dump+cvd_dn|nk0.8|vm0.8|am_0930_1130,8,0.14,8,0,0,100.0,100.0,inf,2.4,0.0,78.8
SHORT:vwap_loss+adi_dn+delta_dump+cvd_dn|nk0.8|vm1.2|am_0930_1130,8,0.14,8,0,0,100.0,100.0,inf,2.4,0.0,78.8
SHORT:vwap_loss+adi_dn+delta_dump+cvd_dn_v|nk0.8|vm0.8|am_0930_1130,8,0.14,8,0,0,100.0,100.0,inf,2.4,0.0,78.8
SHORT:vwap_loss+adi_dn+delta_dump+cvd_dn_v|nk0.8|vm1.2|am_0930_1130,8,0.14,8,0,0,100.0,100.0,inf,2.4,0.0,78.8
SHORT:vwap_loss+adi_dn+rvol_thrust_dn+cvd_dn|nk0.8|vm0.8|am_0930_1130,8,0.14,8,0,0,100.0,100.0,inf,2.4,0.0,78.8
SHORT:vwap_loss+adi_dn+rvol_thrust_dn+cvd_dn|nk0.8|vm1.2|am_0930_1130,8,0.14,8,0,0,100.0,100.0,inf,2.4,0.0,78.8
SHORT:vwap_loss+adi_dn+rvol_thrust_dn+cvd_dn_v|nk0.8|vm0.8|am_0930_1130,8,0.14,8,0,0,100.0,100.0,inf,2.4,0.0,78.8
SHORT:vwap_loss+adi_dn+rvol_thrust_dn+cvd_dn_v|nk0.8|vm1.2|am_0930_1130,8,0.14,8,0,0,100.0,100.0,inf,2.4,0.0,78.8
SHORT:vwap_loss+adi_dn+below_vwap_v+cvd_dn|nk0.8|vm0.8|am_0930_1130,8,0.14,8,0,0,100.0,100.0,inf,2.4,0.0,78.8
SHORT:vwap_loss+adi_dn+below_vwap_v+cvd_dn|nk0.8|vm1.2|am_0930_1130,8,0.14,8,0,0,100.0,100.0,inf,2.4,0.0,78.8
SHORT:vwap_loss+adi_dn+below_vwap_v+cvd_dn_v|nk0.8|vm0.8|am_0930_1130,8,0.14,8,0,0,100.0,100.0,inf,2.4,0.0,78.8
SHORT:vwap_loss+adi_dn+below_vwap_v+cvd_dn_v|nk0.8|vm1.2|am_0930_1130,8,0.14,8,0,0,100.0,100.0,inf,2.4,0.0,78.8
SHORT:vwap_loss+delta_dump+weak_close+cvd_dn|nk0.8|vm0.8|am_0930_1130,8,0.14,8,0,0,100.0,100.0,inf,2.4,0.0,78.8
SHORT:vwap_loss+delta_dump+weak_close+cvd_dn|nk0.8|vm1.2|am_0930_1130,8,0.14,8,0,0,100.0,100.0,inf,2.4,0.0,78.8
SHORT:vwap_loss+delta_dump+weak_close+cvd_dn_v|nk0.8|vm0.8|am_0930_1130,8,0.14,8,0,0,100.0,100.0,inf,2.4,0.0,78.8
SHORT:vwap_loss+delta_dump+weak_close+cvd_dn_v|nk0.8|vm1.2|am_0930_1130,8,0.14,8,0,0,100.0,100.0,inf,2.4,0.0,78.8
SHORT:vwap_loss+delta_dump+vwap_loss_v+cvd_dn|nk0.8|vm0.8|am_0930_1130,8,0.14,8,0,0,100.0,100.0,inf,2.4,0.0,78.8
SHORT:vwap_loss+delta_dump+vwap_loss_v+cvd_dn|nk0.8|vm1.2|am_0930_1130,8,0.14,8,0,0,100.0,100.0,inf,2.4,0.0,78.8
SHORT:vwap_loss+delta_dump+vwap_loss_v+cvd_dn_v|nk0.8|vm0.8|am_0930_1130,8,0.14,8,0,0,100.0,100.0,inf,2.4,0.0,78.8
SHORT:vwap_loss+delta_dump+vwap_loss_v+cvd_dn_v|nk0.8|vm1.2|am_0930_1130,8,0.14,8,0,0,100.0,100.0,inf,2.4,0.0,78.8
SHORT:vwap_loss+delta_dump+rvol_thrust_dn+cvd_dn|nk0.8|vm0.8|am_0930_1130,8,0.14,8,0,0,100.0,100.0,inf,2.4,0.0,78.8
SHORT:vwap_loss+delta_dump+rvol_thrust_dn+cvd_dn|nk0.8|vm1.2|am_0930_1130,8,0.14,8,0,0,100.0,100.0,inf,2.4,0.0,78.8
SHORT:vwap_loss+delta_dump+rvol_thrust_dn+cvd_dn_v|nk0.8|vm0.8|am_0930_1130,8,0.14,8,0,0,100.0,100.0,inf,2.4,0.0,78.8
SHORT:vwap_loss+delta_dump+rvol_thrust_dn+cvd_dn_v|nk0.8|vm1.2|am_0930_1130,8,0.14,8,0,0,100.0,100.0,inf,2.4,0.0,78.8
SHORT:vwap_loss+delta_dump+below_vwap_v+cvd_dn|nk0.8|vm0.8|am_0930_1130,8,0.14,8,0,0,100.0,100.0,inf,2.4,0.0,78.8
SHORT:vwap_loss+delta_dump+below_vwap_v+cvd_dn|nk0.8|vm1.2|am_0930_1130,8,0.14,8,0,0,100.0,100.0,inf,2.4,0.0,78.8
SHORT:vwap_loss+delta_dump+below_vwap_v+cvd_dn_v|nk0.8|vm0.8|am_0930_1130,8,0.14,8,0,0,100.0,100.0,inf,2.4,0.0,78.8
SHORT:vwap_loss+delta_dump+below_vwap_v+cvd_dn_v|nk0.8|vm1.2|am_0930_1130,8,0.14,8,0,0,100.0,100.0,inf,2.4,0.0,78.8
SHORT:vwap_loss+delta_dump+cvd_dn+cvd_dn_v|nk0.8|vm0.8|am_0930_1130,8,0.14,8,0,0,100.0,100.0,inf,2.4,0.0,78.8
SHORT:vwap_loss+delta_dump+cvd_dn+cvd_dn_v|nk0.8|vm1.2|am_0930_1130,8,0.14,8,0,0,100.0,100.0,inf,2.4,0.0,78.8
SHORT:below_vwap+delta_dump+vwap_loss_v+cvd_dn|nk0.8|vm0.8|am_0930_1130,8,0.14,8,0,0,100.0,100.0,inf,2.4,0.0,78.8
SHORT:below_vwap+delta_dump+vwap_loss_v+cvd_dn|nk0.8|vm1.2|am_0930_1130,8,0.14,8,0,0,100.0,100.0,inf,2.4,0.0,78.8
SHORT:below_vwap+delta_dump+vwap_loss_v+cvd_dn_v|nk0.8|vm0.8|am_0930_1130,8,0.14,8,0,0,100.0,100.0,inf,2.4,0.0,78.8
SHORT:below_vwap+delta_dump+vwap_loss_v+cvd_dn_v|nk0.8|vm1.2|am_0930_1130,8,0.14,8,0,0,100.0,100.0,inf,2.4,0.0,78.8
SHORT:adi_dn+delta_dump+vwap_loss_v+cvd_dn|nk0.8|vm0.8|am_0930_1130,8,0.14,8,0,0,100.0,100.0,inf,2.4,0.0,78.8
SHORT:adi_dn+delta_dump+vwap_loss_v+cvd_dn|nk0.8|vm1.2|am_0930_1130,8,0.14,8,0,0,100.0,100.0,inf,2.4,0.0,78.8
SHORT:adi_dn+delta_dump+vwap_loss_v+cvd_dn_v|nk0.8|vm0.8|am_0930_1130,8,0.14,8,0,0,100.0,100.0,inf,2.4,0.0,78.8
SHORT:adi_dn+delta_dump+vwap_loss_v+cvd_dn_v|nk0.8|vm1.2|am_0930_1130,8,0.14,8,0,0,100.0,100.0,inf,2.4,0.0,78.8
SHORT:adi_dn+vwap_loss_v+rvol_thrust_dn+cvd_dn|nk0.8|vm0.8|am_0930_1130,8,0.14,8,0,0,100.0,100.0,inf,2.4,0.0,78.8
SHORT:adi_dn+vwap_loss_v+rvol_thrust_dn+cvd_dn|nk0.8|vm1.2|am_0930_1130,8,0.14,8,0,0,100.0,100.0,inf,2.4,0.0,78.8
SHORT:adi_dn+vwap_loss_v+rvol_thrust_dn+cvd_dn_v|nk0.8|vm0.8|am_0930_1130,8,0.14,8,0,0,100.0,100.0,inf,2.4,0.0,78.8
SHORT:adi_dn+vwap_loss_v+rvol_thrust_dn+cvd_dn_v|nk0.8|vm1.2|am_0930_1130,8,0.14,8,0,0,100.0,100.0,inf,2.4,0.0,78.8
SHORT:adi_dn+vwap_loss_v+below_vwap_v+cvd_dn|nk0.8|vm0.8|am_0930_1130,8,0.14,8,0,0,100.0,100.0,inf,2.4,0.0,78.8
SHORT:adi_dn+vwap_loss_v+below_vwap_v+cvd_dn|nk0.8|vm1.2|am_0930_1130,8,0.14,8,0,0,100.0,100.0,inf,2.4,0.0,78.8
SHORT:adi_dn+vwap_loss_v+below_vwap_v+cvd_dn_v|nk0.8|vm0.8|am_0930_1130,8,0.14,8,0,0,100.0,100.0,inf,2.4,0.0,78.8
SHORT:adi_dn+vwap_loss_v+below_vwap_v+cvd_dn_v|nk0.8|vm1.2|am_0930_1130,8,0.14,8,0,0,100.0,100.0,inf,2.4,0.0,78.8
SHORT:delta_dump+weak_close+vwap_loss_v+cvd_dn|nk0.8|vm0.8|am_0930_1130,8,0.14,8,0,0,100.0,100.0,inf,2.4,0.0,78.8
SHORT:delta_dump+weak_close+vwap_loss_v+cvd_dn|nk0.8|vm1.2|am_0930_1130,8,0.14,8,0,0,100.0,100.0,inf,2.4,0.0,78.8
SHORT:delta_dump+weak_close+vwap_loss_v+cvd_dn_v|nk0.8|vm0.8|am_0930_1130,8,0.14,8,0,0,100.0,100.0,inf,2.4,0.0,78.8
SHORT:delta_dump+weak_close+vwap_loss_v+cvd_dn_v|nk0.8|vm1.2|am_0930_1130,8,0.14,8,0,0,100.0,100.0,inf,2.4,0.0,78.8
SHORT:delta_dump+vwap_loss_v+rvol_thrust_dn+cvd_dn|nk0.8|vm0.8|am_0930_1130,8,0.14,8,0,0,100.0,100.0,inf,2.4,0.0,78.8
SHORT:delta_dump+vwap_loss_v+rvol_thrust_dn+cvd_dn|nk0.8|vm1.2|am_0930_1130,8,0.14,8,0,0,100.0,100.0,inf,2.4,0.0,78.8
SHORT:delta_dump+vwap_loss_v+rvol_thrust_dn+cvd_dn_v|nk0.8|vm0.8|am_0930_1130,8,0.14,8,0,0,100.0,100.0,inf,2.4,0.0,78.8
SHORT:delta_dump+vwap_loss_v+rvol_thrust_dn+cvd_dn_v|nk0.8|vm1.2|am_0930_1130,8,0.14,8,0,0,100.0,100.0,inf,2.4,0.0,78.8
SHORT:delta_dump+vwap_loss_v+below_vwap_v+cvd_dn|nk0.8|vm0.8|am_0930_1130,8,0.14,8,0,0,100.0,100.0,inf,2.4,0.0,78.8
SHORT:delta_dump+vwap_loss_v+below_vwap_v+cvd_dn|nk0.8|vm1.2|am_0930_1130,8,0.14,8,0,0,100.0,100.0,inf,2.4,0.0,78.8
SHORT:delta_dump+vwap_loss_v+below_vwap_v+cvd_dn_v|nk0.8|vm0.8|am_0930_1130,8,0.14,8,0,0,100.0,100.0,inf,2.4,0.0,78.8
SHORT:delta_dump+vwap_loss_v+below_vwap_v+cvd_dn_v|nk0.8|vm1.2|am_0930_1130,8,0.14,8,0,0,100.0,100.0,inf,2.4,0.0,78.8
SHORT:delta_dump+vwap_loss_v+cvd_dn+cvd_dn_v|nk0.8|vm0.8|am_0930_1130,8,0.14,8,0,0,100.0,100.0,inf,2.4,0.0,78.8
SHORT:delta_dump+vwap_loss_v+cvd_dn+cvd_dn_v|nk0.8|vm1.2|am_0930_1130,8,0.14,8,0,0,100.0,100.0,inf,2.4,0.0,78.8
SHORT:below_vwap+yhigh_reject|nk0.0|vm0.8|mid_1030_1300,7,0.12,7,0,0,100.0,100.0,inf,2.1,0.0,54.3
SHORT:below_vwap+yhigh_reject|nk0.5|vm0.8|mid_1030_1300,7,0.12,7,0,0,100.0,100.0,inf,2.1,0.0,54.3
SHORT:below_vwap+yhigh_reject|nk0.8|vm0.8|mid_1030_1300,7,0.12,7,0,0,100.0,100.0,inf,2.1,0.0,54.3
SHORT:vwap_loss+delta_dump+below_pivot|nk0.8|vm0.8|full_0930_1400,7,0.12,7,0,0,100.0,100.0,inf,2.1,0.0,85.7
SHORT:vwap_loss+delta_dump+below_pivot|nk0.8|vm1.2|full_0930_1400,7,0.12,7,0,0,100.0,100.0,inf,2.1,0.0,85.7
SHORT:vwap_loss+below_pivot+rvol_thrust_dn|nk0.8|vm0.8|full_0930_1400,7,0.12,7,0,0,100.0,100.0,inf,2.1,0.0,78.6
SHORT:vwap_loss+below_pivot+rvol_thrust_dn|nk0.8|vm0.8|am_0930_1130,7,0.12,7,0,0,100.0,100.0,inf,2.1,0.0,78.6
SHORT:vwap_loss+below_pivot+rvol_thrust_dn|nk0.8|vm1.2|full_0930_1400,7,0.12,7,0,0,100.0,100.0,inf,2.1,0.0,78.6
SHORT:vwap_loss+below_pivot+rvol_thrust_dn|nk0.8|vm1.2|am_0930_1130,7,0.12,7,0,0,100.0,100.0,inf,2.1,0.0,78.6
SHORT:delta_dump+below_pivot+vwap_loss_v|nk0.8|vm0.8|full_0930_1400,7,0.12,7,0,0,100.0,100.0,inf,2.1,0.0,85.7
SHORT:delta_dump+below_pivot+vwap_loss_v|nk0.8|vm1.2|full_0930_1400,7,0.12,7,0,0,100.0,100.0,inf,2.1,0.0,85.7
SHORT:yhigh_reject+weak_close+cvd_dn|nk0.8|vm0.8|full_0930_1400,7,0.12,7,0,0,100.0,100.0,inf,2.1,0.0,82.1
SHORT:below_pivot+hist_turn_dn+vwap_hi_reject|nk0.0|vm1.2|full_0930_1400,7,0.12,7,0,0,100.0,100.0,inf,2.1,0.0,84.3
SHORT:below_pivot+hist_turn_dn+vwap_hi_reject|nk0.5|vm1.2|full_0930_1400,7,0.12,7,0,0,100.0,100.0,inf,2.1,0.0,84.3
SHORT:below_pivot+hist_turn_dn+vwap_hi_reject|nk0.8|vm1.2|full_0930_1400,7,0.12,7,0,0,100.0,100.0,inf,2.1,0.0,84.3
SHORT:below_pivot+vwap_loss_v+rvol_thrust_dn|nk0.8|vm0.8|full_0930_1400,7,0.12,7,0,0,100.0,100.0,inf,2.1,0.0,78.6
SHORT:below_pivot+vwap_loss_v+rvol_thrust_dn|nk0.8|vm0.8|am_0930_1130,7,0.12,7,0,0,100.0,100.0,inf,2.1,0.0,78.6
SHORT:below_pivot+vwap_loss_v+rvol_thrust_dn|nk0.8|vm1.2|full_0930_1400,7,0.12,7,0,0,100.0,100.0,inf,2.1,0.0,78.6
SHORT:below_pivot+vwap_loss_v+rvol_thrust_dn|nk0.8|vm1.2|am_0930_1130,7,0.12,7,0,0,100.0,100.0,inf,2.1,0.0,78.6
SHORT:vwap_loss+below_vwap+delta_dump+below_pivot|nk0.8|vm0.8|full_0930_1400,7,0.12,7,0,0,100.0,100.0,inf,2.1,0.0,85.7
SHORT:vwap_loss+below_vwap+delta_dump+below_pivot|nk0.8|vm1.2|full_0930_1400,7,0.12,7,0,0,100.0,100.0,inf,2.1,0.0,85.7
SHORT:vwap_loss+below_vwap+below_pivot+rvol_thrust_dn|nk0.8|vm0.8|full_0930_1400,7,0.12,7,0,0,100.0,100.0,inf,2.1,0.0,78.6
SHORT:vwap_loss+below_vwap+below_pivot+rvol_thrust_dn|nk0.8|vm0.8|am_0930_1130,7,0.12,7,0,0,100.0,100.0,inf,2.1,0.0,78.6
SHORT:vwap_loss+below_vwap+below_pivot+rvol_thrust_dn|nk0.8|vm1.2|full_0930_1400,7,0.12,7,0,0,100.0,100.0,inf,2.1,0.0,78.6
SHORT:vwap_loss+below_vwap+below_pivot+rvol_thrust_dn|nk0.8|vm1.2|am_0930_1130,7,0.12,7,0,0,100.0,100.0,inf,2.1,0.0,78.6
SHORT:vwap_loss+adi_dn+delta_dump+below_pivot|nk0.8|vm0.8|full_0930_1400,7,0.12,7,0,0,100.0,100.0,inf,2.1,0.0,85.7
SHORT:vwap_loss+adi_dn+delta_dump+below_pivot|nk0.8|vm1.2|full_0930_1400,7,0.12,7,0,0,100.0,100.0,inf,2.1,0.0,85.7
SHORT:vwap_loss+adi_dn+below_pivot+below_vwap_v|nk0.8|vm0.8|full_0930_1400,7,0.12,7,0,0,100.0,100.0,inf,2.1,0.0,85.7
SHORT:vwap_loss+adi_dn+below_pivot+below_vwap_v|nk0.8|vm1.2|full_0930_1400,7,0.12,7,0,0,100.0,100.0,inf,2.1,0.0,85.7
SHORT:vwap_loss+delta_dump+below_pivot+vwap_loss_v|nk0.8|vm0.8|full_0930_1400,7,0.12,7,0,0,100.0,100.0,inf,2.1,0.0,85.7
SHORT:vwap_loss+delta_dump+below_pivot+vwap_loss_v|nk0.8|vm1.2|full_0930_1400,7,0.12,7,0,0,100.0,100.0,inf,2.1,0.0,85.7
SHORT:vwap_loss+delta_dump+below_pivot+below_vwap_v|nk0.8|vm0.8|full_0930_1400,7,0.12,7,0,0,100.0,100.0,inf,2.1,0.0,85.7
SHORT:vwap_loss+delta_dump+below_pivot+below_vwap_v|nk0.8|vm1.2|full_0930_1400,7,0.12,7,0,0,100.0,100.0,inf,2.1,0.0,85.7
SHORT:vwap_loss+below_pivot+weak_close+rvol_thrust_dn|nk0.8|vm0.8|full_0930_1400,7,0.12,7,0,0,100.0,100.0,inf,2.1,0.0,78.6
SHORT:vwap_loss+below_pivot+weak_close+rvol_thrust_dn|nk0.8|vm0.8|am_0930_1130,7,0.12,7,0,0,100.0,100.0,inf,2.1,0.0,78.6
SHORT:vwap_loss+below_pivot+weak_close+rvol_thrust_dn|nk0.8|vm1.2|full_0930_1400,7,0.12,7,0,0,100.0,100.0,inf,2.1,0.0,78.6
SHORT:vwap_loss+below_pivot+weak_close+rvol_thrust_dn|nk0.8|vm1.2|am_0930_1130,7,0.12,7,0,0,100.0,100.0,inf,2.1,0.0,78.6
SHORT:vwap_loss+below_pivot+weak_close+below_vwap_v|nk0.8|vm0.8|full_0930_1400,7,0.12,7,0,0,100.0,100.0,inf,2.1,0.0,78.6
SHORT:vwap_loss+below_pivot+weak_close+below_vwap_v|nk0.8|vm0.8|am_0930_1130,7,0.12,7,0,0,100.0,100.0,inf,2.1,0.0,78.6
SHORT:vwap_loss+below_pivot+weak_close+below_vwap_v|nk0.8|vm1.2|full_0930_1400,7,0.12,7,0,0,100.0,100.0,inf,2.1,0.0,78.6
SHORT:vwap_loss+below_pivot+weak_close+below_vwap_v|nk0.8|vm1.2|am_0930_1130,7,0.12,7,0,0,100.0,100.0,inf,2.1,0.0,78.6
SHORT:vwap_loss+below_pivot+vwap_loss_v+rvol_thrust_dn|nk0.8|vm0.8|full_0930_1400,7,0.12,7,0,0,100.0,100.0,inf,2.1,0.0,78.6
SHORT:vwap_loss+below_pivot+vwap_loss_v+rvol_thrust_dn|nk0.8|vm0.8|am_0930_1130,7,0.12,7,0,0,100.0,100.0,inf,2.1,0.0,78.6
SHORT:vwap_loss+below_pivot+vwap_loss_v+rvol_thrust_dn|nk0.8|vm1.2|full_0930_1400,7,0.12,7,0,0,100.0,100.0,inf,2.1,0.0,78.6
SHORT:vwap_loss+below_pivot+vwap_loss_v+rvol_thrust_dn|nk0.8|vm1.2|am_0930_1130,7,0.12,7,0,0,100.0,100.0,inf,2.1,0.0,78.6
SHORT:vwap_loss+below_pivot+rvol_thrust_dn+below_vwap_v|nk0.8|vm0.8|full_0930_1400,7,0.12,7,0,0,100.0,100.0,inf,2.1,0.0,78.6
SHORT:vwap_loss+below_pivot+rvol_thrust_dn+below_vwap_v|nk0.8|vm0.8|am_0930_1130,7,0.12,7,0,0,100.0,100.0,inf,2.1,0.0,78.6
SHORT:vwap_loss+below_pivot+rvol_thrust_dn+below_vwap_v|nk0.8|vm1.2|full_0930_1400,7,0.12,7,0,0,100.0,100.0,inf,2.1,0.0,78.6
SHORT:vwap_loss+below_pivot+rvol_thrust_dn+below_vwap_v|nk0.8|vm1.2|am_0930_1130,7,0.12,7,0,0,100.0,100.0,inf,2.1,0.0,78.6
SHORT:below_vwap+delta_dump+below_pivot+vwap_loss_v|nk0.8|vm0.8|full_0930_1400,7,0.12,7,0,0,100.0,100.0,inf,2.1,0.0,85.7
SHORT:below_vwap+delta_dump+below_pivot+vwap_loss_v|nk0.8|vm1.2|full_0930_1400,7,0.12,7,0,0,100.0,100.0,inf,2.1,0.0,85.7
SHORT:below_vwap+yhigh_reject+weak_close+cvd_dn|nk0.8|vm0.8|full_0930_1400,7,0.12,7,0,0,100.0,100.0,inf,2.1,0.0,82.1
SHORT:below_vwap+below_pivot+vwap_loss_v+rvol_thrust_dn|nk0.8|vm0.8|full_0930_1400,7,0.12,7,0,0,100.0,100.0,inf,2.1,0.0,78.6
SHORT:below_vwap+below_pivot+vwap_loss_v+rvol_thrust_dn|nk0.8|vm0.8|am_0930_1130,7,0.12,7,0,0,100.0,100.0,inf,2.1,0.0,78.6
SHORT:below_vwap+below_pivot+vwap_loss_v+rvol_thrust_dn|nk0.8|vm1.2|full_0930_1400,7,0.12,7,0,0,100.0,100.0,inf,2.1,0.0,78.6
SHORT:below_vwap+below_pivot+vwap_loss_v+rvol_thrust_dn|nk0.8|vm1.2|am_0930_1130,7,0.12,7,0,0,100.0,100.0,inf,2.1,0.0,78.6
SHORT:adi_dn+delta_dump+below_pivot+vwap_loss_v|nk0.8|vm0.8|full_0930_1400,7,0.12,7,0,0,100.0,100.0,inf,2.1,0.0,85.7
SHORT:adi_dn+delta_dump+below_pivot+vwap_loss_v|nk0.8|vm1.2|full_0930_1400,7,0.12,7,0,0,100.0,100.0,inf,2.1,0.0,85.7
SHORT:adi_dn+below_pivot+vwap_loss_v+below_vwap_v|nk0.8|vm0.8|full_0930_1400,7,0.12,7,0,0,100.0,100.0,inf,2.1,0.0,85.7
SHORT:adi_dn+below_pivot+vwap_loss_v+below_vwap_v|nk0.8|vm1.2|full_0930_1400,7,0.12,7,0,0,100.0,100.0,inf,2.1,0.0,85.7
SHORT:delta_dump+below_pivot+vwap_loss_v+below_vwap_v|nk0.8|vm0.8|full_0930_1400,7,0.12,7,0,0,100.0,100.0,inf,2.1,0.0,85.7
SHORT:delta_dump+below_pivot+vwap_loss_v+below_vwap_v|nk0.8|vm1.2|full_0930_1400,7,0.12,7,0,0,100.0,100.0,inf,2.1,0.0,85.7
SHORT:below_pivot+weak_close+vwap_loss_v+rvol_thrust_dn|nk0.8|vm0.8|full_0930_1400,7,0.12,7,0,0,100.0,100.0,inf,2.1,0.0,78.6
SHORT:below_pivot+weak_close+vwap_loss_v+rvol_thrust_dn|nk0.8|vm0.8|am_0930_1130,7,0.12,7,0,0,100.0,100.0,inf,2.1,0.0,78.6
SHORT:below_pivot+weak_close+vwap_loss_v+rvol_thrust_dn|nk0.8|vm1.2|full_0930_1400,7,0.12,7,0,0,100.0,100.0,inf,2.1,0.0,78.6
SHORT:below_pivot+weak_close+vwap_loss_v+rvol_thrust_dn|nk0.8|vm1.2|am_0930_1130,7,0.12,7,0,0,100.0,100.0,inf,2.1,0.0,78.6
SHORT:below_pivot+weak_close+vwap_loss_v+below_vwap_v|nk0.8|vm0.8|full_0930_1400,7,0.12,7,0,0,100.0,100.0,inf,2.1,0.0,78.6
SHORT:below_pivot+weak_close+vwap_loss_v+below_vwap_v|nk0.8|vm0.8|am_0930_1130,7,0.12,7,0,0,100.0,100.0,inf,2.1,0.0,78.6
SHORT:below_pivot+weak_close+vwap_loss_v+below_vwap_v|nk0.8|vm1.2|full_0930_1400,7,0.12,7,0,0,100.0,100.0,inf,2.1,0.0,78.6
SHORT:below_pivot+weak_close+vwap_loss_v+below_vwap_v|nk0.8|vm1.2|am_0930_1130,7,0.12,7,0,0,100.0,100.0,inf,2.1,0.0,78.6
SHORT:below_pivot+vwap_loss_v+rvol_thrust_dn+below_vwap_v|nk0.8|vm0.8|full_0930_1400,7,0.12,7,0,0,100.0,100.0,inf,2.1,0.0,78.6
SHORT:below_pivot+vwap_loss_v+rvol_thrust_dn+below_vwap_v|nk0.8|vm0.8|am_0930_1130,7,0.12,7,0,0,100.0,100.0,inf,2.1,0.0,78.6
SHORT:below_pivot+vwap_loss_v+rvol_thrust_dn+below_vwap_v|nk0.8|vm1.2|full_0930_1400,7,0.12,7,0,0,100.0,100.0,inf,2.1,0.0,78.6
SHORT:below_pivot+vwap_loss_v+rvol_thrust_dn+below_vwap_v|nk0.8|vm1.2|am_0930_1130,7,0.12,7,0,0,100.0,100.0,inf,2.1,0.0,78.6
SHORT:vwap_loss+delta_dump+below_pivot|nk0.8|vm0.8|am_0930_1130,6,0.11,6,0,0,100.0,100.0,inf,1.8,0.0,90.8
SHORT:vwap_loss+delta_dump+below_pivot|nk0.8|vm1.2|am_0930_1130,6,0.11,6,0,0,100.0,100.0,inf,1.8,0.0,90.8
SHORT:below_vwap+adi_dn+yhigh_reject|nk0.8|vm0.8|full_0930_1400,6,0.11,6,0,0,100.0,100.0,inf,1.8,0.0,79.2
SHORT:below_vwap+yhigh_reject+weak_close|nk0.0|vm0.8|mid_1030_1300,6,0.11,6,0,0,100.0,100.0,inf,1.8,0.0,51.7
SHORT:below_vwap+yhigh_reject+weak_close|nk0.5|vm0.8|mid_1030_1300,6,0.11,6,0,0,100.0,100.0,inf,1.8,0.0,51.7
SHORT:below_vwap+yhigh_reject+weak_close|nk0.8|vm0.8|mid_1030_1300,6,0.11,6,0,0,100.0,100.0,inf,1.8,0.0,51.7
SHORT:adi_dn+yhigh_reject+cvd_dn|nk0.8|vm0.8|full_0930_1400,6,0.11,6,0,0,100.0,100.0,inf,1.8,0.0,79.2
SHORT:adi_dn+below_vwap_v+vwap_hi_reject|nk0.8|vm0.8|full_0930_1400,6,0.11,6,0,0,100.0,100.0,inf,1.8,0.0,100.8
SHORT:adi_dn+below_vwap_v+vwap_hi_reject|nk0.8|vm1.2|full_0930_1400,6,0.11,6,0,0,100.0,100.0,inf,1.8,0.0,100.8
SHORT:delta_dump+below_pivot+vwap_loss_v|nk0.8|vm0.8|am_0930_1130,6,0.11,6,0,0,100.0,100.0,inf,1.8,0.0,90.8
SHORT:delta_dump+below_pivot+vwap_loss_v|nk0.8|vm1.2|am_0930_1130,6,0.11,6,0,0,100.0,100.0,inf,1.8,0.0,90.8
SHORT:below_vwap_v+vwap_hi_reject+cvd_dn|nk0.8|vm0.8|full_0930_1400,6,0.11,6,0,0,100.0,100.0,inf,1.8,0.0,100.8
SHORT:below_vwap_v+vwap_hi_reject+cvd_dn|nk0.8|vm1.2|full_0930_1400,6,0.11,6,0,0,100.0,100.0,inf,1.8,0.0,100.8
SHORT:below_vwap_v+vwap_hi_reject+cvd_dn_v|nk0.8|vm0.8|full_0930_1400,6,0.11,6,0,0,100.0,100.0,inf,1.8,0.0,100.8
SHORT:below_vwap_v+vwap_hi_reject+cvd_dn_v|nk0.8|vm1.2|full_0930_1400,6,0.11,6,0,0,100.0,100.0,inf,1.8,0.0,100.8
SHORT:vwap_loss+below_vwap+delta_dump+below_pivot|nk0.8|vm0.8|am_0930_1130,6,0.11,6,0,0,100.0,100.0,inf,1.8,0.0,90.8
SHORT:vwap_loss+below_vwap+delta_dump+below_pivot|nk0.8|vm1.2|am_0930_1130,6,0.11,6,0,0,100.0,100.0,inf,1.8,0.0,90.8
SHORT:vwap_loss+adi_dn+delta_dump+below_pivot|nk0.8|vm0.8|am_0930_1130,6,0.11,6,0,0,100.0,100.0,inf,1.8,0.0,90.8
SHORT:vwap_loss+adi_dn+delta_dump+below_pivot|nk0.8|vm1.2|am_0930_1130,6,0.11,6,0,0,100.0,100.0,inf,1.8,0.0,90.8
SHORT:vwap_loss+adi_dn+below_pivot+rvol_thrust_dn|nk0.8|vm0.8|full_0930_1400,6,0.11,6,0,0,100.0,100.0,inf,1.8,0.0,90.8
SHORT:vwap_loss+adi_dn+below_pivot+rvol_thrust_dn|nk0.8|vm0.8|am_0930_1130,6,0.11,6,0,0,100.0,100.0,inf,1.8,0.0,90.8
SHORT:vwap_loss+adi_dn+below_pivot+rvol_thrust_dn|nk0.8|vm1.2|full_0930_1400,6,0.11,6,0,0,100.0,100.0,inf,1.8,0.0,90.8
SHORT:vwap_loss+adi_dn+below_pivot+rvol_thrust_dn|nk0.8|vm1.2|am_0930_1130,6,0.11,6,0,0,100.0,100.0,inf,1.8,0.0,90.8
SHORT:vwap_loss+adi_dn+below_pivot+below_vwap_v|nk0.8|vm0.8|am_0930_1130,6,0.11,6,0,0,100.0,100.0,inf,1.8,0.0,90.8
SHORT:vwap_loss+adi_dn+below_pivot+below_vwap_v|nk0.8|vm1.2|am_0930_1130,6,0.11,6,0,0,100.0,100.0,inf,1.8,0.0,90.8
SHORT:vwap_loss+delta_dump+below_pivot+weak_close|nk0.8|vm0.8|full_0930_1400,6,0.11,6,0,0,100.0,100.0,inf,1.8,0.0,90.8
SHORT:vwap_loss+delta_dump+below_pivot+weak_close|nk0.8|vm0.8|am_0930_1130,6,0.11,6,0,0,100.0,100.0,inf,1.8,0.0,90.8
SHORT:vwap_loss+delta_dump+below_pivot+weak_close|nk0.8|vm1.2|full_0930_1400,6,0.11,6,0,0,100.0,100.0,inf,1.8,0.0,90.8
SHORT:vwap_loss+delta_dump+below_pivot+weak_close|nk0.8|vm1.2|am_0930_1130,6,0.11,6,0,0,100.0,100.0,inf,1.8,0.0,90.8
SHORT:vwap_loss+delta_dump+below_pivot+vwap_loss_v|nk0.8|vm0.8|am_0930_1130,6,0.11,6,0,0,100.0,100.0,inf,1.8,0.0,90.8
SHORT:vwap_loss+delta_dump+below_pivot+vwap_loss_v|nk0.8|vm1.2|am_0930_1130,6,0.11,6,0,0,100.0,100.0,inf,1.8,0.0,90.8
SHORT:vwap_loss+delta_dump+below_pivot+rvol_thrust_dn|nk0.8|vm0.8|full_0930_1400,6,0.11,6,0,0,100.0,100.0,inf,1.8,0.0,90.8
SHORT:vwap_loss+delta_dump+below_pivot+rvol_thrust_dn|nk0.8|vm0.8|am_0930_1130,6,0.11,6,0,0,100.0,100.0,inf,1.8,0.0,90.8
SHORT:vwap_loss+delta_dump+below_pivot+rvol_thrust_dn|nk0.8|vm1.2|full_0930_1400,6,0.11,6,0,0,100.0,100.0,inf,1.8,0.0,90.8
SHORT:vwap_loss+delta_dump+below_pivot+rvol_thrust_dn|nk0.8|vm1.2|am_0930_1130,6,0.11,6,0,0,100.0,100.0,inf,1.8,0.0,90.8
SHORT:vwap_loss+delta_dump+below_pivot+below_vwap_v|nk0.8|vm0.8|am_0930_1130,6,0.11,6,0,0,100.0,100.0,inf,1.8,0.0,90.8
SHORT:vwap_loss+delta_dump+below_pivot+below_vwap_v|nk0.8|vm1.2|am_0930_1130,6,0.11,6,0,0,100.0,100.0,inf,1.8,0.0,90.8
SHORT:vwap_loss+delta_dump+below_pivot+cvd_dn|nk0.8|vm0.8|full_0930_1400,6,0.11,6,0,0,100.0,100.0,inf,1.8,0.0,65.8
SHORT:vwap_loss+delta_dump+below_pivot+cvd_dn|nk0.8|vm1.2|full_0930_1400,6,0.11,6,0,0,100.0,100.0,inf,1.8,0.0,65.8
SHORT:vwap_loss+delta_dump+below_pivot+cvd_dn_v|nk0.8|vm0.8|full_0930_1400,6,0.11,6,0,0,100.0,100.0,inf,1.8,0.0,65.8
SHORT:vwap_loss+delta_dump+below_pivot+cvd_dn_v|nk0.8|vm1.2|full_0930_1400,6,0.11,6,0,0,100.0,100.0,inf,1.8,0.0,65.8
SHORT:below_vwap+adi_dn+yhigh_reject+weak_close|nk0.8|vm0.8|full_0930_1400,6,0.11,6,0,0,100.0,100.0,inf,1.8,0.0,79.2
SHORT:below_vwap+adi_dn+yhigh_reject+cvd_dn|nk0.8|vm0.8|full_0930_1400,6,0.11,6,0,0,100.0,100.0,inf,1.8,0.0,79.2
SHORT:below_vwap+adi_dn+below_vwap_v+vwap_hi_reject|nk0.8|vm0.8|full_0930_1400,6,0.11,6,0,0,100.0,100.0,inf,1.8,0.0,100.8
SHORT:below_vwap+adi_dn+below_vwap_v+vwap_hi_reject|nk0.8|vm1.2|full_0930_1400,6,0.11,6,0,0,100.0,100.0,inf,1.8,0.0,100.8
SHORT:below_vwap+delta_dump+below_pivot+vwap_loss_v|nk0.8|vm0.8|am_0930_1130,6,0.11,6,0,0,100.0,100.0,inf,1.8,0.0,90.8
SHORT:below_vwap+delta_dump+below_pivot+vwap_loss_v|nk0.8|vm1.2|am_0930_1130,6,0.11,6,0,0,100.0,100.0,inf,1.8,0.0,90.8
SHORT:below_vwap+below_vwap_v+vwap_hi_reject+cvd_dn|nk0.8|vm0.8|full_0930_1400,6,0.11,6,0,0,100.0,100.0,inf,1.8,0.0,100.8
SHORT:below_vwap+below_vwap_v+vwap_hi_reject+cvd_dn|nk0.8|vm1.2|full_0930_1400,6,0.11,6,0,0,100.0,100.0,inf,1.8,0.0,100.8
SHORT:below_vwap+below_vwap_v+vwap_hi_reject+cvd_dn_v|nk0.8|vm0.8|full_0930_1400,6,0.11,6,0,0,100.0,100.0,inf,1.8,0.0,100.8
SHORT:below_vwap+below_vwap_v+vwap_hi_reject+cvd_dn_v|nk0.8|vm1.2|full_0930_1400,6,0.11,6,0,0,100.0,100.0,inf,1.8,0.0,100.8
SHORT:adi_dn+delta_dump+below_pivot+vwap_loss_v|nk0.8|vm0.8|am_0930_1130,6,0.11,6,0,0,100.0,100.0,inf,1.8,0.0,90.8
SHORT:adi_dn+delta_dump+below_pivot+vwap_loss_v|nk0.8|vm1.2|am_0930_1130,6,0.11,6,0,0,100.0,100.0,inf,1.8,0.0,90.8
SHORT:adi_dn+yhigh_reject+weak_close+cvd_dn|nk0.8|vm0.8|full_0930_1400,6,0.11,6,0,0,100.0,100.0,inf,1.8,0.0,79.2
SHORT:adi_dn+below_pivot+hist_turn_dn+orb_break_dn|nk0.0|vm1.2|mid_1030_1300,6,0.11,6,0,0,100.0,100.0,inf,1.8,0.0,74.2
SHORT:adi_dn+below_pivot+hist_turn_dn+orb_break_dn|nk0.5|vm1.2|mid_1030_1300,6,0.11,6,0,0,100.0,100.0,inf,1.8,0.0,74.2
SHORT:adi_dn+below_pivot+hist_turn_dn+orb_break_dn|nk0.8|vm1.2|mid_1030_1300,6,0.11,6,0,0,100.0,100.0,inf,1.8,0.0,74.2
SHORT:adi_dn+below_pivot+hist_turn_dn+orb_break_dn_v|nk0.0|vm0.8|mid_1030_1300,6,0.11,6,0,0,100.0,100.0,inf,1.8,0.0,74.2
SHORT:adi_dn+below_pivot+hist_turn_dn+orb_break_dn_v|nk0.0|vm1.2|mid_1030_1300,6,0.11,6,0,0,100.0,100.0,inf,1.8,0.0,74.2
SHORT:adi_dn+below_pivot+hist_turn_dn+orb_break_dn_v|nk0.5|vm0.8|mid_1030_1300,6,0.11,6,0,0,100.0,100.0,inf,1.8,0.0,74.2
SHORT:adi_dn+below_pivot+hist_turn_dn+orb_break_dn_v|nk0.5|vm1.2|mid_1030_1300,6,0.11,6,0,0,100.0,100.0,inf,1.8,0.0,74.2
SHORT:adi_dn+below_pivot+hist_turn_dn+orb_break_dn_v|nk0.8|vm0.8|mid_1030_1300,6,0.11,6,0,0,100.0,100.0,inf,1.8,0.0,74.2
SHORT:adi_dn+below_pivot+hist_turn_dn+orb_break_dn_v|nk0.8|vm1.2|mid_1030_1300,6,0.11,6,0,0,100.0,100.0,inf,1.8,0.0,74.2
SHORT:adi_dn+below_pivot+vwap_loss_v+rvol_thrust_dn|nk0.8|vm0.8|full_0930_1400,6,0.11,6,0,0,100.0,100.0,inf,1.8,0.0,90.8
SHORT:adi_dn+below_pivot+vwap_loss_v+rvol_thrust_dn|nk0.8|vm0.8|am_0930_1130,6,0.11,6,0,0,100.0,100.0,inf,1.8,0.0,90.8
SHORT:adi_dn+below_pivot+vwap_loss_v+rvol_thrust_dn|nk0.8|vm1.2|full_0930_1400,6,0.11,6,0,0,100.0,100.0,inf,1.8,0.0,90.8
SHORT:adi_dn+below_pivot+vwap_loss_v+rvol_thrust_dn|nk0.8|vm1.2|am_0930_1130,6,0.11,6,0,0,100.0,100.0,inf,1.8,0.0,90.8
SHORT:adi_dn+below_pivot+vwap_loss_v+below_vwap_v|nk0.8|vm0.8|am_0930_1130,6,0.11,6,0,0,100.0,100.0,inf,1.8,0.0,90.8
SHORT:adi_dn+below_pivot+vwap_loss_v+below_vwap_v|nk0.8|vm1.2|am_0930_1130,6,0.11,6,0,0,100.0,100.0,inf,1.8,0.0,90.8
SHORT:adi_dn+below_vwap_v+vwap_hi_reject+cvd_dn|nk0.8|vm0.8|full_0930_1400,6,0.11,6,0,0,100.0,100.0,inf,1.8,0.0,100.8
SHORT:adi_dn+below_vwap_v+vwap_hi_reject+cvd_dn|nk0.8|vm1.2|full_0930_1400,6,0.11,6,0,0,100.0,100.0,inf,1.8,0.0,100.8
SHORT:adi_dn+below_vwap_v+vwap_hi_reject+cvd_dn_v|nk0.8|vm0.8|full_0930_1400,6,0.11,6,0,0,100.0,100.0,inf,1.8,0.0,100.8
SHORT:adi_dn+below_vwap_v+vwap_hi_reject+cvd_dn_v|nk0.8|vm1.2|full_0930_1400,6,0.11,6,0,0,100.0,100.0,inf,1.8,0.0,100.8
SHORT:delta_dump+below_pivot+weak_close+vwap_loss_v|nk0.8|vm0.8|full_0930_1400,6,0.11,6,0,0,100.0,100.0,inf,1.8,0.0,90.8
SHORT:delta_dump+below_pivot+weak_close+vwap_loss_v|nk0.8|vm0.8|am_0930_1130,6,0.11,6,0,0,100.0,100.0,inf,1.8,0.0,90.8
SHORT:delta_dump+below_pivot+weak_close+vwap_loss_v|nk0.8|vm1.2|full_0930_1400,6,0.11,6,0,0,100.0,100.0,inf,1.8,0.0,90.8
SHORT:delta_dump+below_pivot+weak_close+vwap_loss_v|nk0.8|vm1.2|am_0930_1130,6,0.11,6,0,0,100.0,100.0,inf,1.8,0.0,90.8
SHORT:delta_dump+below_pivot+vwap_loss_v+rvol_thrust_dn|nk0.8|vm0.8|full_0930_1400,6,0.11,6,0,0,100.0,100.0,inf,1.8,0.0,90.8
SHORT:delta_dump+below_pivot+vwap_loss_v+rvol_thrust_dn|nk0.8|vm0.8|am_0930_1130,6,0.11,6,0,0,100.0,100.0,inf,1.8,0.0,90.8
SHORT:delta_dump+below_pivot+vwap_loss_v+rvol_thrust_dn|nk0.8|vm1.2|full_0930_1400,6,0.11,6,0,0,100.0,100.0,inf,1.8,0.0,90.8
SHORT:delta_dump+below_pivot+vwap_loss_v+rvol_thrust_dn|nk0.8|vm1.2|am_0930_1130,6,0.11,6,0,0,100.0,100.0,inf,1.8,0.0,90.8
SHORT:delta_dump+below_pivot+vwap_loss_v+below_vwap_v|nk0.8|vm0.8|am_0930_1130,6,0.11,6,0,0,100.0,100.0,inf,1.8,0.0,90.8
SHORT:delta_dump+below_pivot+vwap_loss_v+below_vwap_v|nk0.8|vm1.2|am_0930_1130,6,0.11,6,0,0,100.0,100.0,inf,1.8,0.0,90.8
SHORT:delta_dump+below_pivot+vwap_loss_v+cvd_dn|nk0.8|vm0.8|full_0930_1400,6,0.11,6,0,0,100.0,100.0,inf,1.8,0.0,65.8
SHORT:delta_dump+below_pivot+vwap_loss_v+cvd_dn|nk0.8|vm1.2|full_0930_1400,6,0.11,6,0,0,100.0,100.0,inf,1.8,0.0,65.8
SHORT:delta_dump+below_pivot+vwap_loss_v+cvd_dn_v|nk0.8|vm0.8|full_0930_1400,6,0.11,6,0,0,100.0,100.0,inf,1.8,0.0,65.8
SHORT:delta_dump+below_pivot+vwap_loss_v+cvd_dn_v|nk0.8|vm1.2|full_0930_1400,6,0.11,6,0,0,100.0,100.0,inf,1.8,0.0,65.8
SHORT:below_pivot+hist_turn_dn+weak_close+orb_break_dn|nk0.0|vm1.2|mid_1030_1300,6,0.11,6,0,0,100.0,100.0,inf,1.8,0.0,74.2
SHORT:below_pivot+hist_turn_dn+weak_close+orb_break_dn|nk0.5|vm1.2|mid_1030_1300,6,0.11,6,0,0,100.0,100.0,inf,1.8,0.0,74.2
SHORT:below_pivot+hist_turn_dn+weak_close+orb_break_dn|nk0.8|vm1.2|mid_1030_1300,6,0.11,6,0,0,100.0,100.0,inf,1.8,0.0,74.2
SHORT:below_pivot+hist_turn_dn+weak_close+orb_break_dn_v|nk0.0|vm0.8|mid_1030_1300,6,0.11,6,0,0,100.0,100.0,inf,1.8,0.0,74.2
SHORT:below_pivot+hist_turn_dn+weak_close+orb_break_dn_v|nk0.0|vm1.2|mid_1030_1300,6,0.11,6,0,0,100.0,100.0,inf,1.8,0.0,74.2
SHORT:below_pivot+hist_turn_dn+weak_close+orb_break_dn_v|nk0.5|vm0.8|mid_1030_1300,6,0.11,6,0,0,100.0,100.0,inf,1.8,0.0,74.2
SHORT:below_pivot+hist_turn_dn+weak_close+orb_break_dn_v|nk0.5|vm1.2|mid_1030_1300,6,0.11,6,0,0,100.0,100.0,inf,1.8,0.0,74.2
SHORT:below_pivot+hist_turn_dn+weak_close+orb_break_dn_v|nk0.8|vm0.8|mid_1030_1300,6,0.11,6,0,0,100.0,100.0,inf,1.8,0.0,74.2
SHORT:below_pivot+hist_turn_dn+weak_close+orb_break_dn_v|nk0.8|vm1.2|mid_1030_1300,6,0.11,6,0,0,100.0,100.0,inf,1.8,0.0,74.2
SHORT:below_pivot+hist_turn_dn+weak_close+vwap_hi_reject|nk0.0|vm1.2|full_0930_1400,6,0.11,6,0,0,100.0,100.0,inf,1.8,0.0,73.3
SHORT:below_pivot+hist_turn_dn+weak_close+vwap_hi_reject|nk0.5|vm1.2|full_0930_1400,6,0.11,6,0,0,100.0,100.0,inf,1.8,0.0,73.3
SHORT:below_pivot+hist_turn_dn+weak_close+vwap_hi_reject|nk0.8|vm1.2|full_0930_1400,6,0.11,6,0,0,100.0,100.0,inf,1.8,0.0,73.3
SHORT:below_vwap_v+vwap_hi_reject+cvd_dn+cvd_dn_v|nk0.8|vm0.8|full_0930_1400,6,0.11,6,0,0,100.0,100.0,inf,1.8,0.0,100.8
SHORT:below_vwap_v+vwap_hi_reject+cvd_dn+cvd_dn_v|nk0.8|vm1.2|full_0930_1400,6,0.11,6,0,0,100.0,100.0,inf,1.8,0.0,100.8
SHORT:adi_dn+hist_turn_dn+orb_break_dn+cvd_dn|nk0.0|vm0.8|mid_1030_1300,11,0.19,10,1,0,90.9,90.9,10.0,2.7,0.3,65.5
SHORT:adi_dn+hist_turn_dn+orb_break_dn+cvd_dn|nk0.5|vm0.8|mid_1030_1300,11,0.19,10,1,0,90.9,90.9,10.0,2.7,0.3,65.5
SHORT:hist_turn_dn+weak_close+orb_break_dn+cvd_dn|nk0.0|vm0.8|mid_1030_1300,11,0.19,10,1,0,90.9,90.9,10.0,2.7,0.3,65.5
SHORT:hist_turn_dn+weak_close+orb_break_dn+cvd_dn|nk0.5|vm0.8|mid_1030_1300,11,0.19,10,1,0,90.9,90.9,10.0,2.7,0.3,65.5
SHORT:adi_dn+hist_turn_dn+orb_break_dn|nk0.0|vm1.2|mid_1030_1300,10,0.18,9,1,0,90.0,90.0,9.0,2.4,0.3,61.5
SHORT:adi_dn+hist_turn_dn+orb_break_dn|nk0.5|vm1.2|mid_1030_1300,10,0.18,9,1,0,90.0,90.0,9.0,2.4,0.3,61.5
SHORT:adi_dn+hist_turn_dn+orb_break_dn_v|nk0.0|vm0.8|mid_1030_1300,10,0.18,9,1,0,90.0,90.0,9.0,2.4,0.3,61.5
SHORT:adi_dn+hist_turn_dn+orb_break_dn_v|nk0.0|vm1.2|mid_1030_1300,10,0.18,9,1,0,90.0,90.0,9.0,2.4,0.3,61.5
SHORT:adi_dn+hist_turn_dn+orb_break_dn_v|nk0.5|vm0.8|mid_1030_1300,10,0.18,9,1,0,90.0,90.0,9.0,2.4,0.3,61.5
SHORT:adi_dn+hist_turn_dn+orb_break_dn_v|nk0.5|vm1.2|mid_1030_1300,10,0.18,9,1,0,90.0,90.0,9.0,2.4,0.3,61.5
SHORT:hist_turn_dn+weak_close+orb_break_dn|nk0.0|vm1.2|mid_1030_1300,10,0.18,9,1,0,90.0,90.0,9.0,2.4,0.3,61.5
SHORT:hist_turn_dn+weak_close+orb_break_dn|nk0.5|vm1.2|mid_1030_1300,10,0.18,9,1,0,90.0,90.0,9.0,2.4,0.3,61.5
SHORT:hist_turn_dn+weak_close+orb_break_dn_v|nk0.0|vm0.8|mid_1030_1300,10,0.18,9,1,0,90.0,90.0,9.0,2.4,0.3,61.5
SHORT:hist_turn_dn+weak_close+orb_break_dn_v|nk0.0|vm1.2|mid_1030_1300,10,0.18,9,1,0,90.0,90.0,9.0,2.4,0.3,61.5
SHORT:hist_turn_dn+weak_close+orb_break_dn_v|nk0.5|vm0.8|mid_1030_1300,10,0.18,9,1,0,90.0,90.0,9.0,2.4,0.3,61.5
SHORT:hist_turn_dn+weak_close+orb_break_dn_v|nk0.5|vm1.2|mid_1030_1300,10,0.18,9,1,0,90.0,90.0,9.0,2.4,0.3,61.5
SHORT:adi_dn+hist_turn_dn+weak_close+orb_break_dn|nk0.0|vm1.2|mid_1030_1300,10,0.18,9,1,0,90.0,90.0,9.0,2.4,0.3,61.5
SHORT:adi_dn+hist_turn_dn+weak_close+orb_break_dn|nk0.5|vm1.2|mid_1030_1300,10,0.18,9,1,0,90.0,90.0,9.0,2.4,0.3,61.5
SHORT:adi_dn+hist_turn_dn+weak_close+orb_break_dn_v|nk0.0|vm0.8|mid_1030_1300,10,0.18,9,1,0,90.0,90.0,9.0,2.4,0.3,61.5
SHORT:adi_dn+hist_turn_dn+weak_close+orb_break_dn_v|nk0.0|vm1.2|mid_1030_1300,10,0.18,9,1,0,90.0,90.0,9.0,2.4,0.3,61.5
SHORT:adi_dn+hist_turn_dn+weak_close+orb_break_dn_v|nk0.5|vm0.8|mid_1030_1300,10,0.18,9,1,0,90.0,90.0,9.0,2.4,0.3,61.5
SHORT:adi_dn+hist_turn_dn+weak_close+orb_break_dn_v|nk0.5|vm1.2|mid_1030_1300,10,0.18,9,1,0,90.0,90.0,9.0,2.4,0.3,61.5
SHORT:adi_dn+hist_turn_dn+orb_break_dn+orb_break_dn_v|nk0.0|vm0.8|mid_1030_1300,10,0.18,9,1,0,90.0,90.0,9.0,2.4,0.3,61.5
SHORT:adi_dn+hist_turn_dn+orb_break_dn+orb_break_dn_v|nk0.0|vm1.2|mid_1030_1300,10,0.18,9,1,0,90.0,90.0,9.0,2.4,0.3,61.5
SHORT:adi_dn+hist_turn_dn+orb_break_dn+orb_break_dn_v|nk0.5|vm0.8|mid_1030_1300,10,0.18,9,1,0,90.0,90.0,9.0,2.4,0.3,61.5
SHORT:adi_dn+hist_turn_dn+orb_break_dn+orb_break_dn_v|nk0.5|vm1.2|mid_1030_1300,10,0.18,9,1,0,90.0,90.0,9.0,2.4,0.3,61.5
SHORT:hist_turn_dn+weak_close+orb_break_dn+orb_break_dn_v|nk0.0|vm0.8|mid_1030_1300,10,0.18,9,1,0,90.0,90.0,9.0,2.4,0.3,61.5
SHORT:hist_turn_dn+weak_close+orb_break_dn+orb_break_dn_v|nk0.0|vm1.2|mid_1030_1300,10,0.18,9,1,0,90.0,90.0,9.0,2.4,0.3,61.5
SHORT:hist_turn_dn+weak_close+orb_break_dn+orb_break_dn_v|nk0.5|vm0.8|mid_1030_1300,10,0.18,9,1,0,90.0,90.0,9.0,2.4,0.3,61.5
SHORT:hist_turn_dn+weak_close+orb_break_dn+orb_break_dn_v|nk0.5|vm1.2|mid_1030_1300,10,0.18,9,1,0,90.0,90.0,9.0,2.4,0.3,61.5
SHORT:yhigh_reject+cvd_dn|nk0.0|vm0.8|full_0930_1400,9,0.16,8,0,1,88.9,100.0,68.35,2.36,0.04,98.3
SHORT:yhigh_reject+cvd_dn|nk0.5|vm0.8|full_0930_1400,9,0.16,8,0,1,88.9,100.0,68.35,2.36,0.04,98.3
SHORT:below_vwap+yhigh_reject+cvd_dn|nk0.0|vm0.8|full_0930_1400,9,0.16,8,0,1,88.9,100.0,68.35,2.36,0.04,98.3
SHORT:below_vwap+yhigh_reject+cvd_dn|nk0.5|vm0.8|full_0930_1400,9,0.16,8,0,1,88.9,100.0,68.35,2.36,0.04,98.3
SHORT:adi_dn+hist_turn_dn+orb_break_dn|nk0.8|vm1.2|mid_1030_1300,9,0.16,8,1,0,88.9,88.9,8.0,2.1,0.3,58.3
SHORT:adi_dn+hist_turn_dn+orb_break_dn_v|nk0.8|vm0.8|mid_1030_1300,9,0.16,8,1,0,88.9,88.9,8.0,2.1,0.3,58.3
SHORT:adi_dn+hist_turn_dn+orb_break_dn_v|nk0.8|vm1.2|mid_1030_1300,9,0.16,8,1,0,88.9,88.9,8.0,2.1,0.3,58.3
SHORT:hist_turn_dn+weak_close+orb_break_dn|nk0.8|vm1.2|mid_1030_1300,9,0.16,8,1,0,88.9,88.9,8.0,2.1,0.3,58.3
SHORT:hist_turn_dn+weak_close+orb_break_dn_v|nk0.8|vm0.8|mid_1030_1300,9,0.16,8,1,0,88.9,88.9,8.0,2.1,0.3,58.3
SHORT:hist_turn_dn+weak_close+orb_break_dn_v|nk0.8|vm1.2|mid_1030_1300,9,0.16,8,1,0,88.9,88.9,8.0,2.1,0.3,58.3
SHORT:below_vwap+adi_dn+hist_turn_dn+orb_break_dn|nk0.0|vm1.2|mid_1030_1300,9,0.16,8,1,0,88.9,88.9,8.0,2.1,0.3,61.7
SHORT:below_vwap+adi_dn+hist_turn_dn+orb_break_dn|nk0.5|vm1.2|mid_1030_1300,9,0.16,8,1,0,88.9,88.9,8.0,2.1,0.3,61.7
SHORT:below_vwap+adi_dn+hist_turn_dn+orb_break_dn_v|nk0.0|vm0.8|mid_1030_1300,9,0.16,8,1,0,88.9,88.9,8.0,2.1,0.3,61.7
SHORT:below_vwap+adi_dn+hist_turn_dn+orb_break_dn_v|nk0.0|vm1.2|mid_1030_1300,9,0.16,8,1,0,88.9,88.9,8.0,2.1,0.3,61.7
SHORT:below_vwap+adi_dn+hist_turn_dn+orb_break_dn_v|nk0.5|vm0.8|mid_1030_1300,9,0.16,8,1,0,88.9,88.9,8.0,2.1,0.3,61.7
SHORT:below_vwap+adi_dn+hist_turn_dn+orb_break_dn_v|nk0.5|vm1.2|mid_1030_1300,9,0.16,8,1,0,88.9,88.9,8.0,2.1,0.3,61.7
SHORT:below_vwap+hist_turn_dn+weak_close+orb_break_dn|nk0.0|vm1.2|mid_1030_1300,9,0.16,8,1,0,88.9,88.9,8.0,2.1,0.3,61.7
SHORT:below_vwap+hist_turn_dn+weak_close+orb_break_dn|nk0.5|vm1.2|mid_1030_1300,9,0.16,8,1,0,88.9,88.9,8.0,2.1,0.3,61.7
SHORT:below_vwap+hist_turn_dn+weak_close+orb_break_dn_v|nk0.0|vm0.8|mid_1030_1300,9,0.16,8,1,0,88.9,88.9,8.0,2.1,0.3,61.7
SHORT:below_vwap+hist_turn_dn+weak_close+orb_break_dn_v|nk0.0|vm1.2|mid_1030_1300,9,0.16,8,1,0,88.9,88.9,8.0,2.1,0.3,61.7
SHORT:below_vwap+hist_turn_dn+weak_close+orb_break_dn_v|nk0.5|vm0.8|mid_1030_1300,9,0.16,8,1,0,88.9,88.9,8.0,2.1,0.3,61.7
SHORT:below_vwap+hist_turn_dn+weak_close+orb_break_dn_v|nk0.5|vm1.2|mid_1030_1300,9,0.16,8,1,0,88.9,88.9,8.0,2.1,0.3,61.7
SHORT:adi_dn+hist_turn_dn+weak_close+orb_break_dn|nk0.8|vm1.2|mid_1030_1300,9,0.16,8,1,0,88.9,88.9,8.0,2.1,0.3,58.3
SHORT:adi_dn+hist_turn_dn+weak_close+orb_break_dn_v|nk0.8|vm0.8|mid_1030_1300,9,0.16,8,1,0,88.9,88.9,8.0,2.1,0.3,58.3
SHORT:adi_dn+hist_turn_dn+weak_close+orb_break_dn_v|nk0.8|vm1.2|mid_1030_1300,9,0.16,8,1,0,88.9,88.9,8.0,2.1,0.3,58.3
SHORT:adi_dn+hist_turn_dn+orb_break_dn+orb_break_dn_v|nk0.8|vm0.8|mid_1030_1300,9,0.16,8,1,0,88.9,88.9,8.0,2.1,0.3,58.3
SHORT:adi_dn+hist_turn_dn+orb_break_dn+orb_break_dn_v|nk0.8|vm1.2|mid_1030_1300,9,0.16,8,1,0,88.9,88.9,8.0,2.1,0.3,58.3
SHORT:adi_dn+hist_turn_dn+orb_break_dn+cvd_dn|nk0.0|vm1.2|mid_1030_1300,9,0.16,8,1,0,88.9,88.9,8.0,2.1,0.3,61.7
SHORT:adi_dn+hist_turn_dn+orb_break_dn+cvd_dn|nk0.5|vm1.2|mid_1030_1300,9,0.16,8,1,0,88.9,88.9,8.0,2.1,0.3,61.7
SHORT:adi_dn+hist_turn_dn+orb_break_dn+cvd_dn|nk0.8|vm0.8|mid_1030_1300,9,0.16,8,1,0,88.9,88.9,8.0,2.1,0.3,58.9
SHORT:adi_dn+hist_turn_dn+orb_break_dn+cvd_dn_v|nk0.0|vm0.8|mid_1030_1300,9,0.16,8,1,0,88.9,88.9,8.0,2.1,0.3,61.7
SHORT:adi_dn+hist_turn_dn+orb_break_dn+cvd_dn_v|nk0.0|vm1.2|mid_1030_1300,9,0.16,8,1,0,88.9,88.9,8.0,2.1,0.3,61.7
SHORT:adi_dn+hist_turn_dn+orb_break_dn+cvd_dn_v|nk0.5|vm0.8|mid_1030_1300,9,0.16,8,1,0,88.9,88.9,8.0,2.1,0.3,61.7
SHORT:adi_dn+hist_turn_dn+orb_break_dn+cvd_dn_v|nk0.5|vm1.2|mid_1030_1300,9,0.16,8,1,0,88.9,88.9,8.0,2.1,0.3,61.7
SHORT:adi_dn+hist_turn_dn+orb_break_dn_v+cvd_dn|nk0.0|vm0.8|mid_1030_1300,9,0.16,8,1,0,88.9,88.9,8.0,2.1,0.3,61.7
SHORT:adi_dn+hist_turn_dn+orb_break_dn_v+cvd_dn|nk0.0|vm1.2|mid_1030_1300,9,0.16,8,1,0,88.9,88.9,8.0,2.1,0.3,61.7
SHORT:adi_dn+hist_turn_dn+orb_break_dn_v+cvd_dn|nk0.5|vm0.8|mid_1030_1300,9,0.16,8,1,0,88.9,88.9,8.0,2.1,0.3,61.7
SHORT:adi_dn+hist_turn_dn+orb_break_dn_v+cvd_dn|nk0.5|vm1.2|mid_1030_1300,9,0.16,8,1,0,88.9,88.9,8.0,2.1,0.3,61.7
SHORT:adi_dn+hist_turn_dn+orb_break_dn_v+cvd_dn_v|nk0.0|vm0.8|mid_1030_1300,9,0.16,8,1,0,88.9,88.9,8.0,2.1,0.3,61.7
SHORT:adi_dn+hist_turn_dn+orb_break_dn_v+cvd_dn_v|nk0.0|vm1.2|mid_1030_1300,9,0.16,8,1,0,88.9,88.9,8.0,2.1,0.3,61.7
SHORT:adi_dn+hist_turn_dn+orb_break_dn_v+cvd_dn_v|nk0.5|vm0.8|mid_1030_1300,9,0.16,8,1,0,88.9,88.9,8.0,2.1,0.3,61.7
SHORT:adi_dn+hist_turn_dn+orb_break_dn_v+cvd_dn_v|nk0.5|vm1.2|mid_1030_1300,9,0.16,8,1,0,88.9,88.9,8.0,2.1,0.3,61.7
SHORT:below_pivot+hist_turn_dn+weak_close+orb_break_dn|nk0.0|vm0.8|mid_1030_1300,9,0.16,8,1,0,88.9,88.9,8.0,2.1,0.0,74.4
SHORT:below_pivot+hist_turn_dn+weak_close+orb_break_dn|nk0.5|vm0.8|mid_1030_1300,9,0.16,8,1,0,88.9,88.9,8.0,2.1,0.0,74.4
SHORT:hist_turn_dn+weak_close+orb_break_dn+orb_break_dn_v|nk0.8|vm0.8|mid_1030_1300,9,0.16,8,1,0,88.9,88.9,8.0,2.1,0.3,58.3
SHORT:hist_turn_dn+weak_close+orb_break_dn+orb_break_dn_v|nk0.8|vm1.2|mid_1030_1300,9,0.16,8,1,0,88.9,88.9,8.0,2.1,0.3,58.3
SHORT:hist_turn_dn+weak_close+orb_break_dn+cvd_dn|nk0.0|vm1.2|mid_1030_1300,9,0.16,8,1,0,88.9,88.9,8.0,2.1,0.3,61.7
SHORT:hist_turn_dn+weak_close+orb_break_dn+cvd_dn|nk0.5|vm1.2|mid_1030_1300,9,0.16,8,1,0,88.9,88.9,8.0,2.1,0.3,61.7
SHORT:hist_turn_dn+weak_close+orb_break_dn+cvd_dn|nk0.8|vm0.8|mid_1030_1300,9,0.16,8,1,0,88.9,88.9,8.0,2.1,0.3,58.9
SHORT:hist_turn_dn+weak_close+orb_break_dn+cvd_dn_v|nk0.0|vm0.8|mid_1030_1300,9,0.16,8,1,0,88.9,88.9,8.0,2.1,0.3,61.7
SHORT:hist_turn_dn+weak_close+orb_break_dn+cvd_dn_v|nk0.0|vm1.2|mid_1030_1300,9,0.16,8,1,0,88.9,88.9,8.0,2.1,0.3,61.7
SHORT:hist_turn_dn+weak_close+orb_break_dn+cvd_dn_v|nk0.5|vm0.8|mid_1030_1300,9,0.16,8,1,0,88.9,88.9,8.0,2.1,0.3,61.7
SHORT:hist_turn_dn+weak_close+orb_break_dn+cvd_dn_v|nk0.5|vm1.2|mid_1030_1300,9,0.16,8,1,0,88.9,88.9,8.0,2.1,0.3,61.7
SHORT:hist_turn_dn+weak_close+orb_break_dn_v+cvd_dn|nk0.0|vm0.8|mid_1030_1300,9,0.16,8,1,0,88.9,88.9,8.0,2.1,0.3,61.7
SHORT:hist_turn_dn+weak_close+orb_break_dn_v+cvd_dn|nk0.0|vm1.2|mid_1030_1300,9,0.16,8,1,0,88.9,88.9,8.0,2.1,0.3,61.7
SHORT:hist_turn_dn+weak_close+orb_break_dn_v+cvd_dn|nk0.5|vm0.8|mid_1030_1300,9,0.16,8,1,0,88.9,88.9,8.0,2.1,0.3,61.7
SHORT:hist_turn_dn+weak_close+orb_break_dn_v+cvd_dn|nk0.5|vm1.2|mid_1030_1300,9,0.16,8,1,0,88.9,88.9,8.0,2.1,0.3,61.7
SHORT:hist_turn_dn+weak_close+orb_break_dn_v+cvd_dn_v|nk0.0|vm0.8|mid_1030_1300,9,0.16,8,1,0,88.9,88.9,8.0,2.1,0.3,61.7
SHORT:hist_turn_dn+weak_close+orb_break_dn_v+cvd_dn_v|nk0.0|vm1.2|mid_1030_1300,9,0.16,8,1,0,88.9,88.9,8.0,2.1,0.3,61.7
SHORT:hist_turn_dn+weak_close+orb_break_dn_v+cvd_dn_v|nk0.5|vm0.8|mid_1030_1300,9,0.16,8,1,0,88.9,88.9,8.0,2.1,0.3,61.7
SHORT:hist_turn_dn+weak_close+orb_break_dn_v+cvd_dn_v|nk0.5|vm1.2|mid_1030_1300,9,0.16,8,1,0,88.9,88.9,8.0,2.1,0.3,61.7
SHORT:vwap_loss+delta_dump|nk0.8|vm0.8|full_0930_1400,17,0.3,15,2,0,88.2,88.2,7.5,3.9,0.6,84.1
SHORT:vwap_loss+delta_dump|nk0.8|vm1.2|full_0930_1400,17,0.3,15,2,0,88.2,88.2,7.5,3.9,0.6,84.1
SHORT:delta_dump+vwap_loss_v|nk0.8|vm0.8|full_0930_1400,17,0.3,15,2,0,88.2,88.2,7.5,3.9,0.6,84.1
SHORT:delta_dump+vwap_loss_v|nk0.8|vm1.2|full_0930_1400,17,0.3,15,2,0,88.2,88.2,7.5,3.9,0.6,84.1
SHORT:vwap_loss+below_vwap+delta_dump|nk0.8|vm0.8|full_0930_1400,17,0.3,15,2,0,88.2,88.2,7.5,3.9,0.6,84.1
SHORT:vwap_loss+below_vwap+delta_dump|nk0.8|vm1.2|full_0930_1400,17,0.3,15,2,0,88.2,88.2,7.5,3.9,0.6,84.1
SHORT:vwap_loss+adi_dn+delta_dump|nk0.8|vm0.8|full_0930_1400,17,0.3,15,2,0,88.2,88.2,7.5,3.9,0.6,84.1
SHORT:vwap_loss+adi_dn+delta_dump|nk0.8|vm1.2|full_0930_1400,17,0.3,15,2,0,88.2,88.2,7.5,3.9,0.6,84.1
SHORT:vwap_loss+adi_dn+below_vwap_v|nk0.8|vm0.8|full_0930_1400,17,0.3,15,2,0,88.2,88.2,7.5,3.9,0.6,84.1
SHORT:vwap_loss+adi_dn+below_vwap_v|nk0.8|vm1.2|full_0930_1400,17,0.3,15,2,0,88.2,88.2,7.5,3.9,0.6,84.1
SHORT:vwap_loss+delta_dump+vwap_loss_v|nk0.8|vm0.8|full_0930_1400,17,0.3,15,2,0,88.2,88.2,7.5,3.9,0.6,84.1
SHORT:vwap_loss+delta_dump+vwap_loss_v|nk0.8|vm1.2|full_0930_1400,17,0.3,15,2,0,88.2,88.2,7.5,3.9,0.6,84.1
SHORT:vwap_loss+delta_dump+below_vwap_v|nk0.8|vm0.8|full_0930_1400,17,0.3,15,2,0,88.2,88.2,7.5,3.9,0.6,84.1
SHORT:vwap_loss+delta_dump+below_vwap_v|nk0.8|vm1.2|full_0930_1400,17,0.3,15,2,0,88.2,88.2,7.5,3.9,0.6,84.1
SHORT:below_vwap+delta_dump+vwap_loss_v|nk0.8|vm0.8|full_0930_1400,17,0.3,15,2,0,88.2,88.2,7.5,3.9,0.6,84.1
SHORT:below_vwap+delta_dump+vwap_loss_v|nk0.8|vm1.2|full_0930_1400,17,0.3,15,2,0,88.2,88.2,7.5,3.9,0.6,84.1
SHORT:adi_dn+delta_dump+vwap_loss_v|nk0.8|vm0.8|full_0930_1400,17,0.3,15,2,0,88.2,88.2,7.5,3.9,0.6,84.1
SHORT:adi_dn+delta_dump+vwap_loss_v|nk0.8|vm1.2|full_0930_1400,17,0.3,15,2,0,88.2,88.2,7.5,3.9,0.6,84.1
SHORT:adi_dn+vwap_loss_v+below_vwap_v|nk0.8|vm0.8|full_0930_1400,17,0.3,15,2,0,88.2,88.2,7.5,3.9,0.6,84.1
SHORT:adi_dn+vwap_loss_v+below_vwap_v|nk0.8|vm1.2|full_0930_1400,17,0.3,15,2,0,88.2,88.2,7.5,3.9,0.6,84.1
SHORT:delta_dump+vwap_loss_v+below_vwap_v|nk0.8|vm0.8|full_0930_1400,17,0.3,15,2,0,88.2,88.2,7.5,3.9,0.6,84.1
SHORT:delta_dump+vwap_loss_v+below_vwap_v|nk0.8|vm1.2|full_0930_1400,17,0.3,15,2,0,88.2,88.2,7.5,3.9,0.6,84.1
SHORT:vwap_loss+below_vwap+adi_dn+delta_dump|nk0.8|vm0.8|full_0930_1400,17,0.3,15,2,0,88.2,88.2,7.5,3.9,0.6,84.1
SHORT:vwap_loss+below_vwap+adi_dn+delta_dump|nk0.8|vm1.2|full_0930_1400,17,0.3,15,2,0,88.2,88.2,7.5,3.9,0.6,84.1
SHORT:vwap_loss+below_vwap+adi_dn+below_vwap_v|nk0.8|vm0.8|full_0930_1400,17,0.3,15,2,0,88.2,88.2,7.5,3.9,0.6,84.1
SHORT:vwap_loss+below_vwap+adi_dn+below_vwap_v|nk0.8|vm1.2|full_0930_1400,17,0.3,15,2,0,88.2,88.2,7.5,3.9,0.6,84.1
SHORT:vwap_loss+below_vwap+delta_dump+vwap_loss_v|nk0.8|vm0.8|full_0930_1400,17,0.3,15,2,0,88.2,88.2,7.5,3.9,0.6,84.1
SHORT:vwap_loss+below_vwap+delta_dump+vwap_loss_v|nk0.8|vm1.2|full_0930_1400,17,0.3,15,2,0,88.2,88.2,7.5,3.9,0.6,84.1
SHORT:vwap_loss+below_vwap+delta_dump+below_vwap_v|nk0.8|vm0.8|full_0930_1400,17,0.3,15,2,0,88.2,88.2,7.5,3.9,0.6,84.1
SHORT:vwap_loss+below_vwap+delta_dump+below_vwap_v|nk0.8|vm1.2|full_0930_1400,17,0.3,15,2,0,88.2,88.2,7.5,3.9,0.6,84.1
SHORT:vwap_loss+adi_dn+delta_dump+vwap_loss_v|nk0.8|vm0.8|full_0930_1400,17,0.3,15,2,0,88.2,88.2,7.5,3.9,0.6,84.1
SHORT:vwap_loss+adi_dn+delta_dump+vwap_loss_v|nk0.8|vm1.2|full_0930_1400,17,0.3,15,2,0,88.2,88.2,7.5,3.9,0.6,84.1
SHORT:vwap_loss+adi_dn+delta_dump+below_vwap_v|nk0.8|vm0.8|full_0930_1400,17,0.3,15,2,0,88.2,88.2,7.5,3.9,0.6,84.1
SHORT:vwap_loss+adi_dn+delta_dump+below_vwap_v|nk0.8|vm1.2|full_0930_1400,17,0.3,15,2,0,88.2,88.2,7.5,3.9,0.6,84.1
SHORT:vwap_loss+adi_dn+vwap_loss_v+below_vwap_v|nk0.8|vm0.8|full_0930_1400,17,0.3,15,2,0,88.2,88.2,7.5,3.9,0.6,84.1
SHORT:vwap_loss+adi_dn+vwap_loss_v+below_vwap_v|nk0.8|vm1.2|full_0930_1400,17,0.3,15,2,0,88.2,88.2,7.5,3.9,0.6,84.1
SHORT:vwap_loss+delta_dump+vwap_loss_v+below_vwap_v|nk0.8|vm0.8|full_0930_1400,17,0.3,15,2,0,88.2,88.2,7.5,3.9,0.6,84.1
SHORT:vwap_loss+delta_dump+vwap_loss_v+below_vwap_v|nk0.8|vm1.2|full_0930_1400,17,0.3,15,2,0,88.2,88.2,7.5,3.9,0.6,84.1
SHORT:below_vwap+adi_dn+delta_dump+vwap_loss_v|nk0.8|vm0.8|full_0930_1400,17,0.3,15,2,0,88.2,88.2,7.5,3.9,0.6,84.1
SHORT:below_vwap+adi_dn+delta_dump+vwap_loss_v|nk0.8|vm1.2|full_0930_1400,17,0.3,15,2,0,88.2,88.2,7.5,3.9,0.6,84.1
SHORT:below_vwap+adi_dn+vwap_loss_v+below_vwap_v|nk0.8|vm0.8|full_0930_1400,17,0.3,15,2,0,88.2,88.2,7.5,3.9,0.6,84.1
SHORT:below_vwap+adi_dn+vwap_loss_v+below_vwap_v|nk0.8|vm1.2|full_0930_1400,17,0.3,15,2,0,88.2,88.2,7.5,3.9,0.6,84.1
SHORT:below_vwap+delta_dump+vwap_loss_v+below_vwap_v|nk0.8|vm0.8|full_0930_1400,17,0.3,15,2,0,88.2,88.2,7.5,3.9,0.6,84.1
SHORT:below_vwap+delta_dump+vwap_loss_v+below_vwap_v|nk0.8|vm1.2|full_0930_1400,17,0.3,15,2,0,88.2,88.2,7.5,3.9,0.6,84.1
SHORT:adi_dn+delta_dump+vwap_loss_v+below_vwap_v|nk0.8|vm0.8|full_0930_1400,17,0.3,15,2,0,88.2,88.2,7.5,3.9,0.6,84.1
SHORT:adi_dn+delta_dump+vwap_loss_v+below_vwap_v|nk0.8|vm1.2|full_0930_1400,17,0.3,15,2,0,88.2,88.2,7.5,3.9,0.6,84.1
SHORT:vwap_loss+delta_dump+cvd_dn|nk0.8|vm0.8|full_0930_1400,16,0.28,14,2,0,87.5,87.5,7.0,3.6,0.6,76.6
SHORT:vwap_loss+delta_dump+cvd_dn|nk0.8|vm1.2|full_0930_1400,16,0.28,14,2,0,87.5,87.5,7.0,3.6,0.6,76.6
SHORT:vwap_loss+delta_dump+cvd_dn_v|nk0.8|vm0.8|full_0930_1400,16,0.28,14,2,0,87.5,87.5,7.0,3.6,0.6,76.6
SHORT:vwap_loss+delta_dump+cvd_dn_v|nk0.8|vm1.2|full_0930_1400,16,0.28,14,2,0,87.5,87.5,7.0,3.6,0.6,76.6
SHORT:delta_dump+vwap_loss_v+cvd_dn|nk0.8|vm0.8|full_0930_1400,16,0.28,14,2,0,87.5,87.5,7.0,3.6,0.6,76.6
SHORT:delta_dump+vwap_loss_v+cvd_dn|nk0.8|vm1.2|full_0930_1400,16,0.28,14,2,0,87.5,87.5,7.0,3.6,0.6,76.6
SHORT:delta_dump+vwap_loss_v+cvd_dn_v|nk0.8|vm0.8|full_0930_1400,16,0.28,14,2,0,87.5,87.5,7.0,3.6,0.6,76.6
SHORT:delta_dump+vwap_loss_v+cvd_dn_v|nk0.8|vm1.2|full_0930_1400,16,0.28,14,2,0,87.5,87.5,7.0,3.6,0.6,76.6
SHORT:vwap_loss+below_vwap+delta_dump+cvd_dn|nk0.8|vm0.8|full_0930_1400,16,0.28,14,2,0,87.5,87.5,7.0,3.6,0.6,76.6
SHORT:vwap_loss+below_vwap+delta_dump+cvd_dn|nk0.8|vm1.2|full_0930_1400,16,0.28,14,2,0,87.5,87.5,7.0,3.6,0.6,76.6
SHORT:vwap_loss+below_vwap+delta_dump+cvd_dn_v|nk0.8|vm0.8|full_0930_1400,16,0.28,14,2,0,87.5,87.5,7.0,3.6,0.6,76.6
SHORT:vwap_loss+below_vwap+delta_dump+cvd_dn_v|nk0.8|vm1.2|full_0930_1400,16,0.28,14,2,0,87.5,87.5,7.0,3.6,0.6,76.6
SHORT:vwap_loss+adi_dn+delta_dump+cvd_dn|nk0.8|vm0.8|full_0930_1400,16,0.28,14,2,0,87.5,87.5,7.0,3.6,0.6,76.6
SHORT:vwap_loss+adi_dn+delta_dump+cvd_dn|nk0.8|vm1.2|full_0930_1400,16,0.28,14,2,0,87.5,87.5,7.0,3.6,0.6,76.6
SHORT:vwap_loss+adi_dn+delta_dump+cvd_dn_v|nk0.8|vm0.8|full_0930_1400,16,0.28,14,2,0,87.5,87.5,7.0,3.6,0.6,76.6
SHORT:vwap_loss+adi_dn+delta_dump+cvd_dn_v|nk0.8|vm1.2|full_0930_1400,16,0.28,14,2,0,87.5,87.5,7.0,3.6,0.6,76.6
SHORT:vwap_loss+adi_dn+below_vwap_v+cvd_dn|nk0.8|vm0.8|full_0930_1400,16,0.28,14,2,0,87.5,87.5,7.0,3.6,0.6,76.6
SHORT:vwap_loss+adi_dn+below_vwap_v+cvd_dn|nk0.8|vm1.2|full_0930_1400,16,0.28,14,2,0,87.5,87.5,7.0,3.6,0.6,76.6
SHORT:vwap_loss+adi_dn+below_vwap_v+cvd_dn_v|nk0.8|vm0.8|full_0930_1400,16,0.28,14,2,0,87.5,87.5,7.0,3.6,0.6,76.6
SHORT:vwap_loss+adi_dn+below_vwap_v+cvd_dn_v|nk0.8|vm1.2|full_0930_1400,16,0.28,14,2,0,87.5,87.5,7.0,3.6,0.6,76.6
SHORT:vwap_loss+delta_dump+vwap_loss_v+cvd_dn|nk0.8|vm0.8|full_0930_1400,16,0.28,14,2,0,87.5,87.5,7.0,3.6,0.6,76.6
SHORT:vwap_loss+delta_dump+vwap_loss_v+cvd_dn|nk0.8|vm1.2|full_0930_1400,16,0.28,14,2,0,87.5,87.5,7.0,3.6,0.6,76.6
SHORT:vwap_loss+delta_dump+vwap_loss_v+cvd_dn_v|nk0.8|vm0.8|full_0930_1400,16,0.28,14,2,0,87.5,87.5,7.0,3.6,0.6,76.6
SHORT:vwap_loss+delta_dump+vwap_loss_v+cvd_dn_v|nk0.8|vm1.2|full_0930_1400,16,0.28,14,2,0,87.5,87.5,7.0,3.6,0.6,76.6
SHORT:vwap_loss+delta_dump+below_vwap_v+cvd_dn|nk0.8|vm0.8|full_0930_1400,16,0.28,14,2,0,87.5,87.5,7.0,3.6,0.6,76.6
SHORT:vwap_loss+delta_dump+below_vwap_v+cvd_dn|nk0.8|vm1.2|full_0930_1400,16,0.28,14,2,0,87.5,87.5,7.0,3.6,0.6,76.6
SHORT:vwap_loss+delta_dump+below_vwap_v+cvd_dn_v|nk0.8|vm0.8|full_0930_1400,16,0.28,14,2,0,87.5,87.5,7.0,3.6,0.6,76.6
SHORT:vwap_loss+delta_dump+below_vwap_v+cvd_dn_v|nk0.8|vm1.2|full_0930_1400,16,0.28,14,2,0,87.5,87.5,7.0,3.6,0.6,76.6
SHORT:vwap_loss+delta_dump+cvd_dn+cvd_dn_v|nk0.8|vm0.8|full_0930_1400,16,0.28,14,2,0,87.5,87.5,7.0,3.6,0.6,76.6
SHORT:vwap_loss+delta_dump+cvd_dn+cvd_dn_v|nk0.8|vm1.2|full_0930_1400,16,0.28,14,2,0,87.5,87.5,7.0,3.6,0.6,76.6
SHORT:below_vwap+delta_dump+vwap_loss_v+cvd_dn|nk0.8|vm0.8|full_0930_1400,16,0.28,14,2,0,87.5,87.5,7.0,3.6,0.6,76.6
SHORT:below_vwap+delta_dump+vwap_loss_v+cvd_dn|nk0.8|vm1.2|full_0930_1400,16,0.28,14,2,0,87.5,87.5,7.0,3.6,0.6,76.6
SHORT:below_vwap+delta_dump+vwap_loss_v+cvd_dn_v|nk0.8|vm0.8|full_0930_1400,16,0.28,14,2,0,87.5,87.5,7.0,3.6,0.6,76.6
SHORT:below_vwap+delta_dump+vwap_loss_v+cvd_dn_v|nk0.8|vm1.2|full_0930_1400,16,0.28,14,2,0,87.5,87.5,7.0,3.6,0.6,76.6
SHORT:adi_dn+delta_dump+vwap_loss_v+cvd_dn|nk0.8|vm0.8|full_0930_1400,16,0.28,14,2,0,87.5,87.5,7.0,3.6,0.6,76.6
SHORT:adi_dn+delta_dump+vwap_loss_v+cvd_dn|nk0.8|vm1.2|full_0930_1400,16,0.28,14,2,0,87.5,87.5,7.0,3.6,0.6,76.6
SHORT:adi_dn+delta_dump+vwap_loss_v+cvd_dn_v|nk0.8|vm0.8|full_0930_1400,16,0.28,14,2,0,87.5,87.5,7.0,3.6,0.6,76.6
SHORT:adi_dn+delta_dump+vwap_loss_v+cvd_dn_v|nk0.8|vm1.2|full_0930_1400,16,0.28,14,2,0,87.5,87.5,7.0,3.6,0.6,76.6
SHORT:adi_dn+vwap_loss_v+below_vwap_v+cvd_dn|nk0.8|vm0.8|full_0930_1400,16,0.28,14,2,0,87.5,87.5,7.0,3.6,0.6,76.6
SHORT:adi_dn+vwap_loss_v+below_vwap_v+cvd_dn|nk0.8|vm1.2|full_0930_1400,16,0.28,14,2,0,87.5,87.5,7.0,3.6,0.6,76.6
SHORT:adi_dn+vwap_loss_v+below_vwap_v+cvd_dn_v|nk0.8|vm0.8|full_0930_1400,16,0.28,14,2,0,87.5,87.5,7.0,3.6,0.6,76.6
SHORT:adi_dn+vwap_loss_v+below_vwap_v+cvd_dn_v|nk0.8|vm1.2|full_0930_1400,16,0.28,14,2,0,87.5,87.5,7.0,3.6,0.6,76.6
SHORT:delta_dump+vwap_loss_v+below_vwap_v+cvd_dn|nk0.8|vm0.8|full_0930_1400,16,0.28,14,2,0,87.5,87.5,7.0,3.6,0.6,76.6
SHORT:delta_dump+vwap_loss_v+below_vwap_v+cvd_dn|nk0.8|vm1.2|full_0930_1400,16,0.28,14,2,0,87.5,87.5,7.0,3.6,0.6,76.6
SHORT:delta_dump+vwap_loss_v+below_vwap_v+cvd_dn_v|nk0.8|vm0.8|full_0930_1400,16,0.28,14,2,0,87.5,87.5,7.0,3.6,0.6,76.6
SHORT:delta_dump+vwap_loss_v+below_vwap_v+cvd_dn_v|nk0.8|vm1.2|full_0930_1400,16,0.28,14,2,0,87.5,87.5,7.0,3.6,0.6,76.6
SHORT:delta_dump+vwap_loss_v+cvd_dn+cvd_dn_v|nk0.8|vm0.8|full_0930_1400,16,0.28,14,2,0,87.5,87.5,7.0,3.6,0.6,76.6
SHORT:delta_dump+vwap_loss_v+cvd_dn+cvd_dn_v|nk0.8|vm1.2|full_0930_1400,16,0.28,14,2,0,87.5,87.5,7.0,3.6,0.6,76.6
SHORT:vwap_loss+delta_dump+below_pivot|nk0.0|vm0.8|full_0930_1400,8,0.14,7,1,0,87.5,87.5,7.0,1.8,0.3,79.4
SHORT:vwap_loss+delta_dump+below_pivot|nk0.0|vm1.2|full_0930_1400,8,0.14,7,1,0,87.5,87.5,7.0,1.8,0.3,79.4
SHORT:vwap_loss+delta_dump+below_pivot|nk0.5|vm0.8|full_0930_1400,8,0.14,7,1,0,87.5,87.5,7.0,1.8,0.3,79.4
SHORT:vwap_loss+delta_dump+below_pivot|nk0.5|vm1.2|full_0930_1400,8,0.14,7,1,0,87.5,87.5,7.0,1.8,0.3,79.4
SHORT:vwap_loss+delta_dump+rsi_thrust_dn|nk0.0|vm0.8|full_0930_1400,8,0.14,7,1,0,87.5,87.5,7.0,1.8,0.3,60.6
SHORT:vwap_loss+delta_dump+rsi_thrust_dn|nk0.0|vm1.2|full_0930_1400,8,0.14,7,1,0,87.5,87.5,7.0,1.8,0.3,60.6
SHORT:vwap_loss+delta_dump+rsi_thrust_dn|nk0.5|vm0.8|full_0930_1400,8,0.14,7,1,0,87.5,87.5,7.0,1.8,0.3,60.6
SHORT:vwap_loss+delta_dump+rsi_thrust_dn|nk0.5|vm1.2|full_0930_1400,8,0.14,7,1,0,87.5,87.5,7.0,1.8,0.3,60.6
SHORT:vwap_loss+delta_dump+rsi_thrust_dn|nk0.8|vm0.8|full_0930_1400,8,0.14,7,1,0,87.5,87.5,7.0,1.8,0.3,60.6
SHORT:vwap_loss+delta_dump+rsi_thrust_dn|nk0.8|vm1.2|full_0930_1400,8,0.14,7,1,0,87.5,87.5,7.0,1.8,0.3,60.6
SHORT:vwap_loss+below_pivot+rvol_thrust_dn|nk0.0|vm0.8|full_0930_1400,8,0.14,7,1,0,87.5,87.5,7.0,1.8,0.3,73.1
SHORT:vwap_loss+below_pivot+rvol_thrust_dn|nk0.0|vm0.8|am_0930_1130,8,0.14,7,1,0,87.5,87.5,7.0,1.8,0.3,73.1
SHORT:vwap_loss+below_pivot+rvol_thrust_dn|nk0.0|vm1.2|full_0930_1400,8,0.14,7,1,0,87.5,87.5,7.0,1.8,0.3,73.1
SHORT:vwap_loss+below_pivot+rvol_thrust_dn|nk0.0|vm1.2|am_0930_1130,8,0.14,7,1,0,87.5,87.5,7.0,1.8,0.3,73.1
SHORT:vwap_loss+below_pivot+rvol_thrust_dn|nk0.5|vm0.8|full_0930_1400,8,0.14,7,1,0,87.5,87.5,7.0,1.8,0.3,73.1
SHORT:vwap_loss+below_pivot+rvol_thrust_dn|nk0.5|vm0.8|am_0930_1130,8,0.14,7,1,0,87.5,87.5,7.0,1.8,0.3,73.1
SHORT:vwap_loss+below_pivot+rvol_thrust_dn|nk0.5|vm1.2|full_0930_1400,8,0.14,7,1,0,87.5,87.5,7.0,1.8,0.3,73.1
SHORT:vwap_loss+below_pivot+rvol_thrust_dn|nk0.5|vm1.2|am_0930_1130,8,0.14,7,1,0,87.5,87.5,7.0,1.8,0.3,73.1
SHORT:vwap_loss+below_pivot+below_vwap_v|nk0.8|vm0.8|am_0930_1130,8,0.14,7,1,0,87.5,87.5,7.0,1.8,0.3,73.1
SHORT:vwap_loss+below_pivot+below_vwap_v|nk0.8|vm1.2|am_0930_1130,8,0.14,7,1,0,87.5,87.5,7.0,1.8,0.3,73.1
SHORT:delta_dump+below_pivot+vwap_loss_v|nk0.0|vm0.8|full_0930_1400,8,0.14,7,1,0,87.5,87.5,7.0,1.8,0.3,79.4
SHORT:delta_dump+below_pivot+vwap_loss_v|nk0.0|vm1.2|full_0930_1400,8,0.14,7,1,0,87.5,87.5,7.0,1.8,0.3,79.4
SHORT:delta_dump+below_pivot+vwap_loss_v|nk0.5|vm0.8|full_0930_1400,8,0.14,7,1,0,87.5,87.5,7.0,1.8,0.3,79.4
SHORT:delta_dump+below_pivot+vwap_loss_v|nk0.5|vm1.2|full_0930_1400,8,0.14,7,1,0,87.5,87.5,7.0,1.8,0.3,79.4
SHORT:delta_dump+below_pivot+vwap_hi_reject|nk0.0|vm0.8|full_0930_1400,8,0.14,7,1,0,87.5,87.5,7.0,1.8,0.0,121.9
SHORT:delta_dump+below_pivot+vwap_hi_reject|nk0.0|vm1.2|full_0930_1400,8,0.14,7,1,0,87.5,87.5,7.0,1.8,0.0,121.9
SHORT:delta_dump+below_pivot+vwap_hi_reject|nk0.5|vm0.8|full_0930_1400,8,0.14,7,1,0,87.5,87.5,7.0,1.8,0.0,121.9
SHORT:delta_dump+below_pivot+vwap_hi_reject|nk0.5|vm1.2|full_0930_1400,8,0.14,7,1,0,87.5,87.5,7.0,1.8,0.0,121.9
SHORT:delta_dump+below_pivot+vwap_hi_reject|nk0.8|vm0.8|full_0930_1400,8,0.14,7,1,0,87.5,87.5,7.0,1.8,0.0,121.9
SHORT:delta_dump+below_pivot+vwap_hi_reject|nk0.8|vm1.2|full_0930_1400,8,0.14,7,1,0,87.5,87.5,7.0,1.8,0.0,121.9
SHORT:delta_dump+vwap_loss_v+rsi_thrust_dn|nk0.0|vm0.8|full_0930_1400,8,0.14,7,1,0,87.5,87.5,7.0,1.8,0.3,60.6
SHORT:delta_dump+vwap_loss_v+rsi_thrust_dn|nk0.0|vm1.2|full_0930_1400,8,0.14,7,1,0,87.5,87.5,7.0,1.8,0.3,60.6
SHORT:delta_dump+vwap_loss_v+rsi_thrust_dn|nk0.5|vm0.8|full_0930_1400,8,0.14,7,1,0,87.5,87.5,7.0,1.8,0.3,60.6
SHORT:delta_dump+vwap_loss_v+rsi_thrust_dn|nk0.5|vm1.2|full_0930_1400,8,0.14,7,1,0,87.5,87.5,7.0,1.8,0.3,60.6
SHORT:delta_dump+vwap_loss_v+rsi_thrust_dn|nk0.8|vm0.8|full_0930_1400,8,0.14,7,1,0,87.5,87.5,7.0,1.8,0.3,60.6
SHORT:delta_dump+vwap_loss_v+rsi_thrust_dn|nk0.8|vm1.2|full_0930_1400,8,0.14,7,1,0,87.5,87.5,7.0,1.8,0.3,60.6
SHORT:yhigh_reject+weak_close+cvd_dn|nk0.0|vm0.8|full_0930_1400,8,0.14,7,0,1,87.5,100.0,59.8,2.06,0.04,101.9
SHORT:yhigh_reject+weak_close+cvd_dn|nk0.5|vm0.8|full_0930_1400,8,0.14,7,0,1,87.5,100.0,59.8,2.06,0.04,101.9
SHORT:below_pivot+vwap_loss_v+rvol_thrust_dn|nk0.0|vm0.8|full_0930_1400,8,0.14,7,1,0,87.5,87.5,7.0,1.8,0.3,73.1
SHORT:below_pivot+vwap_loss_v+rvol_thrust_dn|nk0.0|vm0.8|am_0930_1130,8,0.14,7,1,0,87.5,87.5,7.0,1.8,0.3,73.1
SHORT:below_pivot+vwap_loss_v+rvol_thrust_dn|nk0.0|vm1.2|full_0930_1400,8,0.14,7,1,0,87.5,87.5,7.0,1.8,0.3,73.1
SHORT:below_pivot+vwap_loss_v+rvol_thrust_dn|nk0.0|vm1.2|am_0930_1130,8,0.14,7,1,0,87.5,87.5,7.0,1.8,0.3,73.1
SHORT:below_pivot+vwap_loss_v+rvol_thrust_dn|nk0.5|vm0.8|full_0930_1400,8,0.14,7,1,0,87.5,87.5,7.0,1.8,0.3,73.1
SHORT:below_pivot+vwap_loss_v+rvol_thrust_dn|nk0.5|vm0.8|am_0930_1130,8,0.14,7,1,0,87.5,87.5,7.0,1.8,0.3,73.1
SHORT:below_pivot+vwap_loss_v+rvol_thrust_dn|nk0.5|vm1.2|full_0930_1400,8,0.14,7,1,0,87.5,87.5,7.0,1.8,0.3,73.1
SHORT:below_pivot+vwap_loss_v+rvol_thrust_dn|nk0.5|vm1.2|am_0930_1130,8,0.14,7,1,0,87.5,87.5,7.0,1.8,0.3,73.1
SHORT:below_pivot+vwap_loss_v+below_vwap_v|nk0.8|vm0.8|am_0930_1130,8,0.14,7,1,0,87.5,87.5,7.0,1.8,0.3,73.1
SHORT:below_pivot+vwap_loss_v+below_vwap_v|nk0.8|vm1.2|am_0930_1130,8,0.14,7,1,0,87.5,87.5,7.0,1.8,0.3,73.1
SHORT:vwap_loss+below_vwap+delta_dump+below_pivot|nk0.0|vm0.8|full_0930_1400,8,0.14,7,1,0,87.5,87.5,7.0,1.8,0.3,79.4
SHORT:vwap_loss+below_vwap+delta_dump+below_pivot|nk0.0|vm1.2|full_0930_1400,8,0.14,7,1,0,87.5,87.5,7.0,1.8,0.3,79.4
SHORT:vwap_loss+below_vwap+delta_dump+below_pivot|nk0.5|vm0.8|full_0930_1400,8,0.14,7,1,0,87.5,87.5,7.0,1.8,0.3,79.4
SHORT:vwap_loss+below_vwap+delta_dump+below_pivot|nk0.5|vm1.2|full_0930_1400,8,0.14,7,1,0,87.5,87.5,7.0,1.8,0.3,79.4
SHORT:vwap_loss+below_vwap+delta_dump+rsi_thrust_dn|nk0.0|vm0.8|full_0930_1400,8,0.14,7,1,0,87.5,87.5,7.0,1.8,0.3,60.6
SHORT:vwap_loss+below_vwap+delta_dump+rsi_thrust_dn|nk0.0|vm1.2|full_0930_1400,8,0.14,7,1,0,87.5,87.5,7.0,1.8,0.3,60.6
SHORT:vwap_loss+below_vwap+delta_dump+rsi_thrust_dn|nk0.5|vm0.8|full_0930_1400,8,0.14,7,1,0,87.5,87.5,7.0,1.8,0.3,60.6
SHORT:vwap_loss+below_vwap+delta_dump+rsi_thrust_dn|nk0.5|vm1.2|full_0930_1400,8,0.14,7,1,0,87.5,87.5,7.0,1.8,0.3,60.6
SHORT:vwap_loss+below_vwap+delta_dump+rsi_thrust_dn|nk0.8|vm0.8|full_0930_1400,8,0.14,7,1,0,87.5,87.5,7.0,1.8,0.3,60.6
SHORT:vwap_loss+below_vwap+delta_dump+rsi_thrust_dn|nk0.8|vm1.2|full_0930_1400,8,0.14,7,1,0,87.5,87.5,7.0,1.8,0.3,60.6
SHORT:vwap_loss+below_vwap+below_pivot+rvol_thrust_dn|nk0.0|vm0.8|full_0930_1400,8,0.14,7,1,0,87.5,87.5,7.0,1.8,0.3,73.1
SHORT:vwap_loss+below_vwap+below_pivot+rvol_thrust_dn|nk0.0|vm0.8|am_0930_1130,8,0.14,7,1,0,87.5,87.5,7.0,1.8,0.3,73.1
SHORT:vwap_loss+below_vwap+below_pivot+rvol_thrust_dn|nk0.0|vm1.2|full_0930_1400,8,0.14,7,1,0,87.5,87.5,7.0,1.8,0.3,73.1
SHORT:vwap_loss+below_vwap+below_pivot+rvol_thrust_dn|nk0.0|vm1.2|am_0930_1130,8,0.14,7,1,0,87.5,87.5,7.0,1.8,0.3,73.1
SHORT:vwap_loss+below_vwap+below_pivot+rvol_thrust_dn|nk0.5|vm0.8|full_0930_1400,8,0.14,7,1,0,87.5,87.5,7.0,1.8,0.3,73.1
SHORT:vwap_loss+below_vwap+below_pivot+rvol_thrust_dn|nk0.5|vm0.8|am_0930_1130,8,0.14,7,1,0,87.5,87.5,7.0,1.8,0.3,73.1
SHORT:vwap_loss+below_vwap+below_pivot+rvol_thrust_dn|nk0.5|vm1.2|full_0930_1400,8,0.14,7,1,0,87.5,87.5,7.0,1.8,0.3,73.1
SHORT:vwap_loss+below_vwap+below_pivot+rvol_thrust_dn|nk0.5|vm1.2|am_0930_1130,8,0.14,7,1,0,87.5,87.5,7.0,1.8,0.3,73.1
SHORT:vwap_loss+below_vwap+below_pivot+below_vwap_v|nk0.8|vm0.8|am_0930_1130,8,0.14,7,1,0,87.5,87.5,7.0,1.8,0.3,73.1
SHORT:vwap_loss+below_vwap+below_pivot+below_vwap_v|nk0.8|vm1.2|am_0930_1130,8,0.14,7,1,0,87.5,87.5,7.0,1.8,0.3,73.1
SHORT:vwap_loss+adi_dn+delta_dump+below_pivot|nk0.0|vm0.8|full_0930_1400,8,0.14,7,1,0,87.5,87.5,7.0,1.8,0.3,79.4
SHORT:vwap_loss+adi_dn+delta_dump+below_pivot|nk0.0|vm1.2|full_0930_1400,8,0.14,7,1,0,87.5,87.5,7.0,1.8,0.3,79.4
SHORT:vwap_loss+adi_dn+delta_dump+below_pivot|nk0.5|vm0.8|full_0930_1400,8,0.14,7,1,0,87.5,87.5,7.0,1.8,0.3,79.4
SHORT:vwap_loss+adi_dn+delta_dump+below_pivot|nk0.5|vm1.2|full_0930_1400,8,0.14,7,1,0,87.5,87.5,7.0,1.8,0.3,79.4
SHORT:vwap_loss+adi_dn+delta_dump+rsi_thrust_dn|nk0.0|vm0.8|full_0930_1400,8,0.14,7,1,0,87.5,87.5,7.0,1.8,0.3,60.6
SHORT:vwap_loss+adi_dn+delta_dump+rsi_thrust_dn|nk0.0|vm1.2|full_0930_1400,8,0.14,7,1,0,87.5,87.5,7.0,1.8,0.3,60.6
SHORT:vwap_loss+adi_dn+delta_dump+rsi_thrust_dn|nk0.5|vm0.8|full_0930_1400,8,0.14,7,1,0,87.5,87.5,7.0,1.8,0.3,60.6
SHORT:vwap_loss+adi_dn+delta_dump+rsi_thrust_dn|nk0.5|vm1.2|full_0930_1400,8,0.14,7,1,0,87.5,87.5,7.0,1.8,0.3,60.6
SHORT:vwap_loss+adi_dn+delta_dump+rsi_thrust_dn|nk0.8|vm0.8|full_0930_1400,8,0.14,7,1,0,87.5,87.5,7.0,1.8,0.3,60.6
SHORT:vwap_loss+adi_dn+delta_dump+rsi_thrust_dn|nk0.8|vm1.2|full_0930_1400,8,0.14,7,1,0,87.5,87.5,7.0,1.8,0.3,60.6
SHORT:vwap_loss+adi_dn+below_pivot+below_vwap_v|nk0.0|vm0.8|full_0930_1400,8,0.14,7,1,0,87.5,87.5,7.0,1.8,0.3,79.4
SHORT:vwap_loss+adi_dn+below_pivot+below_vwap_v|nk0.0|vm1.2|full_0930_1400,8,0.14,7,1,0,87.5,87.5,7.0,1.8,0.3,79.4
SHORT:vwap_loss+adi_dn+below_pivot+below_vwap_v|nk0.5|vm0.8|full_0930_1400,8,0.14,7,1,0,87.5,87.5,7.0,1.8,0.3,79.4
SHORT:vwap_loss+adi_dn+below_pivot+below_vwap_v|nk0.5|vm1.2|full_0930_1400,8,0.14,7,1,0,87.5,87.5,7.0,1.8,0.3,79.4
SHORT:vwap_loss+adi_dn+below_vwap_v+rsi_thrust_dn|nk0.0|vm0.8|full_0930_1400,8,0.14,7,1,0,87.5,87.5,7.0,1.8,0.3,60.6
SHORT:vwap_loss+adi_dn+below_vwap_v+rsi_thrust_dn|nk0.0|vm1.2|full_0930_1400,8,0.14,7,1,0,87.5,87.5,7.0,1.8,0.3,60.6
SHORT:vwap_loss+adi_dn+below_vwap_v+rsi_thrust_dn|nk0.5|vm0.8|full_0930_1400,8,0.14,7,1,0,87.5,87.5,7.0,1.8,0.3,60.6
SHORT:vwap_loss+adi_dn+below_vwap_v+rsi_thrust_dn|nk0.5|vm1.2|full_0930_1400,8,0.14,7,1,0,87.5,87.5,7.0,1.8,0.3,60.6
SHORT:vwap_loss+adi_dn+below_vwap_v+rsi_thrust_dn|nk0.8|vm0.8|full_0930_1400,8,0.14,7,1,0,87.5,87.5,7.0,1.8,0.3,60.6
SHORT:vwap_loss+adi_dn+below_vwap_v+rsi_thrust_dn|nk0.8|vm1.2|full_0930_1400,8,0.14,7,1,0,87.5,87.5,7.0,1.8,0.3,60.6
SHORT:vwap_loss+delta_dump+below_pivot+vwap_loss_v|nk0.0|vm0.8|full_0930_1400,8,0.14,7,1,0,87.5,87.5,7.0,1.8,0.3,79.4
SHORT:vwap_loss+delta_dump+below_pivot+vwap_loss_v|nk0.0|vm1.2|full_0930_1400,8,0.14,7,1,0,87.5,87.5,7.0,1.8,0.3,79.4
SHORT:vwap_loss+delta_dump+below_pivot+vwap_loss_v|nk0.5|vm0.8|full_0930_1400,8,0.14,7,1,0,87.5,87.5,7.0,1.8,0.3,79.4
SHORT:vwap_loss+delta_dump+below_pivot+vwap_loss_v|nk0.5|vm1.2|full_0930_1400,8,0.14,7,1,0,87.5,87.5,7.0,1.8,0.3,79.4
SHORT:vwap_loss+delta_dump+below_pivot+below_vwap_v|nk0.0|vm0.8|full_0930_1400,8,0.14,7,1,0,87.5,87.5,7.0,1.8,0.3,79.4
SHORT:vwap_loss+delta_dump+below_pivot+below_vwap_v|nk0.0|vm1.2|full_0930_1400,8,0.14,7,1,0,87.5,87.5,7.0,1.8,0.3,79.4
SHORT:vwap_loss+delta_dump+below_pivot+below_vwap_v|nk0.5|vm0.8|full_0930_1400,8,0.14,7,1,0,87.5,87.5,7.0,1.8,0.3,79.4
SHORT:vwap_loss+delta_dump+below_pivot+below_vwap_v|nk0.5|vm1.2|full_0930_1400,8,0.14,7,1,0,87.5,87.5,7.0,1.8,0.3,79.4
SHORT:vwap_loss+delta_dump+vwap_loss_v+rsi_thrust_dn|nk0.0|vm0.8|full_0930_1400,8,0.14,7,1,0,87.5,87.5,7.0,1.8,0.3,60.6
SHORT:vwap_loss+delta_dump+vwap_loss_v+rsi_thrust_dn|nk0.0|vm1.2|full_0930_1400,8,0.14,7,1,0,87.5,87.5,7.0,1.8,0.3,60.6
SHORT:vwap_loss+delta_dump+vwap_loss_v+rsi_thrust_dn|nk0.5|vm0.8|full_0930_1400,8,0.14,7,1,0,87.5,87.5,7.0,1.8,0.3,60.6
SHORT:vwap_loss+delta_dump+vwap_loss_v+rsi_thrust_dn|nk0.5|vm1.2|full_0930_1400,8,0.14,7,1,0,87.5,87.5,7.0,1.8,0.3,60.6
SHORT:vwap_loss+delta_dump+vwap_loss_v+rsi_thrust_dn|nk0.8|vm0.8|full_0930_1400,8,0.14,7,1,0,87.5,87.5,7.0,1.8,0.3,60.6
SHORT:vwap_loss+delta_dump+vwap_loss_v+rsi_thrust_dn|nk0.8|vm1.2|full_0930_1400,8,0.14,7,1,0,87.5,87.5,7.0,1.8,0.3,60.6
SHORT:vwap_loss+delta_dump+below_vwap_v+rsi_thrust_dn|nk0.0|vm0.8|full_0930_1400,8,0.14,7,1,0,87.5,87.5,7.0,1.8,0.3,60.6
SHORT:vwap_loss+delta_dump+below_vwap_v+rsi_thrust_dn|nk0.0|vm1.2|full_0930_1400,8,0.14,7,1,0,87.5,87.5,7.0,1.8,0.3,60.6
SHORT:vwap_loss+delta_dump+below_vwap_v+rsi_thrust_dn|nk0.5|vm0.8|full_0930_1400,8,0.14,7,1,0,87.5,87.5,7.0,1.8,0.3,60.6
SHORT:vwap_loss+delta_dump+below_vwap_v+rsi_thrust_dn|nk0.5|vm1.2|full_0930_1400,8,0.14,7,1,0,87.5,87.5,7.0,1.8,0.3,60.6
SHORT:vwap_loss+delta_dump+below_vwap_v+rsi_thrust_dn|nk0.8|vm0.8|full_0930_1400,8,0.14,7,1,0,87.5,87.5,7.0,1.8,0.3,60.6
SHORT:vwap_loss+delta_dump+below_vwap_v+rsi_thrust_dn|nk0.8|vm1.2|full_0930_1400,8,0.14,7,1,0,87.5,87.5,7.0,1.8,0.3,60.6
SHORT:vwap_loss+delta_dump+cvd_dn+rsi_thrust_dn|nk0.0|vm0.8|full_0930_1400,8,0.14,7,1,0,87.5,87.5,7.0,1.8,0.3,60.6
SHORT:vwap_loss+delta_dump+cvd_dn+rsi_thrust_dn|nk0.0|vm1.2|full_0930_1400,8,0.14,7,1,0,87.5,87.5,7.0,1.8,0.3,60.6
SHORT:vwap_loss+delta_dump+cvd_dn+rsi_thrust_dn|nk0.5|vm0.8|full_0930_1400,8,0.14,7,1,0,87.5,87.5,7.0,1.8,0.3,60.6
SHORT:vwap_loss+delta_dump+cvd_dn+rsi_thrust_dn|nk0.5|vm1.2|full_0930_1400,8,0.14,7,1,0,87.5,87.5,7.0,1.8,0.3,60.6
SHORT:vwap_loss+delta_dump+cvd_dn+rsi_thrust_dn|nk0.8|vm0.8|full_0930_1400,8,0.14,7,1,0,87.5,87.5,7.0,1.8,0.3,60.6
SHORT:vwap_loss+delta_dump+cvd_dn+rsi_thrust_dn|nk0.8|vm1.2|full_0930_1400,8,0.14,7,1,0,87.5,87.5,7.0,1.8,0.3,60.6
SHORT:vwap_loss+delta_dump+cvd_dn_v+rsi_thrust_dn|nk0.0|vm0.8|full_0930_1400,8,0.14,7,1,0,87.5,87.5,7.0,1.8,0.3,60.6
SHORT:vwap_loss+delta_dump+cvd_dn_v+rsi_thrust_dn|nk0.0|vm1.2|full_0930_1400,8,0.14,7,1,0,87.5,87.5,7.0,1.8,0.3,60.6
SHORT:vwap_loss+delta_dump+cvd_dn_v+rsi_thrust_dn|nk0.5|vm0.8|full_0930_1400,8,0.14,7,1,0,87.5,87.5,7.0,1.8,0.3,60.6
SHORT:vwap_loss+delta_dump+cvd_dn_v+rsi_thrust_dn|nk0.5|vm1.2|full_0930_1400,8,0.14,7,1,0,87.5,87.5,7.0,1.8,0.3,60.6
SHORT:vwap_loss+delta_dump+cvd_dn_v+rsi_thrust_dn|nk0.8|vm0.8|full_0930_1400,8,0.14,7,1,0,87.5,87.5,7.0,1.8,0.3,60.6
SHORT:vwap_loss+delta_dump+cvd_dn_v+rsi_thrust_dn|nk0.8|vm1.2|full_0930_1400,8,0.14,7,1,0,87.5,87.5,7.0,1.8,0.3,60.6
SHORT:vwap_loss+below_pivot+weak_close+rvol_thrust_dn|nk0.0|vm0.8|full_0930_1400,8,0.14,7,1,0,87.5,87.5,7.0,1.8,0.3,73.1
SHORT:vwap_loss+below_pivot+weak_close+rvol_thrust_dn|nk0.0|vm0.8|am_0930_1130,8,0.14,7,1,0,87.5,87.5,7.0,1.8,0.3,73.1
SHORT:vwap_loss+below_pivot+weak_close+rvol_thrust_dn|nk0.0|vm1.2|full_0930_1400,8,0.14,7,1,0,87.5,87.5,7.0,1.8,0.3,73.1
SHORT:vwap_loss+below_pivot+weak_close+rvol_thrust_dn|nk0.0|vm1.2|am_0930_1130,8,0.14,7,1,0,87.5,87.5,7.0,1.8,0.3,73.1
SHORT:vwap_loss+below_pivot+weak_close+rvol_thrust_dn|nk0.5|vm0.8|full_0930_1400,8,0.14,7,1,0,87.5,87.5,7.0,1.8,0.3,73.1
SHORT:vwap_loss+below_pivot+weak_close+rvol_thrust_dn|nk0.5|vm0.8|am_0930_1130,8,0.14,7,1,0,87.5,87.5,7.0,1.8,0.3,73.1
SHORT:vwap_loss+below_pivot+weak_close+rvol_thrust_dn|nk0.5|vm1.2|full_0930_1400,8,0.14,7,1,0,87.5,87.5,7.0,1.8,0.3,73.1
SHORT:vwap_loss+below_pivot+weak_close+rvol_thrust_dn|nk0.5|vm1.2|am_0930_1130,8,0.14,7,1,0,87.5,87.5,7.0,1.8,0.3,73.1
SHORT:vwap_loss+below_pivot+weak_close+below_vwap_v|nk0.0|vm0.8|full_0930_1400,8,0.14,7,1,0,87.5,87.5,7.0,1.8,0.3,73.1
SHORT:vwap_loss+below_pivot+weak_close+below_vwap_v|nk0.0|vm0.8|am_0930_1130,8,0.14,7,1,0,87.5,87.5,7.0,1.8,0.3,73.1
SHORT:vwap_loss+below_pivot+weak_close+below_vwap_v|nk0.0|vm1.2|full_0930_1400,8,0.14,7,1,0,87.5,87.5,7.0,1.8,0.3,73.1
SHORT:vwap_loss+below_pivot+weak_close+below_vwap_v|nk0.0|vm1.2|am_0930_1130,8,0.14,7,1,0,87.5,87.5,7.0,1.8,0.3,73.1
SHORT:vwap_loss+below_pivot+weak_close+below_vwap_v|nk0.5|vm0.8|full_0930_1400,8,0.14,7,1,0,87.5,87.5,7.0,1.8,0.3,73.1
SHORT:vwap_loss+below_pivot+weak_close+below_vwap_v|nk0.5|vm0.8|am_0930_1130,8,0.14,7,1,0,87.5,87.5,7.0,1.8,0.3,73.1
SHORT:vwap_loss+below_pivot+weak_close+below_vwap_v|nk0.5|vm1.2|full_0930_1400,8,0.14,7,1,0,87.5,87.5,7.0,1.8,0.3,73.1
SHORT:vwap_loss+below_pivot+weak_close+below_vwap_v|nk0.5|vm1.2|am_0930_1130,8,0.14,7,1,0,87.5,87.5,7.0,1.8,0.3,73.1
SHORT:vwap_loss+below_pivot+vwap_loss_v+rvol_thrust_dn|nk0.0|vm0.8|full_0930_1400,8,0.14,7,1,0,87.5,87.5,7.0,1.8,0.3,73.1
SHORT:vwap_loss+below_pivot+vwap_loss_v+rvol_thrust_dn|nk0.0|vm0.8|am_0930_1130,8,0.14,7,1,0,87.5,87.5,7.0,1.8,0.3,73.1
SHORT:vwap_loss+below_pivot+vwap_loss_v+rvol_thrust_dn|nk0.0|vm1.2|full_0930_1400,8,0.14,7,1,0,87.5,87.5,7.0,1.8,0.3,73.1
SHORT:vwap_loss+below_pivot+vwap_loss_v+rvol_thrust_dn|nk0.0|vm1.2|am_0930_1130,8,0.14,7,1,0,87.5,87.5,7.0,1.8,0.3,73.1
SHORT:vwap_loss+below_pivot+vwap_loss_v+rvol_thrust_dn|nk0.5|vm0.8|full_0930_1400,8,0.14,7,1,0,87.5,87.5,7.0,1.8,0.3,73.1
SHORT:vwap_loss+below_pivot+vwap_loss_v+rvol_thrust_dn|nk0.5|vm0.8|am_0930_1130,8,0.14,7,1,0,87.5,87.5,7.0,1.8,0.3,73.1
SHORT:vwap_loss+below_pivot+vwap_loss_v+rvol_thrust_dn|nk0.5|vm1.2|full_0930_1400,8,0.14,7,1,0,87.5,87.5,7.0,1.8,0.3,73.1
SHORT:vwap_loss+below_pivot+vwap_loss_v+rvol_thrust_dn|nk0.5|vm1.2|am_0930_1130,8,0.14,7,1,0,87.5,87.5,7.0,1.8,0.3,73.1
SHORT:vwap_loss+below_pivot+vwap_loss_v+below_vwap_v|nk0.8|vm0.8|am_0930_1130,8,0.14,7,1,0,87.5,87.5,7.0,1.8,0.3,73.1
SHORT:vwap_loss+below_pivot+vwap_loss_v+below_vwap_v|nk0.8|vm1.2|am_0930_1130,8,0.14,7,1,0,87.5,87.5,7.0,1.8,0.3,73.1
SHORT:vwap_loss+below_pivot+rvol_thrust_dn+below_vwap_v|nk0.0|vm0.8|full_0930_1400,8,0.14,7,1,0,87.5,87.5,7.0,1.8,0.3,73.1
SHORT:vwap_loss+below_pivot+rvol_thrust_dn+below_vwap_v|nk0.0|vm0.8|am_0930_1130,8,0.14,7,1,0,87.5,87.5,7.0,1.8,0.3,73.1
SHORT:vwap_loss+below_pivot+rvol_thrust_dn+below_vwap_v|nk0.0|vm1.2|full_0930_1400,8,0.14,7,1,0,87.5,87.5,7.0,1.8,0.3,73.1
SHORT:vwap_loss+below_pivot+rvol_thrust_dn+below_vwap_v|nk0.0|vm1.2|am_0930_1130,8,0.14,7,1,0,87.5,87.5,7.0,1.8,0.3,73.1
SHORT:vwap_loss+below_pivot+rvol_thrust_dn+below_vwap_v|nk0.5|vm0.8|full_0930_1400,8,0.14,7,1,0,87.5,87.5,7.0,1.8,0.3,73.1
SHORT:vwap_loss+below_pivot+rvol_thrust_dn+below_vwap_v|nk0.5|vm0.8|am_0930_1130,8,0.14,7,1,0,87.5,87.5,7.0,1.8,0.3,73.1
SHORT:vwap_loss+below_pivot+rvol_thrust_dn+below_vwap_v|nk0.5|vm1.2|full_0930_1400,8,0.14,7,1,0,87.5,87.5,7.0,1.8,0.3,73.1
SHORT:vwap_loss+below_pivot+rvol_thrust_dn+below_vwap_v|nk0.5|vm1.2|am_0930_1130,8,0.14,7,1,0,87.5,87.5,7.0,1.8,0.3,73.1
SHORT:below_vwap+adi_dn+hist_turn_dn+orb_break_dn|nk0.8|vm1.2|mid_1030_1300,8,0.14,7,1,0,87.5,87.5,7.0,1.8,0.3,58.1
SHORT:below_vwap+adi_dn+hist_turn_dn+orb_break_dn_v|nk0.8|vm0.8|mid_1030_1300,8,0.14,7,1,0,87.5,87.5,7.0,1.8,0.3,58.1
SHORT:below_vwap+adi_dn+hist_turn_dn+orb_break_dn_v|nk0.8|vm1.2|mid_1030_1300,8,0.14,7,1,0,87.5,87.5,7.0,1.8,0.3,58.1
SHORT:below_vwap+delta_dump+below_pivot+vwap_loss_v|nk0.0|vm0.8|full_0930_1400,8,0.14,7,1,0,87.5,87.5,7.0,1.8,0.3,79.4
SHORT:below_vwap+delta_dump+below_pivot+vwap_loss_v|nk0.0|vm1.2|full_0930_1400,8,0.14,7,1,0,87.5,87.5,7.0,1.8,0.3,79.4
SHORT:below_vwap+delta_dump+below_pivot+vwap_loss_v|nk0.5|vm0.8|full_0930_1400,8,0.14,7,1,0,87.5,87.5,7.0,1.8,0.3,79.4
SHORT:below_vwap+delta_dump+below_pivot+vwap_loss_v|nk0.5|vm1.2|full_0930_1400,8,0.14,7,1,0,87.5,87.5,7.0,1.8,0.3,79.4
SHORT:below_vwap+delta_dump+vwap_loss_v+rsi_thrust_dn|nk0.0|vm0.8|full_0930_1400,8,0.14,7,1,0,87.5,87.5,7.0,1.8,0.3,60.6
SHORT:below_vwap+delta_dump+vwap_loss_v+rsi_thrust_dn|nk0.0|vm1.2|full_0930_1400,8,0.14,7,1,0,87.5,87.5,7.0,1.8,0.3,60.6
SHORT:below_vwap+delta_dump+vwap_loss_v+rsi_thrust_dn|nk0.5|vm0.8|full_0930_1400,8,0.14,7,1,0,87.5,87.5,7.0,1.8,0.3,60.6
SHORT:below_vwap+delta_dump+vwap_loss_v+rsi_thrust_dn|nk0.5|vm1.2|full_0930_1400,8,0.14,7,1,0,87.5,87.5,7.0,1.8,0.3,60.6
SHORT:below_vwap+delta_dump+vwap_loss_v+rsi_thrust_dn|nk0.8|vm0.8|full_0930_1400,8,0.14,7,1,0,87.5,87.5,7.0,1.8,0.3,60.6
SHORT:below_vwap+delta_dump+vwap_loss_v+rsi_thrust_dn|nk0.8|vm1.2|full_0930_1400,8,0.14,7,1,0,87.5,87.5,7.0,1.8,0.3,60.6
SHORT:below_vwap+yhigh_reject+weak_close+cvd_dn|nk0.0|vm0.8|full_0930_1400,8,0.14,7,0,1,87.5,100.0,59.8,2.06,0.04,101.9
SHORT:below_vwap+yhigh_reject+weak_close+cvd_dn|nk0.5|vm0.8|full_0930_1400,8,0.14,7,0,1,87.5,100.0,59.8,2.06,0.04,101.9
SHORT:below_vwap+below_pivot+vwap_loss_v+rvol_thrust_dn|nk0.0|vm0.8|full_0930_1400,8,0.14,7,1,0,87.5,87.5,7.0,1.8,0.3,73.1
SHORT:below_vwap+below_pivot+vwap_loss_v+rvol_thrust_dn|nk0.0|vm0.8|am_0930_1130,8,0.14,7,1,0,87.5,87.5,7.0,1.8,0.3,73.1
SHORT:below_vwap+below_pivot+vwap_loss_v+rvol_thrust_dn|nk0.0|vm1.2|full_0930_1400,8,0.14,7,1,0,87.5,87.5,7.0,1.8,0.3,73.1
SHORT:below_vwap+below_pivot+vwap_loss_v+rvol_thrust_dn|nk0.0|vm1.2|am_0930_1130,8,0.14,7,1,0,87.5,87.5,7.0,1.8,0.3,73.1
SHORT:below_vwap+below_pivot+vwap_loss_v+rvol_thrust_dn|nk0.5|vm0.8|full_0930_1400,8,0.14,7,1,0,87.5,87.5,7.0,1.8,0.3,73.1
SHORT:below_vwap+below_pivot+vwap_loss_v+rvol_thrust_dn|nk0.5|vm0.8|am_0930_1130,8,0.14,7,1,0,87.5,87.5,7.0,1.8,0.3,73.1
SHORT:below_vwap+below_pivot+vwap_loss_v+rvol_thrust_dn|nk0.5|vm1.2|full_0930_1400,8,0.14,7,1,0,87.5,87.5,7.0,1.8,0.3,73.1
SHORT:below_vwap+below_pivot+vwap_loss_v+rvol_thrust_dn|nk0.5|vm1.2|am_0930_1130,8,0.14,7,1,0,87.5,87.5,7.0,1.8,0.3,73.1
SHORT:below_vwap+below_pivot+vwap_loss_v+below_vwap_v|nk0.8|vm0.8|am_0930_1130,8,0.14,7,1,0,87.5,87.5,7.0,1.8,0.3,73.1
SHORT:below_vwap+below_pivot+vwap_loss_v+below_vwap_v|nk0.8|vm1.2|am_0930_1130,8,0.14,7,1,0,87.5,87.5,7.0,1.8,0.3,73.1
SHORT:below_vwap+hist_turn_dn+weak_close+orb_break_dn|nk0.8|vm1.2|mid_1030_1300,8,0.14,7,1,0,87.5,87.5,7.0,1.8,0.3,58.1
SHORT:below_vwap+hist_turn_dn+weak_close+orb_break_dn_v|nk0.8|vm0.8|mid_1030_1300,8,0.14,7,1,0,87.5,87.5,7.0,1.8,0.3,58.1
SHORT:below_vwap+hist_turn_dn+weak_close+orb_break_dn_v|nk0.8|vm1.2|mid_1030_1300,8,0.14,7,1,0,87.5,87.5,7.0,1.8,0.3,58.1
SHORT:adi_dn+delta_dump+below_pivot+vwap_loss_v|nk0.0|vm0.8|full_0930_1400,8,0.14,7,1,0,87.5,87.5,7.0,1.8,0.3,79.4
SHORT:adi_dn+delta_dump+below_pivot+vwap_loss_v|nk0.0|vm1.2|full_0930_1400,8,0.14,7,1,0,87.5,87.5,7.0,1.8,0.3,79.4
SHORT:adi_dn+delta_dump+below_pivot+vwap_loss_v|nk0.5|vm0.8|full_0930_1400,8,0.14,7,1,0,87.5,87.5,7.0,1.8,0.3,79.4
SHORT:adi_dn+delta_dump+below_pivot+vwap_loss_v|nk0.5|vm1.2|full_0930_1400,8,0.14,7,1,0,87.5,87.5,7.0,1.8,0.3,79.4
SHORT:adi_dn+delta_dump+below_pivot+vwap_hi_reject|nk0.0|vm0.8|full_0930_1400,8,0.14,7,1,0,87.5,87.5,7.0,1.8,0.0,121.9
SHORT:adi_dn+delta_dump+below_pivot+vwap_hi_reject|nk0.0|vm1.2|full_0930_1400,8,0.14,7,1,0,87.5,87.5,7.0,1.8,0.0,121.9
SHORT:adi_dn+delta_dump+below_pivot+vwap_hi_reject|nk0.5|vm0.8|full_0930_1400,8,0.14,7,1,0,87.5,87.5,7.0,1.8,0.0,121.9
SHORT:adi_dn+delta_dump+below_pivot+vwap_hi_reject|nk0.5|vm1.2|full_0930_1400,8,0.14,7,1,0,87.5,87.5,7.0,1.8,0.0,121.9
SHORT:adi_dn+delta_dump+below_pivot+vwap_hi_reject|nk0.8|vm0.8|full_0930_1400,8,0.14,7,1,0,87.5,87.5,7.0,1.8,0.0,121.9
SHORT:adi_dn+delta_dump+below_pivot+vwap_hi_reject|nk0.8|vm1.2|full_0930_1400,8,0.14,7,1,0,87.5,87.5,7.0,1.8,0.0,121.9
SHORT:adi_dn+delta_dump+vwap_loss_v+rsi_thrust_dn|nk0.0|vm0.8|full_0930_1400,8,0.14,7,1,0,87.5,87.5,7.0,1.8,0.3,60.6
SHORT:adi_dn+delta_dump+vwap_loss_v+rsi_thrust_dn|nk0.0|vm1.2|full_0930_1400,8,0.14,7,1,0,87.5,87.5,7.0,1.8,0.3,60.6
SHORT:adi_dn+delta_dump+vwap_loss_v+rsi_thrust_dn|nk0.5|vm0.8|full_0930_1400,8,0.14,7,1,0,87.5,87.5,7.0,1.8,0.3,60.6
SHORT:adi_dn+delta_dump+vwap_loss_v+rsi_thrust_dn|nk0.5|vm1.2|full_0930_1400,8,0.14,7,1,0,87.5,87.5,7.0,1.8,0.3,60.6
SHORT:adi_dn+delta_dump+vwap_loss_v+rsi_thrust_dn|nk0.8|vm0.8|full_0930_1400,8,0.14,7,1,0,87.5,87.5,7.0,1.8,0.3,60.6
SHORT:adi_dn+delta_dump+vwap_loss_v+rsi_thrust_dn|nk0.8|vm1.2|full_0930_1400,8,0.14,7,1,0,87.5,87.5,7.0,1.8,0.3,60.6
SHORT:adi_dn+yhigh_reject+weak_close+vwap_hi_reject|nk0.0|vm0.8|full_0930_1400,8,0.14,7,1,0,87.5,87.5,7.0,1.8,0.3,96.9
SHORT:adi_dn+yhigh_reject+weak_close+vwap_hi_reject|nk0.5|vm0.8|full_0930_1400,8,0.14,7,1,0,87.5,87.5,7.0,1.8,0.3,96.9
SHORT:adi_dn+below_pivot+hist_turn_dn+orb_break_dn|nk0.0|vm0.8|mid_1030_1300,8,0.14,7,1,0,87.5,87.5,7.0,1.8,0.0,76.2
SHORT:adi_dn+below_pivot+hist_turn_dn+orb_break_dn|nk0.5|vm0.8|mid_1030_1300,8,0.14,7,1,0,87.5,87.5,7.0,1.8,0.0,76.2
SHORT:adi_dn+below_pivot+weak_close+vwap_hi_reject|nk0.0|vm1.2|full_0930_1400,8,0.14,7,1,0,87.5,87.5,7.0,1.8,0.0,121.9
SHORT:adi_dn+below_pivot+weak_close+vwap_hi_reject|nk0.5|vm1.2|full_0930_1400,8,0.14,7,1,0,87.5,87.5,7.0,1.8,0.0,121.9
SHORT:adi_dn+below_pivot+weak_close+vwap_hi_reject|nk0.8|vm1.2|full_0930_1400,8,0.14,7,1,0,87.5,87.5,7.0,1.8,0.0,121.9
SHORT:adi_dn+below_pivot+vwap_loss_v+below_vwap_v|nk0.0|vm0.8|full_0930_1400,8,0.14,7,1,0,87.5,87.5,7.0,1.8,0.3,79.4
SHORT:adi_dn+below_pivot+vwap_loss_v+below_vwap_v|nk0.0|vm1.2|full_0930_1400,8,0.14,7,1,0,87.5,87.5,7.0,1.8,0.3,79.4
SHORT:adi_dn+below_pivot+vwap_loss_v+below_vwap_v|nk0.5|vm0.8|full_0930_1400,8,0.14,7,1,0,87.5,87.5,7.0,1.8,0.3,79.4
SHORT:adi_dn+below_pivot+vwap_loss_v+below_vwap_v|nk0.5|vm1.2|full_0930_1400,8,0.14,7,1,0,87.5,87.5,7.0,1.8,0.3,79.4
SHORT:adi_dn+hist_turn_dn+orb_break_dn+cvd_dn|nk0.8|vm1.2|mid_1030_1300,8,0.14,7,1,0,87.5,87.5,7.0,1.8,0.3,58.1
SHORT:adi_dn+hist_turn_dn+orb_break_dn+cvd_dn_v|nk0.8|vm0.8|mid_1030_1300,8,0.14,7,1,0,87.5,87.5,7.0,1.8,0.3,58.1
SHORT:adi_dn+hist_turn_dn+orb_break_dn+cvd_dn_v|nk0.8|vm1.2|mid_1030_1300,8,0.14,7,1,0,87.5,87.5,7.0,1.8,0.3,58.1
SHORT:adi_dn+hist_turn_dn+orb_break_dn_v+cvd_dn|nk0.8|vm0.8|mid_1030_1300,8,0.14,7,1,0,87.5,87.5,7.0,1.8,0.3,58.1
SHORT:adi_dn+hist_turn_dn+orb_break_dn_v+cvd_dn|nk0.8|vm1.2|mid_1030_1300,8,0.14,7,1,0,87.5,87.5,7.0,1.8,0.3,58.1
SHORT:adi_dn+hist_turn_dn+orb_break_dn_v+cvd_dn_v|nk0.8|vm0.8|mid_1030_1300,8,0.14,7,1,0,87.5,87.5,7.0,1.8,0.3,58.1
SHORT:adi_dn+hist_turn_dn+orb_break_dn_v+cvd_dn_v|nk0.8|vm1.2|mid_1030_1300,8,0.14,7,1,0,87.5,87.5,7.0,1.8,0.3,58.1
SHORT:adi_dn+vwap_loss_v+below_vwap_v+rsi_thrust_dn|nk0.0|vm0.8|full_0930_1400,8,0.14,7,1,0,87.5,87.5,7.0,1.8,0.3,60.6
SHORT:adi_dn+vwap_loss_v+below_vwap_v+rsi_thrust_dn|nk0.0|vm1.2|full_0930_1400,8,0.14,7,1,0,87.5,87.5,7.0,1.8,0.3,60.6
SHORT:adi_dn+vwap_loss_v+below_vwap_v+rsi_thrust_dn|nk0.5|vm0.8|full_0930_1400,8,0.14,7,1,0,87.5,87.5,7.0,1.8,0.3,60.6
SHORT:adi_dn+vwap_loss_v+below_vwap_v+rsi_thrust_dn|nk0.5|vm1.2|full_0930_1400,8,0.14,7,1,0,87.5,87.5,7.0,1.8,0.3,60.6
SHORT:adi_dn+vwap_loss_v+below_vwap_v+rsi_thrust_dn|nk0.8|vm0.8|full_0930_1400,8,0.14,7,1,0,87.5,87.5,7.0,1.8,0.3,60.6
SHORT:adi_dn+vwap_loss_v+below_vwap_v+rsi_thrust_dn|nk0.8|vm1.2|full_0930_1400,8,0.14,7,1,0,87.5,87.5,7.0,1.8,0.3,60.6
SHORT:delta_dump+below_pivot+weak_close+vwap_hi_reject|nk0.0|vm0.8|full_0930_1400,8,0.14,7,1,0,87.5,87.5,7.0,1.8,0.0,121.9
SHORT:delta_dump+below_pivot+weak_close+vwap_hi_reject|nk0.0|vm1.2|full_0930_1400,8,0.14,7,1,0,87.5,87.5,7.0,1.8,0.0,121.9
SHORT:delta_dump+below_pivot+weak_close+vwap_hi_reject|nk0.5|vm0.8|full_0930_1400,8,0.14,7,1,0,87.5,87.5,7.0,1.8,0.0,121.9
SHORT:delta_dump+below_pivot+weak_close+vwap_hi_reject|nk0.5|vm1.2|full_0930_1400,8,0.14,7,1,0,87.5,87.5,7.0,1.8,0.0,121.9
SHORT:delta_dump+below_pivot+weak_close+vwap_hi_reject|nk0.8|vm0.8|full_0930_1400,8,0.14,7,1,0,87.5,87.5,7.0,1.8,0.0,121.9
SHORT:delta_dump+below_pivot+weak_close+vwap_hi_reject|nk0.8|vm1.2|full_0930_1400,8,0.14,7,1,0,87.5,87.5,7.0,1.8,0.0,121.9
SHORT:delta_dump+below_pivot+vwap_loss_v+below_vwap_v|nk0.0|vm0.8|full_0930_1400,8,0.14,7,1,0,87.5,87.5,7.0,1.8,0.3,79.4
SHORT:delta_dump+below_pivot+vwap_loss_v+below_vwap_v|nk0.0|vm1.2|full_0930_1400,8,0.14,7,1,0,87.5,87.5,7.0,1.8,0.3,79.4
SHORT:delta_dump+below_pivot+vwap_loss_v+below_vwap_v|nk0.5|vm0.8|full_0930_1400,8,0.14,7,1,0,87.5,87.5,7.0,1.8,0.3,79.4
SHORT:delta_dump+below_pivot+vwap_loss_v+below_vwap_v|nk0.5|vm1.2|full_0930_1400,8,0.14,7,1,0,87.5,87.5,7.0,1.8,0.3,79.4
SHORT:delta_dump+vwap_loss_v+below_vwap_v+rsi_thrust_dn|nk0.0|vm0.8|full_0930_1400,8,0.14,7,1,0,87.5,87.5,7.0,1.8,0.3,60.6
SHORT:delta_dump+vwap_loss_v+below_vwap_v+rsi_thrust_dn|nk0.0|vm1.2|full_0930_1400,8,0.14,7,1,0,87.5,87.5,7.0,1.8,0.3,60.6
SHORT:delta_dump+vwap_loss_v+below_vwap_v+rsi_thrust_dn|nk0.5|vm0.8|full_0930_1400,8,0.14,7,1,0,87.5,87.5,7.0,1.8,0.3,60.6
SHORT:delta_dump+vwap_loss_v+below_vwap_v+rsi_thrust_dn|nk0.5|vm1.2|full_0930_1400,8,0.14,7,1,0,87.5,87.5,7.0,1.8,0.3,60.6
SHORT:delta_dump+vwap_loss_v+below_vwap_v+rsi_thrust_dn|nk0.8|vm0.8|full_0930_1400,8,0.14,7,1,0,87.5,87.5,7.0,1.8,0.3,60.6
SHORT:delta_dump+vwap_loss_v+below_vwap_v+rsi_thrust_dn|nk0.8|vm1.2|full_0930_1400,8,0.14,7,1,0,87.5,87.5,7.0,1.8,0.3,60.6
SHORT:delta_dump+vwap_loss_v+cvd_dn+rsi_thrust_dn|nk0.0|vm0.8|full_0930_1400,8,0.14,7,1,0,87.5,87.5,7.0,1.8,0.3,60.6
SHORT:delta_dump+vwap_loss_v+cvd_dn+rsi_thrust_dn|nk0.0|vm1.2|full_0930_1400,8,0.14,7,1,0,87.5,87.5,7.0,1.8,0.3,60.6
SHORT:delta_dump+vwap_loss_v+cvd_dn+rsi_thrust_dn|nk0.5|vm0.8|full_0930_1400,8,0.14,7,1,0,87.5,87.5,7.0,1.8,0.3,60.6
SHORT:delta_dump+vwap_loss_v+cvd_dn+rsi_thrust_dn|nk0.5|vm1.2|full_0930_1400,8,0.14,7,1,0,87.5,87.5,7.0,1.8,0.3,60.6
SHORT:delta_dump+vwap_loss_v+cvd_dn+rsi_thrust_dn|nk0.8|vm0.8|full_0930_1400,8,0.14,7,1,0,87.5,87.5,7.0,1.8,0.3,60.6
SHORT:delta_dump+vwap_loss_v+cvd_dn+rsi_thrust_dn|nk0.8|vm1.2|full_0930_1400,8,0.14,7,1,0,87.5,87.5,7.0,1.8,0.3,60.6
SHORT:delta_dump+vwap_loss_v+cvd_dn_v+rsi_thrust_dn|nk0.0|vm0.8|full_0930_1400,8,0.14,7,1,0,87.5,87.5,7.0,1.8,0.3,60.6
SHORT:delta_dump+vwap_loss_v+cvd_dn_v+rsi_thrust_dn|nk0.0|vm1.2|full_0930_1400,8,0.14,7,1,0,87.5,87.5,7.0,1.8,0.3,60.6
SHORT:delta_dump+vwap_loss_v+cvd_dn_v+rsi_thrust_dn|nk0.5|vm0.8|full_0930_1400,8,0.14,7,1,0,87.5,87.5,7.0,1.8,0.3,60.6
SHORT:delta_dump+vwap_loss_v+cvd_dn_v+rsi_thrust_dn|nk0.5|vm1.2|full_0930_1400,8,0.14,7,1,0,87.5,87.5,7.0,1.8,0.3,60.6
SHORT:delta_dump+vwap_loss_v+cvd_dn_v+rsi_thrust_dn|nk0.8|vm0.8|full_0930_1400,8,0.14,7,1,0,87.5,87.5,7.0,1.8,0.3,60.6
SHORT:delta_dump+vwap_loss_v+cvd_dn_v+rsi_thrust_dn|nk0.8|vm1.2|full_0930_1400,8,0.14,7,1,0,87.5,87.5,7.0,1.8,0.3,60.6
SHORT:below_pivot+hist_turn_dn+weak_close+orb_break_dn|nk0.8|vm0.8|mid_1030_1300,8,0.14,7,1,0,87.5,87.5,7.0,1.8,0.0,71.2
SHORT:below_pivot+weak_close+vwap_loss_v+rvol_thrust_dn|nk0.0|vm0.8|full_0930_1400,8,0.14,7,1,0,87.5,87.5,7.0,1.8,0.3,73.1
SHORT:below_pivot+weak_close+vwap_loss_v+rvol_thrust_dn|nk0.0|vm0.8|am_0930_1130,8,0.14,7,1,0,87.5,87.5,7.0,1.8,0.3,73.1
SHORT:below_pivot+weak_close+vwap_loss_v+rvol_thrust_dn|nk0.0|vm1.2|full_0930_1400,8,0.14,7,1,0,87.5,87.5,7.0,1.8,0.3,73.1
SHORT:below_pivot+weak_close+vwap_loss_v+rvol_thrust_dn|nk0.0|vm1.2|am_0930_1130,8,0.14,7,1,0,87.5,87.5,7.0,1.8,0.3,73.1
SHORT:below_pivot+weak_close+vwap_loss_v+rvol_thrust_dn|nk0.5|vm0.8|full_0930_1400,8,0.14,7,1,0,87.5,87.5,7.0,1.8,0.3,73.1
SHORT:below_pivot+weak_close+vwap_loss_v+rvol_thrust_dn|nk0.5|vm0.8|am_0930_1130,8,0.14,7,1,0,87.5,87.5,7.0,1.8,0.3,73.1
SHORT:below_pivot+weak_close+vwap_loss_v+rvol_thrust_dn|nk0.5|vm1.2|full_0930_1400,8,0.14,7,1,0,87.5,87.5,7.0,1.8,0.3,73.1
SHORT:below_pivot+weak_close+vwap_loss_v+rvol_thrust_dn|nk0.5|vm1.2|am_0930_1130,8,0.14,7,1,0,87.5,87.5,7.0,1.8,0.3,73.1
SHORT:below_pivot+weak_close+vwap_loss_v+below_vwap_v|nk0.0|vm0.8|full_0930_1400,8,0.14,7,1,0,87.5,87.5,7.0,1.8,0.3,73.1
SHORT:below_pivot+weak_close+vwap_loss_v+below_vwap_v|nk0.0|vm0.8|am_0930_1130,8,0.14,7,1,0,87.5,87.5,7.0,1.8,0.3,73.1
SHORT:below_pivot+weak_close+vwap_loss_v+below_vwap_v|nk0.0|vm1.2|full_0930_1400,8,0.14,7,1,0,87.5,87.5,7.0,1.8,0.3,73.1
SHORT:below_pivot+weak_close+vwap_loss_v+below_vwap_v|nk0.0|vm1.2|am_0930_1130,8,0.14,7,1,0,87.5,87.5,7.0,1.8,0.3,73.1
SHORT:below_pivot+weak_close+vwap_loss_v+below_vwap_v|nk0.5|vm0.8|full_0930_1400,8,0.14,7,1,0,87.5,87.5,7.0,1.8,0.3,73.1
SHORT:below_pivot+weak_close+vwap_loss_v+below_vwap_v|nk0.5|vm0.8|am_0930_1130,8,0.14,7,1,0,87.5,87.5,7.0,1.8,0.3,73.1
SHORT:below_pivot+weak_close+vwap_loss_v+below_vwap_v|nk0.5|vm1.2|full_0930_1400,8,0.14,7,1,0,87.5,87.5,7.0,1.8,0.3,73.1
SHORT:below_pivot+weak_close+vwap_loss_v+below_vwap_v|nk0.5|vm1.2|am_0930_1130,8,0.14,7,1,0,87.5,87.5,7.0,1.8,0.3,73.1
SHORT:below_pivot+vwap_loss_v+rvol_thrust_dn+below_vwap_v|nk0.0|vm0.8|full_0930_1400,8,0.14,7,1,0,87.5,87.5,7.0,1.8,0.3,73.1
SHORT:below_pivot+vwap_loss_v+rvol_thrust_dn+below_vwap_v|nk0.0|vm0.8|am_0930_1130,8,0.14,7,1,0,87.5,87.5,7.0,1.8,0.3,73.1
SHORT:below_pivot+vwap_loss_v+rvol_thrust_dn+below_vwap_v|nk0.0|vm1.2|full_0930_1400,8,0.14,7,1,0,87.5,87.5,7.0,1.8,0.3,73.1
SHORT:below_pivot+vwap_loss_v+rvol_thrust_dn+below_vwap_v|nk0.0|vm1.2|am_0930_1130,8,0.14,7,1,0,87.5,87.5,7.0,1.8,0.3,73.1
SHORT:below_pivot+vwap_loss_v+rvol_thrust_dn+below_vwap_v|nk0.5|vm0.8|full_0930_1400,8,0.14,7,1,0,87.5,87.5,7.0,1.8,0.3,73.1
SHORT:below_pivot+vwap_loss_v+rvol_thrust_dn+below_vwap_v|nk0.5|vm0.8|am_0930_1130,8,0.14,7,1,0,87.5,87.5,7.0,1.8,0.3,73.1
SHORT:below_pivot+vwap_loss_v+rvol_thrust_dn+below_vwap_v|nk0.5|vm1.2|full_0930_1400,8,0.14,7,1,0,87.5,87.5,7.0,1.8,0.3,73.1
SHORT:below_pivot+vwap_loss_v+rvol_thrust_dn+below_vwap_v|nk0.5|vm1.2|am_0930_1130,8,0.14,7,1,0,87.5,87.5,7.0,1.8,0.3,73.1
SHORT:hist_turn_dn+weak_close+orb_break_dn+cvd_dn|nk0.8|vm1.2|mid_1030_1300,8,0.14,7,1,0,87.5,87.5,7.0,1.8,0.3,58.1
SHORT:hist_turn_dn+weak_close+orb_break_dn+cvd_dn_v|nk0.8|vm0.8|mid_1030_1300,8,0.14,7,1,0,87.5,87.5,7.0,1.8,0.3,58.1
SHORT:hist_turn_dn+weak_close+orb_break_dn+cvd_dn_v|nk0.8|vm1.2|mid_1030_1300,8,0.14,7,1,0,87.5,87.5,7.0,1.8,0.3,58.1
SHORT:hist_turn_dn+weak_close+orb_break_dn_v+cvd_dn|nk0.8|vm0.8|mid_1030_1300,8,0.14,7,1,0,87.5,87.5,7.0,1.8,0.3,58.1
SHORT:hist_turn_dn+weak_close+orb_break_dn_v+cvd_dn|nk0.8|vm1.2|mid_1030_1300,8,0.14,7,1,0,87.5,87.5,7.0,1.8,0.3,58.1
SHORT:hist_turn_dn+weak_close+orb_break_dn_v+cvd_dn_v|nk0.8|vm0.8|mid_1030_1300,8,0.14,7,1,0,87.5,87.5,7.0,1.8,0.3,58.1
SHORT:hist_turn_dn+weak_close+orb_break_dn_v+cvd_dn_v|nk0.8|vm1.2|mid_1030_1300,8,0.14,7,1,0,87.5,87.5,7.0,1.8,0.3,58.1
SHORT:vwap_loss+adi_dn+rvol_thrust_dn|nk0.8|vm0.8|full_0930_1400,15,0.26,13,2,0,86.7,86.7,6.5,3.3,0.6,87.3
SHORT:vwap_loss+adi_dn+rvol_thrust_dn|nk0.8|vm1.2|full_0930_1400,15,0.26,13,2,0,86.7,86.7,6.5,3.3,0.6,87.3
SHORT:vwap_loss+delta_dump+weak_close|nk0.8|vm0.8|full_0930_1400,15,0.26,13,2,0,86.7,86.7,6.5,3.3,0.6,87.3
SHORT:vwap_loss+delta_dump+weak_close|nk0.8|vm1.2|full_0930_1400,15,0.26,13,2,0,86.7,86.7,6.5,3.3,0.6,87.3
SHORT:vwap_loss+delta_dump+rvol_thrust_dn|nk0.8|vm0.8|full_0930_1400,15,0.26,13,2,0,86.7,86.7,6.5,3.3,0.6,87.3
SHORT:vwap_loss+delta_dump+rvol_thrust_dn|nk0.8|vm1.2|full_0930_1400,15,0.26,13,2,0,86.7,86.7,6.5,3.3,0.6,87.3
SHORT:vwap_loss+rvol_thrust_dn+cvd_dn|nk0.8|vm0.8|full_0930_1400,15,0.26,13,2,0,86.7,86.7,6.5,3.3,0.6,74.0
SHORT:vwap_loss+rvol_thrust_dn+cvd_dn|nk0.8|vm1.2|full_0930_1400,15,0.26,13,2,0,86.7,86.7,6.5,3.3,0.6,74.0
SHORT:vwap_loss+rvol_thrust_dn+cvd_dn_v|nk0.8|vm0.8|full_0930_1400,15,0.26,13,2,0,86.7,86.7,6.5,3.3,0.6,74.0
SHORT:vwap_loss+rvol_thrust_dn+cvd_dn_v|nk0.8|vm1.2|full_0930_1400,15,0.26,13,2,0,86.7,86.7,6.5,3.3,0.6,74.0
SHORT:adi_dn+vwap_loss_v+rvol_thrust_dn|nk0.8|vm0.8|full_0930_1400,15,0.26,13,2,0,86.7,86.7,6.5,3.3,0.6,87.3
SHORT:adi_dn+vwap_loss_v+rvol_thrust_dn|nk0.8|vm1.2|full_0930_1400,15,0.26,13,2,0,86.7,86.7,6.5,3.3,0.6,87.3
SHORT:delta_dump+weak_close+vwap_loss_v|nk0.8|vm0.8|full_0930_1400,15,0.26,13,2,0,86.7,86.7,6.5,3.3,0.6,87.3
SHORT:delta_dump+weak_close+vwap_loss_v|nk0.8|vm1.2|full_0930_1400,15,0.26,13,2,0,86.7,86.7,6.5,3.3,0.6,87.3
SHORT:delta_dump+vwap_loss_v+rvol_thrust_dn|nk0.8|vm0.8|full_0930_1400,15,0.26,13,2,0,86.7,86.7,6.5,3.3,0.6,87.3
SHORT:delta_dump+vwap_loss_v+rvol_thrust_dn|nk0.8|vm1.2|full_0930_1400,15,0.26,13,2,0,86.7,86.7,6.5,3.3,0.6,87.3
SHORT:vwap_loss_v+rvol_thrust_dn+cvd_dn|nk0.8|vm0.8|full_0930_1400,15,0.26,13,2,0,86.7,86.7,6.5,3.3,0.6,74.0
SHORT:vwap_loss_v+rvol_thrust_dn+cvd_dn|nk0.8|vm1.2|full_0930_1400,15,0.26,13,2,0,86.7,86.7,6.5,3.3,0.6,74.0
SHORT:vwap_loss_v+rvol_thrust_dn+cvd_dn_v|nk0.8|vm0.8|full_0930_1400,15,0.26,13,2,0,86.7,86.7,6.5,3.3,0.6,74.0
SHORT:vwap_loss_v+rvol_thrust_dn+cvd_dn_v|nk0.8|vm1.2|full_0930_1400,15,0.26,13,2,0,86.7,86.7,6.5,3.3,0.6,74.0
SHORT:vwap_loss+below_vwap+adi_dn+rvol_thrust_dn|nk0.8|vm0.8|full_0930_1400,15,0.26,13,2,0,86.7,86.7,6.5,3.3,0.6,87.3
SHORT:vwap_loss+below_vwap+adi_dn+rvol_thrust_dn|nk0.8|vm1.2|full_0930_1400,15,0.26,13,2,0,86.7,86.7,6.5,3.3,0.6,87.3
SHORT:vwap_loss+below_vwap+delta_dump+weak_close|nk0.8|vm0.8|full_0930_1400,15,0.26,13,2,0,86.7,86.7,6.5,3.3,0.6,87.3
SHORT:vwap_loss+below_vwap+delta_dump+weak_close|nk0.8|vm1.2|full_0930_1400,15,0.26,13,2,0,86.7,86.7,6.5,3.3,0.6,87.3
SHORT:vwap_loss+below_vwap+delta_dump+rvol_thrust_dn|nk0.8|vm0.8|full_0930_1400,15,0.26,13,2,0,86.7,86.7,6.5,3.3,0.6,87.3
SHORT:vwap_loss+below_vwap+delta_dump+rvol_thrust_dn|nk0.8|vm1.2|full_0930_1400,15,0.26,13,2,0,86.7,86.7,6.5,3.3,0.6,87.3
SHORT:vwap_loss+below_vwap+rvol_thrust_dn+cvd_dn|nk0.8|vm0.8|full_0930_1400,15,0.26,13,2,0,86.7,86.7,6.5,3.3,0.6,74.0
SHORT:vwap_loss+below_vwap+rvol_thrust_dn+cvd_dn|nk0.8|vm1.2|full_0930_1400,15,0.26,13,2,0,86.7,86.7,6.5,3.3,0.6,74.0
SHORT:vwap_loss+below_vwap+rvol_thrust_dn+cvd_dn_v|nk0.8|vm0.8|full_0930_1400,15,0.26,13,2,0,86.7,86.7,6.5,3.3,0.6,74.0
SHORT:vwap_loss+below_vwap+rvol_thrust_dn+cvd_dn_v|nk0.8|vm1.2|full_0930_1400,15,0.26,13,2,0,86.7,86.7,6.5,3.3,0.6,74.0
SHORT:vwap_loss+adi_dn+delta_dump+weak_close|nk0.8|vm0.8|full_0930_1400,15,0.26,13,2,0,86.7,86.7,6.5,3.3,0.6,87.3
SHORT:vwap_loss+adi_dn+delta_dump+weak_close|nk0.8|vm1.2|full_0930_1400,15,0.26,13,2,0,86.7,86.7,6.5,3.3,0.6,87.3
SHORT:vwap_loss+adi_dn+delta_dump+rvol_thrust_dn|nk0.8|vm0.8|full_0930_1400,15,0.26,13,2,0,86.7,86.7,6.5,3.3,0.6,87.3
SHORT:vwap_loss+adi_dn+delta_dump+rvol_thrust_dn|nk0.8|vm1.2|full_0930_1400,15,0.26,13,2,0,86.7,86.7,6.5,3.3,0.6,87.3
SHORT:vwap_loss+adi_dn+weak_close+rvol_thrust_dn|nk0.8|vm0.8|full_0930_1400,15,0.26,13,2,0,86.7,86.7,6.5,3.3,0.6,87.3
SHORT:vwap_loss+adi_dn+weak_close+rvol_thrust_dn|nk0.8|vm1.2|full_0930_1400,15,0.26,13,2,0,86.7,86.7,6.5,3.3,0.6,87.3
SHORT:vwap_loss+adi_dn+weak_close+below_vwap_v|nk0.8|vm0.8|full_0930_1400,15,0.26,13,2,0,86.7,86.7,6.5,3.3,0.6,87.3
SHORT:vwap_loss+adi_dn+weak_close+below_vwap_v|nk0.8|vm1.2|full_0930_1400,15,0.26,13,2,0,86.7,86.7,6.5,3.3,0.6,87.3
SHORT:vwap_loss+adi_dn+vwap_loss_v+rvol_thrust_dn|nk0.8|vm0.8|full_0930_1400,15,0.26,13,2,0,86.7,86.7,6.5,3.3,0.6,87.3
SHORT:vwap_loss+adi_dn+vwap_loss_v+rvol_thrust_dn|nk0.8|vm1.2|full_0930_1400,15,0.26,13,2,0,86.7,86.7,6.5,3.3,0.6,87.3
SHORT:vwap_loss+adi_dn+rvol_thrust_dn+below_vwap_v|nk0.8|vm0.8|full_0930_1400,15,0.26,13,2,0,86.7,86.7,6.5,3.3,0.6,87.3
SHORT:vwap_loss+adi_dn+rvol_thrust_dn+below_vwap_v|nk0.8|vm1.2|full_0930_1400,15,0.26,13,2,0,86.7,86.7,6.5,3.3,0.6,87.3
SHORT:vwap_loss+delta_dump+weak_close+vwap_loss_v|nk0.8|vm0.8|full_0930_1400,15,0.26,13,2,0,86.7,86.7,6.5,3.3,0.6,87.3
SHORT:vwap_loss+delta_dump+weak_close+vwap_loss_v|nk0.8|vm1.2|full_0930_1400,15,0.26,13,2,0,86.7,86.7,6.5,3.3,0.6,87.3
SHORT:vwap_loss+delta_dump+weak_close+rvol_thrust_dn|nk0.8|vm0.8|full_0930_1400,15,0.26,13,2,0,86.7,86.7,6.5,3.3,0.6,87.3
SHORT:vwap_loss+delta_dump+weak_close+rvol_thrust_dn|nk0.8|vm1.2|full_0930_1400,15,0.26,13,2,0,86.7,86.7,6.5,3.3,0.6,87.3
SHORT:vwap_loss+delta_dump+weak_close+below_vwap_v|nk0.8|vm0.8|full_0930_1400,15,0.26,13,2,0,86.7,86.7,6.5,3.3,0.6,87.3
SHORT:vwap_loss+delta_dump+weak_close+below_vwap_v|nk0.8|vm1.2|full_0930_1400,15,0.26,13,2,0,86.7,86.7,6.5,3.3,0.6,87.3
SHORT:vwap_loss+delta_dump+vwap_loss_v+rvol_thrust_dn|nk0.8|vm0.8|full_0930_1400,15,0.26,13,2,0,86.7,86.7,6.5,3.3,0.6,87.3
SHORT:vwap_loss+delta_dump+vwap_loss_v+rvol_thrust_dn|nk0.8|vm1.2|full_0930_1400,15,0.26,13,2,0,86.7,86.7,6.5,3.3,0.6,87.3
SHORT:vwap_loss+delta_dump+rvol_thrust_dn+below_vwap_v|nk0.8|vm0.8|full_0930_1400,15,0.26,13,2,0,86.7,86.7,6.5,3.3,0.6,87.3
SHORT:vwap_loss+delta_dump+rvol_thrust_dn+below_vwap_v|nk0.8|vm1.2|full_0930_1400,15,0.26,13,2,0,86.7,86.7,6.5,3.3,0.6,87.3
SHORT:vwap_loss+weak_close+rvol_thrust_dn+cvd_dn|nk0.8|vm0.8|full_0930_1400,15,0.26,13,2,0,86.7,86.7,6.5,3.3,0.6,74.0
SHORT:vwap_loss+weak_close+rvol_thrust_dn+cvd_dn|nk0.8|vm1.2|full_0930_1400,15,0.26,13,2,0,86.7,86.7,6.5,3.3,0.6,74.0
SHORT:vwap_loss+weak_close+rvol_thrust_dn+cvd_dn_v|nk0.8|vm0.8|full_0930_1400,15,0.26,13,2,0,86.7,86.7,6.5,3.3,0.6,74.0
SHORT:vwap_loss+weak_close+rvol_thrust_dn+cvd_dn_v|nk0.8|vm1.2|full_0930_1400,15,0.26,13,2,0,86.7,86.7,6.5,3.3,0.6,74.0
SHORT:vwap_loss+weak_close+below_vwap_v+cvd_dn|nk0.8|vm0.8|full_0930_1400,15,0.26,13,2,0,86.7,86.7,6.5,3.3,0.6,74.0
SHORT:vwap_loss+weak_close+below_vwap_v+cvd_dn|nk0.8|vm1.2|full_0930_1400,15,0.26,13,2,0,86.7,86.7,6.5,3.3,0.6,74.0
SHORT:vwap_loss+weak_close+below_vwap_v+cvd_dn_v|nk0.8|vm0.8|full_0930_1400,15,0.26,13,2,0,86.7,86.7,6.5,3.3,0.6,74.0
SHORT:vwap_loss+weak_close+below_vwap_v+cvd_dn_v|nk0.8|vm1.2|full_0930_1400,15,0.26,13,2,0,86.7,86.7,6.5,3.3,0.6,74.0
SHORT:vwap_loss+vwap_loss_v+rvol_thrust_dn+cvd_dn|nk0.8|vm0.8|full_0930_1400,15,0.26,13,2,0,86.7,86.7,6.5,3.3,0.6,74.0
SHORT:vwap_loss+vwap_loss_v+rvol_thrust_dn+cvd_dn|nk0.8|vm1.2|full_0930_1400,15,0.26,13,2,0,86.7,86.7,6.5,3.3,0.6,74.0
SHORT:vwap_loss+vwap_loss_v+rvol_thrust_dn+cvd_dn_v|nk0.8|vm0.8|full_0930_1400,15,0.26,13,2,0,86.7,86.7,6.5,3.3,0.6,74.0
SHORT:vwap_loss+vwap_loss_v+rvol_thrust_dn+cvd_dn_v|nk0.8|vm1.2|full_0930_1400,15,0.26,13,2,0,86.7,86.7,6.5,3.3,0.6,74.0
SHORT:vwap_loss+rvol_thrust_dn+below_vwap_v+cvd_dn|nk0.8|vm0.8|full_0930_1400,15,0.26,13,2,0,86.7,86.7,6.5,3.3,0.6,74.0
SHORT:vwap_loss+rvol_thrust_dn+below_vwap_v+cvd_dn|nk0.8|vm1.2|full_0930_1400,15,0.26,13,2,0,86.7,86.7,6.5,3.3,0.6,74.0
SHORT:vwap_loss+rvol_thrust_dn+below_vwap_v+cvd_dn_v|nk0.8|vm0.8|full_0930_1400,15,0.26,13,2,0,86.7,86.7,6.5,3.3,0.6,74.0
SHORT:vwap_loss+rvol_thrust_dn+below_vwap_v+cvd_dn_v|nk0.8|vm1.2|full_0930_1400,15,0.26,13,2,0,86.7,86.7,6.5,3.3,0.6,74.0
SHORT:vwap_loss+rvol_thrust_dn+cvd_dn+cvd_dn_v|nk0.8|vm0.8|full_0930_1400,15,0.26,13,2,0,86.7,86.7,6.5,3.3,0.6,74.0
SHORT:vwap_loss+rvol_thrust_dn+cvd_dn+cvd_dn_v|nk0.8|vm1.2|full_0930_1400,15,0.26,13,2,0,86.7,86.7,6.5,3.3,0.6,74.0
SHORT:below_vwap+adi_dn+vwap_loss_v+rvol_thrust_dn|nk0.8|vm0.8|full_0930_1400,15,0.26,13,2,0,86.7,86.7,6.5,3.3,0.6,87.3
SHORT:below_vwap+adi_dn+vwap_loss_v+rvol_thrust_dn|nk0.8|vm1.2|full_0930_1400,15,0.26,13,2,0,86.7,86.7,6.5,3.3,0.6,87.3
SHORT:below_vwap+delta_dump+weak_close+vwap_loss_v|nk0.8|vm0.8|full_0930_1400,15,0.26,13,2,0,86.7,86.7,6.5,3.3,0.6,87.3
SHORT:below_vwap+delta_dump+weak_close+vwap_loss_v|nk0.8|vm1.2|full_0930_1400,15,0.26,13,2,0,86.7,86.7,6.5,3.3,0.6,87.3
SHORT:below_vwap+delta_dump+vwap_loss_v+rvol_thrust_dn|nk0.8|vm0.8|full_0930_1400,15,0.26,13,2,0,86.7,86.7,6.5,3.3,0.6,87.3
SHORT:below_vwap+delta_dump+vwap_loss_v+rvol_thrust_dn|nk0.8|vm1.2|full_0930_1400,15,0.26,13,2,0,86.7,86.7,6.5,3.3,0.6,87.3
SHORT:below_vwap+vwap_loss_v+rvol_thrust_dn+cvd_dn|nk0.8|vm0.8|full_0930_1400,15,0.26,13,2,0,86.7,86.7,6.5,3.3,0.6,74.0
SHORT:below_vwap+vwap_loss_v+rvol_thrust_dn+cvd_dn|nk0.8|vm1.2|full_0930_1400,15,0.26,13,2,0,86.7,86.7,6.5,3.3,0.6,74.0
SHORT:below_vwap+vwap_loss_v+rvol_thrust_dn+cvd_dn_v|nk0.8|vm0.8|full_0930_1400,15,0.26,13,2,0,86.7,86.7,6.5,3.3,0.6,74.0
SHORT:below_vwap+vwap_loss_v+rvol_thrust_dn+cvd_dn_v|nk0.8|vm1.2|full_0930_1400,15,0.26,13,2,0,86.7,86.7,6.5,3.3,0.6,74.0
SHORT:adi_dn+delta_dump+weak_close+vwap_loss_v|nk0.8|vm0.8|full_0930_1400,15,0.26,13,2,0,86.7,86.7,6.5,3.3,0.6,87.3
SHORT:adi_dn+delta_dump+weak_close+vwap_loss_v|nk0.8|vm1.2|full_0930_1400,15,0.26,13,2,0,86.7,86.7,6.5,3.3,0.6,87.3
SHORT:adi_dn+delta_dump+vwap_loss_v+rvol_thrust_dn|nk0.8|vm0.8|full_0930_1400,15,0.26,13,2,0,86.7,86.7,6.5,3.3,0.6,87.3
SHORT:adi_dn+delta_dump+vwap_loss_v+rvol_thrust_dn|nk0.8|vm1.2|full_0930_1400,15,0.26,13,2,0,86.7,86.7,6.5,3.3,0.6,87.3
SHORT:adi_dn+weak_close+vwap_loss_v+rvol_thrust_dn|nk0.8|vm0.8|full_0930_1400,15,0.26,13,2,0,86.7,86.7,6.5,3.3,0.6,87.3
SHORT:adi_dn+weak_close+vwap_loss_v+rvol_thrust_dn|nk0.8|vm1.2|full_0930_1400,15,0.26,13,2,0,86.7,86.7,6.5,3.3,0.6,87.3
SHORT:adi_dn+weak_close+vwap_loss_v+below_vwap_v|nk0.8|vm0.8|full_0930_1400,15,0.26,13,2,0,86.7,86.7,6.5,3.3,0.6,87.3
SHORT:adi_dn+weak_close+vwap_loss_v+below_vwap_v|nk0.8|vm1.2|full_0930_1400,15,0.26,13,2,0,86.7,86.7,6.5,3.3,0.6,87.3
SHORT:adi_dn+vwap_loss_v+rvol_thrust_dn+below_vwap_v|nk0.8|vm0.8|full_0930_1400,15,0.26,13,2,0,86.7,86.7,6.5,3.3,0.6,87.3
SHORT:adi_dn+vwap_loss_v+rvol_thrust_dn+below_vwap_v|nk0.8|vm1.2|full_0930_1400,15,0.26,13,2,0,86.7,86.7,6.5,3.3,0.6,87.3
SHORT:delta_dump+weak_close+vwap_loss_v+rvol_thrust_dn|nk0.8|vm0.8|full_0930_1400,15,0.26,13,2,0,86.7,86.7,6.5,3.3,0.6,87.3
SHORT:delta_dump+weak_close+vwap_loss_v+rvol_thrust_dn|nk0.8|vm1.2|full_0930_1400,15,0.26,13,2,0,86.7,86.7,6.5,3.3,0.6,87.3
SHORT:delta_dump+weak_close+vwap_loss_v+below_vwap_v|nk0.8|vm0.8|full_0930_1400,15,0.26,13,2,0,86.7,86.7,6.5,3.3,0.6,87.3
SHORT:delta_dump+weak_close+vwap_loss_v+below_vwap_v|nk0.8|vm1.2|full_0930_1400,15,0.26,13,2,0,86.7,86.7,6.5,3.3,0.6,87.3
SHORT:delta_dump+vwap_loss_v+rvol_thrust_dn+below_vwap_v|nk0.8|vm0.8|full_0930_1400,15,0.26,13,2,0,86.7,86.7,6.5,3.3,0.6,87.3
SHORT:delta_dump+vwap_loss_v+rvol_thrust_dn+below_vwap_v|nk0.8|vm1.2|full_0930_1400,15,0.26,13,2,0,86.7,86.7,6.5,3.3,0.6,87.3
SHORT:weak_close+vwap_loss_v+rvol_thrust_dn+cvd_dn|nk0.8|vm0.8|full_0930_1400,15,0.26,13,2,0,86.7,86.7,6.5,3.3,0.6,74.0
SHORT:weak_close+vwap_loss_v+rvol_thrust_dn+cvd_dn|nk0.8|vm1.2|full_0930_1400,15,0.26,13,2,0,86.7,86.7,6.5,3.3,0.6,74.0
SHORT:weak_close+vwap_loss_v+rvol_thrust_dn+cvd_dn_v|nk0.8|vm0.8|full_0930_1400,15,0.26,13,2,0,86.7,86.7,6.5,3.3,0.6,74.0
SHORT:weak_close+vwap_loss_v+rvol_thrust_dn+cvd_dn_v|nk0.8|vm1.2|full_0930_1400,15,0.26,13,2,0,86.7,86.7,6.5,3.3,0.6,74.0
SHORT:weak_close+vwap_loss_v+below_vwap_v+cvd_dn|nk0.8|vm0.8|full_0930_1400,15,0.26,13,2,0,86.7,86.7,6.5,3.3,0.6,74.0
SHORT:weak_close+vwap_loss_v+below_vwap_v+cvd_dn|nk0.8|vm1.2|full_0930_1400,15,0.26,13,2,0,86.7,86.7,6.5,3.3,0.6,74.0
SHORT:weak_close+vwap_loss_v+below_vwap_v+cvd_dn_v|nk0.8|vm0.8|full_0930_1400,15,0.26,13,2,0,86.7,86.7,6.5,3.3,0.6,74.0
SHORT:weak_close+vwap_loss_v+below_vwap_v+cvd_dn_v|nk0.8|vm1.2|full_0930_1400,15,0.26,13,2,0,86.7,86.7,6.5,3.3,0.6,74.0
SHORT:vwap_loss_v+rvol_thrust_dn+below_vwap_v+cvd_dn|nk0.8|vm0.8|full_0930_1400,15,0.26,13,2,0,86.7,86.7,6.5,3.3,0.6,74.0
SHORT:vwap_loss_v+rvol_thrust_dn+below_vwap_v+cvd_dn|nk0.8|vm1.2|full_0930_1400,15,0.26,13,2,0,86.7,86.7,6.5,3.3,0.6,74.0
SHORT:vwap_loss_v+rvol_thrust_dn+below_vwap_v+cvd_dn_v|nk0.8|vm0.8|full_0930_1400,15,0.26,13,2,0,86.7,86.7,6.5,3.3,0.6,74.0
SHORT:vwap_loss_v+rvol_thrust_dn+below_vwap_v+cvd_dn_v|nk0.8|vm1.2|full_0930_1400,15,0.26,13,2,0,86.7,86.7,6.5,3.3,0.6,74.0
SHORT:vwap_loss_v+rvol_thrust_dn+cvd_dn+cvd_dn_v|nk0.8|vm0.8|full_0930_1400,15,0.26,13,2,0,86.7,86.7,6.5,3.3,0.6,74.0
SHORT:vwap_loss_v+rvol_thrust_dn+cvd_dn+cvd_dn_v|nk0.8|vm1.2|full_0930_1400,15,0.26,13,2,0,86.7,86.7,6.5,3.3,0.6,74.0
SHORT:hist_turn_dn+weak_close+orb_break_dn|nk0.0|vm0.8|mid_1030_1300,14,0.25,12,2,0,85.7,85.7,6.0,3.0,0.3,64.6
SHORT:hist_turn_dn+weak_close+orb_break_dn|nk0.5|vm0.8|mid_1030_1300,14,0.25,12,2,0,85.7,85.7,6.0,3.0,0.3,64.6
SHORT:vwap_loss+adi_dn+rvol_thrust_dn+cvd_dn|nk0.8|vm0.8|full_0930_1400,14,0.25,12,2,0,85.7,85.7,6.0,3.0,0.6,78.9
SHORT:vwap_loss+adi_dn+rvol_thrust_dn+cvd_dn|nk0.8|vm1.2|full_0930_1400,14,0.25,12,2,0,85.7,85.7,6.0,3.0,0.6,78.9
SHORT:vwap_loss+adi_dn+rvol_thrust_dn+cvd_dn_v|nk0.8|vm0.8|full_0930_1400,14,0.25,12,2,0,85.7,85.7,6.0,3.0,0.6,78.9
SHORT:vwap_loss+adi_dn+rvol_thrust_dn+cvd_dn_v|nk0.8|vm1.2|full_0930_1400,14,0.25,12,2,0,85.7,85.7,6.0,3.0,0.6,78.9
SHORT:vwap_loss+delta_dump+weak_close+cvd_dn|nk0.8|vm0.8|full_0930_1400,14,0.25,12,2,0,85.7,85.7,6.0,3.0,0.6,78.9
SHORT:vwap_loss+delta_dump+weak_close+cvd_dn|nk0.8|vm1.2|full_0930_1400,14,0.25,12,2,0,85.7,85.7,6.0,3.0,0.6,78.9
SHORT:vwap_loss+delta_dump+weak_close+cvd_dn_v|nk0.8|vm0.8|full_0930_1400,14,0.25,12,2,0,85.7,85.7,6.0,3.0,0.6,78.9
SHORT:vwap_loss+delta_dump+weak_close+cvd_dn_v|nk0.8|vm1.2|full_0930_1400,14,0.25,12,2,0,85.7,85.7,6.0,3.0,0.6,78.9
SHORT:vwap_loss+delta_dump+rvol_thrust_dn+cvd_dn|nk0.8|vm0.8|full_0930_1400,14,0.25,12,2,0,85.7,85.7,6.0,3.0,0.6,78.9
SHORT:vwap_loss+delta_dump+rvol_thrust_dn+cvd_dn|nk0.8|vm1.2|full_0930_1400,14,0.25,12,2,0,85.7,85.7,6.0,3.0,0.6,78.9
SHORT:vwap_loss+delta_dump+rvol_thrust_dn+cvd_dn_v|nk0.8|vm0.8|full_0930_1400,14,0.25,12,2,0,85.7,85.7,6.0,3.0,0.6,78.9
SHORT:vwap_loss+delta_dump+rvol_thrust_dn+cvd_dn_v|nk0.8|vm1.2|full_0930_1400,14,0.25,12,2,0,85.7,85.7,6.0,3.0,0.6,78.9
SHORT:adi_dn+vwap_loss_v+rvol_thrust_dn+cvd_dn|nk0.8|vm0.8|full_0930_1400,14,0.25,12,2,0,85.7,85.7,6.0,3.0,0.6,78.9
SHORT:adi_dn+vwap_loss_v+rvol_thrust_dn+cvd_dn|nk0.8|vm1.2|full_0930_1400,14,0.25,12,2,0,85.7,85.7,6.0,3.0,0.6,78.9
SHORT:adi_dn+vwap_loss_v+rvol_thrust_dn+cvd_dn_v|nk0.8|vm0.8|full_0930_1400,14,0.25,12,2,0,85.7,85.7,6.0,3.0,0.6,78.9
SHORT:adi_dn+vwap_loss_v+rvol_thrust_dn+cvd_dn_v|nk0.8|vm1.2|full_0930_1400,14,0.25,12,2,0,85.7,85.7,6.0,3.0,0.6,78.9
SHORT:delta_dump+below_pivot+hist_turn_dn+weak_close|nk0.8|vm0.8|mid_1030_1300,14,0.25,12,2,0,85.7,85.7,6.0,3.0,0.3,74.3
SHORT:delta_dump+below_pivot+hist_turn_dn+weak_close|nk0.8|vm1.2|mid_1030_1300,14,0.25,12,2,0,85.7,85.7,6.0,3.0,0.3,74.3
SHORT:delta_dump+weak_close+vwap_loss_v+cvd_dn|nk0.8|vm0.8|full_0930_1400,14,0.25,12,2,0,85.7,85.7,6.0,3.0,0.6,78.9
SHORT:delta_dump+weak_close+vwap_loss_v+cvd_dn|nk0.8|vm1.2|full_0930_1400,14,0.25,12,2,0,85.7,85.7,6.0,3.0,0.6,78.9
SHORT:delta_dump+weak_close+vwap_loss_v+cvd_dn_v|nk0.8|vm0.8|full_0930_1400,14,0.25,12,2,0,85.7,85.7,6.0,3.0,0.6,78.9
SHORT:delta_dump+weak_close+vwap_loss_v+cvd_dn_v|nk0.8|vm1.2|full_0930_1400,14,0.25,12,2,0,85.7,85.7,6.0,3.0,0.6,78.9
SHORT:delta_dump+vwap_loss_v+rvol_thrust_dn+cvd_dn|nk0.8|vm0.8|full_0930_1400,14,0.25,12,2,0,85.7,85.7,6.0,3.0,0.6,78.9
SHORT:delta_dump+vwap_loss_v+rvol_thrust_dn+cvd_dn|nk0.8|vm1.2|full_0930_1400,14,0.25,12,2,0,85.7,85.7,6.0,3.0,0.6,78.9
SHORT:delta_dump+vwap_loss_v+rvol_thrust_dn+cvd_dn_v|nk0.8|vm0.8|full_0930_1400,14,0.25,12,2,0,85.7,85.7,6.0,3.0,0.6,78.9
SHORT:delta_dump+vwap_loss_v+rvol_thrust_dn+cvd_dn_v|nk0.8|vm1.2|full_0930_1400,14,0.25,12,2,0,85.7,85.7,6.0,3.0,0.6,78.9
LONG:orb_break_up+vwap_lo_bounce|nk0.0|vm0.8|full_0930_1400,7,0.12,6,1,0,85.7,85.7,6.0,1.5,0.3,47.1
LONG:orb_break_up+vwap_lo_bounce|nk0.5|vm0.8|full_0930_1400,7,0.12,6,1,0,85.7,85.7,6.0,1.5,0.3,47.1
LONG:orb_break_up+vwap_lo_bounce|nk0.8|vm0.8|full_0930_1400,7,0.12,6,1,0,85.7,85.7,6.0,1.5,0.3,47.1
LONG:above_vwap+orb_break_up+vwap_lo_bounce|nk0.0|vm0.8|full_0930_1400,7,0.12,6,1,0,85.7,85.7,6.0,1.5,0.3,47.1
LONG:above_vwap+orb_break_up+vwap_lo_bounce|nk0.5|vm0.8|full_0930_1400,7,0.12,6,1,0,85.7,85.7,6.0,1.5,0.3,47.1
LONG:above_vwap+orb_break_up+vwap_lo_bounce|nk0.8|vm0.8|full_0930_1400,7,0.12,6,1,0,85.7,85.7,6.0,1.5,0.3,47.1
LONG:strong_close+orb_break_up+vwap_lo_bounce|nk0.0|vm0.8|full_0930_1400,7,0.12,6,1,0,85.7,85.7,6.0,1.5,0.3,47.1
LONG:strong_close+orb_break_up+vwap_lo_bounce|nk0.5|vm0.8|full_0930_1400,7,0.12,6,1,0,85.7,85.7,6.0,1.5,0.3,47.1
LONG:strong_close+orb_break_up+vwap_lo_bounce|nk0.8|vm0.8|full_0930_1400,7,0.12,6,1,0,85.7,85.7,6.0,1.5,0.3,47.1
LONG:above_vwap+strong_close+orb_break_up+vwap_lo_bounce|nk0.0|vm0.8|full_0930_1400,7,0.12,6,1,0,85.7,85.7,6.0,1.5,0.3,47.1
LONG:above_vwap+strong_close+orb_break_up+vwap_lo_bounce|nk0.5|vm0.8|full_0930_1400,7,0.12,6,1,0,85.7,85.7,6.0,1.5,0.3,47.1
LONG:above_vwap+strong_close+orb_break_up+vwap_lo_bounce|nk0.8|vm0.8|full_0930_1400,7,0.12,6,1,0,85.7,85.7,6.0,1.5,0.3,47.1
SHORT:macd_x_dn+vwap_hi_reject|nk0.0|vm0.8|full_0930_1400,7,0.12,6,1,0,85.7,85.7,6.0,1.5,0.3,66.4
SHORT:macd_x_dn+vwap_hi_reject|nk0.5|vm0.8|full_0930_1400,7,0.12,6,1,0,85.7,85.7,6.0,1.5,0.3,66.4
SHORT:macd_x_dn_pos+vwap_hi_reject|nk0.0|vm0.8|full_0930_1400,7,0.12,6,1,0,85.7,85.7,6.0,1.5,0.3,66.4
SHORT:macd_x_dn_pos+vwap_hi_reject|nk0.5|vm0.8|full_0930_1400,7,0.12,6,1,0,85.7,85.7,6.0,1.5,0.3,66.4
SHORT:vwap_loss+delta_dump+below_pivot|nk0.0|vm0.8|am_0930_1130,7,0.12,6,1,0,85.7,85.7,6.0,1.5,0.3,82.9
SHORT:vwap_loss+delta_dump+below_pivot|nk0.0|vm1.2|am_0930_1130,7,0.12,6,1,0,85.7,85.7,6.0,1.5,0.3,82.9
SHORT:vwap_loss+delta_dump+below_pivot|nk0.5|vm0.8|am_0930_1130,7,0.12,6,1,0,85.7,85.7,6.0,1.5,0.3,82.9
SHORT:vwap_loss+delta_dump+below_pivot|nk0.5|vm1.2|am_0930_1130,7,0.12,6,1,0,85.7,85.7,6.0,1.5,0.3,82.9
SHORT:vwap_loss+macd_x_dn+weak_close|nk0.0|vm0.8|full_0930_1400,7,0.12,6,1,0,85.7,85.7,6.0,1.5,0.3,40.7
SHORT:vwap_loss+macd_x_dn+weak_close|nk0.5|vm0.8|full_0930_1400,7,0.12,6,1,0,85.7,85.7,6.0,1.5,0.3,40.7
SHORT:vwap_loss+macd_x_dn+weak_close|nk0.8|vm0.8|full_0930_1400,7,0.12,6,1,0,85.7,85.7,6.0,1.5,0.3,40.7
SHORT:below_vwap+adi_dn+yhigh_reject|nk0.0|vm0.8|full_0930_1400,7,0.12,6,0,1,85.7,100.0,51.26,1.76,0.04,102.1
SHORT:below_vwap+adi_dn+yhigh_reject|nk0.5|vm0.8|full_0930_1400,7,0.12,6,0,1,85.7,100.0,51.26,1.76,0.04,102.1
SHORT:below_vwap+adi_dn+vwap_hi_reject|nk0.8|vm1.2|full_0930_1400,7,0.12,6,1,0,85.7,85.7,6.0,1.5,0.3,88.6
SHORT:adi_dn+yhigh_reject+cvd_dn|nk0.0|vm0.8|full_0930_1400,7,0.12,6,0,1,85.7,100.0,51.26,1.76,0.04,102.1
SHORT:adi_dn+yhigh_reject+cvd_dn|nk0.5|vm0.8|full_0930_1400,7,0.12,6,0,1,85.7,100.0,51.26,1.76,0.04,102.1
SHORT:adi_dn+hist_turn_dn+orb_break_dn|nk0.0|vm0.8|am_0930_1130,7,0.12,6,1,0,85.7,85.7,6.0,1.5,0.3,77.1
SHORT:adi_dn+hist_turn_dn+orb_break_dn|nk0.5|vm0.8|am_0930_1130,7,0.12,6,1,0,85.7,85.7,6.0,1.5,0.3,77.1
SHORT:adi_dn+below_vwap_v+vwap_hi_reject|nk0.5|vm0.8|full_0930_1400,7,0.12,6,1,0,85.7,85.7,6.0,1.5,0.3,112.1
SHORT:adi_dn+below_vwap_v+vwap_hi_reject|nk0.5|vm1.2|full_0930_1400,7,0.12,6,1,0,85.7,85.7,6.0,1.5,0.3,112.1
SHORT:adi_dn+vwap_hi_reject+cvd_dn|nk0.8|vm1.2|full_0930_1400,7,0.12,6,1,0,85.7,85.7,6.0,1.5,0.3,88.6
SHORT:adi_dn+vwap_hi_reject+cvd_dn_v|nk0.8|vm0.8|full_0930_1400,7,0.12,6,1,0,85.7,85.7,6.0,1.5,0.3,88.6
SHORT:adi_dn+vwap_hi_reject+cvd_dn_v|nk0.8|vm1.2|full_0930_1400,7,0.12,6,1,0,85.7,85.7,6.0,1.5,0.3,88.6
SHORT:delta_dump+below_pivot+vwap_loss_v|nk0.0|vm0.8|am_0930_1130,7,0.12,6,1,0,85.7,85.7,6.0,1.5,0.3,82.9
SHORT:delta_dump+below_pivot+vwap_loss_v|nk0.0|vm1.2|am_0930_1130,7,0.12,6,1,0,85.7,85.7,6.0,1.5,0.3,82.9
SHORT:delta_dump+below_pivot+vwap_loss_v|nk0.5|vm0.8|am_0930_1130,7,0.12,6,1,0,85.7,85.7,6.0,1.5,0.3,82.9
SHORT:delta_dump+below_pivot+vwap_loss_v|nk0.5|vm1.2|am_0930_1130,7,0.12,6,1,0,85.7,85.7,6.0,1.5,0.3,82.9
SHORT:delta_dump+hist_turn_dn+orb_break_dn|nk0.0|vm0.8|mid_1030_1300,7,0.12,6,1,0,85.7,85.7,6.0,1.5,0.3,60.0
SHORT:delta_dump+hist_turn_dn+orb_break_dn|nk0.0|vm1.2|mid_1030_1300,7,0.12,6,1,0,85.7,85.7,6.0,1.5,0.3,60.0
SHORT:delta_dump+hist_turn_dn+orb_break_dn|nk0.5|vm0.8|mid_1030_1300,7,0.12,6,1,0,85.7,85.7,6.0,1.5,0.3,60.0
SHORT:delta_dump+hist_turn_dn+orb_break_dn|nk0.5|vm1.2|mid_1030_1300,7,0.12,6,1,0,85.7,85.7,6.0,1.5,0.3,60.0
SHORT:delta_dump+hist_turn_dn+orb_break_dn|nk0.8|vm0.8|mid_1030_1300,7,0.12,6,1,0,85.7,85.7,6.0,1.5,0.3,60.0
SHORT:delta_dump+hist_turn_dn+orb_break_dn|nk0.8|vm1.2|mid_1030_1300,7,0.12,6,1,0,85.7,85.7,6.0,1.5,0.3,60.0
SHORT:delta_dump+hist_turn_dn+orb_break_dn_v|nk0.0|vm0.8|mid_1030_1300,7,0.12,6,1,0,85.7,85.7,6.0,1.5,0.3,60.0
SHORT:delta_dump+hist_turn_dn+orb_break_dn_v|nk0.0|vm1.2|mid_1030_1300,7,0.12,6,1,0,85.7,85.7,6.0,1.5,0.3,60.0
SHORT:delta_dump+hist_turn_dn+orb_break_dn_v|nk0.5|vm0.8|mid_1030_1300,7,0.12,6,1,0,85.7,85.7,6.0,1.5,0.3,60.0
SHORT:delta_dump+hist_turn_dn+orb_break_dn_v|nk0.5|vm1.2|mid_1030_1300,7,0.12,6,1,0,85.7,85.7,6.0,1.5,0.3,60.0
SHORT:delta_dump+hist_turn_dn+orb_break_dn_v|nk0.8|vm0.8|mid_1030_1300,7,0.12,6,1,0,85.7,85.7,6.0,1.5,0.3,60.0
SHORT:delta_dump+hist_turn_dn+orb_break_dn_v|nk0.8|vm1.2|mid_1030_1300,7,0.12,6,1,0,85.7,85.7,6.0,1.5,0.3,60.0
SHORT:below_pivot+hist_turn_dn+orb_break_dn|nk0.0|vm1.2|mid_1030_1300,7,0.12,6,1,0,85.7,85.7,6.0,1.5,0.3,75.7
SHORT:below_pivot+hist_turn_dn+orb_break_dn|nk0.5|vm1.2|mid_1030_1300,7,0.12,6,1,0,85.7,85.7,6.0,1.5,0.3,75.7
SHORT:below_pivot+hist_turn_dn+orb_break_dn|nk0.8|vm1.2|mid_1030_1300,7,0.12,6,1,0,85.7,85.7,6.0,1.5,0.3,75.7
SHORT:below_pivot+hist_turn_dn+orb_break_dn_v|nk0.0|vm0.8|mid_1030_1300,7,0.12,6,1,0,85.7,85.7,6.0,1.5,0.3,75.7
SHORT:below_pivot+hist_turn_dn+orb_break_dn_v|nk0.0|vm1.2|mid_1030_1300,7,0.12,6,1,0,85.7,85.7,6.0,1.5,0.3,75.7
SHORT:below_pivot+hist_turn_dn+orb_break_dn_v|nk0.5|vm0.8|mid_1030_1300,7,0.12,6,1,0,85.7,85.7,6.0,1.5,0.3,75.7
SHORT:below_pivot+hist_turn_dn+orb_break_dn_v|nk0.5|vm1.2|mid_1030_1300,7,0.12,6,1,0,85.7,85.7,6.0,1.5,0.3,75.7
SHORT:below_pivot+hist_turn_dn+orb_break_dn_v|nk0.8|vm0.8|mid_1030_1300,7,0.12,6,1,0,85.7,85.7,6.0,1.5,0.3,75.7
SHORT:below_pivot+hist_turn_dn+orb_break_dn_v|nk0.8|vm1.2|mid_1030_1300,7,0.12,6,1,0,85.7,85.7,6.0,1.5,0.3,75.7
SHORT:macd_x_dn+macd_x_dn_pos+vwap_hi_reject|nk0.0|vm0.8|full_0930_1400,7,0.12,6,1,0,85.7,85.7,6.0,1.5,0.3,66.4
SHORT:macd_x_dn+macd_x_dn_pos+vwap_hi_reject|nk0.5|vm0.8|full_0930_1400,7,0.12,6,1,0,85.7,85.7,6.0,1.5,0.3,66.4
SHORT:below_vwap_v+vwap_hi_reject+cvd_dn|nk0.5|vm0.8|full_0930_1400,7,0.12,6,1,0,85.7,85.7,6.0,1.5,0.3,112.1
SHORT:below_vwap_v+vwap_hi_reject+cvd_dn|nk0.5|vm1.2|full_0930_1400,7,0.12,6,1,0,85.7,85.7,6.0,1.5,0.3,112.1
SHORT:below_vwap_v+vwap_hi_reject+cvd_dn_v|nk0.5|vm0.8|full_0930_1400,7,0.12,6,1,0,85.7,85.7,6.0,1.5,0.3,112.1
SHORT:below_vwap_v+vwap_hi_reject+cvd_dn_v|nk0.5|vm1.2|full_0930_1400,7,0.12,6,1,0,85.7,85.7,6.0,1.5,0.3,112.1
SHORT:vwap_loss+below_vwap+delta_dump+below_pivot|nk0.0|vm0.8|am_0930_1130,7,0.12,6,1,0,85.7,85.7,6.0,1.5,0.3,82.9
SHORT:vwap_loss+below_vwap+delta_dump+below_pivot|nk0.0|vm1.2|am_0930_1130,7,0.12,6,1,0,85.7,85.7,6.0,1.5,0.3,82.9
SHORT:vwap_loss+below_vwap+delta_dump+below_pivot|nk0.5|vm0.8|am_0930_1130,7,0.12,6,1,0,85.7,85.7,6.0,1.5,0.3,82.9
SHORT:vwap_loss+below_vwap+delta_dump+below_pivot|nk0.5|vm1.2|am_0930_1130,7,0.12,6,1,0,85.7,85.7,6.0,1.5,0.3,82.9
SHORT:vwap_loss+below_vwap+macd_x_dn+weak_close|nk0.0|vm0.8|full_0930_1400,7,0.12,6,1,0,85.7,85.7,6.0,1.5,0.3,40.7
SHORT:vwap_loss+below_vwap+macd_x_dn+weak_close|nk0.5|vm0.8|full_0930_1400,7,0.12,6,1,0,85.7,85.7,6.0,1.5,0.3,40.7
SHORT:vwap_loss+below_vwap+macd_x_dn+weak_close|nk0.8|vm0.8|full_0930_1400,7,0.12,6,1,0,85.7,85.7,6.0,1.5,0.3,40.7
SHORT:vwap_loss+adi_dn+delta_dump+below_pivot|nk0.0|vm0.8|am_0930_1130,7,0.12,6,1,0,85.7,85.7,6.0,1.5,0.3,82.9
SHORT:vwap_loss+adi_dn+delta_dump+below_pivot|nk0.0|vm1.2|am_0930_1130,7,0.12,6,1,0,85.7,85.7,6.0,1.5,0.3,82.9
SHORT:vwap_loss+adi_dn+delta_dump+below_pivot|nk0.5|vm0.8|am_0930_1130,7,0.12,6,1,0,85.7,85.7,6.0,1.5,0.3,82.9
SHORT:vwap_loss+adi_dn+delta_dump+below_pivot|nk0.5|vm1.2|am_0930_1130,7,0.12,6,1,0,85.7,85.7,6.0,1.5,0.3,82.9
SHORT:vwap_loss+adi_dn+below_pivot+rvol_thrust_dn|nk0.0|vm0.8|full_0930_1400,7,0.12,6,1,0,85.7,85.7,6.0,1.5,0.3,82.9
SHORT:vwap_loss+adi_dn+below_pivot+rvol_thrust_dn|nk0.0|vm0.8|am_0930_1130,7,0.12,6,1,0,85.7,85.7,6.0,1.5,0.3,82.9
SHORT:vwap_loss+adi_dn+below_pivot+rvol_thrust_dn|nk0.0|vm1.2|full_0930_1400,7,0.12,6,1,0,85.7,85.7,6.0,1.5,0.3,82.9
SHORT:vwap_loss+adi_dn+below_pivot+rvol_thrust_dn|nk0.0|vm1.2|am_0930_1130,7,0.12,6,1,0,85.7,85.7,6.0,1.5,0.3,82.9
SHORT:vwap_loss+adi_dn+below_pivot+rvol_thrust_dn|nk0.5|vm0.8|full_0930_1400,7,0.12,6,1,0,85.7,85.7,6.0,1.5,0.3,82.9
SHORT:vwap_loss+adi_dn+below_pivot+rvol_thrust_dn|nk0.5|vm0.8|am_0930_1130,7,0.12,6,1,0,85.7,85.7,6.0,1.5,0.3,82.9
SHORT:vwap_loss+adi_dn+below_pivot+rvol_thrust_dn|nk0.5|vm1.2|full_0930_1400,7,0.12,6,1,0,85.7,85.7,6.0,1.5,0.3,82.9
SHORT:vwap_loss+adi_dn+below_pivot+rvol_thrust_dn|nk0.5|vm1.2|am_0930_1130,7,0.12,6,1,0,85.7,85.7,6.0,1.5,0.3,82.9
SHORT:vwap_loss+adi_dn+below_pivot+below_vwap_v|nk0.0|vm0.8|am_0930_1130,7,0.12,6,1,0,85.7,85.7,6.0,1.5,0.3,82.9
SHORT:vwap_loss+adi_dn+below_pivot+below_vwap_v|nk0.0|vm1.2|am_0930_1130,7,0.12,6,1,0,85.7,85.7,6.0,1.5,0.3,82.9
SHORT:vwap_loss+adi_dn+below_pivot+below_vwap_v|nk0.5|vm0.8|am_0930_1130,7,0.12,6,1,0,85.7,85.7,6.0,1.5,0.3,82.9
SHORT:vwap_loss+adi_dn+below_pivot+below_vwap_v|nk0.5|vm1.2|am_0930_1130,7,0.12,6,1,0,85.7,85.7,6.0,1.5,0.3,82.9
SHORT:vwap_loss+delta_dump+below_pivot+weak_close|nk0.0|vm0.8|full_0930_1400,7,0.12,6,1,0,85.7,85.7,6.0,1.5,0.3,82.9
SHORT:vwap_loss+delta_dump+below_pivot+weak_close|nk0.0|vm0.8|am_0930_1130,7,0.12,6,1,0,85.7,85.7,6.0,1.5,0.3,82.9
SHORT:vwap_loss+delta_dump+below_pivot+weak_close|nk0.0|vm1.2|full_0930_1400,7,0.12,6,1,0,85.7,85.7,6.0,1.5,0.3,82.9
SHORT:vwap_loss+delta_dump+below_pivot+weak_close|nk0.0|vm1.2|am_0930_1130,7,0.12,6,1,0,85.7,85.7,6.0,1.5,0.3,82.9
SHORT:vwap_loss+delta_dump+below_pivot+weak_close|nk0.5|vm0.8|full_0930_1400,7,0.12,6,1,0,85.7,85.7,6.0,1.5,0.3,82.9
SHORT:vwap_loss+delta_dump+below_pivot+weak_close|nk0.5|vm0.8|am_0930_1130,7,0.12,6,1,0,85.7,85.7,6.0,1.5,0.3,82.9
SHORT:vwap_loss+delta_dump+below_pivot+weak_close|nk0.5|vm1.2|full_0930_1400,7,0.12,6,1,0,85.7,85.7,6.0,1.5,0.3,82.9
SHORT:vwap_loss+delta_dump+below_pivot+weak_close|nk0.5|vm1.2|am_0930_1130,7,0.12,6,1,0,85.7,85.7,6.0,1.5,0.3,82.9
SHORT:vwap_loss+delta_dump+below_pivot+vwap_loss_v|nk0.0|vm0.8|am_0930_1130,7,0.12,6,1,0,85.7,85.7,6.0,1.5,0.3,82.9
SHORT:vwap_loss+delta_dump+below_pivot+vwap_loss_v|nk0.0|vm1.2|am_0930_1130,7,0.12,6,1,0,85.7,85.7,6.0,1.5,0.3,82.9
SHORT:vwap_loss+delta_dump+below_pivot+vwap_loss_v|nk0.5|vm0.8|am_0930_1130,7,0.12,6,1,0,85.7,85.7,6.0,1.5,0.3,82.9
SHORT:vwap_loss+delta_dump+below_pivot+vwap_loss_v|nk0.5|vm1.2|am_0930_1130,7,0.12,6,1,0,85.7,85.7,6.0,1.5,0.3,82.9
SHORT:vwap_loss+delta_dump+below_pivot+rvol_thrust_dn|nk0.0|vm0.8|full_0930_1400,7,0.12,6,1,0,85.7,85.7,6.0,1.5,0.3,82.9
SHORT:vwap_loss+delta_dump+below_pivot+rvol_thrust_dn|nk0.0|vm0.8|am_0930_1130,7,0.12,6,1,0,85.7,85.7,6.0,1.5,0.3,82.9
SHORT:vwap_loss+delta_dump+below_pivot+rvol_thrust_dn|nk0.0|vm1.2|full_0930_1400,7,0.12,6,1,0,85.7,85.7,6.0,1.5,0.3,82.9
SHORT:vwap_loss+delta_dump+below_pivot+rvol_thrust_dn|nk0.0|vm1.2|am_0930_1130,7,0.12,6,1,0,85.7,85.7,6.0,1.5,0.3,82.9
SHORT:vwap_loss+delta_dump+below_pivot+rvol_thrust_dn|nk0.5|vm0.8|full_0930_1400,7,0.12,6,1,0,85.7,85.7,6.0,1.5,0.3,82.9
SHORT:vwap_loss+delta_dump+below_pivot+rvol_thrust_dn|nk0.5|vm0.8|am_0930_1130,7,0.12,6,1,0,85.7,85.7,6.0,1.5,0.3,82.9
SHORT:vwap_loss+delta_dump+below_pivot+rvol_thrust_dn|nk0.5|vm1.2|full_0930_1400,7,0.12,6,1,0,85.7,85.7,6.0,1.5,0.3,82.9
SHORT:vwap_loss+delta_dump+below_pivot+rvol_thrust_dn|nk0.5|vm1.2|am_0930_1130,7,0.12,6,1,0,85.7,85.7,6.0,1.5,0.3,82.9
SHORT:vwap_loss+delta_dump+below_pivot+below_vwap_v|nk0.0|vm0.8|am_0930_1130,7,0.12,6,1,0,85.7,85.7,6.0,1.5,0.3,82.9
SHORT:vwap_loss+delta_dump+below_pivot+below_vwap_v|nk0.0|vm1.2|am_0930_1130,7,0.12,6,1,0,85.7,85.7,6.0,1.5,0.3,82.9
SHORT:vwap_loss+delta_dump+below_pivot+below_vwap_v|nk0.5|vm0.8|am_0930_1130,7,0.12,6,1,0,85.7,85.7,6.0,1.5,0.3,82.9
SHORT:vwap_loss+delta_dump+below_pivot+below_vwap_v|nk0.5|vm1.2|am_0930_1130,7,0.12,6,1,0,85.7,85.7,6.0,1.5,0.3,82.9
SHORT:vwap_loss+delta_dump+below_pivot+cvd_dn|nk0.0|vm0.8|full_0930_1400,7,0.12,6,1,0,85.7,85.7,6.0,1.5,0.3,61.4
SHORT:vwap_loss+delta_dump+below_pivot+cvd_dn|nk0.0|vm1.2|full_0930_1400,7,0.12,6,1,0,85.7,85.7,6.0,1.5,0.3,61.4
SHORT:vwap_loss+delta_dump+below_pivot+cvd_dn|nk0.5|vm0.8|full_0930_1400,7,0.12,6,1,0,85.7,85.7,6.0,1.5,0.3,61.4
SHORT:vwap_loss+delta_dump+below_pivot+cvd_dn|nk0.5|vm1.2|full_0930_1400,7,0.12,6,1,0,85.7,85.7,6.0,1.5,0.3,61.4
SHORT:vwap_loss+delta_dump+below_pivot+cvd_dn_v|nk0.0|vm0.8|full_0930_1400,7,0.12,6,1,0,85.7,85.7,6.0,1.5,0.3,61.4
SHORT:vwap_loss+delta_dump+below_pivot+cvd_dn_v|nk0.0|vm1.2|full_0930_1400,7,0.12,6,1,0,85.7,85.7,6.0,1.5,0.3,61.4
SHORT:vwap_loss+delta_dump+below_pivot+cvd_dn_v|nk0.5|vm0.8|full_0930_1400,7,0.12,6,1,0,85.7,85.7,6.0,1.5,0.3,61.4
SHORT:vwap_loss+delta_dump+below_pivot+cvd_dn_v|nk0.5|vm1.2|full_0930_1400,7,0.12,6,1,0,85.7,85.7,6.0,1.5,0.3,61.4
SHORT:vwap_loss+below_pivot+below_vwap_v+cvd_dn|nk0.8|vm0.8|full_0930_1400,7,0.12,6,1,0,85.7,85.7,6.0,1.5,0.3,68.6
SHORT:vwap_loss+below_pivot+below_vwap_v+cvd_dn|nk0.8|vm1.2|full_0930_1400,7,0.12,6,1,0,85.7,85.7,6.0,1.5,0.3,68.6
SHORT:vwap_loss+below_pivot+below_vwap_v+cvd_dn_v|nk0.8|vm0.8|full_0930_1400,7,0.12,6,1,0,85.7,85.7,6.0,1.5,0.3,68.6
SHORT:vwap_loss+below_pivot+below_vwap_v+cvd_dn_v|nk0.8|vm1.2|full_0930_1400,7,0.12,6,1,0,85.7,85.7,6.0,1.5,0.3,68.6
SHORT:below_vwap+adi_dn+yhigh_reject+weak_close|nk0.0|vm0.8|full_0930_1400,7,0.12,6,0,1,85.7,100.0,51.26,1.76,0.04,102.1
SHORT:below_vwap+adi_dn+yhigh_reject+weak_close|nk0.5|vm0.8|full_0930_1400,7,0.12,6,0,1,85.7,100.0,51.26,1.76,0.04,102.1
SHORT:below_vwap+adi_dn+yhigh_reject+cvd_dn|nk0.0|vm0.8|full_0930_1400,7,0.12,6,0,1,85.7,100.0,51.26,1.76,0.04,102.1
SHORT:below_vwap+adi_dn+yhigh_reject+cvd_dn|nk0.5|vm0.8|full_0930_1400,7,0.12,6,0,1,85.7,100.0,51.26,1.76,0.04,102.1
SHORT:below_vwap+adi_dn+below_vwap_v+vwap_hi_reject|nk0.5|vm0.8|full_0930_1400,7,0.12,6,1,0,85.7,85.7,6.0,1.5,0.3,112.1
SHORT:below_vwap+adi_dn+below_vwap_v+vwap_hi_reject|nk0.5|vm1.2|full_0930_1400,7,0.12,6,1,0,85.7,85.7,6.0,1.5,0.3,112.1
SHORT:below_vwap+adi_dn+vwap_hi_reject+cvd_dn|nk0.8|vm1.2|full_0930_1400,7,0.12,6,1,0,85.7,85.7,6.0,1.5,0.3,88.6
SHORT:below_vwap+adi_dn+vwap_hi_reject+cvd_dn_v|nk0.8|vm0.8|full_0930_1400,7,0.12,6,1,0,85.7,85.7,6.0,1.5,0.3,88.6
SHORT:below_vwap+adi_dn+vwap_hi_reject+cvd_dn_v|nk0.8|vm1.2|full_0930_1400,7,0.12,6,1,0,85.7,85.7,6.0,1.5,0.3,88.6
SHORT:below_vwap+delta_dump+below_pivot+vwap_loss_v|nk0.0|vm0.8|am_0930_1130,7,0.12,6,1,0,85.7,85.7,6.0,1.5,0.3,82.9
SHORT:below_vwap+delta_dump+below_pivot+vwap_loss_v|nk0.0|vm1.2|am_0930_1130,7,0.12,6,1,0,85.7,85.7,6.0,1.5,0.3,82.9
SHORT:below_vwap+delta_dump+below_pivot+vwap_loss_v|nk0.5|vm0.8|am_0930_1130,7,0.12,6,1,0,85.7,85.7,6.0,1.5,0.3,82.9
SHORT:below_vwap+delta_dump+below_pivot+vwap_loss_v|nk0.5|vm1.2|am_0930_1130,7,0.12,6,1,0,85.7,85.7,6.0,1.5,0.3,82.9
SHORT:below_vwap+below_vwap_v+vwap_hi_reject+cvd_dn|nk0.5|vm0.8|full_0930_1400,7,0.12,6,1,0,85.7,85.7,6.0,1.5,0.3,112.1
SHORT:below_vwap+below_vwap_v+vwap_hi_reject+cvd_dn|nk0.5|vm1.2|full_0930_1400,7,0.12,6,1,0,85.7,85.7,6.0,1.5,0.3,112.1
SHORT:below_vwap+below_vwap_v+vwap_hi_reject+cvd_dn_v|nk0.5|vm0.8|full_0930_1400,7,0.12,6,1,0,85.7,85.7,6.0,1.5,0.3,112.1
SHORT:below_vwap+below_vwap_v+vwap_hi_reject+cvd_dn_v|nk0.5|vm1.2|full_0930_1400,7,0.12,6,1,0,85.7,85.7,6.0,1.5,0.3,112.1
SHORT:adi_dn+delta_dump+below_pivot+vwap_loss_v|nk0.0|vm0.8|am_0930_1130,7,0.12,6,1,0,85.7,85.7,6.0,1.5,0.3,82.9
SHORT:adi_dn+delta_dump+below_pivot+vwap_loss_v|nk0.0|vm1.2|am_0930_1130,7,0.12,6,1,0,85.7,85.7,6.0,1.5,0.3,82.9
SHORT:adi_dn+delta_dump+below_pivot+vwap_loss_v|nk0.5|vm0.8|am_0930_1130,7,0.12,6,1,0,85.7,85.7,6.0,1.5,0.3,82.9
SHORT:adi_dn+delta_dump+below_pivot+vwap_loss_v|nk0.5|vm1.2|am_0930_1130,7,0.12,6,1,0,85.7,85.7,6.0,1.5,0.3,82.9
SHORT:adi_dn+delta_dump+hist_turn_dn+orb_break_dn|nk0.0|vm0.8|mid_1030_1300,7,0.12,6,1,0,85.7,85.7,6.0,1.5,0.3,60.0
SHORT:adi_dn+delta_dump+hist_turn_dn+orb_break_dn|nk0.0|vm1.2|mid_1030_1300,7,0.12,6,1,0,85.7,85.7,6.0,1.5,0.3,60.0
SHORT:adi_dn+delta_dump+hist_turn_dn+orb_break_dn|nk0.5|vm0.8|mid_1030_1300,7,0.12,6,1,0,85.7,85.7,6.0,1.5,0.3,60.0
SHORT:adi_dn+delta_dump+hist_turn_dn+orb_break_dn|nk0.5|vm1.2|mid_1030_1300,7,0.12,6,1,0,85.7,85.7,6.0,1.5,0.3,60.0
SHORT:adi_dn+delta_dump+hist_turn_dn+orb_break_dn|nk0.8|vm0.8|mid_1030_1300,7,0.12,6,1,0,85.7,85.7,6.0,1.5,0.3,60.0
SHORT:adi_dn+delta_dump+hist_turn_dn+orb_break_dn|nk0.8|vm1.2|mid_1030_1300,7,0.12,6,1,0,85.7,85.7,6.0,1.5,0.3,60.0
SHORT:adi_dn+delta_dump+hist_turn_dn+orb_break_dn_v|nk0.0|vm0.8|mid_1030_1300,7,0.12,6,1,0,85.7,85.7,6.0,1.5,0.3,60.0
SHORT:adi_dn+delta_dump+hist_turn_dn+orb_break_dn_v|nk0.0|vm1.2|mid_1030_1300,7,0.12,6,1,0,85.7,85.7,6.0,1.5,0.3,60.0
SHORT:adi_dn+delta_dump+hist_turn_dn+orb_break_dn_v|nk0.5|vm0.8|mid_1030_1300,7,0.12,6,1,0,85.7,85.7,6.0,1.5,0.3,60.0
SHORT:adi_dn+delta_dump+hist_turn_dn+orb_break_dn_v|nk0.5|vm1.2|mid_1030_1300,7,0.12,6,1,0,85.7,85.7,6.0,1.5,0.3,60.0
SHORT:adi_dn+delta_dump+hist_turn_dn+orb_break_dn_v|nk0.8|vm0.8|mid_1030_1300,7,0.12,6,1,0,85.7,85.7,6.0,1.5,0.3,60.0
SHORT:adi_dn+delta_dump+hist_turn_dn+orb_break_dn_v|nk0.8|vm1.2|mid_1030_1300,7,0.12,6,1,0,85.7,85.7,6.0,1.5,0.3,60.0
SHORT:adi_dn+yhigh_reject+weak_close+vwap_hi_reject|nk0.8|vm0.8|full_0930_1400,7,0.12,6,1,0,85.7,85.7,6.0,1.5,0.3,108.6
SHORT:adi_dn+yhigh_reject+weak_close+cvd_dn|nk0.0|vm0.8|full_0930_1400,7,0.12,6,0,1,85.7,100.0,51.26,1.76,0.04,102.1
SHORT:adi_dn+yhigh_reject+weak_close+cvd_dn|nk0.5|vm0.8|full_0930_1400,7,0.12,6,0,1,85.7,100.0,51.26,1.76,0.04,102.1
SHORT:adi_dn+below_pivot+hist_turn_dn+orb_break_dn|nk0.8|vm0.8|mid_1030_1300,7,0.12,6,1,0,85.7,85.7,6.0,1.5,0.0,72.9
SHORT:adi_dn+below_pivot+vwap_loss_v+rvol_thrust_dn|nk0.0|vm0.8|full_0930_1400,7,0.12,6,1,0,85.7,85.7,6.0,1.5,0.3,82.9
SHORT:adi_dn+below_pivot+vwap_loss_v+rvol_thrust_dn|nk0.0|vm0.8|am_0930_1130,7,0.12,6,1,0,85.7,85.7,6.0,1.5,0.3,82.9
SHORT:adi_dn+below_pivot+vwap_loss_v+rvol_thrust_dn|nk0.0|vm1.2|full_0930_1400,7,0.12,6,1,0,85.7,85.7,6.0,1.5,0.3,82.9
SHORT:adi_dn+below_pivot+vwap_loss_v+rvol_thrust_dn|nk0.0|vm1.2|am_0930_1130,7,0.12,6,1,0,85.7,85.7,6.0,1.5,0.3,82.9
SHORT:adi_dn+below_pivot+vwap_loss_v+rvol_thrust_dn|nk0.5|vm0.8|full_0930_1400,7,0.12,6,1,0,85.7,85.7,6.0,1.5,0.3,82.9
SHORT:adi_dn+below_pivot+vwap_loss_v+rvol_thrust_dn|nk0.5|vm0.8|am_0930_1130,7,0.12,6,1,0,85.7,85.7,6.0,1.5,0.3,82.9
SHORT:adi_dn+below_pivot+vwap_loss_v+rvol_thrust_dn|nk0.5|vm1.2|full_0930_1400,7,0.12,6,1,0,85.7,85.7,6.0,1.5,0.3,82.9
SHORT:adi_dn+below_pivot+vwap_loss_v+rvol_thrust_dn|nk0.5|vm1.2|am_0930_1130,7,0.12,6,1,0,85.7,85.7,6.0,1.5,0.3,82.9
SHORT:adi_dn+below_pivot+vwap_loss_v+below_vwap_v|nk0.0|vm0.8|am_0930_1130,7,0.12,6,1,0,85.7,85.7,6.0,1.5,0.3,82.9
SHORT:adi_dn+below_pivot+vwap_loss_v+below_vwap_v|nk0.0|vm1.2|am_0930_1130,7,0.12,6,1,0,85.7,85.7,6.0,1.5,0.3,82.9
SHORT:adi_dn+below_pivot+vwap_loss_v+below_vwap_v|nk0.5|vm0.8|am_0930_1130,7,0.12,6,1,0,85.7,85.7,6.0,1.5,0.3,82.9
SHORT:adi_dn+below_pivot+vwap_loss_v+below_vwap_v|nk0.5|vm1.2|am_0930_1130,7,0.12,6,1,0,85.7,85.7,6.0,1.5,0.3,82.9
SHORT:adi_dn+hist_turn_dn+weak_close+orb_break_dn|nk0.0|vm0.8|am_0930_1130,7,0.12,6,1,0,85.7,85.7,6.0,1.5,0.3,77.1
SHORT:adi_dn+hist_turn_dn+weak_close+orb_break_dn|nk0.5|vm0.8|am_0930_1130,7,0.12,6,1,0,85.7,85.7,6.0,1.5,0.3,77.1
SHORT:adi_dn+below_vwap_v+vwap_hi_reject+cvd_dn|nk0.5|vm0.8|full_0930_1400,7,0.12,6,1,0,85.7,85.7,6.0,1.5,0.3,112.1
SHORT:adi_dn+below_vwap_v+vwap_hi_reject+cvd_dn|nk0.5|vm1.2|full_0930_1400,7,0.12,6,1,0,85.7,85.7,6.0,1.5,0.3,112.1
SHORT:adi_dn+below_vwap_v+vwap_hi_reject+cvd_dn_v|nk0.5|vm0.8|full_0930_1400,7,0.12,6,1,0,85.7,85.7,6.0,1.5,0.3,112.1
SHORT:adi_dn+below_vwap_v+vwap_hi_reject+cvd_dn_v|nk0.5|vm1.2|full_0930_1400,7,0.12,6,1,0,85.7,85.7,6.0,1.5,0.3,112.1
SHORT:adi_dn+vwap_hi_reject+cvd_dn+cvd_dn_v|nk0.8|vm0.8|full_0930_1400,7,0.12,6,1,0,85.7,85.7,6.0,1.5,0.3,88.6
SHORT:adi_dn+vwap_hi_reject+cvd_dn+cvd_dn_v|nk0.8|vm1.2|full_0930_1400,7,0.12,6,1,0,85.7,85.7,6.0,1.5,0.3,88.6
SHORT:delta_dump+below_pivot+weak_close+vwap_loss_v|nk0.0|vm0.8|full_0930_1400,7,0.12,6,1,0,85.7,85.7,6.0,1.5,0.3,82.9
SHORT:delta_dump+below_pivot+weak_close+vwap_loss_v|nk0.0|vm0.8|am_0930_1130,7,0.12,6,1,0,85.7,85.7,6.0,1.5,0.3,82.9
SHORT:delta_dump+below_pivot+weak_close+vwap_loss_v|nk0.0|vm1.2|full_0930_1400,7,0.12,6,1,0,85.7,85.7,6.0,1.5,0.3,82.9
SHORT:delta_dump+below_pivot+weak_close+vwap_loss_v|nk0.0|vm1.2|am_0930_1130,7,0.12,6,1,0,85.7,85.7,6.0,1.5,0.3,82.9
SHORT:delta_dump+below_pivot+weak_close+vwap_loss_v|nk0.5|vm0.8|full_0930_1400,7,0.12,6,1,0,85.7,85.7,6.0,1.5,0.3,82.9
SHORT:delta_dump+below_pivot+weak_close+vwap_loss_v|nk0.5|vm0.8|am_0930_1130,7,0.12,6,1,0,85.7,85.7,6.0,1.5,0.3,82.9
SHORT:delta_dump+below_pivot+weak_close+vwap_loss_v|nk0.5|vm1.2|full_0930_1400,7,0.12,6,1,0,85.7,85.7,6.0,1.5,0.3,82.9
SHORT:delta_dump+below_pivot+weak_close+vwap_loss_v|nk0.5|vm1.2|am_0930_1130,7,0.12,6,1,0,85.7,85.7,6.0,1.5,0.3,82.9
SHORT:delta_dump+below_pivot+vwap_loss_v+rvol_thrust_dn|nk0.0|vm0.8|full_0930_1400,7,0.12,6,1,0,85.7,85.7,6.0,1.5,0.3,82.9
SHORT:delta_dump+below_pivot+vwap_loss_v+rvol_thrust_dn|nk0.0|vm0.8|am_0930_1130,7,0.12,6,1,0,85.7,85.7,6.0,1.5,0.3,82.9
SHORT:delta_dump+below_pivot+vwap_loss_v+rvol_thrust_dn|nk0.0|vm1.2|full_0930_1400,7,0.12,6,1,0,85.7,85.7,6.0,1.5,0.3,82.9
SHORT:delta_dump+below_pivot+vwap_loss_v+rvol_thrust_dn|nk0.0|vm1.2|am_0930_1130,7,0.12,6,1,0,85.7,85.7,6.0,1.5,0.3,82.9
SHORT:delta_dump+below_pivot+vwap_loss_v+rvol_thrust_dn|nk0.5|vm0.8|full_0930_1400,7,0.12,6,1,0,85.7,85.7,6.0,1.5,0.3,82.9
SHORT:delta_dump+below_pivot+vwap_loss_v+rvol_thrust_dn|nk0.5|vm0.8|am_0930_1130,7,0.12,6,1,0,85.7,85.7,6.0,1.5,0.3,82.9
SHORT:delta_dump+below_pivot+vwap_loss_v+rvol_thrust_dn|nk0.5|vm1.2|full_0930_1400,7,0.12,6,1,0,85.7,85.7,6.0,1.5,0.3,82.9
SHORT:delta_dump+below_pivot+vwap_loss_v+rvol_thrust_dn|nk0.5|vm1.2|am_0930_1130,7,0.12,6,1,0,85.7,85.7,6.0,1.5,0.3,82.9
SHORT:delta_dump+below_pivot+vwap_loss_v+below_vwap_v|nk0.0|vm0.8|am_0930_1130,7,0.12,6,1,0,85.7,85.7,6.0,1.5,0.3,82.9
SHORT:delta_dump+below_pivot+vwap_loss_v+below_vwap_v|nk0.0|vm1.2|am_0930_1130,7,0.12,6,1,0,85.7,85.7,6.0,1.5,0.3,82.9
SHORT:delta_dump+below_pivot+vwap_loss_v+below_vwap_v|nk0.5|vm0.8|am_0930_1130,7,0.12,6,1,0,85.7,85.7,6.0,1.5,0.3,82.9
SHORT:delta_dump+below_pivot+vwap_loss_v+below_vwap_v|nk0.5|vm1.2|am_0930_1130,7,0.12,6,1,0,85.7,85.7,6.0,1.5,0.3,82.9
SHORT:delta_dump+below_pivot+vwap_loss_v+cvd_dn|nk0.0|vm0.8|full_0930_1400,7,0.12,6,1,0,85.7,85.7,6.0,1.5,0.3,61.4
SHORT:delta_dump+below_pivot+vwap_loss_v+cvd_dn|nk0.0|vm1.2|full_0930_1400,7,0.12,6,1,0,85.7,85.7,6.0,1.5,0.3,61.4
SHORT:delta_dump+below_pivot+vwap_loss_v+cvd_dn|nk0.5|vm0.8|full_0930_1400,7,0.12,6,1,0,85.7,85.7,6.0,1.5,0.3,61.4
SHORT:delta_dump+below_pivot+vwap_loss_v+cvd_dn|nk0.5|vm1.2|full_0930_1400,7,0.12,6,1,0,85.7,85.7,6.0,1.5,0.3,61.4
SHORT:delta_dump+below_pivot+vwap_loss_v+cvd_dn_v|nk0.0|vm0.8|full_0930_1400,7,0.12,6,1,0,85.7,85.7,6.0,1.5,0.3,61.4
SHORT:delta_dump+below_pivot+vwap_loss_v+cvd_dn_v|nk0.0|vm1.2|full_0930_1400,7,0.12,6,1,0,85.7,85.7,6.0,1.5,0.3,61.4
SHORT:delta_dump+below_pivot+vwap_loss_v+cvd_dn_v|nk0.5|vm0.8|full_0930_1400,7,0.12,6,1,0,85.7,85.7,6.0,1.5,0.3,61.4
SHORT:delta_dump+below_pivot+vwap_loss_v+cvd_dn_v|nk0.5|vm1.2|full_0930_1400,7,0.12,6,1,0,85.7,85.7,6.0,1.5,0.3,61.4
SHORT:delta_dump+hist_turn_dn+weak_close+orb_break_dn|nk0.0|vm0.8|mid_1030_1300,7,0.12,6,1,0,85.7,85.7,6.0,1.5,0.3,60.0
SHORT:delta_dump+hist_turn_dn+weak_close+orb_break_dn|nk0.0|vm1.2|mid_1030_1300,7,0.12,6,1,0,85.7,85.7,6.0,1.5,0.3,60.0
SHORT:delta_dump+hist_turn_dn+weak_close+orb_break_dn|nk0.5|vm0.8|mid_1030_1300,7,0.12,6,1,0,85.7,85.7,6.0,1.5,0.3,60.0
SHORT:delta_dump+hist_turn_dn+weak_close+orb_break_dn|nk0.5|vm1.2|mid_1030_1300,7,0.12,6,1,0,85.7,85.7,6.0,1.5,0.3,60.0
SHORT:delta_dump+hist_turn_dn+weak_close+orb_break_dn|nk0.8|vm0.8|mid_1030_1300,7,0.12,6,1,0,85.7,85.7,6.0,1.5,0.3,60.0
SHORT:delta_dump+hist_turn_dn+weak_close+orb_break_dn|nk0.8|vm1.2|mid_1030_1300,7,0.12,6,1,0,85.7,85.7,6.0,1.5,0.3,60.0
SHORT:delta_dump+hist_turn_dn+weak_close+orb_break_dn_v|nk0.0|vm0.8|mid_1030_1300,7,0.12,6,1,0,85.7,85.7,6.0,1.5,0.3,60.0
SHORT:delta_dump+hist_turn_dn+weak_close+orb_break_dn_v|nk0.0|vm1.2|mid_1030_1300,7,0.12,6,1,0,85.7,85.7,6.0,1.5,0.3,60.0
SHORT:delta_dump+hist_turn_dn+weak_close+orb_break_dn_v|nk0.5|vm0.8|mid_1030_1300,7,0.12,6,1,0,85.7,85.7,6.0,1.5,0.3,60.0
SHORT:delta_dump+hist_turn_dn+weak_close+orb_break_dn_v|nk0.5|vm1.2|mid_1030_1300,7,0.12,6,1,0,85.7,85.7,6.0,1.5,0.3,60.0
SHORT:delta_dump+hist_turn_dn+weak_close+orb_break_dn_v|nk0.8|vm0.8|mid_1030_1300,7,0.12,6,1,0,85.7,85.7,6.0,1.5,0.3,60.0
SHORT:delta_dump+hist_turn_dn+weak_close+orb_break_dn_v|nk0.8|vm1.2|mid_1030_1300,7,0.12,6,1,0,85.7,85.7,6.0,1.5,0.3,60.0
SHORT:delta_dump+hist_turn_dn+orb_break_dn+orb_break_dn_v|nk0.0|vm0.8|mid_1030_1300,7,0.12,6,1,0,85.7,85.7,6.0,1.5,0.3,60.0
SHORT:delta_dump+hist_turn_dn+orb_break_dn+orb_break_dn_v|nk0.0|vm1.2|mid_1030_1300,7,0.12,6,1,0,85.7,85.7,6.0,1.5,0.3,60.0
SHORT:delta_dump+hist_turn_dn+orb_break_dn+orb_break_dn_v|nk0.5|vm0.8|mid_1030_1300,7,0.12,6,1,0,85.7,85.7,6.0,1.5,0.3,60.0
SHORT:delta_dump+hist_turn_dn+orb_break_dn+orb_break_dn_v|nk0.5|vm1.2|mid_1030_1300,7,0.12,6,1,0,85.7,85.7,6.0,1.5,0.3,60.0
SHORT:delta_dump+hist_turn_dn+orb_break_dn+orb_break_dn_v|nk0.8|vm0.8|mid_1030_1300,7,0.12,6,1,0,85.7,85.7,6.0,1.5,0.3,60.0
SHORT:delta_dump+hist_turn_dn+orb_break_dn+orb_break_dn_v|nk0.8|vm1.2|mid_1030_1300,7,0.12,6,1,0,85.7,85.7,6.0,1.5,0.3,60.0
SHORT:below_pivot+hist_turn_dn+orb_break_dn+orb_break_dn_v|nk0.0|vm0.8|mid_1030_1300,7,0.12,6,1,0,85.7,85.7,6.0,1.5,0.3,75.7
SHORT:below_pivot+hist_turn_dn+orb_break_dn+orb_break_dn_v|nk0.0|vm1.2|mid_1030_1300,7,0.12,6,1,0,85.7,85.7,6.0,1.5,0.3,75.7
SHORT:below_pivot+hist_turn_dn+orb_break_dn+orb_break_dn_v|nk0.5|vm0.8|mid_1030_1300,7,0.12,6,1,0,85.7,85.7,6.0,1.5,0.3,75.7
SHORT:below_pivot+hist_turn_dn+orb_break_dn+orb_break_dn_v|nk0.5|vm1.2|mid_1030_1300,7,0.12,6,1,0,85.7,85.7,6.0,1.5,0.3,75.7
SHORT:below_pivot+hist_turn_dn+orb_break_dn+orb_break_dn_v|nk0.8|vm0.8|mid_1030_1300,7,0.12,6,1,0,85.7,85.7,6.0,1.5,0.3,75.7
SHORT:below_pivot+hist_turn_dn+orb_break_dn+orb_break_dn_v|nk0.8|vm1.2|mid_1030_1300,7,0.12,6,1,0,85.7,85.7,6.0,1.5,0.3,75.7
SHORT:below_pivot+hist_turn_dn+orb_break_dn+cvd_dn|nk0.0|vm0.8|mid_1030_1300,7,0.12,6,1,0,85.7,85.7,6.0,1.5,0.3,81.4
SHORT:below_pivot+hist_turn_dn+orb_break_dn+cvd_dn|nk0.5|vm0.8|mid_1030_1300,7,0.12,6,1,0,85.7,85.7,6.0,1.5,0.3,81.4
SHORT:below_pivot+vwap_loss_v+below_vwap_v+cvd_dn|nk0.8|vm0.8|full_0930_1400,7,0.12,6,1,0,85.7,85.7,6.0,1.5,0.3,68.6
SHORT:below_pivot+vwap_loss_v+below_vwap_v+cvd_dn|nk0.8|vm1.2|full_0930_1400,7,0.12,6,1,0,85.7,85.7,6.0,1.5,0.3,68.6
SHORT:below_pivot+vwap_loss_v+below_vwap_v+cvd_dn_v|nk0.8|vm0.8|full_0930_1400,7,0.12,6,1,0,85.7,85.7,6.0,1.5,0.3,68.6
SHORT:below_pivot+vwap_loss_v+below_vwap_v+cvd_dn_v|nk0.8|vm1.2|full_0930_1400,7,0.12,6,1,0,85.7,85.7,6.0,1.5,0.3,68.6
SHORT:below_vwap_v+vwap_hi_reject+cvd_dn+cvd_dn_v|nk0.5|vm0.8|full_0930_1400,7,0.12,6,1,0,85.7,85.7,6.0,1.5,0.3,112.1
SHORT:below_vwap_v+vwap_hi_reject+cvd_dn+cvd_dn_v|nk0.5|vm1.2|full_0930_1400,7,0.12,6,1,0,85.7,85.7,6.0,1.5,0.3,112.1
SHORT:adi_dn+below_pivot+orb_break_dn+cvd_dn|nk0.8|vm0.8|mid_1030_1300,13,0.23,11,1,1,84.6,91.7,11.07,3.02,0.3,81.9
SHORT:adi_dn+below_pivot+orb_break_dn|nk0.0|vm1.2|mid_1030_1300,12,0.21,10,1,1,83.3,90.9,10.07,2.72,0.3,77.5
SHORT:adi_dn+below_pivot+orb_break_dn|nk0.5|vm1.2|mid_1030_1300,12,0.21,10,1,1,83.3,90.9,10.07,2.72,0.3,77.5
SHORT:adi_dn+below_pivot+orb_break_dn|nk0.8|vm1.2|mid_1030_1300,12,0.21,10,1,1,83.3,90.9,10.07,2.72,0.3,77.5
SHORT:adi_dn+below_pivot+orb_break_dn_v|nk0.0|vm0.8|mid_1030_1300,12,0.21,10,1,1,83.3,90.9,10.07,2.72,0.3,77.5
SHORT:adi_dn+below_pivot+orb_break_dn_v|nk0.0|vm1.2|mid_1030_1300,12,0.21,10,1,1,83.3,90.9,10.07,2.72,0.3,77.5
SHORT:adi_dn+below_pivot+orb_break_dn_v|nk0.5|vm0.8|mid_1030_1300,12,0.21,10,1,1,83.3,90.9,10.07,2.72,0.3,77.5
SHORT:adi_dn+below_pivot+orb_break_dn_v|nk0.5|vm1.2|mid_1030_1300,12,0.21,10,1,1,83.3,90.9,10.07,2.72,0.3,77.5
SHORT:adi_dn+below_pivot+orb_break_dn_v|nk0.8|vm0.8|mid_1030_1300,12,0.21,10,1,1,83.3,90.9,10.07,2.72,0.3,77.5
SHORT:adi_dn+below_pivot+orb_break_dn_v|nk0.8|vm1.2|mid_1030_1300,12,0.21,10,1,1,83.3,90.9,10.07,2.72,0.3,77.5
SHORT:below_pivot+weak_close+orb_break_dn|nk0.0|vm1.2|mid_1030_1300,12,0.21,10,1,1,83.3,90.9,10.07,2.72,0.3,77.5
SHORT:below_pivot+weak_close+orb_break_dn|nk0.5|vm1.2|mid_1030_1300,12,0.21,10,1,1,83.3,90.9,10.07,2.72,0.3,77.5
SHORT:below_pivot+weak_close+orb_break_dn|nk0.8|vm1.2|mid_1030_1300,12,0.21,10,1,1,83.3,90.9,10.07,2.72,0.3,77.5
SHORT:below_pivot+weak_close+orb_break_dn_v|nk0.0|vm0.8|mid_1030_1300,12,0.21,10,1,1,83.3,90.9,10.07,2.72,0.3,77.5
SHORT:below_pivot+weak_close+orb_break_dn_v|nk0.0|vm1.2|mid_1030_1300,12,0.21,10,1,1,83.3,90.9,10.07,2.72,0.3,77.5
SHORT:below_pivot+weak_close+orb_break_dn_v|nk0.5|vm0.8|mid_1030_1300,12,0.21,10,1,1,83.3,90.9,10.07,2.72,0.3,77.5
SHORT:below_pivot+weak_close+orb_break_dn_v|nk0.5|vm1.2|mid_1030_1300,12,0.21,10,1,1,83.3,90.9,10.07,2.72,0.3,77.5
SHORT:below_pivot+weak_close+orb_break_dn_v|nk0.8|vm0.8|mid_1030_1300,12,0.21,10,1,1,83.3,90.9,10.07,2.72,0.3,77.5
SHORT:below_pivot+weak_close+orb_break_dn_v|nk0.8|vm1.2|mid_1030_1300,12,0.21,10,1,1,83.3,90.9,10.07,2.72,0.3,77.5
SHORT:adi_dn+below_pivot+weak_close+orb_break_dn|nk0.0|vm1.2|mid_1030_1300,12,0.21,10,1,1,83.3,90.9,10.07,2.72,0.3,77.5
SHORT:adi_dn+below_pivot+weak_close+orb_break_dn|nk0.5|vm1.2|mid_1030_1300,12,0.21,10,1,1,83.3,90.9,10.07,2.72,0.3,77.5
SHORT:adi_dn+below_pivot+weak_close+orb_break_dn|nk0.8|vm1.2|mid_1030_1300,12,0.21,10,1,1,83.3,90.9,10.07,2.72,0.3,77.5
SHORT:adi_dn+below_pivot+weak_close+orb_break_dn_v|nk0.0|vm0.8|mid_1030_1300,12,0.21,10,1,1,83.3,90.9,10.07,2.72,0.3,77.5
SHORT:adi_dn+below_pivot+weak_close+orb_break_dn_v|nk0.0|vm1.2|mid_1030_1300,12,0.21,10,1,1,83.3,90.9,10.07,2.72,0.3,77.5
SHORT:adi_dn+below_pivot+weak_close+orb_break_dn_v|nk0.5|vm0.8|mid_1030_1300,12,0.21,10,1,1,83.3,90.9,10.07,2.72,0.3,77.5
SHORT:adi_dn+below_pivot+weak_close+orb_break_dn_v|nk0.5|vm1.2|mid_1030_1300,12,0.21,10,1,1,83.3,90.9,10.07,2.72,0.3,77.5
SHORT:adi_dn+below_pivot+weak_close+orb_break_dn_v|nk0.8|vm0.8|mid_1030_1300,12,0.21,10,1,1,83.3,90.9,10.07,2.72,0.3,77.5
SHORT:adi_dn+below_pivot+weak_close+orb_break_dn_v|nk0.8|vm1.2|mid_1030_1300,12,0.21,10,1,1,83.3,90.9,10.07,2.72,0.3,77.5
SHORT:adi_dn+below_pivot+orb_break_dn+orb_break_dn_v|nk0.0|vm0.8|mid_1030_1300,12,0.21,10,1,1,83.3,90.9,10.07,2.72,0.3,77.5
SHORT:adi_dn+below_pivot+orb_break_dn+orb_break_dn_v|nk0.0|vm1.2|mid_1030_1300,12,0.21,10,1,1,83.3,90.9,10.07,2.72,0.3,77.5
SHORT:adi_dn+below_pivot+orb_break_dn+orb_break_dn_v|nk0.5|vm0.8|mid_1030_1300,12,0.21,10,1,1,83.3,90.9,10.07,2.72,0.3,77.5
SHORT:adi_dn+below_pivot+orb_break_dn+orb_break_dn_v|nk0.5|vm1.2|mid_1030_1300,12,0.21,10,1,1,83.3,90.9,10.07,2.72,0.3,77.5
SHORT:adi_dn+below_pivot+orb_break_dn+orb_break_dn_v|nk0.8|vm0.8|mid_1030_1300,12,0.21,10,1,1,83.3,90.9,10.07,2.72,0.3,77.5
SHORT:adi_dn+below_pivot+orb_break_dn+orb_break_dn_v|nk0.8|vm1.2|mid_1030_1300,12,0.21,10,1,1,83.3,90.9,10.07,2.72,0.3,77.5
SHORT:below_pivot+weak_close+orb_break_dn+orb_break_dn_v|nk0.0|vm0.8|mid_1030_1300,12,0.21,10,1,1,83.3,90.9,10.07,2.72,0.3,77.5
SHORT:below_pivot+weak_close+orb_break_dn+orb_break_dn_v|nk0.0|vm1.2|mid_1030_1300,12,0.21,10,1,1,83.3,90.9,10.07,2.72,0.3,77.5
SHORT:below_pivot+weak_close+orb_break_dn+orb_break_dn_v|nk0.5|vm0.8|mid_1030_1300,12,0.21,10,1,1,83.3,90.9,10.07,2.72,0.3,77.5
SHORT:below_pivot+weak_close+orb_break_dn+orb_break_dn_v|nk0.5|vm1.2|mid_1030_1300,12,0.21,10,1,1,83.3,90.9,10.07,2.72,0.3,77.5
SHORT:below_pivot+weak_close+orb_break_dn+orb_break_dn_v|nk0.8|vm0.8|mid_1030_1300,12,0.21,10,1,1,83.3,90.9,10.07,2.72,0.3,77.5
SHORT:below_pivot+weak_close+orb_break_dn+orb_break_dn_v|nk0.8|vm1.2|mid_1030_1300,12,0.21,10,1,1,83.3,90.9,10.07,2.72,0.3,77.5
SHORT:delta_dump+below_pivot+orb_break_dn|nk0.0|vm0.8|mid_1030_1300,11,0.19,9,1,1,81.8,90.0,9.07,2.42,0.3,76.4
SHORT:delta_dump+below_pivot+orb_break_dn|nk0.0|vm1.2|mid_1030_1300,11,0.19,9,1,1,81.8,90.0,9.07,2.42,0.3,76.4
SHORT:delta_dump+below_pivot+orb_break_dn|nk0.5|vm0.8|mid_1030_1300,11,0.19,9,1,1,81.8,90.0,9.07,2.42,0.3,76.4
SHORT:delta_dump+below_pivot+orb_break_dn|nk0.5|vm1.2|mid_1030_1300,11,0.19,9,1,1,81.8,90.0,9.07,2.42,0.3,76.4
SHORT:delta_dump+below_pivot+orb_break_dn|nk0.8|vm0.8|mid_1030_1300,11,0.19,9,1,1,81.8,90.0,9.07,2.42,0.3,76.4
SHORT:delta_dump+below_pivot+orb_break_dn|nk0.8|vm1.2|mid_1030_1300,11,0.19,9,1,1,81.8,90.0,9.07,2.42,0.3,76.4
SHORT:delta_dump+below_pivot+orb_break_dn_v|nk0.0|vm0.8|mid_1030_1300,11,0.19,9,1,1,81.8,90.0,9.07,2.42,0.3,76.4
SHORT:delta_dump+below_pivot+orb_break_dn_v|nk0.0|vm1.2|mid_1030_1300,11,0.19,9,1,1,81.8,90.0,9.07,2.42,0.3,76.4
SHORT:delta_dump+below_pivot+orb_break_dn_v|nk0.5|vm0.8|mid_1030_1300,11,0.19,9,1,1,81.8,90.0,9.07,2.42,0.3,76.4
SHORT:delta_dump+below_pivot+orb_break_dn_v|nk0.5|vm1.2|mid_1030_1300,11,0.19,9,1,1,81.8,90.0,9.07,2.42,0.3,76.4
SHORT:delta_dump+below_pivot+orb_break_dn_v|nk0.8|vm0.8|mid_1030_1300,11,0.19,9,1,1,81.8,90.0,9.07,2.42,0.3,76.4
SHORT:delta_dump+below_pivot+orb_break_dn_v|nk0.8|vm1.2|mid_1030_1300,11,0.19,9,1,1,81.8,90.0,9.07,2.42,0.3,76.4
SHORT:below_vwap+adi_dn+below_pivot+orb_break_dn|nk0.0|vm1.2|mid_1030_1300,11,0.19,9,1,1,81.8,90.0,9.07,2.42,0.3,79.1
SHORT:below_vwap+adi_dn+below_pivot+orb_break_dn|nk0.5|vm1.2|mid_1030_1300,11,0.19,9,1,1,81.8,90.0,9.07,2.42,0.3,79.1
SHORT:below_vwap+adi_dn+below_pivot+orb_break_dn|nk0.8|vm1.2|mid_1030_1300,11,0.19,9,1,1,81.8,90.0,9.07,2.42,0.3,79.1
SHORT:below_vwap+adi_dn+below_pivot+orb_break_dn_v|nk0.0|vm0.8|mid_1030_1300,11,0.19,9,1,1,81.8,90.0,9.07,2.42,0.3,79.1
SHORT:below_vwap+adi_dn+below_pivot+orb_break_dn_v|nk0.0|vm1.2|mid_1030_1300,11,0.19,9,1,1,81.8,90.0,9.07,2.42,0.3,79.1
SHORT:below_vwap+adi_dn+below_pivot+orb_break_dn_v|nk0.5|vm0.8|mid_1030_1300,11,0.19,9,1,1,81.8,90.0,9.07,2.42,0.3,79.1
SHORT:below_vwap+adi_dn+below_pivot+orb_break_dn_v|nk0.5|vm1.2|mid_1030_1300,11,0.19,9,1,1,81.8,90.0,9.07,2.42,0.3,79.1
SHORT:below_vwap+adi_dn+below_pivot+orb_break_dn_v|nk0.8|vm0.8|mid_1030_1300,11,0.19,9,1,1,81.8,90.0,9.07,2.42,0.3,79.1
SHORT:below_vwap+adi_dn+below_pivot+orb_break_dn_v|nk0.8|vm1.2|mid_1030_1300,11,0.19,9,1,1,81.8,90.0,9.07,2.42,0.3,79.1
SHORT:below_vwap+below_pivot+weak_close+orb_break_dn|nk0.0|vm1.2|mid_1030_1300,11,0.19,9,1,1,81.8,90.0,9.07,2.42,0.3,79.1
SHORT:below_vwap+below_pivot+weak_close+orb_break_dn|nk0.5|vm1.2|mid_1030_1300,11,0.19,9,1,1,81.8,90.0,9.07,2.42,0.3,79.1
SHORT:below_vwap+below_pivot+weak_close+orb_break_dn|nk0.8|vm1.2|mid_1030_1300,11,0.19,9,1,1,81.8,90.0,9.07,2.42,0.3,79.1
SHORT:below_vwap+below_pivot+weak_close+orb_break_dn_v|nk0.0|vm0.8|mid_1030_1300,11,0.19,9,1,1,81.8,90.0,9.07,2.42,0.3,79.1
SHORT:below_vwap+below_pivot+weak_close+orb_break_dn_v|nk0.0|vm1.2|mid_1030_1300,11,0.19,9,1,1,81.8,90.0,9.07,2.42,0.3,79.1
SHORT:below_vwap+below_pivot+weak_close+orb_break_dn_v|nk0.5|vm0.8|mid_1030_1300,11,0.19,9,1,1,81.8,90.0,9.07,2.42,0.3,79.1
SHORT:below_vwap+below_pivot+weak_close+orb_break_dn_v|nk0.5|vm1.2|mid_1030_1300,11,0.19,9,1,1,81.8,90.0,9.07,2.42,0.3,79.1
SHORT:below_vwap+below_pivot+weak_close+orb_break_dn_v|nk0.8|vm0.8|mid_1030_1300,11,0.19,9,1,1,81.8,90.0,9.07,2.42,0.3,79.1
SHORT:below_vwap+below_pivot+weak_close+orb_break_dn_v|nk0.8|vm1.2|mid_1030_1300,11,0.19,9,1,1,81.8,90.0,9.07,2.42,0.3,79.1
SHORT:adi_dn+delta_dump+below_pivot+orb_break_dn|nk0.0|vm0.8|mid_1030_1300,11,0.19,9,1,1,81.8,90.0,9.07,2.42,0.3,76.4
SHORT:adi_dn+delta_dump+below_pivot+orb_break_dn|nk0.0|vm1.2|mid_1030_1300,11,0.19,9,1,1,81.8,90.0,9.07,2.42,0.3,76.4
SHORT:adi_dn+delta_dump+below_pivot+orb_break_dn|nk0.5|vm0.8|mid_1030_1300,11,0.19,9,1,1,81.8,90.0,9.07,2.42,0.3,76.4
SHORT:adi_dn+delta_dump+below_pivot+orb_break_dn|nk0.5|vm1.2|mid_1030_1300,11,0.19,9,1,1,81.8,90.0,9.07,2.42,0.3,76.4
SHORT:adi_dn+delta_dump+below_pivot+orb_break_dn|nk0.8|vm0.8|mid_1030_1300,11,0.19,9,1,1,81.8,90.0,9.07,2.42,0.3,76.4
SHORT:adi_dn+delta_dump+below_pivot+orb_break_dn|nk0.8|vm1.2|mid_1030_1300,11,0.19,9,1,1,81.8,90.0,9.07,2.42,0.3,76.4
SHORT:adi_dn+delta_dump+below_pivot+orb_break_dn_v|nk0.0|vm0.8|mid_1030_1300,11,0.19,9,1,1,81.8,90.0,9.07,2.42,0.3,76.4
SHORT:adi_dn+delta_dump+below_pivot+orb_break_dn_v|nk0.0|vm1.2|mid_1030_1300,11,0.19,9,1,1,81.8,90.0,9.07,2.42,0.3,76.4
SHORT:adi_dn+delta_dump+below_pivot+orb_break_dn_v|nk0.5|vm0.8|mid_1030_1300,11,0.19,9,1,1,81.8,90.0,9.07,2.42,0.3,76.4
SHORT:adi_dn+delta_dump+below_pivot+orb_break_dn_v|nk0.5|vm1.2|mid_1030_1300,11,0.19,9,1,1,81.8,90.0,9.07,2.42,0.3,76.4
SHORT:adi_dn+delta_dump+below_pivot+orb_break_dn_v|nk0.8|vm0.8|mid_1030_1300,11,0.19,9,1,1,81.8,90.0,9.07,2.42,0.3,76.4
SHORT:adi_dn+delta_dump+below_pivot+orb_break_dn_v|nk0.8|vm1.2|mid_1030_1300,11,0.19,9,1,1,81.8,90.0,9.07,2.42,0.3,76.4
SHORT:adi_dn+below_pivot+orb_break_dn+cvd_dn|nk0.0|vm1.2|mid_1030_1300,11,0.19,9,1,1,81.8,90.0,9.07,2.42,0.3,79.1
SHORT:adi_dn+below_pivot+orb_break_dn+cvd_dn|nk0.5|vm1.2|mid_1030_1300,11,0.19,9,1,1,81.8,90.0,9.07,2.42,0.3,79.1
SHORT:adi_dn+below_pivot+orb_break_dn+cvd_dn|nk0.8|vm1.2|mid_1030_1300,11,0.19,9,1,1,81.8,90.0,9.07,2.42,0.3,79.1
SHORT:adi_dn+below_pivot+orb_break_dn+cvd_dn_v|nk0.0|vm0.8|mid_1030_1300,11,0.19,9,1,1,81.8,90.0,9.07,2.42,0.3,79.1
SHORT:adi_dn+below_pivot+orb_break_dn+cvd_dn_v|nk0.0|vm1.2|mid_1030_1300,11,0.19,9,1,1,81.8,90.0,9.07,2.42,0.3,79.1
SHORT:adi_dn+below_pivot+orb_break_dn+cvd_dn_v|nk0.5|vm0.8|mid_1030_1300,11,0.19,9,1,1,81.8,90.0,9.07,2.42,0.3,79.1
SHORT:adi_dn+below_pivot+orb_break_dn+cvd_dn_v|nk0.5|vm1.2|mid_1030_1300,11,0.19,9,1,1,81.8,90.0,9.07,2.42,0.3,79.1
SHORT:adi_dn+below_pivot+orb_break_dn+cvd_dn_v|nk0.8|vm0.8|mid_1030_1300,11,0.19,9,1,1,81.8,90.0,9.07,2.42,0.3,79.1
SHORT:adi_dn+below_pivot+orb_break_dn+cvd_dn_v|nk0.8|vm1.2|mid_1030_1300,11,0.19,9,1,1,81.8,90.0,9.07,2.42,0.3,79.1
SHORT:adi_dn+below_pivot+orb_break_dn_v+cvd_dn|nk0.0|vm0.8|mid_1030_1300,11,0.19,9,1,1,81.8,90.0,9.07,2.42,0.3,79.1
SHORT:adi_dn+below_pivot+orb_break_dn_v+cvd_dn|nk0.0|vm1.2|mid_1030_1300,11,0.19,9,1,1,81.8,90.0,9.07,2.42,0.3,79.1
SHORT:adi_dn+below_pivot+orb_break_dn_v+cvd_dn|nk0.5|vm0.8|mid_1030_1300,11,0.19,9,1,1,81.8,90.0,9.07,2.42,0.3,79.1
SHORT:adi_dn+below_pivot+orb_break_dn_v+cvd_dn|nk0.5|vm1.2|mid_1030_1300,11,0.19,9,1,1,81.8,90.0,9.07,2.42,0.3,79.1
SHORT:adi_dn+below_pivot+orb_break_dn_v+cvd_dn|nk0.8|vm0.8|mid_1030_1300,11,0.19,9,1,1,81.8,90.0,9.07,2.42,0.3,79.1
SHORT:adi_dn+below_pivot+orb_break_dn_v+cvd_dn|nk0.8|vm1.2|mid_1030_1300,11,0.19,9,1,1,81.8,90.0,9.07,2.42,0.3,79.1
SHORT:adi_dn+below_pivot+orb_break_dn_v+cvd_dn_v|nk0.0|vm0.8|mid_1030_1300,11,0.19,9,1,1,81.8,90.0,9.07,2.42,0.3,79.1
SHORT:adi_dn+below_pivot+orb_break_dn_v+cvd_dn_v|nk0.0|vm1.2|mid_1030_1300,11,0.19,9,1,1,81.8,90.0,9.07,2.42,0.3,79.1
SHORT:adi_dn+below_pivot+orb_break_dn_v+cvd_dn_v|nk0.5|vm0.8|mid_1030_1300,11,0.19,9,1,1,81.8,90.0,9.07,2.42,0.3,79.1
SHORT:adi_dn+below_pivot+orb_break_dn_v+cvd_dn_v|nk0.5|vm1.2|mid_1030_1300,11,0.19,9,1,1,81.8,90.0,9.07,2.42,0.3,79.1
SHORT:adi_dn+below_pivot+orb_break_dn_v+cvd_dn_v|nk0.8|vm0.8|mid_1030_1300,11,0.19,9,1,1,81.8,90.0,9.07,2.42,0.3,79.1
SHORT:adi_dn+below_pivot+orb_break_dn_v+cvd_dn_v|nk0.8|vm1.2|mid_1030_1300,11,0.19,9,1,1,81.8,90.0,9.07,2.42,0.3,79.1
SHORT:delta_dump+below_pivot+weak_close+orb_break_dn|nk0.0|vm0.8|mid_1030_1300,11,0.19,9,1,1,81.8,90.0,9.07,2.42,0.3,76.4
SHORT:delta_dump+below_pivot+weak_close+orb_break_dn|nk0.0|vm1.2|mid_1030_1300,11,0.19,9,1,1,81.8,90.0,9.07,2.42,0.3,76.4
SHORT:delta_dump+below_pivot+weak_close+orb_break_dn|nk0.5|vm0.8|mid_1030_1300,11,0.19,9,1,1,81.8,90.0,9.07,2.42,0.3,76.4
SHORT:delta_dump+below_pivot+weak_close+orb_break_dn|nk0.5|vm1.2|mid_1030_1300,11,0.19,9,1,1,81.8,90.0,9.07,2.42,0.3,76.4
SHORT:delta_dump+below_pivot+weak_close+orb_break_dn|nk0.8|vm0.8|mid_1030_1300,11,0.19,9,1,1,81.8,90.0,9.07,2.42,0.3,76.4
SHORT:delta_dump+below_pivot+weak_close+orb_break_dn|nk0.8|vm1.2|mid_1030_1300,11,0.19,9,1,1,81.8,90.0,9.07,2.42,0.3,76.4
SHORT:delta_dump+below_pivot+weak_close+orb_break_dn_v|nk0.0|vm0.8|mid_1030_1300,11,0.19,9,1,1,81.8,90.0,9.07,2.42,0.3,76.4
SHORT:delta_dump+below_pivot+weak_close+orb_break_dn_v|nk0.0|vm1.2|mid_1030_1300,11,0.19,9,1,1,81.8,90.0,9.07,2.42,0.3,76.4
SHORT:delta_dump+below_pivot+weak_close+orb_break_dn_v|nk0.5|vm0.8|mid_1030_1300,11,0.19,9,1,1,81.8,90.0,9.07,2.42,0.3,76.4
SHORT:delta_dump+below_pivot+weak_close+orb_break_dn_v|nk0.5|vm1.2|mid_1030_1300,11,0.19,9,1,1,81.8,90.0,9.07,2.42,0.3,76.4
SHORT:delta_dump+below_pivot+weak_close+orb_break_dn_v|nk0.8|vm0.8|mid_1030_1300,11,0.19,9,1,1,81.8,90.0,9.07,2.42,0.3,76.4
SHORT:delta_dump+below_pivot+weak_close+orb_break_dn_v|nk0.8|vm1.2|mid_1030_1300,11,0.19,9,1,1,81.8,90.0,9.07,2.42,0.3,76.4
SHORT:delta_dump+below_pivot+orb_break_dn+orb_break_dn_v|nk0.0|vm0.8|mid_1030_1300,11,0.19,9,1,1,81.8,90.0,9.07,2.42,0.3,76.4
SHORT:delta_dump+below_pivot+orb_break_dn+orb_break_dn_v|nk0.0|vm1.2|mid_1030_1300,11,0.19,9,1,1,81.8,90.0,9.07,2.42,0.3,76.4
SHORT:delta_dump+below_pivot+orb_break_dn+orb_break_dn_v|nk0.5|vm0.8|mid_1030_1300,11,0.19,9,1,1,81.8,90.0,9.07,2.42,0.3,76.4
SHORT:delta_dump+below_pivot+orb_break_dn+orb_break_dn_v|nk0.5|vm1.2|mid_1030_1300,11,0.19,9,1,1,81.8,90.0,9.07,2.42,0.3,76.4
SHORT:delta_dump+below_pivot+orb_break_dn+orb_break_dn_v|nk0.8|vm0.8|mid_1030_1300,11,0.19,9,1,1,81.8,90.0,9.07,2.42,0.3,76.4
SHORT:delta_dump+below_pivot+orb_break_dn+orb_break_dn_v|nk0.8|vm1.2|mid_1030_1300,11,0.19,9,1,1,81.8,90.0,9.07,2.42,0.3,76.4
SHORT:below_pivot+weak_close+orb_break_dn+cvd_dn|nk0.0|vm1.2|mid_1030_1300,11,0.19,9,1,1,81.8,90.0,9.07,2.42,0.3,79.1
SHORT:below_pivot+weak_close+orb_break_dn+cvd_dn|nk0.5|vm1.2|mid_1030_1300,11,0.19,9,1,1,81.8,90.0,9.07,2.42,0.3,79.1
SHORT:below_pivot+weak_close+orb_break_dn+cvd_dn|nk0.8|vm1.2|mid_1030_1300,11,0.19,9,1,1,81.8,90.0,9.07,2.42,0.3,79.1
SHORT:below_pivot+weak_close+orb_break_dn+cvd_dn_v|nk0.0|vm0.8|mid_1030_1300,11,0.19,9,1,1,81.8,90.0,9.07,2.42,0.3,79.1
SHORT:below_pivot+weak_close+orb_break_dn+cvd_dn_v|nk0.0|vm1.2|mid_1030_1300,11,0.19,9,1,1,81.8,90.0,9.07,2.42,0.3,79.1
SHORT:below_pivot+weak_close+orb_break_dn+cvd_dn_v|nk0.5|vm0.8|mid_1030_1300,11,0.19,9,1,1,81.8,90.0,9.07,2.42,0.3,79.1
SHORT:below_pivot+weak_close+orb_break_dn+cvd_dn_v|nk0.5|vm1.2|mid_1030_1300,11,0.19,9,1,1,81.8,90.0,9.07,2.42,0.3,79.1
SHORT:below_pivot+weak_close+orb_break_dn+cvd_dn_v|nk0.8|vm0.8|mid_1030_1300,11,0.19,9,1,1,81.8,90.0,9.07,2.42,0.3,79.1
SHORT:below_pivot+weak_close+orb_break_dn+cvd_dn_v|nk0.8|vm1.2|mid_1030_1300,11,0.19,9,1,1,81.8,90.0,9.07,2.42,0.3,79.1
SHORT:below_pivot+weak_close+orb_break_dn_v+cvd_dn|nk0.0|vm0.8|mid_1030_1300,11,0.19,9,1,1,81.8,90.0,9.07,2.42,0.3,79.1
SHORT:below_pivot+weak_close+orb_break_dn_v+cvd_dn|nk0.0|vm1.2|mid_1030_1300,11,0.19,9,1,1,81.8,90.0,9.07,2.42,0.3,79.1
SHORT:below_pivot+weak_close+orb_break_dn_v+cvd_dn|nk0.5|vm0.8|mid_1030_1300,11,0.19,9,1,1,81.8,90.0,9.07,2.42,0.3,79.1
SHORT:below_pivot+weak_close+orb_break_dn_v+cvd_dn|nk0.5|vm1.2|mid_1030_1300,11,0.19,9,1,1,81.8,90.0,9.07,2.42,0.3,79.1
SHORT:below_pivot+weak_close+orb_break_dn_v+cvd_dn|nk0.8|vm0.8|mid_1030_1300,11,0.19,9,1,1,81.8,90.0,9.07,2.42,0.3,79.1
SHORT:below_pivot+weak_close+orb_break_dn_v+cvd_dn|nk0.8|vm1.2|mid_1030_1300,11,0.19,9,1,1,81.8,90.0,9.07,2.42,0.3,79.1
SHORT:below_pivot+weak_close+orb_break_dn_v+cvd_dn_v|nk0.0|vm0.8|mid_1030_1300,11,0.19,9,1,1,81.8,90.0,9.07,2.42,0.3,79.1
SHORT:below_pivot+weak_close+orb_break_dn_v+cvd_dn_v|nk0.0|vm1.2|mid_1030_1300,11,0.19,9,1,1,81.8,90.0,9.07,2.42,0.3,79.1
SHORT:below_pivot+weak_close+orb_break_dn_v+cvd_dn_v|nk0.5|vm0.8|mid_1030_1300,11,0.19,9,1,1,81.8,90.0,9.07,2.42,0.3,79.1
SHORT:below_pivot+weak_close+orb_break_dn_v+cvd_dn_v|nk0.5|vm1.2|mid_1030_1300,11,0.19,9,1,1,81.8,90.0,9.07,2.42,0.3,79.1
SHORT:below_pivot+weak_close+orb_break_dn_v+cvd_dn_v|nk0.8|vm0.8|mid_1030_1300,11,0.19,9,1,1,81.8,90.0,9.07,2.42,0.3,79.1
SHORT:below_pivot+weak_close+orb_break_dn_v+cvd_dn_v|nk0.8|vm1.2|mid_1030_1300,11,0.19,9,1,1,81.8,90.0,9.07,2.42,0.3,79.1
SHORT:delta_dump+orb_break_dn|nk0.0|vm0.8|mid_1030_1300,15,0.26,12,2,1,80.0,85.7,6.04,3.02,0.3,64.0
SHORT:delta_dump+orb_break_dn|nk0.0|vm1.2|mid_1030_1300,15,0.26,12,2,1,80.0,85.7,6.04,3.02,0.3,64.0
SHORT:delta_dump+orb_break_dn|nk0.5|vm0.8|mid_1030_1300,15,0.26,12,2,1,80.0,85.7,6.04,3.02,0.3,64.0
SHORT:delta_dump+orb_break_dn|nk0.5|vm1.2|mid_1030_1300,15,0.26,12,2,1,80.0,85.7,6.04,3.02,0.3,64.0
SHORT:delta_dump+orb_break_dn|nk0.8|vm0.8|mid_1030_1300,15,0.26,12,2,1,80.0,85.7,6.04,3.02,0.3,64.0
SHORT:delta_dump+orb_break_dn|nk0.8|vm1.2|mid_1030_1300,15,0.26,12,2,1,80.0,85.7,6.04,3.02,0.3,64.0
SHORT:delta_dump+orb_break_dn_v|nk0.0|vm0.8|mid_1030_1300,15,0.26,12,2,1,80.0,85.7,6.04,3.02,0.3,64.0
SHORT:delta_dump+orb_break_dn_v|nk0.0|vm1.2|mid_1030_1300,15,0.26,12,2,1,80.0,85.7,6.04,3.02,0.3,64.0
SHORT:delta_dump+orb_break_dn_v|nk0.5|vm0.8|mid_1030_1300,15,0.26,12,2,1,80.0,85.7,6.04,3.02,0.3,64.0
SHORT:delta_dump+orb_break_dn_v|nk0.5|vm1.2|mid_1030_1300,15,0.26,12,2,1,80.0,85.7,6.04,3.02,0.3,64.0
SHORT:delta_dump+orb_break_dn_v|nk0.8|vm0.8|mid_1030_1300,15,0.26,12,2,1,80.0,85.7,6.04,3.02,0.3,64.0
SHORT:delta_dump+orb_break_dn_v|nk0.8|vm1.2|mid_1030_1300,15,0.26,12,2,1,80.0,85.7,6.04,3.02,0.3,64.0
SHORT:adi_dn+delta_dump+orb_break_dn|nk0.0|vm0.8|mid_1030_1300,15,0.26,12,2,1,80.0,85.7,6.04,3.02,0.3,64.0
SHORT:adi_dn+delta_dump+orb_break_dn|nk0.0|vm1.2|mid_1030_1300,15,0.26,12,2,1,80.0,85.7,6.04,3.02,0.3,64.0
SHORT:adi_dn+delta_dump+orb_break_dn|nk0.5|vm0.8|mid_1030_1300,15,0.26,12,2,1,80.0,85.7,6.04,3.02,0.3,64.0
SHORT:adi_dn+delta_dump+orb_break_dn|nk0.5|vm1.2|mid_1030_1300,15,0.26,12,2,1,80.0,85.7,6.04,3.02,0.3,64.0
SHORT:adi_dn+delta_dump+orb_break_dn|nk0.8|vm0.8|mid_1030_1300,15,0.26,12,2,1,80.0,85.7,6.04,3.02,0.3,64.0
SHORT:adi_dn+delta_dump+orb_break_dn|nk0.8|vm1.2|mid_1030_1300,15,0.26,12,2,1,80.0,85.7,6.04,3.02,0.3,64.0
SHORT:adi_dn+delta_dump+orb_break_dn_v|nk0.0|vm0.8|mid_1030_1300,15,0.26,12,2,1,80.0,85.7,6.04,3.02,0.3,64.0
SHORT:adi_dn+delta_dump+orb_break_dn_v|nk0.0|vm1.2|mid_1030_1300,15,0.26,12,2,1,80.0,85.7,6.04,3.02,0.3,64.0
SHORT:adi_dn+delta_dump+orb_break_dn_v|nk0.5|vm0.8|mid_1030_1300,15,0.26,12,2,1,80.0,85.7,6.04,3.02,0.3,64.0
SHORT:adi_dn+delta_dump+orb_break_dn_v|nk0.5|vm1.2|mid_1030_1300,15,0.26,12,2,1,80.0,85.7,6.04,3.02,0.3,64.0
SHORT:adi_dn+delta_dump+orb_break_dn_v|nk0.8|vm0.8|mid_1030_1300,15,0.26,12,2,1,80.0,85.7,6.04,3.02,0.3,64.0
SHORT:adi_dn+delta_dump+orb_break_dn_v|nk0.8|vm1.2|mid_1030_1300,15,0.26,12,2,1,80.0,85.7,6.04,3.02,0.3,64.0
SHORT:adi_dn+below_pivot+orb_break_dn|nk0.8|vm0.8|mid_1030_1300,15,0.26,12,2,1,80.0,85.7,6.04,3.02,0.3,79.3
SHORT:delta_dump+weak_close+orb_break_dn|nk0.0|vm0.8|mid_1030_1300,15,0.26,12,2,1,80.0,85.7,6.04,3.02,0.3,64.0
SHORT:delta_dump+weak_close+orb_break_dn|nk0.0|vm1.2|mid_1030_1300,15,0.26,12,2,1,80.0,85.7,6.04,3.02,0.3,64.0
SHORT:delta_dump+weak_close+orb_break_dn|nk0.5|vm0.8|mid_1030_1300,15,0.26,12,2,1,80.0,85.7,6.04,3.02,0.3,64.0
SHORT:delta_dump+weak_close+orb_break_dn|nk0.5|vm1.2|mid_1030_1300,15,0.26,12,2,1,80.0,85.7,6.04,3.02,0.3,64.0
SHORT:delta_dump+weak_close+orb_break_dn|nk0.8|vm0.8|mid_1030_1300,15,0.26,12,2,1,80.0,85.7,6.04,3.02,0.3,64.0
SHORT:delta_dump+weak_close+orb_break_dn|nk0.8|vm1.2|mid_1030_1300,15,0.26,12,2,1,80.0,85.7,6.04,3.02,0.3,64.0
SHORT:delta_dump+weak_close+orb_break_dn_v|nk0.0|vm0.8|mid_1030_1300,15,0.26,12,2,1,80.0,85.7,6.04,3.02,0.3,64.0
SHORT:delta_dump+weak_close+orb_break_dn_v|nk0.0|vm1.2|mid_1030_1300,15,0.26,12,2,1,80.0,85.7,6.04,3.02,0.3,64.0
SHORT:delta_dump+weak_close+orb_break_dn_v|nk0.5|vm0.8|mid_1030_1300,15,0.26,12,2,1,80.0,85.7,6.04,3.02,0.3,64.0
SHORT:delta_dump+weak_close+orb_break_dn_v|nk0.5|vm1.2|mid_1030_1300,15,0.26,12,2,1,80.0,85.7,6.04,3.02,0.3,64.0
SHORT:delta_dump+weak_close+orb_break_dn_v|nk0.8|vm0.8|mid_1030_1300,15,0.26,12,2,1,80.0,85.7,6.04,3.02,0.3,64.0
SHORT:delta_dump+weak_close+orb_break_dn_v|nk0.8|vm1.2|mid_1030_1300,15,0.26,12,2,1,80.0,85.7,6.04,3.02,0.3,64.0
SHORT:delta_dump+orb_break_dn+orb_break_dn_v|nk0.0|vm0.8|mid_1030_1300,15,0.26,12,2,1,80.0,85.7,6.04,3.02,0.3,64.0
SHORT:delta_dump+orb_break_dn+orb_break_dn_v|nk0.0|vm1.2|mid_1030_1300,15,0.26,12,2,1,80.0,85.7,6.04,3.02,0.3,64.0
SHORT:delta_dump+orb_break_dn+orb_break_dn_v|nk0.5|vm0.8|mid_1030_1300,15,0.26,12,2,1,80.0,85.7,6.04,3.02,0.3,64.0
SHORT:delta_dump+orb_break_dn+orb_break_dn_v|nk0.5|vm1.2|mid_1030_1300,15,0.26,12,2,1,80.0,85.7,6.04,3.02,0.3,64.0
SHORT:delta_dump+orb_break_dn+orb_break_dn_v|nk0.8|vm0.8|mid_1030_1300,15,0.26,12,2,1,80.0,85.7,6.04,3.02,0.3,64.0
SHORT:delta_dump+orb_break_dn+orb_break_dn_v|nk0.8|vm1.2|mid_1030_1300,15,0.26,12,2,1,80.0,85.7,6.04,3.02,0.3,64.0
SHORT:hist_turn_dn+weak_close+rsi_thrust_dn|nk0.8|vm0.8|full_0930_1400,15,0.26,12,2,1,80.0,85.7,4.56,2.81,0.3,57.0
SHORT:hist_turn_dn+weak_close+rsi_thrust_dn|nk0.8|vm1.2|full_0930_1400,15,0.26,12,2,1,80.0,85.7,4.56,2.81,0.3,57.0
SHORT:adi_dn+delta_dump+weak_close+orb_break_dn|nk0.0|vm0.8|mid_1030_1300,15,0.26,12,2,1,80.0,85.7,6.04,3.02,0.3,64.0
SHORT:adi_dn+delta_dump+weak_close+orb_break_dn|nk0.0|vm1.2|mid_1030_1300,15,0.26,12,2,1,80.0,85.7,6.04,3.02,0.3,64.0
SHORT:adi_dn+delta_dump+weak_close+orb_break_dn|nk0.5|vm0.8|mid_1030_1300,15,0.26,12,2,1,80.0,85.7,6.04,3.02,0.3,64.0
SHORT:adi_dn+delta_dump+weak_close+orb_break_dn|nk0.5|vm1.2|mid_1030_1300,15,0.26,12,2,1,80.0,85.7,6.04,3.02,0.3,64.0
SHORT:adi_dn+delta_dump+weak_close+orb_break_dn|nk0.8|vm0.8|mid_1030_1300,15,0.26,12,2,1,80.0,85.7,6.04,3.02,0.3,64.0
SHORT:adi_dn+delta_dump+weak_close+orb_break_dn|nk0.8|vm1.2|mid_1030_1300,15,0.26,12,2,1,80.0,85.7,6.04,3.02,0.3,64.0
SHORT:adi_dn+delta_dump+weak_close+orb_break_dn_v|nk0.0|vm0.8|mid_1030_1300,15,0.26,12,2,1,80.0,85.7,6.04,3.02,0.3,64.0
SHORT:adi_dn+delta_dump+weak_close+orb_break_dn_v|nk0.0|vm1.2|mid_1030_1300,15,0.26,12,2,1,80.0,85.7,6.04,3.02,0.3,64.0
SHORT:adi_dn+delta_dump+weak_close+orb_break_dn_v|nk0.5|vm0.8|mid_1030_1300,15,0.26,12,2,1,80.0,85.7,6.04,3.02,0.3,64.0
SHORT:adi_dn+delta_dump+weak_close+orb_break_dn_v|nk0.5|vm1.2|mid_1030_1300,15,0.26,12,2,1,80.0,85.7,6.04,3.02,0.3,64.0
SHORT:adi_dn+delta_dump+weak_close+orb_break_dn_v|nk0.8|vm0.8|mid_1030_1300,15,0.26,12,2,1,80.0,85.7,6.04,3.02,0.3,64.0
SHORT:adi_dn+delta_dump+weak_close+orb_break_dn_v|nk0.8|vm1.2|mid_1030_1300,15,0.26,12,2,1,80.0,85.7,6.04,3.02,0.3,64.0
SHORT:adi_dn+delta_dump+orb_break_dn+orb_break_dn_v|nk0.0|vm0.8|mid_1030_1300,15,0.26,12,2,1,80.0,85.7,6.04,3.02,0.3,64.0
SHORT:adi_dn+delta_dump+orb_break_dn+orb_break_dn_v|nk0.0|vm1.2|mid_1030_1300,15,0.26,12,2,1,80.0,85.7,6.04,3.02,0.3,64.0
SHORT:adi_dn+delta_dump+orb_break_dn+orb_break_dn_v|nk0.5|vm0.8|mid_1030_1300,15,0.26,12,2,1,80.0,85.7,6.04,3.02,0.3,64.0
SHORT:adi_dn+delta_dump+orb_break_dn+orb_break_dn_v|nk0.5|vm1.2|mid_1030_1300,15,0.26,12,2,1,80.0,85.7,6.04,3.02,0.3,64.0
SHORT:adi_dn+delta_dump+orb_break_dn+orb_break_dn_v|nk0.8|vm0.8|mid_1030_1300,15,0.26,12,2,1,80.0,85.7,6.04,3.02,0.3,64.0
SHORT:adi_dn+delta_dump+orb_break_dn+orb_break_dn_v|nk0.8|vm1.2|mid_1030_1300,15,0.26,12,2,1,80.0,85.7,6.04,3.02,0.3,64.0
SHORT:delta_dump+weak_close+orb_break_dn+orb_break_dn_v|nk0.0|vm0.8|mid_1030_1300,15,0.26,12,2,1,80.0,85.7,6.04,3.02,0.3,64.0
SHORT:delta_dump+weak_close+orb_break_dn+orb_break_dn_v|nk0.0|vm1.2|mid_1030_1300,15,0.26,12,2,1,80.0,85.7,6.04,3.02,0.3,64.0
SHORT:delta_dump+weak_close+orb_break_dn+orb_break_dn_v|nk0.5|vm0.8|mid_1030_1300,15,0.26,12,2,1,80.0,85.7,6.04,3.02,0.3,64.0
SHORT:delta_dump+weak_close+orb_break_dn+orb_break_dn_v|nk0.5|vm1.2|mid_1030_1300,15,0.26,12,2,1,80.0,85.7,6.04,3.02,0.3,64.0
SHORT:delta_dump+weak_close+orb_break_dn+orb_break_dn_v|nk0.8|vm0.8|mid_1030_1300,15,0.26,12,2,1,80.0,85.7,6.04,3.02,0.3,64.0
SHORT:delta_dump+weak_close+orb_break_dn+orb_break_dn_v|nk0.8|vm1.2|mid_1030_1300,15,0.26,12,2,1,80.0,85.7,6.04,3.02,0.3,64.0
SHORT:macd_x_dn+below_vwap_v|nk0.0|vm0.8|mid_1030_1300,10,0.18,8,1,1,80.0,88.9,8.16,2.15,0.3,67.5
SHORT:macd_x_dn+below_vwap_v|nk0.0|vm1.2|mid_1030_1300,10,0.18,8,1,1,80.0,88.9,8.16,2.15,0.3,67.5
SHORT:macd_x_dn+below_vwap_v|nk0.5|vm0.8|mid_1030_1300,10,0.18,8,1,1,80.0,88.9,8.16,2.15,0.3,67.5
SHORT:macd_x_dn+below_vwap_v|nk0.5|vm1.2|mid_1030_1300,10,0.18,8,1,1,80.0,88.9,8.16,2.15,0.3,67.5
SHORT:below_vwap+macd_x_dn+below_vwap_v|nk0.0|vm0.8|mid_1030_1300,10,0.18,8,1,1,80.0,88.9,8.16,2.15,0.3,67.5
SHORT:below_vwap+macd_x_dn+below_vwap_v|nk0.0|vm1.2|mid_1030_1300,10,0.18,8,1,1,80.0,88.9,8.16,2.15,0.3,67.5
SHORT:below_vwap+macd_x_dn+below_vwap_v|nk0.5|vm0.8|mid_1030_1300,10,0.18,8,1,1,80.0,88.9,8.16,2.15,0.3,67.5
SHORT:below_vwap+macd_x_dn+below_vwap_v|nk0.5|vm1.2|mid_1030_1300,10,0.18,8,1,1,80.0,88.9,8.16,2.15,0.3,67.5
SHORT:delta_dump+weak_close+vwap_hi_reject|nk0.8|vm0.8|am_0930_1130,10,0.18,8,1,1,80.0,88.9,8.79,2.34,0.3,136.0
SHORT:delta_dump+weak_close+vwap_hi_reject|nk0.8|vm1.2|am_0930_1130,10,0.18,8,1,1,80.0,88.9,8.79,2.34,0.3,136.0
SHORT:below_pivot+orb_break_dn+rvol_thrust_dn|nk0.0|vm0.8|mid_1030_1300,10,0.18,8,1,1,80.0,88.9,8.07,2.12,0.3,78.0
SHORT:below_pivot+orb_break_dn+rvol_thrust_dn|nk0.0|vm1.2|mid_1030_1300,10,0.18,8,1,1,80.0,88.9,8.07,2.12,0.3,78.0
SHORT:below_pivot+orb_break_dn+rvol_thrust_dn|nk0.5|vm0.8|mid_1030_1300,10,0.18,8,1,1,80.0,88.9,8.07,2.12,0.3,78.0
SHORT:below_pivot+orb_break_dn+rvol_thrust_dn|nk0.5|vm1.2|mid_1030_1300,10,0.18,8,1,1,80.0,88.9,8.07,2.12,0.3,78.0
SHORT:below_pivot+orb_break_dn+rvol_thrust_dn|nk0.8|vm0.8|mid_1030_1300,10,0.18,8,1,1,80.0,88.9,8.07,2.12,0.3,78.0
SHORT:below_pivot+orb_break_dn+rvol_thrust_dn|nk0.8|vm1.2|mid_1030_1300,10,0.18,8,1,1,80.0,88.9,8.07,2.12,0.3,78.0
SHORT:below_pivot+orb_break_dn_v+rvol_thrust_dn|nk0.0|vm0.8|mid_1030_1300,10,0.18,8,1,1,80.0,88.9,8.07,2.12,0.3,78.0
SHORT:below_pivot+orb_break_dn_v+rvol_thrust_dn|nk0.0|vm1.2|mid_1030_1300,10,0.18,8,1,1,80.0,88.9,8.07,2.12,0.3,78.0
SHORT:below_pivot+orb_break_dn_v+rvol_thrust_dn|nk0.5|vm0.8|mid_1030_1300,10,0.18,8,1,1,80.0,88.9,8.07,2.12,0.3,78.0
SHORT:below_pivot+orb_break_dn_v+rvol_thrust_dn|nk0.5|vm1.2|mid_1030_1300,10,0.18,8,1,1,80.0,88.9,8.07,2.12,0.3,78.0
SHORT:below_pivot+orb_break_dn_v+rvol_thrust_dn|nk0.8|vm0.8|mid_1030_1300,10,0.18,8,1,1,80.0,88.9,8.07,2.12,0.3,78.0
SHORT:below_pivot+orb_break_dn_v+rvol_thrust_dn|nk0.8|vm1.2|mid_1030_1300,10,0.18,8,1,1,80.0,88.9,8.07,2.12,0.3,78.0
SHORT:macd_x_dn+below_vwap_v+cvd_dn|nk0.0|vm0.8|mid_1030_1300,10,0.18,8,1,1,80.0,88.9,8.16,2.15,0.3,67.5
SHORT:macd_x_dn+below_vwap_v+cvd_dn|nk0.0|vm1.2|mid_1030_1300,10,0.18,8,1,1,80.0,88.9,8.16,2.15,0.3,67.5
SHORT:macd_x_dn+below_vwap_v+cvd_dn|nk0.5|vm0.8|mid_1030_1300,10,0.18,8,1,1,80.0,88.9,8.16,2.15,0.3,67.5
SHORT:macd_x_dn+below_vwap_v+cvd_dn|nk0.5|vm1.2|mid_1030_1300,10,0.18,8,1,1,80.0,88.9,8.16,2.15,0.3,67.5
SHORT:macd_x_dn+below_vwap_v+cvd_dn_v|nk0.0|vm0.8|mid_1030_1300,10,0.18,8,1,1,80.0,88.9,8.16,2.15,0.3,67.5
SHORT:macd_x_dn+below_vwap_v+cvd_dn_v|nk0.0|vm1.2|mid_1030_1300,10,0.18,8,1,1,80.0,88.9,8.16,2.15,0.3,67.5
SHORT:macd_x_dn+below_vwap_v+cvd_dn_v|nk0.5|vm0.8|mid_1030_1300,10,0.18,8,1,1,80.0,88.9,8.16,2.15,0.3,67.5
SHORT:macd_x_dn+below_vwap_v+cvd_dn_v|nk0.5|vm1.2|mid_1030_1300,10,0.18,8,1,1,80.0,88.9,8.16,2.15,0.3,67.5
SHORT:below_vwap+delta_dump+below_pivot+orb_break_dn|nk0.0|vm0.8|mid_1030_1300,10,0.18,8,1,1,80.0,88.9,8.07,2.12,0.3,78.0
SHORT:below_vwap+delta_dump+below_pivot+orb_break_dn|nk0.0|vm1.2|mid_1030_1300,10,0.18,8,1,1,80.0,88.9,8.07,2.12,0.3,78.0
SHORT:below_vwap+delta_dump+below_pivot+orb_break_dn|nk0.5|vm0.8|mid_1030_1300,10,0.18,8,1,1,80.0,88.9,8.07,2.12,0.3,78.0
SHORT:below_vwap+delta_dump+below_pivot+orb_break_dn|nk0.5|vm1.2|mid_1030_1300,10,0.18,8,1,1,80.0,88.9,8.07,2.12,0.3,78.0
SHORT:below_vwap+delta_dump+below_pivot+orb_break_dn|nk0.8|vm0.8|mid_1030_1300,10,0.18,8,1,1,80.0,88.9,8.07,2.12,0.3,78.0
SHORT:below_vwap+delta_dump+below_pivot+orb_break_dn|nk0.8|vm1.2|mid_1030_1300,10,0.18,8,1,1,80.0,88.9,8.07,2.12,0.3,78.0
SHORT:below_vwap+delta_dump+below_pivot+orb_break_dn_v|nk0.0|vm0.8|mid_1030_1300,10,0.18,8,1,1,80.0,88.9,8.07,2.12,0.3,78.0
SHORT:below_vwap+delta_dump+below_pivot+orb_break_dn_v|nk0.0|vm1.2|mid_1030_1300,10,0.18,8,1,1,80.0,88.9,8.07,2.12,0.3,78.0
SHORT:below_vwap+delta_dump+below_pivot+orb_break_dn_v|nk0.5|vm0.8|mid_1030_1300,10,0.18,8,1,1,80.0,88.9,8.07,2.12,0.3,78.0
SHORT:below_vwap+delta_dump+below_pivot+orb_break_dn_v|nk0.5|vm1.2|mid_1030_1300,10,0.18,8,1,1,80.0,88.9,8.07,2.12,0.3,78.0
SHORT:below_vwap+delta_dump+below_pivot+orb_break_dn_v|nk0.8|vm0.8|mid_1030_1300,10,0.18,8,1,1,80.0,88.9,8.07,2.12,0.3,78.0
SHORT:below_vwap+delta_dump+below_pivot+orb_break_dn_v|nk0.8|vm1.2|mid_1030_1300,10,0.18,8,1,1,80.0,88.9,8.07,2.12,0.3,78.0
SHORT:below_vwap+below_pivot+orb_break_dn+rvol_thrust_dn|nk0.0|vm0.8|mid_1030_1300,10,0.18,8,1,1,80.0,88.9,8.07,2.12,0.3,78.0
SHORT:below_vwap+below_pivot+orb_break_dn+rvol_thrust_dn|nk0.0|vm1.2|mid_1030_1300,10,0.18,8,1,1,80.0,88.9,8.07,2.12,0.3,78.0
SHORT:below_vwap+below_pivot+orb_break_dn+rvol_thrust_dn|nk0.5|vm0.8|mid_1030_1300,10,0.18,8,1,1,80.0,88.9,8.07,2.12,0.3,78.0
SHORT:below_vwap+below_pivot+orb_break_dn+rvol_thrust_dn|nk0.5|vm1.2|mid_1030_1300,10,0.18,8,1,1,80.0,88.9,8.07,2.12,0.3,78.0
SHORT:below_vwap+below_pivot+orb_break_dn+rvol_thrust_dn|nk0.8|vm0.8|mid_1030_1300,10,0.18,8,1,1,80.0,88.9,8.07,2.12,0.3,78.0
SHORT:below_vwap+below_pivot+orb_break_dn+rvol_thrust_dn|nk0.8|vm1.2|mid_1030_1300,10,0.18,8,1,1,80.0,88.9,8.07,2.12,0.3,78.0
SHORT:below_vwap+below_pivot+orb_break_dn_v+rvol_thrust_dn|nk0.0|vm0.8|mid_1030_1300,10,0.18,8,1,1,80.0,88.9,8.07,2.12,0.3,78.0
SHORT:below_vwap+below_pivot+orb_break_dn_v+rvol_thrust_dn|nk0.0|vm1.2|mid_1030_1300,10,0.18,8,1,1,80.0,88.9,8.07,2.12,0.3,78.0
SHORT:below_vwap+below_pivot+orb_break_dn_v+rvol_thrust_dn|nk0.5|vm0.8|mid_1030_1300,10,0.18,8,1,1,80.0,88.9,8.07,2.12,0.3,78.0
SHORT:below_vwap+below_pivot+orb_break_dn_v+rvol_thrust_dn|nk0.5|vm1.2|mid_1030_1300,10,0.18,8,1,1,80.0,88.9,8.07,2.12,0.3,78.0
SHORT:below_vwap+below_pivot+orb_break_dn_v+rvol_thrust_dn|nk0.8|vm0.8|mid_1030_1300,10,0.18,8,1,1,80.0,88.9,8.07,2.12,0.3,78.0
SHORT:below_vwap+below_pivot+orb_break_dn_v+rvol_thrust_dn|nk0.8|vm1.2|mid_1030_1300,10,0.18,8,1,1,80.0,88.9,8.07,2.12,0.3,78.0
SHORT:below_vwap+macd_x_dn+below_vwap_v+cvd_dn|nk0.0|vm0.8|mid_1030_1300,10,0.18,8,1,1,80.0,88.9,8.16,2.15,0.3,67.5
SHORT:below_vwap+macd_x_dn+below_vwap_v+cvd_dn|nk0.0|vm1.2|mid_1030_1300,10,0.18,8,1,1,80.0,88.9,8.16,2.15,0.3,67.5
SHORT:below_vwap+macd_x_dn+below_vwap_v+cvd_dn|nk0.5|vm0.8|mid_1030_1300,10,0.18,8,1,1,80.0,88.9,8.16,2.15,0.3,67.5
SHORT:below_vwap+macd_x_dn+below_vwap_v+cvd_dn|nk0.5|vm1.2|mid_1030_1300,10,0.18,8,1,1,80.0,88.9,8.16,2.15,0.3,67.5
SHORT:below_vwap+macd_x_dn+below_vwap_v+cvd_dn_v|nk0.0|vm0.8|mid_1030_1300,10,0.18,8,1,1,80.0,88.9,8.16,2.15,0.3,67.5
SHORT:below_vwap+macd_x_dn+below_vwap_v+cvd_dn_v|nk0.0|vm1.2|mid_1030_1300,10,0.18,8,1,1,80.0,88.9,8.16,2.15,0.3,67.5
SHORT:below_vwap+macd_x_dn+below_vwap_v+cvd_dn_v|nk0.5|vm0.8|mid_1030_1300,10,0.18,8,1,1,80.0,88.9,8.16,2.15,0.3,67.5
SHORT:below_vwap+macd_x_dn+below_vwap_v+cvd_dn_v|nk0.5|vm1.2|mid_1030_1300,10,0.18,8,1,1,80.0,88.9,8.16,2.15,0.3,67.5
SHORT:adi_dn+delta_dump+weak_close+vwap_hi_reject|nk0.8|vm0.8|am_0930_1130,10,0.18,8,1,1,80.0,88.9,8.79,2.34,0.3,136.0
SHORT:adi_dn+delta_dump+weak_close+vwap_hi_reject|nk0.8|vm1.2|am_0930_1130,10,0.18,8,1,1,80.0,88.9,8.79,2.34,0.3,136.0
SHORT:adi_dn+below_pivot+orb_break_dn+rvol_thrust_dn|nk0.0|vm0.8|mid_1030_1300,10,0.18,8,1,1,80.0,88.9,8.07,2.12,0.3,78.0
SHORT:adi_dn+below_pivot+orb_break_dn+rvol_thrust_dn|nk0.0|vm1.2|mid_1030_1300,10,0.18,8,1,1,80.0,88.9,8.07,2.12,0.3,78.0
SHORT:adi_dn+below_pivot+orb_break_dn+rvol_thrust_dn|nk0.5|vm0.8|mid_1030_1300,10,0.18,8,1,1,80.0,88.9,8.07,2.12,0.3,78.0
SHORT:adi_dn+below_pivot+orb_break_dn+rvol_thrust_dn|nk0.5|vm1.2|mid_1030_1300,10,0.18,8,1,1,80.0,88.9,8.07,2.12,0.3,78.0
SHORT:adi_dn+below_pivot+orb_break_dn+rvol_thrust_dn|nk0.8|vm0.8|mid_1030_1300,10,0.18,8,1,1,80.0,88.9,8.07,2.12,0.3,78.0
SHORT:adi_dn+below_pivot+orb_break_dn+rvol_thrust_dn|nk0.8|vm1.2|mid_1030_1300,10,0.18,8,1,1,80.0,88.9,8.07,2.12,0.3,78.0
SHORT:adi_dn+below_pivot+orb_break_dn+below_vwap_v|nk0.0|vm0.8|mid_1030_1300,10,0.18,8,1,1,80.0,88.9,8.07,2.12,0.3,78.0
SHORT:adi_dn+below_pivot+orb_break_dn+below_vwap_v|nk0.0|vm1.2|mid_1030_1300,10,0.18,8,1,1,80.0,88.9,8.07,2.12,0.3,78.0
SHORT:adi_dn+below_pivot+orb_break_dn+below_vwap_v|nk0.5|vm0.8|mid_1030_1300,10,0.18,8,1,1,80.0,88.9,8.07,2.12,0.3,78.0
SHORT:adi_dn+below_pivot+orb_break_dn+below_vwap_v|nk0.5|vm1.2|mid_1030_1300,10,0.18,8,1,1,80.0,88.9,8.07,2.12,0.3,78.0
SHORT:adi_dn+below_pivot+orb_break_dn+below_vwap_v|nk0.8|vm0.8|mid_1030_1300,10,0.18,8,1,1,80.0,88.9,8.07,2.12,0.3,78.0
SHORT:adi_dn+below_pivot+orb_break_dn+below_vwap_v|nk0.8|vm1.2|mid_1030_1300,10,0.18,8,1,1,80.0,88.9,8.07,2.12,0.3,78.0
SHORT:adi_dn+below_pivot+orb_break_dn_v+rvol_thrust_dn|nk0.0|vm0.8|mid_1030_1300,10,0.18,8,1,1,80.0,88.9,8.07,2.12,0.3,78.0
SHORT:adi_dn+below_pivot+orb_break_dn_v+rvol_thrust_dn|nk0.0|vm1.2|mid_1030_1300,10,0.18,8,1,1,80.0,88.9,8.07,2.12,0.3,78.0
SHORT:adi_dn+below_pivot+orb_break_dn_v+rvol_thrust_dn|nk0.5|vm0.8|mid_1030_1300,10,0.18,8,1,1,80.0,88.9,8.07,2.12,0.3,78.0
SHORT:adi_dn+below_pivot+orb_break_dn_v+rvol_thrust_dn|nk0.5|vm1.2|mid_1030_1300,10,0.18,8,1,1,80.0,88.9,8.07,2.12,0.3,78.0
SHORT:adi_dn+below_pivot+orb_break_dn_v+rvol_thrust_dn|nk0.8|vm0.8|mid_1030_1300,10,0.18,8,1,1,80.0,88.9,8.07,2.12,0.3,78.0
SHORT:adi_dn+below_pivot+orb_break_dn_v+rvol_thrust_dn|nk0.8|vm1.2|mid_1030_1300,10,0.18,8,1,1,80.0,88.9,8.07,2.12,0.3,78.0
SHORT:adi_dn+below_pivot+orb_break_dn_v+below_vwap_v|nk0.0|vm0.8|mid_1030_1300,10,0.18,8,1,1,80.0,88.9,8.07,2.12,0.3,78.0
SHORT:adi_dn+below_pivot+orb_break_dn_v+below_vwap_v|nk0.0|vm1.2|mid_1030_1300,10,0.18,8,1,1,80.0,88.9,8.07,2.12,0.3,78.0
SHORT:adi_dn+below_pivot+orb_break_dn_v+below_vwap_v|nk0.5|vm0.8|mid_1030_1300,10,0.18,8,1,1,80.0,88.9,8.07,2.12,0.3,78.0
SHORT:adi_dn+below_pivot+orb_break_dn_v+below_vwap_v|nk0.5|vm1.2|mid_1030_1300,10,0.18,8,1,1,80.0,88.9,8.07,2.12,0.3,78.0
SHORT:adi_dn+below_pivot+orb_break_dn_v+below_vwap_v|nk0.8|vm0.8|mid_1030_1300,10,0.18,8,1,1,80.0,88.9,8.07,2.12,0.3,78.0
SHORT:adi_dn+below_pivot+orb_break_dn_v+below_vwap_v|nk0.8|vm1.2|mid_1030_1300,10,0.18,8,1,1,80.0,88.9,8.07,2.12,0.3,78.0
SHORT:delta_dump+below_pivot+orb_break_dn+rvol_thrust_dn|nk0.0|vm0.8|mid_1030_1300,10,0.18,8,1,1,80.0,88.9,8.07,2.12,0.3,78.0
SHORT:delta_dump+below_pivot+orb_break_dn+rvol_thrust_dn|nk0.0|vm1.2|mid_1030_1300,10,0.18,8,1,1,80.0,88.9,8.07,2.12,0.3,78.0
SHORT:delta_dump+below_pivot+orb_break_dn+rvol_thrust_dn|nk0.5|vm0.8|mid_1030_1300,10,0.18,8,1,1,80.0,88.9,8.07,2.12,0.3,78.0
SHORT:delta_dump+below_pivot+orb_break_dn+rvol_thrust_dn|nk0.5|vm1.2|mid_1030_1300,10,0.18,8,1,1,80.0,88.9,8.07,2.12,0.3,78.0
SHORT:delta_dump+below_pivot+orb_break_dn+rvol_thrust_dn|nk0.8|vm0.8|mid_1030_1300,10,0.18,8,1,1,80.0,88.9,8.07,2.12,0.3,78.0
SHORT:delta_dump+below_pivot+orb_break_dn+rvol_thrust_dn|nk0.8|vm1.2|mid_1030_1300,10,0.18,8,1,1,80.0,88.9,8.07,2.12,0.3,78.0
SHORT:delta_dump+below_pivot+orb_break_dn+below_vwap_v|nk0.0|vm0.8|mid_1030_1300,10,0.18,8,1,1,80.0,88.9,8.07,2.12,0.3,78.0
SHORT:delta_dump+below_pivot+orb_break_dn+below_vwap_v|nk0.0|vm1.2|mid_1030_1300,10,0.18,8,1,1,80.0,88.9,8.07,2.12,0.3,78.0
SHORT:delta_dump+below_pivot+orb_break_dn+below_vwap_v|nk0.5|vm0.8|mid_1030_1300,10,0.18,8,1,1,80.0,88.9,8.07,2.12,0.3,78.0
SHORT:delta_dump+below_pivot+orb_break_dn+below_vwap_v|nk0.5|vm1.2|mid_1030_1300,10,0.18,8,1,1,80.0,88.9,8.07,2.12,0.3,78.0
SHORT:delta_dump+below_pivot+orb_break_dn+below_vwap_v|nk0.8|vm0.8|mid_1030_1300,10,0.18,8,1,1,80.0,88.9,8.07,2.12,0.3,78.0
SHORT:delta_dump+below_pivot+orb_break_dn+below_vwap_v|nk0.8|vm1.2|mid_1030_1300,10,0.18,8,1,1,80.0,88.9,8.07,2.12,0.3,78.0
SHORT:delta_dump+below_pivot+orb_break_dn+cvd_dn|nk0.0|vm0.8|mid_1030_1300,10,0.18,8,1,1,80.0,88.9,8.07,2.12,0.3,78.0
SHORT:delta_dump+below_pivot+orb_break_dn+cvd_dn|nk0.0|vm1.2|mid_1030_1300,10,0.18,8,1,1,80.0,88.9,8.07,2.12,0.3,78.0
SHORT:delta_dump+below_pivot+orb_break_dn+cvd_dn|nk0.5|vm0.8|mid_1030_1300,10,0.18,8,1,1,80.0,88.9,8.07,2.12,0.3,78.0
SHORT:delta_dump+below_pivot+orb_break_dn+cvd_dn|nk0.5|vm1.2|mid_1030_1300,10,0.18,8,1,1,80.0,88.9,8.07,2.12,0.3,78.0
SHORT:delta_dump+below_pivot+orb_break_dn+cvd_dn|nk0.8|vm0.8|mid_1030_1300,10,0.18,8,1,1,80.0,88.9,8.07,2.12,0.3,78.0
SHORT:delta_dump+below_pivot+orb_break_dn+cvd_dn|nk0.8|vm1.2|mid_1030_1300,10,0.18,8,1,1,80.0,88.9,8.07,2.12,0.3,78.0
SHORT:delta_dump+below_pivot+orb_break_dn+cvd_dn_v|nk0.0|vm0.8|mid_1030_1300,10,0.18,8,1,1,80.0,88.9,8.07,2.12,0.3,78.0
SHORT:delta_dump+below_pivot+orb_break_dn+cvd_dn_v|nk0.0|vm1.2|mid_1030_1300,10,0.18,8,1,1,80.0,88.9,8.07,2.12,0.3,78.0
SHORT:delta_dump+below_pivot+orb_break_dn+cvd_dn_v|nk0.5|vm0.8|mid_1030_1300,10,0.18,8,1,1,80.0,88.9,8.07,2.12,0.3,78.0
SHORT:delta_dump+below_pivot+orb_break_dn+cvd_dn_v|nk0.5|vm1.2|mid_1030_1300,10,0.18,8,1,1,80.0,88.9,8.07,2.12,0.3,78.0
SHORT:delta_dump+below_pivot+orb_break_dn+cvd_dn_v|nk0.8|vm0.8|mid_1030_1300,10,0.18,8,1,1,80.0,88.9,8.07,2.12,0.3,78.0
SHORT:delta_dump+below_pivot+orb_break_dn+cvd_dn_v|nk0.8|vm1.2|mid_1030_1300,10,0.18,8,1,1,80.0,88.9,8.07,2.12,0.3,78.0
SHORT:delta_dump+below_pivot+orb_break_dn_v+rvol_thrust_dn|nk0.0|vm0.8|mid_1030_1300,10,0.18,8,1,1,80.0,88.9,8.07,2.12,0.3,78.0
SHORT:delta_dump+below_pivot+orb_break_dn_v+rvol_thrust_dn|nk0.0|vm1.2|mid_1030_1300,10,0.18,8,1,1,80.0,88.9,8.07,2.12,0.3,78.0
SHORT:delta_dump+below_pivot+orb_break_dn_v+rvol_thrust_dn|nk0.5|vm0.8|mid_1030_1300,10,0.18,8,1,1,80.0,88.9,8.07,2.12,0.3,78.0
SHORT:delta_dump+below_pivot+orb_break_dn_v+rvol_thrust_dn|nk0.5|vm1.2|mid_1030_1300,10,0.18,8,1,1,80.0,88.9,8.07,2.12,0.3,78.0
SHORT:delta_dump+below_pivot+orb_break_dn_v+rvol_thrust_dn|nk0.8|vm0.8|mid_1030_1300,10,0.18,8,1,1,80.0,88.9,8.07,2.12,0.3,78.0
SHORT:delta_dump+below_pivot+orb_break_dn_v+rvol_thrust_dn|nk0.8|vm1.2|mid_1030_1300,10,0.18,8,1,1,80.0,88.9,8.07,2.12,0.3,78.0
SHORT:delta_dump+below_pivot+orb_break_dn_v+below_vwap_v|nk0.0|vm0.8|mid_1030_1300,10,0.18,8,1,1,80.0,88.9,8.07,2.12,0.3,78.0
SHORT:delta_dump+below_pivot+orb_break_dn_v+below_vwap_v|nk0.0|vm1.2|mid_1030_1300,10,0.18,8,1,1,80.0,88.9,8.07,2.12,0.3,78.0
SHORT:delta_dump+below_pivot+orb_break_dn_v+below_vwap_v|nk0.5|vm0.8|mid_1030_1300,10,0.18,8,1,1,80.0,88.9,8.07,2.12,0.3,78.0
SHORT:delta_dump+below_pivot+orb_break_dn_v+below_vwap_v|nk0.5|vm1.2|mid_1030_1300,10,0.18,8,1,1,80.0,88.9,8.07,2.12,0.3,78.0
SHORT:delta_dump+below_pivot+orb_break_dn_v+below_vwap_v|nk0.8|vm0.8|mid_1030_1300,10,0.18,8,1,1,80.0,88.9,8.07,2.12,0.3,78.0
SHORT:delta_dump+below_pivot+orb_break_dn_v+below_vwap_v|nk0.8|vm1.2|mid_1030_1300,10,0.18,8,1,1,80.0,88.9,8.07,2.12,0.3,78.0
SHORT:delta_dump+below_pivot+orb_break_dn_v+cvd_dn|nk0.0|vm0.8|mid_1030_1300,10,0.18,8,1,1,80.0,88.9,8.07,2.12,0.3,78.0
SHORT:delta_dump+below_pivot+orb_break_dn_v+cvd_dn|nk0.0|vm1.2|mid_1030_1300,10,0.18,8,1,1,80.0,88.9,8.07,2.12,0.3,78.0
SHORT:delta_dump+below_pivot+orb_break_dn_v+cvd_dn|nk0.5|vm0.8|mid_1030_1300,10,0.18,8,1,1,80.0,88.9,8.07,2.12,0.3,78.0
SHORT:delta_dump+below_pivot+orb_break_dn_v+cvd_dn|nk0.5|vm1.2|mid_1030_1300,10,0.18,8,1,1,80.0,88.9,8.07,2.12,0.3,78.0
SHORT:delta_dump+below_pivot+orb_break_dn_v+cvd_dn|nk0.8|vm0.8|mid_1030_1300,10,0.18,8,1,1,80.0,88.9,8.07,2.12,0.3,78.0
SHORT:delta_dump+below_pivot+orb_break_dn_v+cvd_dn|nk0.8|vm1.2|mid_1030_1300,10,0.18,8,1,1,80.0,88.9,8.07,2.12,0.3,78.0
SHORT:delta_dump+below_pivot+orb_break_dn_v+cvd_dn_v|nk0.0|vm0.8|mid_1030_1300,10,0.18,8,1,1,80.0,88.9,8.07,2.12,0.3,78.0
SHORT:delta_dump+below_pivot+orb_break_dn_v+cvd_dn_v|nk0.0|vm1.2|mid_1030_1300,10,0.18,8,1,1,80.0,88.9,8.07,2.12,0.3,78.0
SHORT:delta_dump+below_pivot+orb_break_dn_v+cvd_dn_v|nk0.5|vm0.8|mid_1030_1300,10,0.18,8,1,1,80.0,88.9,8.07,2.12,0.3,78.0
SHORT:delta_dump+below_pivot+orb_break_dn_v+cvd_dn_v|nk0.5|vm1.2|mid_1030_1300,10,0.18,8,1,1,80.0,88.9,8.07,2.12,0.3,78.0
SHORT:delta_dump+below_pivot+orb_break_dn_v+cvd_dn_v|nk0.8|vm0.8|mid_1030_1300,10,0.18,8,1,1,80.0,88.9,8.07,2.12,0.3,78.0
SHORT:delta_dump+below_pivot+orb_break_dn_v+cvd_dn_v|nk0.8|vm1.2|mid_1030_1300,10,0.18,8,1,1,80.0,88.9,8.07,2.12,0.3,78.0
SHORT:below_pivot+weak_close+orb_break_dn+rvol_thrust_dn|nk0.0|vm0.8|mid_1030_1300,10,0.18,8,1,1,80.0,88.9,8.07,2.12,0.3,78.0
SHORT:below_pivot+weak_close+orb_break_dn+rvol_thrust_dn|nk0.0|vm1.2|mid_1030_1300,10,0.18,8,1,1,80.0,88.9,8.07,2.12,0.3,78.0
SHORT:below_pivot+weak_close+orb_break_dn+rvol_thrust_dn|nk0.5|vm0.8|mid_1030_1300,10,0.18,8,1,1,80.0,88.9,8.07,2.12,0.3,78.0
SHORT:below_pivot+weak_close+orb_break_dn+rvol_thrust_dn|nk0.5|vm1.2|mid_1030_1300,10,0.18,8,1,1,80.0,88.9,8.07,2.12,0.3,78.0
SHORT:below_pivot+weak_close+orb_break_dn+rvol_thrust_dn|nk0.8|vm0.8|mid_1030_1300,10,0.18,8,1,1,80.0,88.9,8.07,2.12,0.3,78.0
SHORT:below_pivot+weak_close+orb_break_dn+rvol_thrust_dn|nk0.8|vm1.2|mid_1030_1300,10,0.18,8,1,1,80.0,88.9,8.07,2.12,0.3,78.0
SHORT:below_pivot+weak_close+orb_break_dn+below_vwap_v|nk0.0|vm0.8|mid_1030_1300,10,0.18,8,1,1,80.0,88.9,8.07,2.12,0.3,78.0
SHORT:below_pivot+weak_close+orb_break_dn+below_vwap_v|nk0.0|vm1.2|mid_1030_1300,10,0.18,8,1,1,80.0,88.9,8.07,2.12,0.3,78.0
SHORT:below_pivot+weak_close+orb_break_dn+below_vwap_v|nk0.5|vm0.8|mid_1030_1300,10,0.18,8,1,1,80.0,88.9,8.07,2.12,0.3,78.0
SHORT:below_pivot+weak_close+orb_break_dn+below_vwap_v|nk0.5|vm1.2|mid_1030_1300,10,0.18,8,1,1,80.0,88.9,8.07,2.12,0.3,78.0
SHORT:below_pivot+weak_close+orb_break_dn+below_vwap_v|nk0.8|vm0.8|mid_1030_1300,10,0.18,8,1,1,80.0,88.9,8.07,2.12,0.3,78.0
SHORT:below_pivot+weak_close+orb_break_dn+below_vwap_v|nk0.8|vm1.2|mid_1030_1300,10,0.18,8,1,1,80.0,88.9,8.07,2.12,0.3,78.0
SHORT:below_pivot+weak_close+orb_break_dn_v+rvol_thrust_dn|nk0.0|vm0.8|mid_1030_1300,10,0.18,8,1,1,80.0,88.9,8.07,2.12,0.3,78.0
SHORT:below_pivot+weak_close+orb_break_dn_v+rvol_thrust_dn|nk0.0|vm1.2|mid_1030_1300,10,0.18,8,1,1,80.0,88.9,8.07,2.12,0.3,78.0
SHORT:below_pivot+weak_close+orb_break_dn_v+rvol_thrust_dn|nk0.5|vm0.8|mid_1030_1300,10,0.18,8,1,1,80.0,88.9,8.07,2.12,0.3,78.0
SHORT:below_pivot+weak_close+orb_break_dn_v+rvol_thrust_dn|nk0.5|vm1.2|mid_1030_1300,10,0.18,8,1,1,80.0,88.9,8.07,2.12,0.3,78.0
SHORT:below_pivot+weak_close+orb_break_dn_v+rvol_thrust_dn|nk0.8|vm0.8|mid_1030_1300,10,0.18,8,1,1,80.0,88.9,8.07,2.12,0.3,78.0
SHORT:below_pivot+weak_close+orb_break_dn_v+rvol_thrust_dn|nk0.8|vm1.2|mid_1030_1300,10,0.18,8,1,1,80.0,88.9,8.07,2.12,0.3,78.0
SHORT:below_pivot+weak_close+orb_break_dn_v+below_vwap_v|nk0.0|vm0.8|mid_1030_1300,10,0.18,8,1,1,80.0,88.9,8.07,2.12,0.3,78.0
SHORT:below_pivot+weak_close+orb_break_dn_v+below_vwap_v|nk0.0|vm1.2|mid_1030_1300,10,0.18,8,1,1,80.0,88.9,8.07,2.12,0.3,78.0
SHORT:below_pivot+weak_close+orb_break_dn_v+below_vwap_v|nk0.5|vm0.8|mid_1030_1300,10,0.18,8,1,1,80.0,88.9,8.07,2.12,0.3,78.0
SHORT:below_pivot+weak_close+orb_break_dn_v+below_vwap_v|nk0.5|vm1.2|mid_1030_1300,10,0.18,8,1,1,80.0,88.9,8.07,2.12,0.3,78.0
SHORT:below_pivot+weak_close+orb_break_dn_v+below_vwap_v|nk0.8|vm0.8|mid_1030_1300,10,0.18,8,1,1,80.0,88.9,8.07,2.12,0.3,78.0
SHORT:below_pivot+weak_close+orb_break_dn_v+below_vwap_v|nk0.8|vm1.2|mid_1030_1300,10,0.18,8,1,1,80.0,88.9,8.07,2.12,0.3,78.0
SHORT:below_pivot+orb_break_dn+orb_break_dn_v+rvol_thrust_dn|nk0.0|vm0.8|mid_1030_1300,10,0.18,8,1,1,80.0,88.9,8.07,2.12,0.3,78.0
SHORT:below_pivot+orb_break_dn+orb_break_dn_v+rvol_thrust_dn|nk0.0|vm1.2|mid_1030_1300,10,0.18,8,1,1,80.0,88.9,8.07,2.12,0.3,78.0
SHORT:below_pivot+orb_break_dn+orb_break_dn_v+rvol_thrust_dn|nk0.5|vm0.8|mid_1030_1300,10,0.18,8,1,1,80.0,88.9,8.07,2.12,0.3,78.0
SHORT:below_pivot+orb_break_dn+orb_break_dn_v+rvol_thrust_dn|nk0.5|vm1.2|mid_1030_1300,10,0.18,8,1,1,80.0,88.9,8.07,2.12,0.3,78.0
SHORT:below_pivot+orb_break_dn+orb_break_dn_v+rvol_thrust_dn|nk0.8|vm0.8|mid_1030_1300,10,0.18,8,1,1,80.0,88.9,8.07,2.12,0.3,78.0
SHORT:below_pivot+orb_break_dn+orb_break_dn_v+rvol_thrust_dn|nk0.8|vm1.2|mid_1030_1300,10,0.18,8,1,1,80.0,88.9,8.07,2.12,0.3,78.0
SHORT:below_pivot+orb_break_dn+rvol_thrust_dn+below_vwap_v|nk0.0|vm0.8|mid_1030_1300,10,0.18,8,1,1,80.0,88.9,8.07,2.12,0.3,78.0
SHORT:below_pivot+orb_break_dn+rvol_thrust_dn+below_vwap_v|nk0.0|vm1.2|mid_1030_1300,10,0.18,8,1,1,80.0,88.9,8.07,2.12,0.3,78.0
SHORT:below_pivot+orb_break_dn+rvol_thrust_dn+below_vwap_v|nk0.5|vm0.8|mid_1030_1300,10,0.18,8,1,1,80.0,88.9,8.07,2.12,0.3,78.0
SHORT:below_pivot+orb_break_dn+rvol_thrust_dn+below_vwap_v|nk0.5|vm1.2|mid_1030_1300,10,0.18,8,1,1,80.0,88.9,8.07,2.12,0.3,78.0
SHORT:below_pivot+orb_break_dn+rvol_thrust_dn+below_vwap_v|nk0.8|vm0.8|mid_1030_1300,10,0.18,8,1,1,80.0,88.9,8.07,2.12,0.3,78.0
SHORT:below_pivot+orb_break_dn+rvol_thrust_dn+below_vwap_v|nk0.8|vm1.2|mid_1030_1300,10,0.18,8,1,1,80.0,88.9,8.07,2.12,0.3,78.0
SHORT:below_pivot+orb_break_dn+rvol_thrust_dn+cvd_dn|nk0.0|vm0.8|mid_1030_1300,10,0.18,8,1,1,80.0,88.9,8.07,2.12,0.3,78.0
SHORT:below_pivot+orb_break_dn+rvol_thrust_dn+cvd_dn|nk0.0|vm1.2|mid_1030_1300,10,0.18,8,1,1,80.0,88.9,8.07,2.12,0.3,78.0
SHORT:below_pivot+orb_break_dn+rvol_thrust_dn+cvd_dn|nk0.5|vm0.8|mid_1030_1300,10,0.18,8,1,1,80.0,88.9,8.07,2.12,0.3,78.0
SHORT:below_pivot+orb_break_dn+rvol_thrust_dn+cvd_dn|nk0.5|vm1.2|mid_1030_1300,10,0.18,8,1,1,80.0,88.9,8.07,2.12,0.3,78.0
SHORT:below_pivot+orb_break_dn+rvol_thrust_dn+cvd_dn|nk0.8|vm0.8|mid_1030_1300,10,0.18,8,1,1,80.0,88.9,8.07,2.12,0.3,78.0
SHORT:below_pivot+orb_break_dn+rvol_thrust_dn+cvd_dn|nk0.8|vm1.2|mid_1030_1300,10,0.18,8,1,1,80.0,88.9,8.07,2.12,0.3,78.0
SHORT:below_pivot+orb_break_dn+rvol_thrust_dn+cvd_dn_v|nk0.0|vm0.8|mid_1030_1300,10,0.18,8,1,1,80.0,88.9,8.07,2.12,0.3,78.0
SHORT:below_pivot+orb_break_dn+rvol_thrust_dn+cvd_dn_v|nk0.0|vm1.2|mid_1030_1300,10,0.18,8,1,1,80.0,88.9,8.07,2.12,0.3,78.0
SHORT:below_pivot+orb_break_dn+rvol_thrust_dn+cvd_dn_v|nk0.5|vm0.8|mid_1030_1300,10,0.18,8,1,1,80.0,88.9,8.07,2.12,0.3,78.0
SHORT:below_pivot+orb_break_dn+rvol_thrust_dn+cvd_dn_v|nk0.5|vm1.2|mid_1030_1300,10,0.18,8,1,1,80.0,88.9,8.07,2.12,0.3,78.0
SHORT:below_pivot+orb_break_dn+rvol_thrust_dn+cvd_dn_v|nk0.8|vm0.8|mid_1030_1300,10,0.18,8,1,1,80.0,88.9,8.07,2.12,0.3,78.0
SHORT:below_pivot+orb_break_dn+rvol_thrust_dn+cvd_dn_v|nk0.8|vm1.2|mid_1030_1300,10,0.18,8,1,1,80.0,88.9,8.07,2.12,0.3,78.0
SHORT:below_pivot+orb_break_dn_v+rvol_thrust_dn+below_vwap_v|nk0.0|vm0.8|mid_1030_1300,10,0.18,8,1,1,80.0,88.9,8.07,2.12,0.3,78.0
SHORT:below_pivot+orb_break_dn_v+rvol_thrust_dn+below_vwap_v|nk0.0|vm1.2|mid_1030_1300,10,0.18,8,1,1,80.0,88.9,8.07,2.12,0.3,78.0
SHORT:below_pivot+orb_break_dn_v+rvol_thrust_dn+below_vwap_v|nk0.5|vm0.8|mid_1030_1300,10,0.18,8,1,1,80.0,88.9,8.07,2.12,0.3,78.0
SHORT:below_pivot+orb_break_dn_v+rvol_thrust_dn+below_vwap_v|nk0.5|vm1.2|mid_1030_1300,10,0.18,8,1,1,80.0,88.9,8.07,2.12,0.3,78.0
SHORT:below_pivot+orb_break_dn_v+rvol_thrust_dn+below_vwap_v|nk0.8|vm0.8|mid_1030_1300,10,0.18,8,1,1,80.0,88.9,8.07,2.12,0.3,78.0
SHORT:below_pivot+orb_break_dn_v+rvol_thrust_dn+below_vwap_v|nk0.8|vm1.2|mid_1030_1300,10,0.18,8,1,1,80.0,88.9,8.07,2.12,0.3,78.0
SHORT:below_pivot+orb_break_dn_v+rvol_thrust_dn+cvd_dn|nk0.0|vm0.8|mid_1030_1300,10,0.18,8,1,1,80.0,88.9,8.07,2.12,0.3,78.0
SHORT:below_pivot+orb_break_dn_v+rvol_thrust_dn+cvd_dn|nk0.0|vm1.2|mid_1030_1300,10,0.18,8,1,1,80.0,88.9,8.07,2.12,0.3,78.0
SHORT:below_pivot+orb_break_dn_v+rvol_thrust_dn+cvd_dn|nk0.5|vm0.8|mid_1030_1300,10,0.18,8,1,1,80.0,88.9,8.07,2.12,0.3,78.0
SHORT:below_pivot+orb_break_dn_v+rvol_thrust_dn+cvd_dn|nk0.5|vm1.2|mid_1030_1300,10,0.18,8,1,1,80.0,88.9,8.07,2.12,0.3,78.0
SHORT:below_pivot+orb_break_dn_v+rvol_thrust_dn+cvd_dn|nk0.8|vm0.8|mid_1030_1300,10,0.18,8,1,1,80.0,88.9,8.07,2.12,0.3,78.0
SHORT:below_pivot+orb_break_dn_v+rvol_thrust_dn+cvd_dn|nk0.8|vm1.2|mid_1030_1300,10,0.18,8,1,1,80.0,88.9,8.07,2.12,0.3,78.0
SHORT:below_pivot+orb_break_dn_v+rvol_thrust_dn+cvd_dn_v|nk0.0|vm0.8|mid_1030_1300,10,0.18,8,1,1,80.0,88.9,8.07,2.12,0.3,78.0
SHORT:below_pivot+orb_break_dn_v+rvol_thrust_dn+cvd_dn_v|nk0.0|vm1.2|mid_1030_1300,10,0.18,8,1,1,80.0,88.9,8.07,2.12,0.3,78.0
SHORT:below_pivot+orb_break_dn_v+rvol_thrust_dn+cvd_dn_v|nk0.5|vm0.8|mid_1030_1300,10,0.18,8,1,1,80.0,88.9,8.07,2.12,0.3,78.0
SHORT:below_pivot+orb_break_dn_v+rvol_thrust_dn+cvd_dn_v|nk0.5|vm1.2|mid_1030_1300,10,0.18,8,1,1,80.0,88.9,8.07,2.12,0.3,78.0
SHORT:below_pivot+orb_break_dn_v+rvol_thrust_dn+cvd_dn_v|nk0.8|vm0.8|mid_1030_1300,10,0.18,8,1,1,80.0,88.9,8.07,2.12,0.3,78.0
SHORT:below_pivot+orb_break_dn_v+rvol_thrust_dn+cvd_dn_v|nk0.8|vm1.2|mid_1030_1300,10,0.18,8,1,1,80.0,88.9,8.07,2.12,0.3,78.0
SHORT:macd_x_dn+below_vwap_v+cvd_dn+cvd_dn_v|nk0.0|vm0.8|mid_1030_1300,10,0.18,8,1,1,80.0,88.9,8.16,2.15,0.3,67.5
SHORT:macd_x_dn+below_vwap_v+cvd_dn+cvd_dn_v|nk0.0|vm1.2|mid_1030_1300,10,0.18,8,1,1,80.0,88.9,8.16,2.15,0.3,67.5
SHORT:macd_x_dn+below_vwap_v+cvd_dn+cvd_dn_v|nk0.5|vm0.8|mid_1030_1300,10,0.18,8,1,1,80.0,88.9,8.16,2.15,0.3,67.5
SHORT:macd_x_dn+below_vwap_v+cvd_dn+cvd_dn_v|nk0.5|vm1.2|mid_1030_1300,10,0.18,8,1,1,80.0,88.9,8.16,2.15,0.3,67.5
SHORT:macd_x_dn+rvol_thrust_dn|nk0.0|vm0.8|mid_1030_1300,9,0.16,7,1,1,77.8,87.5,7.16,1.85,0.3,68.9
SHORT:macd_x_dn+rvol_thrust_dn|nk0.0|vm1.2|mid_1030_1300,9,0.16,7,1,1,77.8,87.5,7.16,1.85,0.3,68.9
SHORT:macd_x_dn+rvol_thrust_dn|nk0.5|vm0.8|mid_1030_1300,9,0.16,7,1,1,77.8,87.5,7.16,1.85,0.3,68.9
SHORT:macd_x_dn+rvol_thrust_dn|nk0.5|vm1.2|mid_1030_1300,9,0.16,7,1,1,77.8,87.5,7.16,1.85,0.3,68.9
SHORT:below_vwap+macd_x_dn+rvol_thrust_dn|nk0.0|vm0.8|mid_1030_1300,9,0.16,7,1,1,77.8,87.5,7.16,1.85,0.3,68.9
SHORT:below_vwap+macd_x_dn+rvol_thrust_dn|nk0.0|vm1.2|mid_1030_1300,9,0.16,7,1,1,77.8,87.5,7.16,1.85,0.3,68.9
SHORT:below_vwap+macd_x_dn+rvol_thrust_dn|nk0.5|vm0.8|mid_1030_1300,9,0.16,7,1,1,77.8,87.5,7.16,1.85,0.3,68.9
SHORT:below_vwap+macd_x_dn+rvol_thrust_dn|nk0.5|vm1.2|mid_1030_1300,9,0.16,7,1,1,77.8,87.5,7.16,1.85,0.3,68.9
SHORT:macd_x_dn+weak_close+rvol_thrust_dn|nk0.0|vm0.8|mid_1030_1300,9,0.16,7,1,1,77.8,87.5,7.16,1.85,0.3,68.9
SHORT:macd_x_dn+weak_close+rvol_thrust_dn|nk0.0|vm1.2|mid_1030_1300,9,0.16,7,1,1,77.8,87.5,7.16,1.85,0.3,68.9
SHORT:macd_x_dn+weak_close+rvol_thrust_dn|nk0.5|vm0.8|mid_1030_1300,9,0.16,7,1,1,77.8,87.5,7.16,1.85,0.3,68.9
SHORT:macd_x_dn+weak_close+rvol_thrust_dn|nk0.5|vm1.2|mid_1030_1300,9,0.16,7,1,1,77.8,87.5,7.16,1.85,0.3,68.9
SHORT:macd_x_dn+weak_close+below_vwap_v|nk0.0|vm0.8|mid_1030_1300,9,0.16,7,1,1,77.8,87.5,7.16,1.85,0.3,68.9
SHORT:macd_x_dn+weak_close+below_vwap_v|nk0.0|vm1.2|mid_1030_1300,9,0.16,7,1,1,77.8,87.5,7.16,1.85,0.3,68.9
SHORT:macd_x_dn+weak_close+below_vwap_v|nk0.5|vm0.8|mid_1030_1300,9,0.16,7,1,1,77.8,87.5,7.16,1.85,0.3,68.9
SHORT:macd_x_dn+weak_close+below_vwap_v|nk0.5|vm1.2|mid_1030_1300,9,0.16,7,1,1,77.8,87.5,7.16,1.85,0.3,68.9
SHORT:macd_x_dn+rvol_thrust_dn+below_vwap_v|nk0.0|vm0.8|mid_1030_1300,9,0.16,7,1,1,77.8,87.5,7.16,1.85,0.3,68.9
SHORT:macd_x_dn+rvol_thrust_dn+below_vwap_v|nk0.0|vm1.2|mid_1030_1300,9,0.16,7,1,1,77.8,87.5,7.16,1.85,0.3,68.9
SHORT:macd_x_dn+rvol_thrust_dn+below_vwap_v|nk0.5|vm0.8|mid_1030_1300,9,0.16,7,1,1,77.8,87.5,7.16,1.85,0.3,68.9
SHORT:macd_x_dn+rvol_thrust_dn+below_vwap_v|nk0.5|vm1.2|mid_1030_1300,9,0.16,7,1,1,77.8,87.5,7.16,1.85,0.3,68.9
SHORT:macd_x_dn+rvol_thrust_dn+cvd_dn|nk0.0|vm0.8|mid_1030_1300,9,0.16,7,1,1,77.8,87.5,7.16,1.85,0.3,68.9
SHORT:macd_x_dn+rvol_thrust_dn+cvd_dn|nk0.0|vm1.2|mid_1030_1300,9,0.16,7,1,1,77.8,87.5,7.16,1.85,0.3,68.9
SHORT:macd_x_dn+rvol_thrust_dn+cvd_dn|nk0.5|vm0.8|mid_1030_1300,9,0.16,7,1,1,77.8,87.5,7.16,1.85,0.3,68.9
SHORT:macd_x_dn+rvol_thrust_dn+cvd_dn|nk0.5|vm1.2|mid_1030_1300,9,0.16,7,1,1,77.8,87.5,7.16,1.85,0.3,68.9
SHORT:macd_x_dn+rvol_thrust_dn+cvd_dn_v|nk0.0|vm0.8|mid_1030_1300,9,0.16,7,1,1,77.8,87.5,7.16,1.85,0.3,68.9
SHORT:macd_x_dn+rvol_thrust_dn+cvd_dn_v|nk0.0|vm1.2|mid_1030_1300,9,0.16,7,1,1,77.8,87.5,7.16,1.85,0.3,68.9
SHORT:macd_x_dn+rvol_thrust_dn+cvd_dn_v|nk0.5|vm0.8|mid_1030_1300,9,0.16,7,1,1,77.8,87.5,7.16,1.85,0.3,68.9
SHORT:macd_x_dn+rvol_thrust_dn+cvd_dn_v|nk0.5|vm1.2|mid_1030_1300,9,0.16,7,1,1,77.8,87.5,7.16,1.85,0.3,68.9
SHORT:below_vwap+macd_x_dn+weak_close+rvol_thrust_dn|nk0.0|vm0.8|mid_1030_1300,9,0.16,7,1,1,77.8,87.5,7.16,1.85,0.3,68.9
SHORT:below_vwap+macd_x_dn+weak_close+rvol_thrust_dn|nk0.0|vm1.2|mid_1030_1300,9,0.16,7,1,1,77.8,87.5,7.16,1.85,0.3,68.9
SHORT:below_vwap+macd_x_dn+weak_close+rvol_thrust_dn|nk0.5|vm0.8|mid_1030_1300,9,0.16,7,1,1,77.8,87.5,7.16,1.85,0.3,68.9
SHORT:below_vwap+macd_x_dn+weak_close+rvol_thrust_dn|nk0.5|vm1.2|mid_1030_1300,9,0.16,7,1,1,77.8,87.5,7.16,1.85,0.3,68.9
SHORT:below_vwap+macd_x_dn+weak_close+below_vwap_v|nk0.0|vm0.8|mid_1030_1300,9,0.16,7,1,1,77.8,87.5,7.16,1.85,0.3,68.9
SHORT:below_vwap+macd_x_dn+weak_close+below_vwap_v|nk0.0|vm1.2|mid_1030_1300,9,0.16,7,1,1,77.8,87.5,7.16,1.85,0.3,68.9
SHORT:below_vwap+macd_x_dn+weak_close+below_vwap_v|nk0.5|vm0.8|mid_1030_1300,9,0.16,7,1,1,77.8,87.5,7.16,1.85,0.3,68.9
SHORT:below_vwap+macd_x_dn+weak_close+below_vwap_v|nk0.5|vm1.2|mid_1030_1300,9,0.16,7,1,1,77.8,87.5,7.16,1.85,0.3,68.9
SHORT:below_vwap+macd_x_dn+rvol_thrust_dn+below_vwap_v|nk0.0|vm0.8|mid_1030_1300,9,0.16,7,1,1,77.8,87.5,7.16,1.85,0.3,68.9
SHORT:below_vwap+macd_x_dn+rvol_thrust_dn+below_vwap_v|nk0.0|vm1.2|mid_1030_1300,9,0.16,7,1,1,77.8,87.5,7.16,1.85,0.3,68.9
SHORT:below_vwap+macd_x_dn+rvol_thrust_dn+below_vwap_v|nk0.5|vm0.8|mid_1030_1300,9,0.16,7,1,1,77.8,87.5,7.16,1.85,0.3,68.9
SHORT:below_vwap+macd_x_dn+rvol_thrust_dn+below_vwap_v|nk0.5|vm1.2|mid_1030_1300,9,0.16,7,1,1,77.8,87.5,7.16,1.85,0.3,68.9
SHORT:below_vwap+macd_x_dn+rvol_thrust_dn+cvd_dn|nk0.0|vm0.8|mid_1030_1300,9,0.16,7,1,1,77.8,87.5,7.16,1.85,0.3,68.9
SHORT:below_vwap+macd_x_dn+rvol_thrust_dn+cvd_dn|nk0.0|vm1.2|mid_1030_1300,9,0.16,7,1,1,77.8,87.5,7.16,1.85,0.3,68.9
SHORT:below_vwap+macd_x_dn+rvol_thrust_dn+cvd_dn|nk0.5|vm0.8|mid_1030_1300,9,0.16,7,1,1,77.8,87.5,7.16,1.85,0.3,68.9
SHORT:below_vwap+macd_x_dn+rvol_thrust_dn+cvd_dn|nk0.5|vm1.2|mid_1030_1300,9,0.16,7,1,1,77.8,87.5,7.16,1.85,0.3,68.9
SHORT:below_vwap+macd_x_dn+rvol_thrust_dn+cvd_dn_v|nk0.0|vm0.8|mid_1030_1300,9,0.16,7,1,1,77.8,87.5,7.16,1.85,0.3,68.9
SHORT:below_vwap+macd_x_dn+rvol_thrust_dn+cvd_dn_v|nk0.0|vm1.2|mid_1030_1300,9,0.16,7,1,1,77.8,87.5,7.16,1.85,0.3,68.9
SHORT:below_vwap+macd_x_dn+rvol_thrust_dn+cvd_dn_v|nk0.5|vm0.8|mid_1030_1300,9,0.16,7,1,1,77.8,87.5,7.16,1.85,0.3,68.9
SHORT:below_vwap+macd_x_dn+rvol_thrust_dn+cvd_dn_v|nk0.5|vm1.2|mid_1030_1300,9,0.16,7,1,1,77.8,87.5,7.16,1.85,0.3,68.9
SHORT:below_pivot+hist_turn_dn+weak_close+rsi_thrust_dn|nk0.8|vm0.8|full_0930_1400,9,0.16,7,1,1,77.8,87.5,4.29,1.61,0.19,60.6
SHORT:below_pivot+hist_turn_dn+weak_close+rsi_thrust_dn|nk0.8|vm1.2|full_0930_1400,9,0.16,7,1,1,77.8,87.5,4.29,1.61,0.19,60.6
SHORT:macd_x_dn+weak_close+rvol_thrust_dn+below_vwap_v|nk0.0|vm0.8|mid_1030_1300,9,0.16,7,1,1,77.8,87.5,7.16,1.85,0.3,68.9
SHORT:macd_x_dn+weak_close+rvol_thrust_dn+below_vwap_v|nk0.0|vm1.2|mid_1030_1300,9,0.16,7,1,1,77.8,87.5,7.16,1.85,0.3,68.9
SHORT:macd_x_dn+weak_close+rvol_thrust_dn+below_vwap_v|nk0.5|vm0.8|mid_1030_1300,9,0.16,7,1,1,77.8,87.5,7.16,1.85,0.3,68.9
SHORT:macd_x_dn+weak_close+rvol_thrust_dn+below_vwap_v|nk0.5|vm1.2|mid_1030_1300,9,0.16,7,1,1,77.8,87.5,7.16,1.85,0.3,68.9
SHORT:macd_x_dn+weak_close+rvol_thrust_dn+cvd_dn|nk0.0|vm0.8|mid_1030_1300,9,0.16,7,1,1,77.8,87.5,7.16,1.85,0.3,68.9
SHORT:macd_x_dn+weak_close+rvol_thrust_dn+cvd_dn|nk0.0|vm1.2|mid_1030_1300,9,0.16,7,1,1,77.8,87.5,7.16,1.85,0.3,68.9
SHORT:macd_x_dn+weak_close+rvol_thrust_dn+cvd_dn|nk0.5|vm0.8|mid_1030_1300,9,0.16,7,1,1,77.8,87.5,7.16,1.85,0.3,68.9
SHORT:macd_x_dn+weak_close+rvol_thrust_dn+cvd_dn|nk0.5|vm1.2|mid_1030_1300,9,0.16,7,1,1,77.8,87.5,7.16,1.85,0.3,68.9
SHORT:macd_x_dn+weak_close+rvol_thrust_dn+cvd_dn_v|nk0.0|vm0.8|mid_1030_1300,9,0.16,7,1,1,77.8,87.5,7.16,1.85,0.3,68.9
SHORT:macd_x_dn+weak_close+rvol_thrust_dn+cvd_dn_v|nk0.0|vm1.2|mid_1030_1300,9,0.16,7,1,1,77.8,87.5,7.16,1.85,0.3,68.9
SHORT:macd_x_dn+weak_close+rvol_thrust_dn+cvd_dn_v|nk0.5|vm0.8|mid_1030_1300,9,0.16,7,1,1,77.8,87.5,7.16,1.85,0.3,68.9
SHORT:macd_x_dn+weak_close+rvol_thrust_dn+cvd_dn_v|nk0.5|vm1.2|mid_1030_1300,9,0.16,7,1,1,77.8,87.5,7.16,1.85,0.3,68.9
SHORT:macd_x_dn+weak_close+below_vwap_v+cvd_dn|nk0.0|vm0.8|mid_1030_1300,9,0.16,7,1,1,77.8,87.5,7.16,1.85,0.3,68.9
SHORT:macd_x_dn+weak_close+below_vwap_v+cvd_dn|nk0.0|vm1.2|mid_1030_1300,9,0.16,7,1,1,77.8,87.5,7.16,1.85,0.3,68.9
SHORT:macd_x_dn+weak_close+below_vwap_v+cvd_dn|nk0.5|vm0.8|mid_1030_1300,9,0.16,7,1,1,77.8,87.5,7.16,1.85,0.3,68.9
SHORT:macd_x_dn+weak_close+below_vwap_v+cvd_dn|nk0.5|vm1.2|mid_1030_1300,9,0.16,7,1,1,77.8,87.5,7.16,1.85,0.3,68.9
SHORT:macd_x_dn+weak_close+below_vwap_v+cvd_dn_v|nk0.0|vm0.8|mid_1030_1300,9,0.16,7,1,1,77.8,87.5,7.16,1.85,0.3,68.9
SHORT:macd_x_dn+weak_close+below_vwap_v+cvd_dn_v|nk0.0|vm1.2|mid_1030_1300,9,0.16,7,1,1,77.8,87.5,7.16,1.85,0.3,68.9
SHORT:macd_x_dn+weak_close+below_vwap_v+cvd_dn_v|nk0.5|vm0.8|mid_1030_1300,9,0.16,7,1,1,77.8,87.5,7.16,1.85,0.3,68.9
SHORT:macd_x_dn+weak_close+below_vwap_v+cvd_dn_v|nk0.5|vm1.2|mid_1030_1300,9,0.16,7,1,1,77.8,87.5,7.16,1.85,0.3,68.9
SHORT:macd_x_dn+rvol_thrust_dn+below_vwap_v+cvd_dn|nk0.0|vm0.8|mid_1030_1300,9,0.16,7,1,1,77.8,87.5,7.16,1.85,0.3,68.9
SHORT:macd_x_dn+rvol_thrust_dn+below_vwap_v+cvd_dn|nk0.0|vm1.2|mid_1030_1300,9,0.16,7,1,1,77.8,87.5,7.16,1.85,0.3,68.9
SHORT:macd_x_dn+rvol_thrust_dn+below_vwap_v+cvd_dn|nk0.5|vm0.8|mid_1030_1300,9,0.16,7,1,1,77.8,87.5,7.16,1.85,0.3,68.9
SHORT:macd_x_dn+rvol_thrust_dn+below_vwap_v+cvd_dn|nk0.5|vm1.2|mid_1030_1300,9,0.16,7,1,1,77.8,87.5,7.16,1.85,0.3,68.9
SHORT:macd_x_dn+rvol_thrust_dn+below_vwap_v+cvd_dn_v|nk0.0|vm0.8|mid_1030_1300,9,0.16,7,1,1,77.8,87.5,7.16,1.85,0.3,68.9
SHORT:macd_x_dn+rvol_thrust_dn+below_vwap_v+cvd_dn_v|nk0.0|vm1.2|mid_1030_1300,9,0.16,7,1,1,77.8,87.5,7.16,1.85,0.3,68.9
SHORT:macd_x_dn+rvol_thrust_dn+below_vwap_v+cvd_dn_v|nk0.5|vm0.8|mid_1030_1300,9,0.16,7,1,1,77.8,87.5,7.16,1.85,0.3,68.9
SHORT:macd_x_dn+rvol_thrust_dn+below_vwap_v+cvd_dn_v|nk0.5|vm1.2|mid_1030_1300,9,0.16,7,1,1,77.8,87.5,7.16,1.85,0.3,68.9
SHORT:macd_x_dn+rvol_thrust_dn+cvd_dn+cvd_dn_v|nk0.0|vm0.8|mid_1030_1300,9,0.16,7,1,1,77.8,87.5,7.16,1.85,0.3,68.9
SHORT:macd_x_dn+rvol_thrust_dn+cvd_dn+cvd_dn_v|nk0.0|vm1.2|mid_1030_1300,9,0.16,7,1,1,77.8,87.5,7.16,1.85,0.3,68.9
SHORT:macd_x_dn+rvol_thrust_dn+cvd_dn+cvd_dn_v|nk0.5|vm0.8|mid_1030_1300,9,0.16,7,1,1,77.8,87.5,7.16,1.85,0.3,68.9
SHORT:macd_x_dn+rvol_thrust_dn+cvd_dn+cvd_dn_v|nk0.5|vm1.2|mid_1030_1300,9,0.16,7,1,1,77.8,87.5,7.16,1.85,0.3,68.9
SHORT:below_pivot+weak_close+orb_break_dn+cvd_dn|nk0.8|vm0.8|mid_1030_1300,13,0.23,10,1,2,76.9,90.9,7.37,2.61,0.41,91.9
SHORT:below_pivot+weak_close+orb_break_dn|nk0.8|vm0.8|mid_1030_1300,16,0.28,12,2,2,75.0,85.7,5.1,2.91,0.41,86.2
SHORT:below_vwap+delta_dump+macd_x_dn|nk0.0|vm0.8|mid_1030_1300,8,0.14,6,1,1,75.0,85.7,6.16,1.55,0.3,76.9
SHORT:below_vwap+delta_dump+macd_x_dn|nk0.0|vm1.2|mid_1030_1300,8,0.14,6,1,1,75.0,85.7,6.16,1.55,0.3,76.9
SHORT:below_vwap+delta_dump+macd_x_dn|nk0.5|vm0.8|mid_1030_1300,8,0.14,6,1,1,75.0,85.7,6.16,1.55,0.3,76.9
SHORT:below_vwap+delta_dump+macd_x_dn|nk0.5|vm1.2|mid_1030_1300,8,0.14,6,1,1,75.0,85.7,6.16,1.55,0.3,76.9
SHORT:adi_dn+macd_x_dn+rvol_thrust_dn|nk0.0|vm0.8|mid_1030_1300,8,0.14,6,1,1,75.0,85.7,6.16,1.55,0.3,76.9
SHORT:adi_dn+macd_x_dn+rvol_thrust_dn|nk0.0|vm1.2|mid_1030_1300,8,0.14,6,1,1,75.0,85.7,6.16,1.55,0.3,76.9
SHORT:adi_dn+macd_x_dn+rvol_thrust_dn|nk0.5|vm0.8|mid_1030_1300,8,0.14,6,1,1,75.0,85.7,6.16,1.55,0.3,76.9
SHORT:adi_dn+macd_x_dn+rvol_thrust_dn|nk0.5|vm1.2|mid_1030_1300,8,0.14,6,1,1,75.0,85.7,6.16,1.55,0.3,76.9
SHORT:adi_dn+macd_x_dn+below_vwap_v|nk0.0|vm0.8|mid_1030_1300,8,0.14,6,1,1,75.0,85.7,6.16,1.55,0.3,76.9
SHORT:adi_dn+macd_x_dn+below_vwap_v|nk0.0|vm1.2|mid_1030_1300,8,0.14,6,1,1,75.0,85.7,6.16,1.55,0.3,76.9
SHORT:adi_dn+macd_x_dn+below_vwap_v|nk0.5|vm0.8|mid_1030_1300,8,0.14,6,1,1,75.0,85.7,6.16,1.55,0.3,76.9
SHORT:adi_dn+macd_x_dn+below_vwap_v|nk0.5|vm1.2|mid_1030_1300,8,0.14,6,1,1,75.0,85.7,6.16,1.55,0.3,76.9
SHORT:delta_dump+macd_x_dn+rvol_thrust_dn|nk0.0|vm0.8|mid_1030_1300,8,0.14,6,1,1,75.0,85.7,6.16,1.55,0.3,76.9
SHORT:delta_dump+macd_x_dn+rvol_thrust_dn|nk0.0|vm1.2|mid_1030_1300,8,0.14,6,1,1,75.0,85.7,6.16,1.55,0.3,76.9
SHORT:delta_dump+macd_x_dn+rvol_thrust_dn|nk0.5|vm0.8|mid_1030_1300,8,0.14,6,1,1,75.0,85.7,6.16,1.55,0.3,76.9
SHORT:delta_dump+macd_x_dn+rvol_thrust_dn|nk0.5|vm1.2|mid_1030_1300,8,0.14,6,1,1,75.0,85.7,6.16,1.55,0.3,76.9
SHORT:delta_dump+macd_x_dn+below_vwap_v|nk0.0|vm0.8|mid_1030_1300,8,0.14,6,1,1,75.0,85.7,6.16,1.55,0.3,76.9
SHORT:delta_dump+macd_x_dn+below_vwap_v|nk0.0|vm1.2|mid_1030_1300,8,0.14,6,1,1,75.0,85.7,6.16,1.55,0.3,76.9
SHORT:delta_dump+macd_x_dn+below_vwap_v|nk0.5|vm0.8|mid_1030_1300,8,0.14,6,1,1,75.0,85.7,6.16,1.55,0.3,76.9
SHORT:delta_dump+macd_x_dn+below_vwap_v|nk0.5|vm1.2|mid_1030_1300,8,0.14,6,1,1,75.0,85.7,6.16,1.55,0.3,76.9
SHORT:delta_dump+macd_x_dn+cvd_dn|nk0.0|vm0.8|mid_1030_1300,8,0.14,6,1,1,75.0,85.7,6.16,1.55,0.3,76.9
SHORT:delta_dump+macd_x_dn+cvd_dn|nk0.0|vm1.2|mid_1030_1300,8,0.14,6,1,1,75.0,85.7,6.16,1.55,0.3,76.9
SHORT:delta_dump+macd_x_dn+cvd_dn|nk0.5|vm0.8|mid_1030_1300,8,0.14,6,1,1,75.0,85.7,6.16,1.55,0.3,76.9
SHORT:delta_dump+macd_x_dn+cvd_dn|nk0.5|vm1.2|mid_1030_1300,8,0.14,6,1,1,75.0,85.7,6.16,1.55,0.3,76.9
SHORT:delta_dump+macd_x_dn+cvd_dn_v|nk0.0|vm0.8|mid_1030_1300,8,0.14,6,1,1,75.0,85.7,6.16,1.55,0.3,76.9
SHORT:delta_dump+macd_x_dn+cvd_dn_v|nk0.0|vm1.2|mid_1030_1300,8,0.14,6,1,1,75.0,85.7,6.16,1.55,0.3,76.9
SHORT:delta_dump+macd_x_dn+cvd_dn_v|nk0.5|vm0.8|mid_1030_1300,8,0.14,6,1,1,75.0,85.7,6.16,1.55,0.3,76.9
SHORT:delta_dump+macd_x_dn+cvd_dn_v|nk0.5|vm1.2|mid_1030_1300,8,0.14,6,1,1,75.0,85.7,6.16,1.55,0.3,76.9
SHORT:below_vwap+adi_dn+delta_dump+macd_x_dn|nk0.0|vm0.8|mid_1030_1300,8,0.14,6,1,1,75.0,85.7,6.16,1.55,0.3,76.9
SHORT:below_vwap+adi_dn+delta_dump+macd_x_dn|nk0.0|vm1.2|mid_1030_1300,8,0.14,6,1,1,75.0,85.7,6.16,1.55,0.3,76.9
SHORT:below_vwap+adi_dn+delta_dump+macd_x_dn|nk0.5|vm0.8|mid_1030_1300,8,0.14,6,1,1,75.0,85.7,6.16,1.55,0.3,76.9
SHORT:below_vwap+adi_dn+delta_dump+macd_x_dn|nk0.5|vm1.2|mid_1030_1300,8,0.14,6,1,1,75.0,85.7,6.16,1.55,0.3,76.9
SHORT:below_vwap+adi_dn+macd_x_dn+rvol_thrust_dn|nk0.0|vm0.8|mid_1030_1300,8,0.14,6,1,1,75.0,85.7,6.16,1.55,0.3,76.9
SHORT:below_vwap+adi_dn+macd_x_dn+rvol_thrust_dn|nk0.0|vm1.2|mid_1030_1300,8,0.14,6,1,1,75.0,85.7,6.16,1.55,0.3,76.9
SHORT:below_vwap+adi_dn+macd_x_dn+rvol_thrust_dn|nk0.5|vm0.8|mid_1030_1300,8,0.14,6,1,1,75.0,85.7,6.16,1.55,0.3,76.9
SHORT:below_vwap+adi_dn+macd_x_dn+rvol_thrust_dn|nk0.5|vm1.2|mid_1030_1300,8,0.14,6,1,1,75.0,85.7,6.16,1.55,0.3,76.9
SHORT:below_vwap+adi_dn+macd_x_dn+below_vwap_v|nk0.0|vm0.8|mid_1030_1300,8,0.14,6,1,1,75.0,85.7,6.16,1.55,0.3,76.9
SHORT:below_vwap+adi_dn+macd_x_dn+below_vwap_v|nk0.0|vm1.2|mid_1030_1300,8,0.14,6,1,1,75.0,85.7,6.16,1.55,0.3,76.9
SHORT:below_vwap+adi_dn+macd_x_dn+below_vwap_v|nk0.5|vm0.8|mid_1030_1300,8,0.14,6,1,1,75.0,85.7,6.16,1.55,0.3,76.9
SHORT:below_vwap+adi_dn+macd_x_dn+below_vwap_v|nk0.5|vm1.2|mid_1030_1300,8,0.14,6,1,1,75.0,85.7,6.16,1.55,0.3,76.9
SHORT:below_vwap+delta_dump+macd_x_dn+weak_close|nk0.0|vm0.8|mid_1030_1300,8,0.14,6,1,1,75.0,85.7,6.16,1.55,0.3,76.9
SHORT:below_vwap+delta_dump+macd_x_dn+weak_close|nk0.0|vm1.2|mid_1030_1300,8,0.14,6,1,1,75.0,85.7,6.16,1.55,0.3,76.9
SHORT:below_vwap+delta_dump+macd_x_dn+weak_close|nk0.5|vm0.8|mid_1030_1300,8,0.14,6,1,1,75.0,85.7,6.16,1.55,0.3,76.9
SHORT:below_vwap+delta_dump+macd_x_dn+weak_close|nk0.5|vm1.2|mid_1030_1300,8,0.14,6,1,1,75.0,85.7,6.16,1.55,0.3,76.9
SHORT:below_vwap+delta_dump+macd_x_dn+rvol_thrust_dn|nk0.0|vm0.8|mid_1030_1300,8,0.14,6,1,1,75.0,85.7,6.16,1.55,0.3,76.9
SHORT:below_vwap+delta_dump+macd_x_dn+rvol_thrust_dn|nk0.0|vm1.2|mid_1030_1300,8,0.14,6,1,1,75.0,85.7,6.16,1.55,0.3,76.9
SHORT:below_vwap+delta_dump+macd_x_dn+rvol_thrust_dn|nk0.5|vm0.8|mid_1030_1300,8,0.14,6,1,1,75.0,85.7,6.16,1.55,0.3,76.9
SHORT:below_vwap+delta_dump+macd_x_dn+rvol_thrust_dn|nk0.5|vm1.2|mid_1030_1300,8,0.14,6,1,1,75.0,85.7,6.16,1.55,0.3,76.9
SHORT:below_vwap+delta_dump+macd_x_dn+below_vwap_v|nk0.0|vm0.8|mid_1030_1300,8,0.14,6,1,1,75.0,85.7,6.16,1.55,0.3,76.9
SHORT:below_vwap+delta_dump+macd_x_dn+below_vwap_v|nk0.0|vm1.2|mid_1030_1300,8,0.14,6,1,1,75.0,85.7,6.16,1.55,0.3,76.9
SHORT:below_vwap+delta_dump+macd_x_dn+below_vwap_v|nk0.5|vm0.8|mid_1030_1300,8,0.14,6,1,1,75.0,85.7,6.16,1.55,0.3,76.9
SHORT:below_vwap+delta_dump+macd_x_dn+below_vwap_v|nk0.5|vm1.2|mid_1030_1300,8,0.14,6,1,1,75.0,85.7,6.16,1.55,0.3,76.9
SHORT:below_vwap+delta_dump+macd_x_dn+cvd_dn|nk0.0|vm0.8|mid_1030_1300,8,0.14,6,1,1,75.0,85.7,6.16,1.55,0.3,76.9
SHORT:below_vwap+delta_dump+macd_x_dn+cvd_dn|nk0.0|vm1.2|mid_1030_1300,8,0.14,6,1,1,75.0,85.7,6.16,1.55,0.3,76.9
SHORT:below_vwap+delta_dump+macd_x_dn+cvd_dn|nk0.5|vm0.8|mid_1030_1300,8,0.14,6,1,1,75.0,85.7,6.16,1.55,0.3,76.9
SHORT:below_vwap+delta_dump+macd_x_dn+cvd_dn|nk0.5|vm1.2|mid_1030_1300,8,0.14,6,1,1,75.0,85.7,6.16,1.55,0.3,76.9
SHORT:below_vwap+delta_dump+macd_x_dn+cvd_dn_v|nk0.0|vm0.8|mid_1030_1300,8,0.14,6,1,1,75.0,85.7,6.16,1.55,0.3,76.9
SHORT:below_vwap+delta_dump+macd_x_dn+cvd_dn_v|nk0.0|vm1.2|mid_1030_1300,8,0.14,6,1,1,75.0,85.7,6.16,1.55,0.3,76.9
SHORT:below_vwap+delta_dump+macd_x_dn+cvd_dn_v|nk0.5|vm0.8|mid_1030_1300,8,0.14,6,1,1,75.0,85.7,6.16,1.55,0.3,76.9
SHORT:below_vwap+delta_dump+macd_x_dn+cvd_dn_v|nk0.5|vm1.2|mid_1030_1300,8,0.14,6,1,1,75.0,85.7,6.16,1.55,0.3,76.9
SHORT:adi_dn+delta_dump+macd_x_dn+rvol_thrust_dn|nk0.0|vm0.8|mid_1030_1300,8,0.14,6,1,1,75.0,85.7,6.16,1.55,0.3,76.9
SHORT:adi_dn+delta_dump+macd_x_dn+rvol_thrust_dn|nk0.0|vm1.2|mid_1030_1300,8,0.14,6,1,1,75.0,85.7,6.16,1.55,0.3,76.9
SHORT:adi_dn+delta_dump+macd_x_dn+rvol_thrust_dn|nk0.5|vm0.8|mid_1030_1300,8,0.14,6,1,1,75.0,85.7,6.16,1.55,0.3,76.9
SHORT:adi_dn+delta_dump+macd_x_dn+rvol_thrust_dn|nk0.5|vm1.2|mid_1030_1300,8,0.14,6,1,1,75.0,85.7,6.16,1.55,0.3,76.9
SHORT:adi_dn+delta_dump+macd_x_dn+below_vwap_v|nk0.0|vm0.8|mid_1030_1300,8,0.14,6,1,1,75.0,85.7,6.16,1.55,0.3,76.9
SHORT:adi_dn+delta_dump+macd_x_dn+below_vwap_v|nk0.0|vm1.2|mid_1030_1300,8,0.14,6,1,1,75.0,85.7,6.16,1.55,0.3,76.9
SHORT:adi_dn+delta_dump+macd_x_dn+below_vwap_v|nk0.5|vm0.8|mid_1030_1300,8,0.14,6,1,1,75.0,85.7,6.16,1.55,0.3,76.9
SHORT:adi_dn+delta_dump+macd_x_dn+below_vwap_v|nk0.5|vm1.2|mid_1030_1300,8,0.14,6,1,1,75.0,85.7,6.16,1.55,0.3,76.9
SHORT:adi_dn+delta_dump+macd_x_dn+cvd_dn|nk0.0|vm0.8|mid_1030_1300,8,0.14,6,1,1,75.0,85.7,6.16,1.55,0.3,76.9
SHORT:adi_dn+delta_dump+macd_x_dn+cvd_dn|nk0.0|vm1.2|mid_1030_1300,8,0.14,6,1,1,75.0,85.7,6.16,1.55,0.3,76.9
SHORT:adi_dn+delta_dump+macd_x_dn+cvd_dn|nk0.5|vm0.8|mid_1030_1300,8,0.14,6,1,1,75.0,85.7,6.16,1.55,0.3,76.9
SHORT:adi_dn+delta_dump+macd_x_dn+cvd_dn|nk0.5|vm1.2|mid_1030_1300,8,0.14,6,1,1,75.0,85.7,6.16,1.55,0.3,76.9
SHORT:adi_dn+delta_dump+macd_x_dn+cvd_dn_v|nk0.0|vm0.8|mid_1030_1300,8,0.14,6,1,1,75.0,85.7,6.16,1.55,0.3,76.9
SHORT:adi_dn+delta_dump+macd_x_dn+cvd_dn_v|nk0.0|vm1.2|mid_1030_1300,8,0.14,6,1,1,75.0,85.7,6.16,1.55,0.3,76.9
SHORT:adi_dn+delta_dump+macd_x_dn+cvd_dn_v|nk0.5|vm0.8|mid_1030_1300,8,0.14,6,1,1,75.0,85.7,6.16,1.55,0.3,76.9
SHORT:adi_dn+delta_dump+macd_x_dn+cvd_dn_v|nk0.5|vm1.2|mid_1030_1300,8,0.14,6,1,1,75.0,85.7,6.16,1.55,0.3,76.9
SHORT:adi_dn+macd_x_dn+weak_close+rvol_thrust_dn|nk0.0|vm0.8|mid_1030_1300,8,0.14,6,1,1,75.0,85.7,6.16,1.55,0.3,76.9
SHORT:adi_dn+macd_x_dn+weak_close+rvol_thrust_dn|nk0.0|vm1.2|mid_1030_1300,8,0.14,6,1,1,75.0,85.7,6.16,1.55,0.3,76.9
SHORT:adi_dn+macd_x_dn+weak_close+rvol_thrust_dn|nk0.5|vm0.8|mid_1030_1300,8,0.14,6,1,1,75.0,85.7,6.16,1.55,0.3,76.9
SHORT:adi_dn+macd_x_dn+weak_close+rvol_thrust_dn|nk0.5|vm1.2|mid_1030_1300,8,0.14,6,1,1,75.0,85.7,6.16,1.55,0.3,76.9
SHORT:adi_dn+macd_x_dn+weak_close+below_vwap_v|nk0.0|vm0.8|mid_1030_1300,8,0.14,6,1,1,75.0,85.7,6.16,1.55,0.3,76.9
SHORT:adi_dn+macd_x_dn+weak_close+below_vwap_v|nk0.0|vm1.2|mid_1030_1300,8,0.14,6,1,1,75.0,85.7,6.16,1.55,0.3,76.9
SHORT:adi_dn+macd_x_dn+weak_close+below_vwap_v|nk0.5|vm0.8|mid_1030_1300,8,0.14,6,1,1,75.0,85.7,6.16,1.55,0.3,76.9
SHORT:adi_dn+macd_x_dn+weak_close+below_vwap_v|nk0.5|vm1.2|mid_1030_1300,8,0.14,6,1,1,75.0,85.7,6.16,1.55,0.3,76.9
SHORT:adi_dn+macd_x_dn+rvol_thrust_dn+below_vwap_v|nk0.0|vm0.8|mid_1030_1300,8,0.14,6,1,1,75.0,85.7,6.16,1.55,0.3,76.9
SHORT:adi_dn+macd_x_dn+rvol_thrust_dn+below_vwap_v|nk0.0|vm1.2|mid_1030_1300,8,0.14,6,1,1,75.0,85.7,6.16,1.55,0.3,76.9
SHORT:adi_dn+macd_x_dn+rvol_thrust_dn+below_vwap_v|nk0.5|vm0.8|mid_1030_1300,8,0.14,6,1,1,75.0,85.7,6.16,1.55,0.3,76.9
SHORT:adi_dn+macd_x_dn+rvol_thrust_dn+below_vwap_v|nk0.5|vm1.2|mid_1030_1300,8,0.14,6,1,1,75.0,85.7,6.16,1.55,0.3,76.9
SHORT:adi_dn+macd_x_dn+rvol_thrust_dn+cvd_dn|nk0.0|vm0.8|mid_1030_1300,8,0.14,6,1,1,75.0,85.7,6.16,1.55,0.3,76.9
SHORT:adi_dn+macd_x_dn+rvol_thrust_dn+cvd_dn|nk0.0|vm1.2|mid_1030_1300,8,0.14,6,1,1,75.0,85.7,6.16,1.55,0.3,76.9
SHORT:adi_dn+macd_x_dn+rvol_thrust_dn+cvd_dn|nk0.5|vm0.8|mid_1030_1300,8,0.14,6,1,1,75.0,85.7,6.16,1.55,0.3,76.9
SHORT:adi_dn+macd_x_dn+rvol_thrust_dn+cvd_dn|nk0.5|vm1.2|mid_1030_1300,8,0.14,6,1,1,75.0,85.7,6.16,1.55,0.3,76.9
SHORT:adi_dn+macd_x_dn+rvol_thrust_dn+cvd_dn_v|nk0.0|vm0.8|mid_1030_1300,8,0.14,6,1,1,75.0,85.7,6.16,1.55,0.3,76.9
SHORT:adi_dn+macd_x_dn+rvol_thrust_dn+cvd_dn_v|nk0.0|vm1.2|mid_1030_1300,8,0.14,6,1,1,75.0,85.7,6.16,1.55,0.3,76.9
SHORT:adi_dn+macd_x_dn+rvol_thrust_dn+cvd_dn_v|nk0.5|vm0.8|mid_1030_1300,8,0.14,6,1,1,75.0,85.7,6.16,1.55,0.3,76.9
SHORT:adi_dn+macd_x_dn+rvol_thrust_dn+cvd_dn_v|nk0.5|vm1.2|mid_1030_1300,8,0.14,6,1,1,75.0,85.7,6.16,1.55,0.3,76.9
SHORT:adi_dn+macd_x_dn+below_vwap_v+cvd_dn|nk0.0|vm0.8|mid_1030_1300,8,0.14,6,1,1,75.0,85.7,6.16,1.55,0.3,76.9
SHORT:adi_dn+macd_x_dn+below_vwap_v+cvd_dn|nk0.0|vm1.2|mid_1030_1300,8,0.14,6,1,1,75.0,85.7,6.16,1.55,0.3,76.9
SHORT:adi_dn+macd_x_dn+below_vwap_v+cvd_dn|nk0.5|vm0.8|mid_1030_1300,8,0.14,6,1,1,75.0,85.7,6.16,1.55,0.3,76.9
SHORT:adi_dn+macd_x_dn+below_vwap_v+cvd_dn|nk0.5|vm1.2|mid_1030_1300,8,0.14,6,1,1,75.0,85.7,6.16,1.55,0.3,76.9
SHORT:adi_dn+macd_x_dn+below_vwap_v+cvd_dn_v|nk0.0|vm0.8|mid_1030_1300,8,0.14,6,1,1,75.0,85.7,6.16,1.55,0.3,76.9
SHORT:adi_dn+macd_x_dn+below_vwap_v+cvd_dn_v|nk0.0|vm1.2|mid_1030_1300,8,0.14,6,1,1,75.0,85.7,6.16,1.55,0.3,76.9
SHORT:adi_dn+macd_x_dn+below_vwap_v+cvd_dn_v|nk0.5|vm0.8|mid_1030_1300,8,0.14,6,1,1,75.0,85.7,6.16,1.55,0.3,76.9
SHORT:adi_dn+macd_x_dn+below_vwap_v+cvd_dn_v|nk0.5|vm1.2|mid_1030_1300,8,0.14,6,1,1,75.0,85.7,6.16,1.55,0.3,76.9
SHORT:delta_dump+macd_x_dn+weak_close+rvol_thrust_dn|nk0.0|vm0.8|mid_1030_1300,8,0.14,6,1,1,75.0,85.7,6.16,1.55,0.3,76.9
SHORT:delta_dump+macd_x_dn+weak_close+rvol_thrust_dn|nk0.0|vm1.2|mid_1030_1300,8,0.14,6,1,1,75.0,85.7,6.16,1.55,0.3,76.9
SHORT:delta_dump+macd_x_dn+weak_close+rvol_thrust_dn|nk0.5|vm0.8|mid_1030_1300,8,0.14,6,1,1,75.0,85.7,6.16,1.55,0.3,76.9
SHORT:delta_dump+macd_x_dn+weak_close+rvol_thrust_dn|nk0.5|vm1.2|mid_1030_1300,8,0.14,6,1,1,75.0,85.7,6.16,1.55,0.3,76.9
SHORT:delta_dump+macd_x_dn+weak_close+below_vwap_v|nk0.0|vm0.8|mid_1030_1300,8,0.14,6,1,1,75.0,85.7,6.16,1.55,0.3,76.9
SHORT:delta_dump+macd_x_dn+weak_close+below_vwap_v|nk0.0|vm1.2|mid_1030_1300,8,0.14,6,1,1,75.0,85.7,6.16,1.55,0.3,76.9
SHORT:delta_dump+macd_x_dn+weak_close+below_vwap_v|nk0.5|vm0.8|mid_1030_1300,8,0.14,6,1,1,75.0,85.7,6.16,1.55,0.3,76.9
SHORT:delta_dump+macd_x_dn+weak_close+below_vwap_v|nk0.5|vm1.2|mid_1030_1300,8,0.14,6,1,1,75.0,85.7,6.16,1.55,0.3,76.9
SHORT:delta_dump+macd_x_dn+weak_close+cvd_dn|nk0.0|vm0.8|mid_1030_1300,8,0.14,6,1,1,75.0,85.7,6.16,1.55,0.3,76.9
SHORT:delta_dump+macd_x_dn+weak_close+cvd_dn|nk0.0|vm1.2|mid_1030_1300,8,0.14,6,1,1,75.0,85.7,6.16,1.55,0.3,76.9
SHORT:delta_dump+macd_x_dn+weak_close+cvd_dn|nk0.5|vm0.8|mid_1030_1300,8,0.14,6,1,1,75.0,85.7,6.16,1.55,0.3,76.9
SHORT:delta_dump+macd_x_dn+weak_close+cvd_dn|nk0.5|vm1.2|mid_1030_1300,8,0.14,6,1,1,75.0,85.7,6.16,1.55,0.3,76.9
SHORT:delta_dump+macd_x_dn+weak_close+cvd_dn_v|nk0.0|vm0.8|mid_1030_1300,8,0.14,6,1,1,75.0,85.7,6.16,1.55,0.3,76.9
SHORT:delta_dump+macd_x_dn+weak_close+cvd_dn_v|nk0.0|vm1.2|mid_1030_1300,8,0.14,6,1,1,75.0,85.7,6.16,1.55,0.3,76.9
SHORT:delta_dump+macd_x_dn+weak_close+cvd_dn_v|nk0.5|vm0.8|mid_1030_1300,8,0.14,6,1,1,75.0,85.7,6.16,1.55,0.3,76.9
SHORT:delta_dump+macd_x_dn+weak_close+cvd_dn_v|nk0.5|vm1.2|mid_1030_1300,8,0.14,6,1,1,75.0,85.7,6.16,1.55,0.3,76.9
SHORT:delta_dump+macd_x_dn+rvol_thrust_dn+below_vwap_v|nk0.0|vm0.8|mid_1030_1300,8,0.14,6,1,1,75.0,85.7,6.16,1.55,0.3,76.9
SHORT:delta_dump+macd_x_dn+rvol_thrust_dn+below_vwap_v|nk0.0|vm1.2|mid_1030_1300,8,0.14,6,1,1,75.0,85.7,6.16,1.55,0.3,76.9
SHORT:delta_dump+macd_x_dn+rvol_thrust_dn+below_vwap_v|nk0.5|vm0.8|mid_1030_1300,8,0.14,6,1,1,75.0,85.7,6.16,1.55,0.3,76.9
SHORT:delta_dump+macd_x_dn+rvol_thrust_dn+below_vwap_v|nk0.5|vm1.2|mid_1030_1300,8,0.14,6,1,1,75.0,85.7,6.16,1.55,0.3,76.9
SHORT:delta_dump+macd_x_dn+rvol_thrust_dn+cvd_dn|nk0.0|vm0.8|mid_1030_1300,8,0.14,6,1,1,75.0,85.7,6.16,1.55,0.3,76.9
SHORT:delta_dump+macd_x_dn+rvol_thrust_dn+cvd_dn|nk0.0|vm1.2|mid_1030_1300,8,0.14,6,1,1,75.0,85.7,6.16,1.55,0.3,76.9
SHORT:delta_dump+macd_x_dn+rvol_thrust_dn+cvd_dn|nk0.5|vm0.8|mid_1030_1300,8,0.14,6,1,1,75.0,85.7,6.16,1.55,0.3,76.9
SHORT:delta_dump+macd_x_dn+rvol_thrust_dn+cvd_dn|nk0.5|vm1.2|mid_1030_1300,8,0.14,6,1,1,75.0,85.7,6.16,1.55,0.3,76.9
SHORT:delta_dump+macd_x_dn+rvol_thrust_dn+cvd_dn_v|nk0.0|vm0.8|mid_1030_1300,8,0.14,6,1,1,75.0,85.7,6.16,1.55,0.3,76.9
SHORT:delta_dump+macd_x_dn+rvol_thrust_dn+cvd_dn_v|nk0.0|vm1.2|mid_1030_1300,8,0.14,6,1,1,75.0,85.7,6.16,1.55,0.3,76.9
SHORT:delta_dump+macd_x_dn+rvol_thrust_dn+cvd_dn_v|nk0.5|vm0.8|mid_1030_1300,8,0.14,6,1,1,75.0,85.7,6.16,1.55,0.3,76.9
SHORT:delta_dump+macd_x_dn+rvol_thrust_dn+cvd_dn_v|nk0.5|vm1.2|mid_1030_1300,8,0.14,6,1,1,75.0,85.7,6.16,1.55,0.3,76.9
SHORT:delta_dump+macd_x_dn+below_vwap_v+cvd_dn|nk0.0|vm0.8|mid_1030_1300,8,0.14,6,1,1,75.0,85.7,6.16,1.55,0.3,76.9
SHORT:delta_dump+macd_x_dn+below_vwap_v+cvd_dn|nk0.0|vm1.2|mid_1030_1300,8,0.14,6,1,1,75.0,85.7,6.16,1.55,0.3,76.9
SHORT:delta_dump+macd_x_dn+below_vwap_v+cvd_dn|nk0.5|vm0.8|mid_1030_1300,8,0.14,6,1,1,75.0,85.7,6.16,1.55,0.3,76.9
SHORT:delta_dump+macd_x_dn+below_vwap_v+cvd_dn|nk0.5|vm1.2|mid_1030_1300,8,0.14,6,1,1,75.0,85.7,6.16,1.55,0.3,76.9
SHORT:delta_dump+macd_x_dn+below_vwap_v+cvd_dn_v|nk0.0|vm0.8|mid_1030_1300,8,0.14,6,1,1,75.0,85.7,6.16,1.55,0.3,76.9
SHORT:delta_dump+macd_x_dn+below_vwap_v+cvd_dn_v|nk0.0|vm1.2|mid_1030_1300,8,0.14,6,1,1,75.0,85.7,6.16,1.55,0.3,76.9
SHORT:delta_dump+macd_x_dn+below_vwap_v+cvd_dn_v|nk0.5|vm0.8|mid_1030_1300,8,0.14,6,1,1,75.0,85.7,6.16,1.55,0.3,76.9
SHORT:delta_dump+macd_x_dn+below_vwap_v+cvd_dn_v|nk0.5|vm1.2|mid_1030_1300,8,0.14,6,1,1,75.0,85.7,6.16,1.55,0.3,76.9
SHORT:delta_dump+macd_x_dn+cvd_dn+cvd_dn_v|nk0.0|vm0.8|mid_1030_1300,8,0.14,6,1,1,75.0,85.7,6.16,1.55,0.3,76.9
SHORT:delta_dump+macd_x_dn+cvd_dn+cvd_dn_v|nk0.0|vm1.2|mid_1030_1300,8,0.14,6,1,1,75.0,85.7,6.16,1.55,0.3,76.9
SHORT:delta_dump+macd_x_dn+cvd_dn+cvd_dn_v|nk0.5|vm0.8|mid_1030_1300,8,0.14,6,1,1,75.0,85.7,6.16,1.55,0.3,76.9
SHORT:delta_dump+macd_x_dn+cvd_dn+cvd_dn_v|nk0.5|vm1.2|mid_1030_1300,8,0.14,6,1,1,75.0,85.7,6.16,1.55,0.3,76.9
SHORT:adi_dn+hist_turn_dn+orb_break_dn+cvd_dn|nk0.0|vm0.8|full_0930_1400,17,0.3,12,2,3,70.6,85.7,4.22,2.82,0.57,80.3
SHORT:adi_dn+hist_turn_dn+orb_break_dn+cvd_dn|nk0.5|vm0.8|full_0930_1400,17,0.3,12,2,3,70.6,85.7,4.22,2.82,0.57,80.3
SHORT:hist_turn_dn+weak_close+orb_break_dn+cvd_dn|nk0.0|vm0.8|full_0930_1400,17,0.3,12,2,3,70.6,85.7,4.22,2.82,0.57,80.3
SHORT:hist_turn_dn+weak_close+orb_break_dn+cvd_dn|nk0.5|vm0.8|full_0930_1400,17,0.3,12,2,3,70.6,85.7,4.22,2.82,0.57,80.3
