config,trades,trades_per_day,wins,stops,scratch,win_rate,tp_before_sl,profit_factor,net_pct,max_drawdown_pct,avg_hold_min
SHORT:below_pivot+weak_close+vwap_loss_v|nk0.0|vm0.8|am_0845_1130,7,0.12,7,0,0,100.0,100.0,inf,2.1,0.0,40.0
SHORT:below_pivot+weak_close+vwap_loss_v|nk0.0|vm1.2|am_0845_1130,7,0.12,7,0,0,100.0,100.0,inf,2.1,0.0,40.0
SHORT:below_pivot+weak_close+vwap_loss_v|nk0.5|vm0.8|am_0845_1130,7,0.12,7,0,0,100.0,100.0,inf,2.1,0.0,40.0
SHORT:below_pivot+weak_close+vwap_loss_v|nk0.5|vm1.2|am_0845_1130,7,0.12,7,0,0,100.0,100.0,inf,2.1,0.0,40.0
SHORT:vwap_loss+below_pivot+weak_close+vwap_loss_v|nk0.0|vm0.8|am_0845_1130,7,0.12,7,0,0,100.0,100.0,inf,2.1,0.0,40.0
SHORT:vwap_loss+below_pivot+weak_close+vwap_loss_v|nk0.0|vm1.2|am_0845_1130,7,0.12,7,0,0,100.0,100.0,inf,2.1,0.0,40.0
SHORT:vwap_loss+below_pivot+weak_close+vwap_loss_v|nk0.5|vm0.8|am_0845_1130,7,0.12,7,0,0,100.0,100.0,inf,2.1,0.0,40.0
SHORT:vwap_loss+below_pivot+weak_close+vwap_loss_v|nk0.5|vm1.2|am_0845_1130,7,0.12,7,0,0,100.0,100.0,inf,2.1,0.0,40.0
SHORT:below_vwap+below_pivot+weak_close+vwap_loss_v|nk0.0|vm0.8|am_0845_1130,7,0.12,7,0,0,100.0,100.0,inf,2.1,0.0,40.0
SHORT:below_vwap+below_pivot+weak_close+vwap_loss_v|nk0.0|vm1.2|am_0845_1130,7,0.12,7,0,0,100.0,100.0,inf,2.1,0.0,40.0
SHORT:below_vwap+below_pivot+weak_close+vwap_loss_v|nk0.5|vm0.8|am_0845_1130,7,0.12,7,0,0,100.0,100.0,inf,2.1,0.0,40.0
SHORT:below_vwap+below_pivot+weak_close+vwap_loss_v|nk0.5|vm1.2|am_0845_1130,7,0.12,7,0,0,100.0,100.0,inf,2.1,0.0,40.0
SHORT:vwap_loss+macd_x_dn_pos|nk0.0|vm0.8|full_0845_1400,6,0.1,6,0,0,100.0,100.0,inf,1.8,0.0,53.3
SHORT:vwap_loss+macd_x_dn_pos|nk0.5|vm0.8|full_0845_1400,6,0.1,6,0,0,100.0,100.0,inf,1.8,0.0,53.3
SHORT:vwap_loss+below_vwap+macd_x_dn_pos|nk0.0|vm0.8|full_0845_1400,6,0.1,6,0,0,100.0,100.0,inf,1.8,0.0,53.3
SHORT:vwap_loss+below_vwap+macd_x_dn_pos|nk0.5|vm0.8|full_0845_1400,6,0.1,6,0,0,100.0,100.0,inf,1.8,0.0,53.3
SHORT:vwap_loss+adi_dn+macd_x_dn_pos|nk0.0|vm0.8|full_0845_1400,6,0.1,6,0,0,100.0,100.0,inf,1.8,0.0,53.3
SHORT:vwap_loss+adi_dn+macd_x_dn_pos|nk0.5|vm0.8|full_0845_1400,6,0.1,6,0,0,100.0,100.0,inf,1.8,0.0,53.3
SHORT:vwap_loss+below_pivot+rvol_thrust_dn|nk0.0|vm0.8|am_0845_1130,6,0.1,6,0,0,100.0,100.0,inf,1.8,0.0,26.7
SHORT:vwap_loss+below_pivot+rvol_thrust_dn|nk0.0|vm1.2|am_0845_1130,6,0.1,6,0,0,100.0,100.0,inf,1.8,0.0,26.7
SHORT:vwap_loss+below_pivot+rvol_thrust_dn|nk0.5|vm0.8|am_0845_1130,6,0.1,6,0,0,100.0,100.0,inf,1.8,0.0,26.7
SHORT:vwap_loss+below_pivot+rvol_thrust_dn|nk0.5|vm1.2|am_0845_1130,6,0.1,6,0,0,100.0,100.0,inf,1.8,0.0,26.7
SHORT:vwap_loss+macd_x_dn+macd_x_dn_pos|nk0.0|vm0.8|full_0845_1400,6,0.1,6,0,0,100.0,100.0,inf,1.8,0.0,53.3
SHORT:vwap_loss+macd_x_dn+macd_x_dn_pos|nk0.5|vm0.8|full_0845_1400,6,0.1,6,0,0,100.0,100.0,inf,1.8,0.0,53.3
SHORT:vwap_loss+macd_x_dn_pos+cvd_dn|nk0.0|vm0.8|full_0845_1400,6,0.1,6,0,0,100.0,100.0,inf,1.8,0.0,53.3
SHORT:vwap_loss+macd_x_dn_pos+cvd_dn|nk0.5|vm0.8|full_0845_1400,6,0.1,6,0,0,100.0,100.0,inf,1.8,0.0,53.3
SHORT:below_pivot+vwap_loss_v+rvol_thrust_dn|nk0.0|vm0.8|am_0845_1130,6,0.1,6,0,0,100.0,100.0,inf,1.8,0.0,26.7
SHORT:below_pivot+vwap_loss_v+rvol_thrust_dn|nk0.0|vm1.2|am_0845_1130,6,0.1,6,0,0,100.0,100.0,inf,1.8,0.0,26.7
SHORT:below_pivot+vwap_loss_v+rvol_thrust_dn|nk0.5|vm0.8|am_0845_1130,6,0.1,6,0,0,100.0,100.0,inf,1.8,0.0,26.7
SHORT:below_pivot+vwap_loss_v+rvol_thrust_dn|nk0.5|vm1.2|am_0845_1130,6,0.1,6,0,0,100.0,100.0,inf,1.8,0.0,26.7
SHORT:vwap_loss+below_vwap+adi_dn+macd_x_dn_pos|nk0.0|vm0.8|full_0845_1400,6,0.1,6,0,0,100.0,100.0,inf,1.8,0.0,53.3
SHORT:vwap_loss+below_vwap+adi_dn+macd_x_dn_pos|nk0.5|vm0.8|full_0845_1400,6,0.1,6,0,0,100.0,100.0,inf,1.8,0.0,53.3
SHORT:vwap_loss+below_vwap+below_pivot+rvol_thrust_dn|nk0.0|vm0.8|am_0845_1130,6,0.1,6,0,0,100.0,100.0,inf,1.8,0.0,26.7
SHORT:vwap_loss+below_vwap+below_pivot+rvol_thrust_dn|nk0.0|vm1.2|am_0845_1130,6,0.1,6,0,0,100.0,100.0,inf,1.8,0.0,26.7
SHORT:vwap_loss+below_vwap+below_pivot+rvol_thrust_dn|nk0.5|vm0.8|am_0845_1130,6,0.1,6,0,0,100.0,100.0,inf,1.8,0.0,26.7
SHORT:vwap_loss+below_vwap+below_pivot+rvol_thrust_dn|nk0.5|vm1.2|am_0845_1130,6,0.1,6,0,0,100.0,100.0,inf,1.8,0.0,26.7
SHORT:vwap_loss+below_vwap+macd_x_dn+macd_x_dn_pos|nk0.0|vm0.8|full_0845_1400,6,0.1,6,0,0,100.0,100.0,inf,1.8,0.0,53.3
SHORT:vwap_loss+below_vwap+macd_x_dn+macd_x_dn_pos|nk0.5|vm0.8|full_0845_1400,6,0.1,6,0,0,100.0,100.0,inf,1.8,0.0,53.3
SHORT:vwap_loss+below_vwap+macd_x_dn_pos+cvd_dn|nk0.0|vm0.8|full_0845_1400,6,0.1,6,0,0,100.0,100.0,inf,1.8,0.0,53.3
SHORT:vwap_loss+below_vwap+macd_x_dn_pos+cvd_dn|nk0.5|vm0.8|full_0845_1400,6,0.1,6,0,0,100.0,100.0,inf,1.8,0.0,53.3
SHORT:vwap_loss+adi_dn+macd_x_dn+macd_x_dn_pos|nk0.0|vm0.8|full_0845_1400,6,0.1,6,0,0,100.0,100.0,inf,1.8,0.0,53.3
SHORT:vwap_loss+adi_dn+macd_x_dn+macd_x_dn_pos|nk0.5|vm0.8|full_0845_1400,6,0.1,6,0,0,100.0,100.0,inf,1.8,0.0,53.3
SHORT:vwap_loss+adi_dn+macd_x_dn_pos+cvd_dn|nk0.0|vm0.8|full_0845_1400,6,0.1,6,0,0,100.0,100.0,inf,1.8,0.0,53.3
SHORT:vwap_loss+adi_dn+macd_x_dn_pos+cvd_dn|nk0.5|vm0.8|full_0845_1400,6,0.1,6,0,0,100.0,100.0,inf,1.8,0.0,53.3
SHORT:vwap_loss+below_pivot+weak_close+rvol_thrust_dn|nk0.0|vm0.8|am_0845_1130,6,0.1,6,0,0,100.0,100.0,inf,1.8,0.0,26.7
SHORT:vwap_loss+below_pivot+weak_close+rvol_thrust_dn|nk0.0|vm1.2|am_0845_1130,6,0.1,6,0,0,100.0,100.0,inf,1.8,0.0,26.7
SHORT:vwap_loss+below_pivot+weak_close+rvol_thrust_dn|nk0.5|vm0.8|am_0845_1130,6,0.1,6,0,0,100.0,100.0,inf,1.8,0.0,26.7
SHORT:vwap_loss+below_pivot+weak_close+rvol_thrust_dn|nk0.5|vm1.2|am_0845_1130,6,0.1,6,0,0,100.0,100.0,inf,1.8,0.0,26.7
SHORT:vwap_loss+below_pivot+weak_close+below_vwap_v|nk0.0|vm0.8|am_0845_1130,6,0.1,6,0,0,100.0,100.0,inf,1.8,0.0,26.7
SHORT:vwap_loss+below_pivot+weak_close+below_vwap_v|nk0.0|vm1.2|am_0845_1130,6,0.1,6,0,0,100.0,100.0,inf,1.8,0.0,26.7
SHORT:vwap_loss+below_pivot+weak_close+below_vwap_v|nk0.5|vm0.8|am_0845_1130,6,0.1,6,0,0,100.0,100.0,inf,1.8,0.0,26.7
SHORT:vwap_loss+below_pivot+weak_close+below_vwap_v|nk0.5|vm1.2|am_0845_1130,6,0.1,6,0,0,100.0,100.0,inf,1.8,0.0,26.7
SHORT:vwap_loss+below_pivot+vwap_loss_v+rvol_thrust_dn|nk0.0|vm0.8|am_0845_1130,6,0.1,6,0,0,100.0,100.0,inf,1.8,0.0,26.7
SHORT:vwap_loss+below_pivot+vwap_loss_v+rvol_thrust_dn|nk0.0|vm1.2|am_0845_1130,6,0.1,6,0,0,100.0,100.0,inf,1.8,0.0,26.7
SHORT:vwap_loss+below_pivot+vwap_loss_v+rvol_thrust_dn|nk0.5|vm0.8|am_0845_1130,6,0.1,6,0,0,100.0,100.0,inf,1.8,0.0,26.7
SHORT:vwap_loss+below_pivot+vwap_loss_v+rvol_thrust_dn|nk0.5|vm1.2|am_0845_1130,6,0.1,6,0,0,100.0,100.0,inf,1.8,0.0,26.7
SHORT:vwap_loss+below_pivot+rvol_thrust_dn+below_vwap_v|nk0.0|vm0.8|am_0845_1130,6,0.1,6,0,0,100.0,100.0,inf,1.8,0.0,26.7
SHORT:vwap_loss+below_pivot+rvol_thrust_dn+below_vwap_v|nk0.0|vm1.2|am_0845_1130,6,0.1,6,0,0,100.0,100.0,inf,1.8,0.0,26.7
SHORT:vwap_loss+below_pivot+rvol_thrust_dn+below_vwap_v|nk0.5|vm0.8|am_0845_1130,6,0.1,6,0,0,100.0,100.0,inf,1.8,0.0,26.7
SHORT:vwap_loss+below_pivot+rvol_thrust_dn+below_vwap_v|nk0.5|vm1.2|am_0845_1130,6,0.1,6,0,0,100.0,100.0,inf,1.8,0.0,26.7
SHORT:vwap_loss+macd_x_dn+macd_x_dn_pos+cvd_dn|nk0.0|vm0.8|full_0845_1400,6,0.1,6,0,0,100.0,100.0,inf,1.8,0.0,53.3
SHORT:vwap_loss+macd_x_dn+macd_x_dn_pos+cvd_dn|nk0.5|vm0.8|full_0845_1400,6,0.1,6,0,0,100.0,100.0,inf,1.8,0.0,53.3
SHORT:below_vwap+below_pivot+vwap_loss_v+rvol_thrust_dn|nk0.0|vm0.8|am_0845_1130,6,0.1,6,0,0,100.0,100.0,inf,1.8,0.0,26.7
SHORT:below_vwap+below_pivot+vwap_loss_v+rvol_thrust_dn|nk0.0|vm1.2|am_0845_1130,6,0.1,6,0,0,100.0,100.0,inf,1.8,0.0,26.7
SHORT:below_vwap+below_pivot+vwap_loss_v+rvol_thrust_dn|nk0.5|vm0.8|am_0845_1130,6,0.1,6,0,0,100.0,100.0,inf,1.8,0.0,26.7
SHORT:below_vwap+below_pivot+vwap_loss_v+rvol_thrust_dn|nk0.5|vm1.2|am_0845_1130,6,0.1,6,0,0,100.0,100.0,inf,1.8,0.0,26.7
SHORT:below_pivot+weak_close+vwap_loss_v+rvol_thrust_dn|nk0.0|vm0.8|am_0845_1130,6,0.1,6,0,0,100.0,100.0,inf,1.8,0.0,26.7
SHORT:below_pivot+weak_close+vwap_loss_v+rvol_thrust_dn|nk0.0|vm1.2|am_0845_1130,6,0.1,6,0,0,100.0,100.0,inf,1.8,0.0,26.7
SHORT:below_pivot+weak_close+vwap_loss_v+rvol_thrust_dn|nk0.5|vm0.8|am_0845_1130,6,0.1,6,0,0,100.0,100.0,inf,1.8,0.0,26.7
SHORT:below_pivot+weak_close+vwap_loss_v+rvol_thrust_dn|nk0.5|vm1.2|am_0845_1130,6,0.1,6,0,0,100.0,100.0,inf,1.8,0.0,26.7
SHORT:below_pivot+weak_close+vwap_loss_v+below_vwap_v|nk0.0|vm0.8|am_0845_1130,6,0.1,6,0,0,100.0,100.0,inf,1.8,0.0,26.7
SHORT:below_pivot+weak_close+vwap_loss_v+below_vwap_v|nk0.0|vm1.2|am_0845_1130,6,0.1,6,0,0,100.0,100.0,inf,1.8,0.0,26.7
SHORT:below_pivot+weak_close+vwap_loss_v+below_vwap_v|nk0.5|vm0.8|am_0845_1130,6,0.1,6,0,0,100.0,100.0,inf,1.8,0.0,26.7
SHORT:below_pivot+weak_close+vwap_loss_v+below_vwap_v|nk0.5|vm1.2|am_0845_1130,6,0.1,6,0,0,100.0,100.0,inf,1.8,0.0,26.7
SHORT:below_pivot+vwap_loss_v+rvol_thrust_dn+below_vwap_v|nk0.0|vm0.8|am_0845_1130,6,0.1,6,0,0,100.0,100.0,inf,1.8,0.0,26.7
SHORT:below_pivot+vwap_loss_v+rvol_thrust_dn+below_vwap_v|nk0.0|vm1.2|am_0845_1130,6,0.1,6,0,0,100.0,100.0,inf,1.8,0.0,26.7
SHORT:below_pivot+vwap_loss_v+rvol_thrust_dn+below_vwap_v|nk0.5|vm0.8|am_0845_1130,6,0.1,6,0,0,100.0,100.0,inf,1.8,0.0,26.7
SHORT:below_pivot+vwap_loss_v+rvol_thrust_dn+below_vwap_v|nk0.5|vm1.2|am_0845_1130,6,0.1,6,0,0,100.0,100.0,inf,1.8,0.0,26.7
SHORT:below_vwap+yhigh_reject+weak_close|nk0.0|vm1.2|am_0845_1130,11,0.18,10,1,0,90.9,90.9,10.0,2.7,0.3,45.9
SHORT:below_vwap+yhigh_reject+weak_close|nk0.5|vm1.2|am_0845_1130,11,0.18,10,1,0,90.9,90.9,10.0,2.7,0.3,45.9
SHORT:below_vwap+yhigh_reject+weak_close|nk0.8|vm1.2|am_0845_1130,11,0.18,10,1,0,90.9,90.9,10.0,2.7,0.3,45.9
SHORT:yhigh_reject+weak_close+cvd_dn|nk0.0|vm1.2|am_0845_1130,10,0.17,9,1,0,90.0,90.0,9.0,2.4,0.3,48.5
SHORT:yhigh_reject+weak_close+cvd_dn|nk0.5|vm1.2|am_0845_1130,10,0.17,9,1,0,90.0,90.0,9.0,2.4,0.3,48.5
SHORT:yhigh_reject+weak_close+cvd_dn|nk0.8|vm1.2|am_0845_1130,10,0.17,9,1,0,90.0,90.0,9.0,2.4,0.3,48.5
SHORT:below_vwap+adi_dn+yhigh_reject+weak_close|nk0.0|vm1.2|am_0845_1130,10,0.17,9,1,0,90.0,90.0,9.0,2.4,0.3,48.5
SHORT:below_vwap+adi_dn+yhigh_reject+weak_close|nk0.5|vm1.2|am_0845_1130,10,0.17,9,1,0,90.0,90.0,9.0,2.4,0.3,48.5
SHORT:below_vwap+adi_dn+yhigh_reject+weak_close|nk0.8|vm1.2|am_0845_1130,10,0.17,9,1,0,90.0,90.0,9.0,2.4,0.3,48.5
SHORT:below_vwap+yhigh_reject+weak_close+cvd_dn|nk0.0|vm1.2|am_0845_1130,10,0.17,9,1,0,90.0,90.0,9.0,2.4,0.3,48.5
SHORT:below_vwap+yhigh_reject+weak_close+cvd_dn|nk0.5|vm1.2|am_0845_1130,10,0.17,9,1,0,90.0,90.0,9.0,2.4,0.3,48.5
SHORT:below_vwap+yhigh_reject+weak_close+cvd_dn|nk0.8|vm1.2|am_0845_1130,10,0.17,9,1,0,90.0,90.0,9.0,2.4,0.3,48.5
SHORT:adi_dn+yhigh_reject+weak_close+cvd_dn|nk0.0|vm1.2|am_0845_1130,10,0.17,9,1,0,90.0,90.0,9.0,2.4,0.3,48.5
SHORT:adi_dn+yhigh_reject+weak_close+cvd_dn|nk0.5|vm1.2|am_0845_1130,10,0.17,9,1,0,90.0,90.0,9.0,2.4,0.3,48.5
SHORT:adi_dn+yhigh_reject+weak_close+cvd_dn|nk0.8|vm1.2|am_0845_1130,10,0.17,9,1,0,90.0,90.0,9.0,2.4,0.3,48.5
SHORT:adi_dn+weak_close+cvd_dn+rsi_thrust_dn|nk0.0|vm0.8|am_0845_1130,10,0.17,9,1,0,90.0,90.0,9.0,2.4,0.3,56.0
SHORT:adi_dn+weak_close+cvd_dn+rsi_thrust_dn|nk0.0|vm1.2|am_0845_1130,10,0.17,9,1,0,90.0,90.0,9.0,2.4,0.3,56.0
SHORT:adi_dn+weak_close+cvd_dn+rsi_thrust_dn|nk0.5|vm0.8|am_0845_1130,10,0.17,9,1,0,90.0,90.0,9.0,2.4,0.3,56.0
SHORT:adi_dn+weak_close+cvd_dn+rsi_thrust_dn|nk0.5|vm1.2|am_0845_1130,10,0.17,9,1,0,90.0,90.0,9.0,2.4,0.3,56.0
SHORT:adi_dn+weak_close+cvd_dn_v+rsi_thrust_dn|nk0.0|vm0.8|am_0845_1130,10,0.17,9,1,0,90.0,90.0,9.0,2.4,0.3,56.0
SHORT:adi_dn+weak_close+cvd_dn_v+rsi_thrust_dn|nk0.0|vm1.2|am_0845_1130,10,0.17,9,1,0,90.0,90.0,9.0,2.4,0.3,56.0
SHORT:adi_dn+weak_close+cvd_dn_v+rsi_thrust_dn|nk0.5|vm0.8|am_0845_1130,10,0.17,9,1,0,90.0,90.0,9.0,2.4,0.3,56.0
SHORT:adi_dn+weak_close+cvd_dn_v+rsi_thrust_dn|nk0.5|vm1.2|am_0845_1130,10,0.17,9,1,0,90.0,90.0,9.0,2.4,0.3,56.0
SHORT:adi_dn+weak_close+vwap_loss_v|nk0.0|vm0.8|am_0845_1130,9,0.15,8,1,0,88.9,88.9,8.0,2.1,0.3,47.8
SHORT:adi_dn+weak_close+vwap_loss_v|nk0.0|vm1.2|am_0845_1130,9,0.15,8,1,0,88.9,88.9,8.0,2.1,0.3,47.8
SHORT:adi_dn+weak_close+vwap_loss_v|nk0.5|vm0.8|am_0845_1130,9,0.15,8,1,0,88.9,88.9,8.0,2.1,0.3,47.8
SHORT:adi_dn+weak_close+vwap_loss_v|nk0.5|vm1.2|am_0845_1130,9,0.15,8,1,0,88.9,88.9,8.0,2.1,0.3,47.8
SHORT:rvol_thrust_dn+cvd_dn+rsi_thrust_dn|nk0.0|vm0.8|am_0845_1130,9,0.15,8,1,0,88.9,88.9,8.0,2.1,0.3,64.4
SHORT:rvol_thrust_dn+cvd_dn+rsi_thrust_dn|nk0.0|vm1.2|am_0845_1130,9,0.15,8,1,0,88.9,88.9,8.0,2.1,0.3,64.4
SHORT:rvol_thrust_dn+cvd_dn+rsi_thrust_dn|nk0.5|vm0.8|am_0845_1130,9,0.15,8,1,0,88.9,88.9,8.0,2.1,0.3,64.4
SHORT:rvol_thrust_dn+cvd_dn+rsi_thrust_dn|nk0.5|vm1.2|am_0845_1130,9,0.15,8,1,0,88.9,88.9,8.0,2.1,0.3,64.4
SHORT:rvol_thrust_dn+cvd_dn_v+rsi_thrust_dn|nk0.0|vm0.8|am_0845_1130,9,0.15,8,1,0,88.9,88.9,8.0,2.1,0.3,64.4
SHORT:rvol_thrust_dn+cvd_dn_v+rsi_thrust_dn|nk0.0|vm1.2|am_0845_1130,9,0.15,8,1,0,88.9,88.9,8.0,2.1,0.3,64.4
SHORT:rvol_thrust_dn+cvd_dn_v+rsi_thrust_dn|nk0.5|vm0.8|am_0845_1130,9,0.15,8,1,0,88.9,88.9,8.0,2.1,0.3,64.4
SHORT:rvol_thrust_dn+cvd_dn_v+rsi_thrust_dn|nk0.5|vm1.2|am_0845_1130,9,0.15,8,1,0,88.9,88.9,8.0,2.1,0.3,64.4
SHORT:vwap_loss+adi_dn+weak_close+vwap_loss_v|nk0.0|vm0.8|am_0845_1130,9,0.15,8,1,0,88.9,88.9,8.0,2.1,0.3,47.8
SHORT:vwap_loss+adi_dn+weak_close+vwap_loss_v|nk0.0|vm1.2|am_0845_1130,9,0.15,8,1,0,88.9,88.9,8.0,2.1,0.3,47.8
SHORT:vwap_loss+adi_dn+weak_close+vwap_loss_v|nk0.5|vm0.8|am_0845_1130,9,0.15,8,1,0,88.9,88.9,8.0,2.1,0.3,47.8
SHORT:vwap_loss+adi_dn+weak_close+vwap_loss_v|nk0.5|vm1.2|am_0845_1130,9,0.15,8,1,0,88.9,88.9,8.0,2.1,0.3,47.8
SHORT:vwap_loss+below_pivot+weak_close+cvd_dn_v|nk0.8|vm0.8|full_0845_1400,9,0.15,8,0,1,88.9,100.0,inf,2.43,0.0,52.8
SHORT:vwap_loss+below_pivot+weak_close+cvd_dn_v|nk0.8|vm1.2|full_0845_1400,9,0.15,8,0,1,88.9,100.0,inf,2.43,0.0,52.8
SHORT:below_vwap+adi_dn+weak_close+vwap_loss_v|nk0.0|vm0.8|am_0845_1130,9,0.15,8,1,0,88.9,88.9,8.0,2.1,0.3,47.8
SHORT:below_vwap+adi_dn+weak_close+vwap_loss_v|nk0.0|vm1.2|am_0845_1130,9,0.15,8,1,0,88.9,88.9,8.0,2.1,0.3,47.8
SHORT:below_vwap+adi_dn+weak_close+vwap_loss_v|nk0.5|vm0.8|am_0845_1130,9,0.15,8,1,0,88.9,88.9,8.0,2.1,0.3,47.8
SHORT:below_vwap+adi_dn+weak_close+vwap_loss_v|nk0.5|vm1.2|am_0845_1130,9,0.15,8,1,0,88.9,88.9,8.0,2.1,0.3,47.8
SHORT:below_vwap+rvol_thrust_dn+cvd_dn+rsi_thrust_dn|nk0.0|vm0.8|am_0845_1130,9,0.15,8,1,0,88.9,88.9,8.0,2.1,0.3,64.4
SHORT:below_vwap+rvol_thrust_dn+cvd_dn+rsi_thrust_dn|nk0.0|vm1.2|am_0845_1130,9,0.15,8,1,0,88.9,88.9,8.0,2.1,0.3,64.4
SHORT:below_vwap+rvol_thrust_dn+cvd_dn+rsi_thrust_dn|nk0.5|vm0.8|am_0845_1130,9,0.15,8,1,0,88.9,88.9,8.0,2.1,0.3,64.4
SHORT:below_vwap+rvol_thrust_dn+cvd_dn+rsi_thrust_dn|nk0.5|vm1.2|am_0845_1130,9,0.15,8,1,0,88.9,88.9,8.0,2.1,0.3,64.4
SHORT:below_vwap+rvol_thrust_dn+cvd_dn_v+rsi_thrust_dn|nk0.0|vm0.8|am_0845_1130,9,0.15,8,1,0,88.9,88.9,8.0,2.1,0.3,64.4
SHORT:below_vwap+rvol_thrust_dn+cvd_dn_v+rsi_thrust_dn|nk0.0|vm1.2|am_0845_1130,9,0.15,8,1,0,88.9,88.9,8.0,2.1,0.3,64.4
SHORT:below_vwap+rvol_thrust_dn+cvd_dn_v+rsi_thrust_dn|nk0.5|vm0.8|am_0845_1130,9,0.15,8,1,0,88.9,88.9,8.0,2.1,0.3,64.4
SHORT:below_vwap+rvol_thrust_dn+cvd_dn_v+rsi_thrust_dn|nk0.5|vm1.2|am_0845_1130,9,0.15,8,1,0,88.9,88.9,8.0,2.1,0.3,64.4
SHORT:adi_dn+weak_close+cvd_dn+rsi_thrust_dn|nk0.8|vm0.8|am_0845_1130,9,0.15,8,1,0,88.9,88.9,8.0,2.1,0.3,48.9
SHORT:adi_dn+weak_close+cvd_dn+rsi_thrust_dn|nk0.8|vm1.2|am_0845_1130,9,0.15,8,1,0,88.9,88.9,8.0,2.1,0.3,48.9
SHORT:adi_dn+weak_close+cvd_dn_v+rsi_thrust_dn|nk0.8|vm0.8|am_0845_1130,9,0.15,8,1,0,88.9,88.9,8.0,2.1,0.3,48.9
SHORT:adi_dn+weak_close+cvd_dn_v+rsi_thrust_dn|nk0.8|vm1.2|am_0845_1130,9,0.15,8,1,0,88.9,88.9,8.0,2.1,0.3,48.9
SHORT:below_pivot+weak_close+vwap_loss_v+cvd_dn|nk0.8|vm0.8|full_0845_1400,9,0.15,8,0,1,88.9,100.0,inf,2.43,0.0,52.8
SHORT:below_pivot+weak_close+vwap_loss_v+cvd_dn|nk0.8|vm1.2|full_0845_1400,9,0.15,8,0,1,88.9,100.0,inf,2.43,0.0,52.8
SHORT:below_pivot+weak_close+vwap_loss_v+cvd_dn_v|nk0.8|vm0.8|full_0845_1400,9,0.15,8,0,1,88.9,100.0,inf,2.43,0.0,52.8
SHORT:below_pivot+weak_close+vwap_loss_v+cvd_dn_v|nk0.8|vm1.2|full_0845_1400,9,0.15,8,0,1,88.9,100.0,inf,2.43,0.0,52.8
SHORT:weak_close+rvol_thrust_dn+cvd_dn+rsi_thrust_dn|nk0.0|vm0.8|am_0845_1130,9,0.15,8,1,0,88.9,88.9,8.0,2.1,0.3,64.4
SHORT:weak_close+rvol_thrust_dn+cvd_dn+rsi_thrust_dn|nk0.0|vm1.2|am_0845_1130,9,0.15,8,1,0,88.9,88.9,8.0,2.1,0.3,64.4
SHORT:weak_close+rvol_thrust_dn+cvd_dn+rsi_thrust_dn|nk0.5|vm0.8|am_0845_1130,9,0.15,8,1,0,88.9,88.9,8.0,2.1,0.3,64.4
SHORT:weak_close+rvol_thrust_dn+cvd_dn+rsi_thrust_dn|nk0.5|vm1.2|am_0845_1130,9,0.15,8,1,0,88.9,88.9,8.0,2.1,0.3,64.4
SHORT:weak_close+rvol_thrust_dn+cvd_dn_v+rsi_thrust_dn|nk0.0|vm0.8|am_0845_1130,9,0.15,8,1,0,88.9,88.9,8.0,2.1,0.3,64.4
SHORT:weak_close+rvol_thrust_dn+cvd_dn_v+rsi_thrust_dn|nk0.0|vm1.2|am_0845_1130,9,0.15,8,1,0,88.9,88.9,8.0,2.1,0.3,64.4
SHORT:weak_close+rvol_thrust_dn+cvd_dn_v+rsi_thrust_dn|nk0.5|vm0.8|am_0845_1130,9,0.15,8,1,0,88.9,88.9,8.0,2.1,0.3,64.4
SHORT:weak_close+rvol_thrust_dn+cvd_dn_v+rsi_thrust_dn|nk0.5|vm1.2|am_0845_1130,9,0.15,8,1,0,88.9,88.9,8.0,2.1,0.3,64.4
SHORT:weak_close+below_vwap_v+cvd_dn+rsi_thrust_dn|nk0.0|vm0.8|am_0845_1130,9,0.15,8,1,0,88.9,88.9,8.0,2.1,0.3,64.4
SHORT:weak_close+below_vwap_v+cvd_dn+rsi_thrust_dn|nk0.0|vm1.2|am_0845_1130,9,0.15,8,1,0,88.9,88.9,8.0,2.1,0.3,64.4
SHORT:weak_close+below_vwap_v+cvd_dn+rsi_thrust_dn|nk0.5|vm0.8|am_0845_1130,9,0.15,8,1,0,88.9,88.9,8.0,2.1,0.3,64.4
SHORT:weak_close+below_vwap_v+cvd_dn+rsi_thrust_dn|nk0.5|vm1.2|am_0845_1130,9,0.15,8,1,0,88.9,88.9,8.0,2.1,0.3,64.4
SHORT:weak_close+below_vwap_v+cvd_dn_v+rsi_thrust_dn|nk0.0|vm0.8|am_0845_1130,9,0.15,8,1,0,88.9,88.9,8.0,2.1,0.3,64.4
SHORT:weak_close+below_vwap_v+cvd_dn_v+rsi_thrust_dn|nk0.0|vm1.2|am_0845_1130,9,0.15,8,1,0,88.9,88.9,8.0,2.1,0.3,64.4
SHORT:weak_close+below_vwap_v+cvd_dn_v+rsi_thrust_dn|nk0.5|vm0.8|am_0845_1130,9,0.15,8,1,0,88.9,88.9,8.0,2.1,0.3,64.4
SHORT:weak_close+below_vwap_v+cvd_dn_v+rsi_thrust_dn|nk0.5|vm1.2|am_0845_1130,9,0.15,8,1,0,88.9,88.9,8.0,2.1,0.3,64.4
SHORT:rvol_thrust_dn+below_vwap_v+cvd_dn+rsi_thrust_dn|nk0.0|vm0.8|am_0845_1130,9,0.15,8,1,0,88.9,88.9,8.0,2.1,0.3,64.4
SHORT:rvol_thrust_dn+below_vwap_v+cvd_dn+rsi_thrust_dn|nk0.0|vm1.2|am_0845_1130,9,0.15,8,1,0,88.9,88.9,8.0,2.1,0.3,64.4
SHORT:rvol_thrust_dn+below_vwap_v+cvd_dn+rsi_thrust_dn|nk0.5|vm0.8|am_0845_1130,9,0.15,8,1,0,88.9,88.9,8.0,2.1,0.3,64.4
SHORT:rvol_thrust_dn+below_vwap_v+cvd_dn+rsi_thrust_dn|nk0.5|vm1.2|am_0845_1130,9,0.15,8,1,0,88.9,88.9,8.0,2.1,0.3,64.4
SHORT:rvol_thrust_dn+below_vwap_v+cvd_dn_v+rsi_thrust_dn|nk0.0|vm0.8|am_0845_1130,9,0.15,8,1,0,88.9,88.9,8.0,2.1,0.3,64.4
SHORT:rvol_thrust_dn+below_vwap_v+cvd_dn_v+rsi_thrust_dn|nk0.0|vm1.2|am_0845_1130,9,0.15,8,1,0,88.9,88.9,8.0,2.1,0.3,64.4
SHORT:rvol_thrust_dn+below_vwap_v+cvd_dn_v+rsi_thrust_dn|nk0.5|vm0.8|am_0845_1130,9,0.15,8,1,0,88.9,88.9,8.0,2.1,0.3,64.4
SHORT:rvol_thrust_dn+below_vwap_v+cvd_dn_v+rsi_thrust_dn|nk0.5|vm1.2|am_0845_1130,9,0.15,8,1,0,88.9,88.9,8.0,2.1,0.3,64.4
SHORT:rvol_thrust_dn+cvd_dn+cvd_dn_v+rsi_thrust_dn|nk0.0|vm0.8|am_0845_1130,9,0.15,8,1,0,88.9,88.9,8.0,2.1,0.3,64.4
SHORT:rvol_thrust_dn+cvd_dn+cvd_dn_v+rsi_thrust_dn|nk0.0|vm1.2|am_0845_1130,9,0.15,8,1,0,88.9,88.9,8.0,2.1,0.3,64.4
SHORT:rvol_thrust_dn+cvd_dn+cvd_dn_v+rsi_thrust_dn|nk0.5|vm0.8|am_0845_1130,9,0.15,8,1,0,88.9,88.9,8.0,2.1,0.3,64.4
SHORT:rvol_thrust_dn+cvd_dn+cvd_dn_v+rsi_thrust_dn|nk0.5|vm1.2|am_0845_1130,9,0.15,8,1,0,88.9,88.9,8.0,2.1,0.3,64.4
SHORT:yhigh_reject+weak_close|nk0.0|vm1.2|am_0845_1130,16,0.27,14,2,0,87.5,87.5,7.0,3.6,0.3,44.4
SHORT:yhigh_reject+weak_close|nk0.5|vm1.2|am_0845_1130,16,0.27,14,2,0,87.5,87.5,7.0,3.6,0.3,44.4
SHORT:below_vwap+ylow_break|nk0.0|vm0.8|am_0845_1130,8,0.13,7,1,0,87.5,87.5,7.0,1.8,0.0,36.9
SHORT:below_vwap+ylow_break|nk0.0|vm1.2|am_0845_1130,8,0.13,7,1,0,87.5,87.5,7.0,1.8,0.0,36.9
SHORT:below_vwap+ylow_break|nk0.5|vm0.8|am_0845_1130,8,0.13,7,1,0,87.5,87.5,7.0,1.8,0.0,36.9
SHORT:below_vwap+ylow_break|nk0.5|vm1.2|am_0845_1130,8,0.13,7,1,0,87.5,87.5,7.0,1.8,0.0,36.9
SHORT:below_vwap+ylow_break|nk0.8|vm0.8|am_0845_1130,8,0.13,7,1,0,87.5,87.5,7.0,1.8,0.0,36.9
SHORT:below_vwap+ylow_break|nk0.8|vm1.2|am_0845_1130,8,0.13,7,1,0,87.5,87.5,7.0,1.8,0.0,36.9
SHORT:ylow_break+cvd_dn_v|nk0.0|vm0.8|full_0845_1400,8,0.13,7,0,1,87.5,100.0,inf,2.22,0.0,24.4
SHORT:ylow_break+cvd_dn_v|nk0.0|vm1.2|full_0845_1400,8,0.13,7,0,1,87.5,100.0,inf,2.22,0.0,24.4
SHORT:ylow_break+cvd_dn_v|nk0.5|vm0.8|full_0845_1400,8,0.13,7,0,1,87.5,100.0,inf,2.22,0.0,24.4
SHORT:ylow_break+cvd_dn_v|nk0.5|vm1.2|full_0845_1400,8,0.13,7,0,1,87.5,100.0,inf,2.22,0.0,24.4
SHORT:ylow_break+cvd_dn_v|nk0.8|vm0.8|full_0845_1400,8,0.13,7,0,1,87.5,100.0,inf,2.22,0.0,24.4
SHORT:ylow_break+cvd_dn_v|nk0.8|vm1.2|full_0845_1400,8,0.13,7,0,1,87.5,100.0,inf,2.22,0.0,24.4
SHORT:below_pivot+vwap_loss_v|nk0.0|vm0.8|am_0845_1130,8,0.13,7,1,0,87.5,87.5,7.0,1.8,0.3,36.9
SHORT:below_pivot+vwap_loss_v|nk0.0|vm1.2|am_0845_1130,8,0.13,7,1,0,87.5,87.5,7.0,1.8,0.3,36.9
SHORT:below_pivot+vwap_loss_v|nk0.5|vm0.8|am_0845_1130,8,0.13,7,1,0,87.5,87.5,7.0,1.8,0.3,36.9
SHORT:below_pivot+vwap_loss_v|nk0.5|vm1.2|am_0845_1130,8,0.13,7,1,0,87.5,87.5,7.0,1.8,0.3,36.9
SHORT:vwap_loss+below_pivot+vwap_loss_v|nk0.0|vm0.8|am_0845_1130,8,0.13,7,1,0,87.5,87.5,7.0,1.8,0.3,36.9
SHORT:vwap_loss+below_pivot+vwap_loss_v|nk0.0|vm1.2|am_0845_1130,8,0.13,7,1,0,87.5,87.5,7.0,1.8,0.3,36.9
SHORT:vwap_loss+below_pivot+vwap_loss_v|nk0.5|vm0.8|am_0845_1130,8,0.13,7,1,0,87.5,87.5,7.0,1.8,0.3,36.9
SHORT:vwap_loss+below_pivot+vwap_loss_v|nk0.5|vm1.2|am_0845_1130,8,0.13,7,1,0,87.5,87.5,7.0,1.8,0.3,36.9
SHORT:vwap_loss+weak_close+cvd_dn_v|nk0.0|vm0.8|am_0845_1130,8,0.13,7,1,0,87.5,87.5,7.0,1.8,0.3,40.0
SHORT:vwap_loss+weak_close+cvd_dn_v|nk0.0|vm1.2|am_0845_1130,8,0.13,7,1,0,87.5,87.5,7.0,1.8,0.3,40.0
SHORT:vwap_loss+weak_close+cvd_dn_v|nk0.5|vm0.8|am_0845_1130,8,0.13,7,1,0,87.5,87.5,7.0,1.8,0.3,40.0
SHORT:vwap_loss+weak_close+cvd_dn_v|nk0.5|vm1.2|am_0845_1130,8,0.13,7,1,0,87.5,87.5,7.0,1.8,0.3,40.0
SHORT:below_vwap+ylow_break+below_pivot|nk0.0|vm0.8|am_0845_1130,8,0.13,7,1,0,87.5,87.5,7.0,1.8,0.0,36.9
SHORT:below_vwap+ylow_break+below_pivot|nk0.0|vm1.2|am_0845_1130,8,0.13,7,1,0,87.5,87.5,7.0,1.8,0.0,36.9
SHORT:below_vwap+ylow_break+below_pivot|nk0.5|vm0.8|am_0845_1130,8,0.13,7,1,0,87.5,87.5,7.0,1.8,0.0,36.9
SHORT:below_vwap+ylow_break+below_pivot|nk0.5|vm1.2|am_0845_1130,8,0.13,7,1,0,87.5,87.5,7.0,1.8,0.0,36.9
SHORT:below_vwap+ylow_break+below_pivot|nk0.8|vm0.8|am_0845_1130,8,0.13,7,1,0,87.5,87.5,7.0,1.8,0.0,36.9
SHORT:below_vwap+ylow_break+below_pivot|nk0.8|vm1.2|am_0845_1130,8,0.13,7,1,0,87.5,87.5,7.0,1.8,0.0,36.9
SHORT:below_vwap+ylow_break+cvd_dn_v|nk0.0|vm0.8|full_0845_1400,8,0.13,7,0,1,87.5,100.0,inf,2.22,0.0,24.4
SHORT:below_vwap+ylow_break+cvd_dn_v|nk0.0|vm1.2|full_0845_1400,8,0.13,7,0,1,87.5,100.0,inf,2.22,0.0,24.4
SHORT:below_vwap+ylow_break+cvd_dn_v|nk0.5|vm0.8|full_0845_1400,8,0.13,7,0,1,87.5,100.0,inf,2.22,0.0,24.4
SHORT:below_vwap+ylow_break+cvd_dn_v|nk0.5|vm1.2|full_0845_1400,8,0.13,7,0,1,87.5,100.0,inf,2.22,0.0,24.4
SHORT:below_vwap+ylow_break+cvd_dn_v|nk0.8|vm0.8|full_0845_1400,8,0.13,7,0,1,87.5,100.0,inf,2.22,0.0,24.4
SHORT:below_vwap+ylow_break+cvd_dn_v|nk0.8|vm1.2|full_0845_1400,8,0.13,7,0,1,87.5,100.0,inf,2.22,0.0,24.4
SHORT:below_vwap+below_pivot+vwap_loss_v|nk0.0|vm0.8|am_0845_1130,8,0.13,7,1,0,87.5,87.5,7.0,1.8,0.3,36.9
SHORT:below_vwap+below_pivot+vwap_loss_v|nk0.0|vm1.2|am_0845_1130,8,0.13,7,1,0,87.5,87.5,7.0,1.8,0.3,36.9
SHORT:below_vwap+below_pivot+vwap_loss_v|nk0.5|vm0.8|am_0845_1130,8,0.13,7,1,0,87.5,87.5,7.0,1.8,0.3,36.9
SHORT:below_vwap+below_pivot+vwap_loss_v|nk0.5|vm1.2|am_0845_1130,8,0.13,7,1,0,87.5,87.5,7.0,1.8,0.3,36.9
SHORT:adi_dn+ylow_break+cvd_dn_v|nk0.0|vm0.8|full_0845_1400,8,0.13,7,0,1,87.5,100.0,inf,2.22,0.0,24.4
SHORT:adi_dn+ylow_break+cvd_dn_v|nk0.0|vm1.2|full_0845_1400,8,0.13,7,0,1,87.5,100.0,inf,2.22,0.0,24.4
SHORT:adi_dn+ylow_break+cvd_dn_v|nk0.5|vm0.8|full_0845_1400,8,0.13,7,0,1,87.5,100.0,inf,2.22,0.0,24.4
SHORT:adi_dn+ylow_break+cvd_dn_v|nk0.5|vm1.2|full_0845_1400,8,0.13,7,0,1,87.5,100.0,inf,2.22,0.0,24.4
SHORT:adi_dn+ylow_break+cvd_dn_v|nk0.8|vm0.8|full_0845_1400,8,0.13,7,0,1,87.5,100.0,inf,2.22,0.0,24.4
SHORT:adi_dn+ylow_break+cvd_dn_v|nk0.8|vm1.2|full_0845_1400,8,0.13,7,0,1,87.5,100.0,inf,2.22,0.0,24.4
SHORT:adi_dn+below_pivot+orb_break_dn_v|nk0.8|vm0.8|am_0845_1130,8,0.13,7,1,0,87.5,87.5,7.0,1.8,0.3,41.2
SHORT:adi_dn+below_pivot+orb_break_dn_v|nk0.8|vm1.2|am_0845_1130,8,0.13,7,1,0,87.5,87.5,7.0,1.8,0.3,41.2
SHORT:delta_dump+below_pivot+orb_break_dn_v|nk0.0|vm0.8|am_0845_1130,8,0.13,7,1,0,87.5,87.5,7.0,1.8,0.3,41.2
SHORT:delta_dump+below_pivot+orb_break_dn_v|nk0.0|vm1.2|am_0845_1130,8,0.13,7,1,0,87.5,87.5,7.0,1.8,0.3,41.2
SHORT:delta_dump+below_pivot+orb_break_dn_v|nk0.5|vm0.8|am_0845_1130,8,0.13,7,1,0,87.5,87.5,7.0,1.8,0.3,41.2
SHORT:delta_dump+below_pivot+orb_break_dn_v|nk0.5|vm1.2|am_0845_1130,8,0.13,7,1,0,87.5,87.5,7.0,1.8,0.3,41.2
SHORT:delta_dump+below_pivot+orb_break_dn_v|nk0.8|vm0.8|am_0845_1130,8,0.13,7,1,0,87.5,87.5,7.0,1.8,0.3,41.2
SHORT:delta_dump+below_pivot+orb_break_dn_v|nk0.8|vm1.2|am_0845_1130,8,0.13,7,1,0,87.5,87.5,7.0,1.8,0.3,41.2
SHORT:ylow_break+below_pivot+cvd_dn_v|nk0.0|vm0.8|full_0845_1400,8,0.13,7,0,1,87.5,100.0,inf,2.22,0.0,24.4
SHORT:ylow_break+below_pivot+cvd_dn_v|nk0.0|vm1.2|full_0845_1400,8,0.13,7,0,1,87.5,100.0,inf,2.22,0.0,24.4
SHORT:ylow_break+below_pivot+cvd_dn_v|nk0.5|vm0.8|full_0845_1400,8,0.13,7,0,1,87.5,100.0,inf,2.22,0.0,24.4
SHORT:ylow_break+below_pivot+cvd_dn_v|nk0.5|vm1.2|full_0845_1400,8,0.13,7,0,1,87.5,100.0,inf,2.22,0.0,24.4
SHORT:ylow_break+below_pivot+cvd_dn_v|nk0.8|vm0.8|full_0845_1400,8,0.13,7,0,1,87.5,100.0,inf,2.22,0.0,24.4
SHORT:ylow_break+below_pivot+cvd_dn_v|nk0.8|vm1.2|full_0845_1400,8,0.13,7,0,1,87.5,100.0,inf,2.22,0.0,24.4
SHORT:ylow_break+cvd_dn+cvd_dn_v|nk0.0|vm0.8|full_0845_1400,8,0.13,7,0,1,87.5,100.0,inf,2.22,0.0,24.4
SHORT:ylow_break+cvd_dn+cvd_dn_v|nk0.0|vm1.2|full_0845_1400,8,0.13,7,0,1,87.5,100.0,inf,2.22,0.0,24.4
SHORT:ylow_break+cvd_dn+cvd_dn_v|nk0.5|vm0.8|full_0845_1400,8,0.13,7,0,1,87.5,100.0,inf,2.22,0.0,24.4
SHORT:ylow_break+cvd_dn+cvd_dn_v|nk0.5|vm1.2|full_0845_1400,8,0.13,7,0,1,87.5,100.0,inf,2.22,0.0,24.4
SHORT:ylow_break+cvd_dn+cvd_dn_v|nk0.8|vm0.8|full_0845_1400,8,0.13,7,0,1,87.5,100.0,inf,2.22,0.0,24.4
SHORT:ylow_break+cvd_dn+cvd_dn_v|nk0.8|vm1.2|full_0845_1400,8,0.13,7,0,1,87.5,100.0,inf,2.22,0.0,24.4
SHORT:below_pivot+orb_break_dn+cvd_dn_v|nk0.8|vm0.8|am_0845_1130,8,0.13,7,1,0,87.5,87.5,7.0,1.8,0.3,41.2
SHORT:below_pivot+orb_break_dn+cvd_dn_v|nk0.8|vm1.2|am_0845_1130,8,0.13,7,1,0,87.5,87.5,7.0,1.8,0.3,41.2
SHORT:below_pivot+orb_break_dn_v+cvd_dn|nk0.8|vm0.8|am_0845_1130,8,0.13,7,1,0,87.5,87.5,7.0,1.8,0.3,41.2
SHORT:below_pivot+orb_break_dn_v+cvd_dn|nk0.8|vm1.2|am_0845_1130,8,0.13,7,1,0,87.5,87.5,7.0,1.8,0.3,41.2
SHORT:below_pivot+orb_break_dn_v+cvd_dn_v|nk0.8|vm0.8|am_0845_1130,8,0.13,7,1,0,87.5,87.5,7.0,1.8,0.3,41.2
SHORT:below_pivot+orb_break_dn_v+cvd_dn_v|nk0.8|vm1.2|am_0845_1130,8,0.13,7,1,0,87.5,87.5,7.0,1.8,0.3,41.2
SHORT:weak_close+vwap_loss_v+cvd_dn|nk0.0|vm0.8|am_0845_1130,8,0.13,7,1,0,87.5,87.5,7.0,1.8,0.3,40.0
SHORT:weak_close+vwap_loss_v+cvd_dn|nk0.0|vm1.2|am_0845_1130,8,0.13,7,1,0,87.5,87.5,7.0,1.8,0.3,40.0
SHORT:weak_close+vwap_loss_v+cvd_dn|nk0.5|vm0.8|am_0845_1130,8,0.13,7,1,0,87.5,87.5,7.0,1.8,0.3,40.0
SHORT:weak_close+vwap_loss_v+cvd_dn|nk0.5|vm1.2|am_0845_1130,8,0.13,7,1,0,87.5,87.5,7.0,1.8,0.3,40.0
SHORT:weak_close+vwap_loss_v+cvd_dn_v|nk0.0|vm0.8|am_0845_1130,8,0.13,7,1,0,87.5,87.5,7.0,1.8,0.3,40.0
SHORT:weak_close+vwap_loss_v+cvd_dn_v|nk0.0|vm1.2|am_0845_1130,8,0.13,7,1,0,87.5,87.5,7.0,1.8,0.3,40.0
SHORT:weak_close+vwap_loss_v+cvd_dn_v|nk0.5|vm0.8|am_0845_1130,8,0.13,7,1,0,87.5,87.5,7.0,1.8,0.3,40.0
SHORT:weak_close+vwap_loss_v+cvd_dn_v|nk0.5|vm1.2|am_0845_1130,8,0.13,7,1,0,87.5,87.5,7.0,1.8,0.3,40.0
SHORT:vwap_loss+below_vwap+below_pivot+vwap_loss_v|nk0.0|vm0.8|am_0845_1130,8,0.13,7,1,0,87.5,87.5,7.0,1.8,0.3,36.9
SHORT:vwap_loss+below_vwap+below_pivot+vwap_loss_v|nk0.0|vm1.2|am_0845_1130,8,0.13,7,1,0,87.5,87.5,7.0,1.8,0.3,36.9
SHORT:vwap_loss+below_vwap+below_pivot+vwap_loss_v|nk0.5|vm0.8|am_0845_1130,8,0.13,7,1,0,87.5,87.5,7.0,1.8,0.3,36.9
SHORT:vwap_loss+below_vwap+below_pivot+vwap_loss_v|nk0.5|vm1.2|am_0845_1130,8,0.13,7,1,0,87.5,87.5,7.0,1.8,0.3,36.9
SHORT:vwap_loss+below_vwap+weak_close+cvd_dn_v|nk0.0|vm0.8|am_0845_1130,8,0.13,7,1,0,87.5,87.5,7.0,1.8,0.3,40.0
SHORT:vwap_loss+below_vwap+weak_close+cvd_dn_v|nk0.0|vm1.2|am_0845_1130,8,0.13,7,1,0,87.5,87.5,7.0,1.8,0.3,40.0
SHORT:vwap_loss+below_vwap+weak_close+cvd_dn_v|nk0.5|vm0.8|am_0845_1130,8,0.13,7,1,0,87.5,87.5,7.0,1.8,0.3,40.0
SHORT:vwap_loss+below_vwap+weak_close+cvd_dn_v|nk0.5|vm1.2|am_0845_1130,8,0.13,7,1,0,87.5,87.5,7.0,1.8,0.3,40.0
SHORT:vwap_loss+below_pivot+rvol_thrust_dn+cvd_dn|nk0.8|vm0.8|full_0845_1400,8,0.13,7,0,1,87.5,100.0,inf,2.13,0.0,44.4
SHORT:vwap_loss+below_pivot+rvol_thrust_dn+cvd_dn|nk0.8|vm1.2|full_0845_1400,8,0.13,7,0,1,87.5,100.0,inf,2.13,0.0,44.4
SHORT:vwap_loss+below_pivot+rvol_thrust_dn+cvd_dn_v|nk0.8|vm0.8|full_0845_1400,8,0.13,7,0,1,87.5,100.0,inf,2.13,0.0,44.4
SHORT:vwap_loss+below_pivot+rvol_thrust_dn+cvd_dn_v|nk0.8|vm1.2|full_0845_1400,8,0.13,7,0,1,87.5,100.0,inf,2.13,0.0,44.4
SHORT:vwap_loss+weak_close+vwap_loss_v+cvd_dn|nk0.0|vm0.8|am_0845_1130,8,0.13,7,1,0,87.5,87.5,7.0,1.8,0.3,40.0
SHORT:vwap_loss+weak_close+vwap_loss_v+cvd_dn|nk0.0|vm1.2|am_0845_1130,8,0.13,7,1,0,87.5,87.5,7.0,1.8,0.3,40.0
SHORT:vwap_loss+weak_close+vwap_loss_v+cvd_dn|nk0.5|vm0.8|am_0845_1130,8,0.13,7,1,0,87.5,87.5,7.0,1.8,0.3,40.0
SHORT:vwap_loss+weak_close+vwap_loss_v+cvd_dn|nk0.5|vm1.2|am_0845_1130,8,0.13,7,1,0,87.5,87.5,7.0,1.8,0.3,40.0
SHORT:vwap_loss+weak_close+vwap_loss_v+cvd_dn_v|nk0.0|vm0.8|am_0845_1130,8,0.13,7,1,0,87.5,87.5,7.0,1.8,0.3,40.0
SHORT:vwap_loss+weak_close+vwap_loss_v+cvd_dn_v|nk0.0|vm1.2|am_0845_1130,8,0.13,7,1,0,87.5,87.5,7.0,1.8,0.3,40.0
SHORT:vwap_loss+weak_close+vwap_loss_v+cvd_dn_v|nk0.5|vm0.8|am_0845_1130,8,0.13,7,1,0,87.5,87.5,7.0,1.8,0.3,40.0
SHORT:vwap_loss+weak_close+vwap_loss_v+cvd_dn_v|nk0.5|vm1.2|am_0845_1130,8,0.13,7,1,0,87.5,87.5,7.0,1.8,0.3,40.0
SHORT:vwap_loss+weak_close+cvd_dn+cvd_dn_v|nk0.0|vm0.8|am_0845_1130,8,0.13,7,1,0,87.5,87.5,7.0,1.8,0.3,40.0
SHORT:vwap_loss+weak_close+cvd_dn+cvd_dn_v|nk0.0|vm1.2|am_0845_1130,8,0.13,7,1,0,87.5,87.5,7.0,1.8,0.3,40.0
SHORT:vwap_loss+weak_close+cvd_dn+cvd_dn_v|nk0.5|vm0.8|am_0845_1130,8,0.13,7,1,0,87.5,87.5,7.0,1.8,0.3,40.0
SHORT:vwap_loss+weak_close+cvd_dn+cvd_dn_v|nk0.5|vm1.2|am_0845_1130,8,0.13,7,1,0,87.5,87.5,7.0,1.8,0.3,40.0
SHORT:below_vwap+adi_dn+ylow_break+cvd_dn_v|nk0.0|vm0.8|full_0845_1400,8,0.13,7,0,1,87.5,100.0,inf,2.22,0.0,24.4
SHORT:below_vwap+adi_dn+ylow_break+cvd_dn_v|nk0.0|vm1.2|full_0845_1400,8,0.13,7,0,1,87.5,100.0,inf,2.22,0.0,24.4
SHORT:below_vwap+adi_dn+ylow_break+cvd_dn_v|nk0.5|vm0.8|full_0845_1400,8,0.13,7,0,1,87.5,100.0,inf,2.22,0.0,24.4
SHORT:below_vwap+adi_dn+ylow_break+cvd_dn_v|nk0.5|vm1.2|full_0845_1400,8,0.13,7,0,1,87.5,100.0,inf,2.22,0.0,24.4
SHORT:below_vwap+adi_dn+ylow_break+cvd_dn_v|nk0.8|vm0.8|full_0845_1400,8,0.13,7,0,1,87.5,100.0,inf,2.22,0.0,24.4
SHORT:below_vwap+adi_dn+ylow_break+cvd_dn_v|nk0.8|vm1.2|full_0845_1400,8,0.13,7,0,1,87.5,100.0,inf,2.22,0.0,24.4
SHORT:below_vwap+adi_dn+below_pivot+orb_break_dn_v|nk0.8|vm0.8|am_0845_1130,8,0.13,7,1,0,87.5,87.5,7.0,1.8,0.3,41.2
SHORT:below_vwap+adi_dn+below_pivot+orb_break_dn_v|nk0.8|vm1.2|am_0845_1130,8,0.13,7,1,0,87.5,87.5,7.0,1.8,0.3,41.2
SHORT:below_vwap+delta_dump+yhigh_reject+weak_close|nk0.0|vm0.8|am_0845_1130,8,0.13,7,1,0,87.5,87.5,7.0,1.8,0.3,41.2
SHORT:below_vwap+delta_dump+yhigh_reject+weak_close|nk0.0|vm1.2|am_0845_1130,8,0.13,7,1,0,87.5,87.5,7.0,1.8,0.3,41.2
SHORT:below_vwap+delta_dump+yhigh_reject+weak_close|nk0.5|vm0.8|am_0845_1130,8,0.13,7,1,0,87.5,87.5,7.0,1.8,0.3,41.2
SHORT:below_vwap+delta_dump+yhigh_reject+weak_close|nk0.5|vm1.2|am_0845_1130,8,0.13,7,1,0,87.5,87.5,7.0,1.8,0.3,41.2
SHORT:below_vwap+delta_dump+yhigh_reject+weak_close|nk0.8|vm0.8|am_0845_1130,8,0.13,7,1,0,87.5,87.5,7.0,1.8,0.3,41.2
SHORT:below_vwap+delta_dump+yhigh_reject+weak_close|nk0.8|vm1.2|am_0845_1130,8,0.13,7,1,0,87.5,87.5,7.0,1.8,0.3,41.2
SHORT:below_vwap+delta_dump+below_pivot+orb_break_dn_v|nk0.0|vm0.8|am_0845_1130,8,0.13,7,1,0,87.5,87.5,7.0,1.8,0.3,41.2
SHORT:below_vwap+delta_dump+below_pivot+orb_break_dn_v|nk0.0|vm1.2|am_0845_1130,8,0.13,7,1,0,87.5,87.5,7.0,1.8,0.3,41.2
SHORT:below_vwap+delta_dump+below_pivot+orb_break_dn_v|nk0.5|vm0.8|am_0845_1130,8,0.13,7,1,0,87.5,87.5,7.0,1.8,0.3,41.2
SHORT:below_vwap+delta_dump+below_pivot+orb_break_dn_v|nk0.5|vm1.2|am_0845_1130,8,0.13,7,1,0,87.5,87.5,7.0,1.8,0.3,41.2
SHORT:below_vwap+delta_dump+below_pivot+orb_break_dn_v|nk0.8|vm0.8|am_0845_1130,8,0.13,7,1,0,87.5,87.5,7.0,1.8,0.3,41.2
SHORT:below_vwap+delta_dump+below_pivot+orb_break_dn_v|nk0.8|vm1.2|am_0845_1130,8,0.13,7,1,0,87.5,87.5,7.0,1.8,0.3,41.2
SHORT:below_vwap+ylow_break+below_pivot+cvd_dn_v|nk0.0|vm0.8|full_0845_1400,8,0.13,7,0,1,87.5,100.0,inf,2.22,0.0,24.4
SHORT:below_vwap+ylow_break+below_pivot+cvd_dn_v|nk0.0|vm1.2|full_0845_1400,8,0.13,7,0,1,87.5,100.0,inf,2.22,0.0,24.4
SHORT:below_vwap+ylow_break+below_pivot+cvd_dn_v|nk0.5|vm0.8|full_0845_1400,8,0.13,7,0,1,87.5,100.0,inf,2.22,0.0,24.4
SHORT:below_vwap+ylow_break+below_pivot+cvd_dn_v|nk0.5|vm1.2|full_0845_1400,8,0.13,7,0,1,87.5,100.0,inf,2.22,0.0,24.4
SHORT:below_vwap+ylow_break+below_pivot+cvd_dn_v|nk0.8|vm0.8|full_0845_1400,8,0.13,7,0,1,87.5,100.0,inf,2.22,0.0,24.4
SHORT:below_vwap+ylow_break+below_pivot+cvd_dn_v|nk0.8|vm1.2|full_0845_1400,8,0.13,7,0,1,87.5,100.0,inf,2.22,0.0,24.4
SHORT:below_vwap+ylow_break+cvd_dn+cvd_dn_v|nk0.0|vm0.8|full_0845_1400,8,0.13,7,0,1,87.5,100.0,inf,2.22,0.0,24.4
SHORT:below_vwap+ylow_break+cvd_dn+cvd_dn_v|nk0.0|vm1.2|full_0845_1400,8,0.13,7,0,1,87.5,100.0,inf,2.22,0.0,24.4
SHORT:below_vwap+ylow_break+cvd_dn+cvd_dn_v|nk0.5|vm0.8|full_0845_1400,8,0.13,7,0,1,87.5,100.0,inf,2.22,0.0,24.4
SHORT:below_vwap+ylow_break+cvd_dn+cvd_dn_v|nk0.5|vm1.2|full_0845_1400,8,0.13,7,0,1,87.5,100.0,inf,2.22,0.0,24.4
SHORT:below_vwap+ylow_break+cvd_dn+cvd_dn_v|nk0.8|vm0.8|full_0845_1400,8,0.13,7,0,1,87.5,100.0,inf,2.22,0.0,24.4
SHORT:below_vwap+ylow_break+cvd_dn+cvd_dn_v|nk0.8|vm1.2|full_0845_1400,8,0.13,7,0,1,87.5,100.0,inf,2.22,0.0,24.4
SHORT:below_vwap+below_pivot+orb_break_dn+cvd_dn_v|nk0.8|vm0.8|am_0845_1130,8,0.13,7,1,0,87.5,87.5,7.0,1.8,0.3,41.2
SHORT:below_vwap+below_pivot+orb_break_dn+cvd_dn_v|nk0.8|vm1.2|am_0845_1130,8,0.13,7,1,0,87.5,87.5,7.0,1.8,0.3,41.2
SHORT:below_vwap+below_pivot+orb_break_dn_v+cvd_dn|nk0.8|vm0.8|am_0845_1130,8,0.13,7,1,0,87.5,87.5,7.0,1.8,0.3,41.2
SHORT:below_vwap+below_pivot+orb_break_dn_v+cvd_dn|nk0.8|vm1.2|am_0845_1130,8,0.13,7,1,0,87.5,87.5,7.0,1.8,0.3,41.2
SHORT:below_vwap+below_pivot+orb_break_dn_v+cvd_dn_v|nk0.8|vm0.8|am_0845_1130,8,0.13,7,1,0,87.5,87.5,7.0,1.8,0.3,41.2
SHORT:below_vwap+below_pivot+orb_break_dn_v+cvd_dn_v|nk0.8|vm1.2|am_0845_1130,8,0.13,7,1,0,87.5,87.5,7.0,1.8,0.3,41.2
SHORT:below_vwap+weak_close+vwap_loss_v+cvd_dn|nk0.0|vm0.8|am_0845_1130,8,0.13,7,1,0,87.5,87.5,7.0,1.8,0.3,40.0
SHORT:below_vwap+weak_close+vwap_loss_v+cvd_dn|nk0.0|vm1.2|am_0845_1130,8,0.13,7,1,0,87.5,87.5,7.0,1.8,0.3,40.0
SHORT:below_vwap+weak_close+vwap_loss_v+cvd_dn|nk0.5|vm0.8|am_0845_1130,8,0.13,7,1,0,87.5,87.5,7.0,1.8,0.3,40.0
SHORT:below_vwap+weak_close+vwap_loss_v+cvd_dn|nk0.5|vm1.2|am_0845_1130,8,0.13,7,1,0,87.5,87.5,7.0,1.8,0.3,40.0
SHORT:below_vwap+weak_close+vwap_loss_v+cvd_dn_v|nk0.0|vm0.8|am_0845_1130,8,0.13,7,1,0,87.5,87.5,7.0,1.8,0.3,40.0
SHORT:below_vwap+weak_close+vwap_loss_v+cvd_dn_v|nk0.0|vm1.2|am_0845_1130,8,0.13,7,1,0,87.5,87.5,7.0,1.8,0.3,40.0
SHORT:below_vwap+weak_close+vwap_loss_v+cvd_dn_v|nk0.5|vm0.8|am_0845_1130,8,0.13,7,1,0,87.5,87.5,7.0,1.8,0.3,40.0
SHORT:below_vwap+weak_close+vwap_loss_v+cvd_dn_v|nk0.5|vm1.2|am_0845_1130,8,0.13,7,1,0,87.5,87.5,7.0,1.8,0.3,40.0
SHORT:adi_dn+delta_dump+below_pivot+orb_break_dn_v|nk0.0|vm0.8|am_0845_1130,8,0.13,7,1,0,87.5,87.5,7.0,1.8,0.3,41.2
SHORT:adi_dn+delta_dump+below_pivot+orb_break_dn_v|nk0.0|vm1.2|am_0845_1130,8,0.13,7,1,0,87.5,87.5,7.0,1.8,0.3,41.2
SHORT:adi_dn+delta_dump+below_pivot+orb_break_dn_v|nk0.5|vm0.8|am_0845_1130,8,0.13,7,1,0,87.5,87.5,7.0,1.8,0.3,41.2
SHORT:adi_dn+delta_dump+below_pivot+orb_break_dn_v|nk0.5|vm1.2|am_0845_1130,8,0.13,7,1,0,87.5,87.5,7.0,1.8,0.3,41.2
SHORT:adi_dn+delta_dump+below_pivot+orb_break_dn_v|nk0.8|vm0.8|am_0845_1130,8,0.13,7,1,0,87.5,87.5,7.0,1.8,0.3,41.2
SHORT:adi_dn+delta_dump+below_pivot+orb_break_dn_v|nk0.8|vm1.2|am_0845_1130,8,0.13,7,1,0,87.5,87.5,7.0,1.8,0.3,41.2
SHORT:adi_dn+ylow_break+below_pivot+cvd_dn_v|nk0.0|vm0.8|full_0845_1400,8,0.13,7,0,1,87.5,100.0,inf,2.22,0.0,24.4
SHORT:adi_dn+ylow_break+below_pivot+cvd_dn_v|nk0.0|vm1.2|full_0845_1400,8,0.13,7,0,1,87.5,100.0,inf,2.22,0.0,24.4
SHORT:adi_dn+ylow_break+below_pivot+cvd_dn_v|nk0.5|vm0.8|full_0845_1400,8,0.13,7,0,1,87.5,100.0,inf,2.22,0.0,24.4
SHORT:adi_dn+ylow_break+below_pivot+cvd_dn_v|nk0.5|vm1.2|full_0845_1400,8,0.13,7,0,1,87.5,100.0,inf,2.22,0.0,24.4
SHORT:adi_dn+ylow_break+below_pivot+cvd_dn_v|nk0.8|vm0.8|full_0845_1400,8,0.13,7,0,1,87.5,100.0,inf,2.22,0.0,24.4
SHORT:adi_dn+ylow_break+below_pivot+cvd_dn_v|nk0.8|vm1.2|full_0845_1400,8,0.13,7,0,1,87.5,100.0,inf,2.22,0.0,24.4
SHORT:adi_dn+ylow_break+cvd_dn+cvd_dn_v|nk0.0|vm0.8|full_0845_1400,8,0.13,7,0,1,87.5,100.0,inf,2.22,0.0,24.4
SHORT:adi_dn+ylow_break+cvd_dn+cvd_dn_v|nk0.0|vm1.2|full_0845_1400,8,0.13,7,0,1,87.5,100.0,inf,2.22,0.0,24.4
SHORT:adi_dn+ylow_break+cvd_dn+cvd_dn_v|nk0.5|vm0.8|full_0845_1400,8,0.13,7,0,1,87.5,100.0,inf,2.22,0.0,24.4
SHORT:adi_dn+ylow_break+cvd_dn+cvd_dn_v|nk0.5|vm1.2|full_0845_1400,8,0.13,7,0,1,87.5,100.0,inf,2.22,0.0,24.4
SHORT:adi_dn+ylow_break+cvd_dn+cvd_dn_v|nk0.8|vm0.8|full_0845_1400,8,0.13,7,0,1,87.5,100.0,inf,2.22,0.0,24.4
SHORT:adi_dn+ylow_break+cvd_dn+cvd_dn_v|nk0.8|vm1.2|full_0845_1400,8,0.13,7,0,1,87.5,100.0,inf,2.22,0.0,24.4
SHORT:adi_dn+below_pivot+orb_break_dn+orb_break_dn_v|nk0.8|vm0.8|am_0845_1130,8,0.13,7,1,0,87.5,87.5,7.0,1.8,0.3,41.2
SHORT:adi_dn+below_pivot+orb_break_dn+orb_break_dn_v|nk0.8|vm1.2|am_0845_1130,8,0.13,7,1,0,87.5,87.5,7.0,1.8,0.3,41.2
SHORT:adi_dn+below_pivot+orb_break_dn+below_vwap_v|nk0.0|vm0.8|am_0845_1130,8,0.13,7,1,0,87.5,87.5,7.0,1.8,0.3,41.2
SHORT:adi_dn+below_pivot+orb_break_dn+below_vwap_v|nk0.0|vm1.2|am_0845_1130,8,0.13,7,1,0,87.5,87.5,7.0,1.8,0.3,41.2
SHORT:adi_dn+below_pivot+orb_break_dn+below_vwap_v|nk0.5|vm0.8|am_0845_1130,8,0.13,7,1,0,87.5,87.5,7.0,1.8,0.3,41.2
SHORT:adi_dn+below_pivot+orb_break_dn+below_vwap_v|nk0.5|vm1.2|am_0845_1130,8,0.13,7,1,0,87.5,87.5,7.0,1.8,0.3,41.2
SHORT:adi_dn+below_pivot+orb_break_dn+below_vwap_v|nk0.8|vm0.8|am_0845_1130,8,0.13,7,1,0,87.5,87.5,7.0,1.8,0.3,41.2
SHORT:adi_dn+below_pivot+orb_break_dn+below_vwap_v|nk0.8|vm1.2|am_0845_1130,8,0.13,7,1,0,87.5,87.5,7.0,1.8,0.3,41.2
SHORT:adi_dn+below_pivot+orb_break_dn+cvd_dn_v|nk0.8|vm0.8|am_0845_1130,8,0.13,7,1,0,87.5,87.5,7.0,1.8,0.3,41.2
SHORT:adi_dn+below_pivot+orb_break_dn+cvd_dn_v|nk0.8|vm1.2|am_0845_1130,8,0.13,7,1,0,87.5,87.5,7.0,1.8,0.3,41.2
SHORT:adi_dn+below_pivot+orb_break_dn_v+below_vwap_v|nk0.0|vm0.8|am_0845_1130,8,0.13,7,1,0,87.5,87.5,7.0,1.8,0.3,41.2
SHORT:adi_dn+below_pivot+orb_break_dn_v+below_vwap_v|nk0.0|vm1.2|am_0845_1130,8,0.13,7,1,0,87.5,87.5,7.0,1.8,0.3,41.2
SHORT:adi_dn+below_pivot+orb_break_dn_v+below_vwap_v|nk0.5|vm0.8|am_0845_1130,8,0.13,7,1,0,87.5,87.5,7.0,1.8,0.3,41.2
SHORT:adi_dn+below_pivot+orb_break_dn_v+below_vwap_v|nk0.5|vm1.2|am_0845_1130,8,0.13,7,1,0,87.5,87.5,7.0,1.8,0.3,41.2
SHORT:adi_dn+below_pivot+orb_break_dn_v+below_vwap_v|nk0.8|vm0.8|am_0845_1130,8,0.13,7,1,0,87.5,87.5,7.0,1.8,0.3,41.2
SHORT:adi_dn+below_pivot+orb_break_dn_v+below_vwap_v|nk0.8|vm1.2|am_0845_1130,8,0.13,7,1,0,87.5,87.5,7.0,1.8,0.3,41.2
SHORT:adi_dn+below_pivot+orb_break_dn_v+cvd_dn|nk0.8|vm0.8|am_0845_1130,8,0.13,7,1,0,87.5,87.5,7.0,1.8,0.3,41.2
SHORT:adi_dn+below_pivot+orb_break_dn_v+cvd_dn|nk0.8|vm1.2|am_0845_1130,8,0.13,7,1,0,87.5,87.5,7.0,1.8,0.3,41.2
SHORT:adi_dn+below_pivot+orb_break_dn_v+cvd_dn_v|nk0.8|vm0.8|am_0845_1130,8,0.13,7,1,0,87.5,87.5,7.0,1.8,0.3,41.2
SHORT:adi_dn+below_pivot+orb_break_dn_v+cvd_dn_v|nk0.8|vm1.2|am_0845_1130,8,0.13,7,1,0,87.5,87.5,7.0,1.8,0.3,41.2
SHORT:delta_dump+yhigh_reject+weak_close+cvd_dn|nk0.0|vm0.8|am_0845_1130,8,0.13,7,1,0,87.5,87.5,7.0,1.8,0.3,41.2
SHORT:delta_dump+yhigh_reject+weak_close+cvd_dn|nk0.0|vm1.2|am_0845_1130,8,0.13,7,1,0,87.5,87.5,7.0,1.8,0.3,41.2
SHORT:delta_dump+yhigh_reject+weak_close+cvd_dn|nk0.5|vm0.8|am_0845_1130,8,0.13,7,1,0,87.5,87.5,7.0,1.8,0.3,41.2
SHORT:delta_dump+yhigh_reject+weak_close+cvd_dn|nk0.5|vm1.2|am_0845_1130,8,0.13,7,1,0,87.5,87.5,7.0,1.8,0.3,41.2
SHORT:delta_dump+yhigh_reject+weak_close+cvd_dn|nk0.8|vm0.8|am_0845_1130,8,0.13,7,1,0,87.5,87.5,7.0,1.8,0.3,41.2
SHORT:delta_dump+yhigh_reject+weak_close+cvd_dn|nk0.8|vm1.2|am_0845_1130,8,0.13,7,1,0,87.5,87.5,7.0,1.8,0.3,41.2
SHORT:delta_dump+below_pivot+orb_break_dn+orb_break_dn_v|nk0.0|vm0.8|am_0845_1130,8,0.13,7,1,0,87.5,87.5,7.0,1.8,0.3,41.2
SHORT:delta_dump+below_pivot+orb_break_dn+orb_break_dn_v|nk0.0|vm1.2|am_0845_1130,8,0.13,7,1,0,87.5,87.5,7.0,1.8,0.3,41.2
SHORT:delta_dump+below_pivot+orb_break_dn+orb_break_dn_v|nk0.5|vm0.8|am_0845_1130,8,0.13,7,1,0,87.5,87.5,7.0,1.8,0.3,41.2
SHORT:delta_dump+below_pivot+orb_break_dn+orb_break_dn_v|nk0.5|vm1.2|am_0845_1130,8,0.13,7,1,0,87.5,87.5,7.0,1.8,0.3,41.2
SHORT:delta_dump+below_pivot+orb_break_dn+orb_break_dn_v|nk0.8|vm0.8|am_0845_1130,8,0.13,7,1,0,87.5,87.5,7.0,1.8,0.3,41.2
SHORT:delta_dump+below_pivot+orb_break_dn+orb_break_dn_v|nk0.8|vm1.2|am_0845_1130,8,0.13,7,1,0,87.5,87.5,7.0,1.8,0.3,41.2
SHORT:delta_dump+below_pivot+orb_break_dn+below_vwap_v|nk0.0|vm0.8|am_0845_1130,8,0.13,7,1,0,87.5,87.5,7.0,1.8,0.3,41.2
SHORT:delta_dump+below_pivot+orb_break_dn+below_vwap_v|nk0.0|vm1.2|am_0845_1130,8,0.13,7,1,0,87.5,87.5,7.0,1.8,0.3,41.2
SHORT:delta_dump+below_pivot+orb_break_dn+below_vwap_v|nk0.5|vm0.8|am_0845_1130,8,0.13,7,1,0,87.5,87.5,7.0,1.8,0.3,41.2
SHORT:delta_dump+below_pivot+orb_break_dn+below_vwap_v|nk0.5|vm1.2|am_0845_1130,8,0.13,7,1,0,87.5,87.5,7.0,1.8,0.3,41.2
SHORT:delta_dump+below_pivot+orb_break_dn+below_vwap_v|nk0.8|vm0.8|am_0845_1130,8,0.13,7,1,0,87.5,87.5,7.0,1.8,0.3,41.2
SHORT:delta_dump+below_pivot+orb_break_dn+below_vwap_v|nk0.8|vm1.2|am_0845_1130,8,0.13,7,1,0,87.5,87.5,7.0,1.8,0.3,41.2
SHORT:delta_dump+below_pivot+orb_break_dn+cvd_dn_v|nk0.0|vm0.8|am_0845_1130,8,0.13,7,1,0,87.5,87.5,7.0,1.8,0.3,41.2
SHORT:delta_dump+below_pivot+orb_break_dn+cvd_dn_v|nk0.0|vm1.2|am_0845_1130,8,0.13,7,1,0,87.5,87.5,7.0,1.8,0.3,41.2
SHORT:delta_dump+below_pivot+orb_break_dn+cvd_dn_v|nk0.5|vm0.8|am_0845_1130,8,0.13,7,1,0,87.5,87.5,7.0,1.8,0.3,41.2
SHORT:delta_dump+below_pivot+orb_break_dn+cvd_dn_v|nk0.5|vm1.2|am_0845_1130,8,0.13,7,1,0,87.5,87.5,7.0,1.8,0.3,41.2
SHORT:delta_dump+below_pivot+orb_break_dn+cvd_dn_v|nk0.8|vm0.8|am_0845_1130,8,0.13,7,1,0,87.5,87.5,7.0,1.8,0.3,41.2
SHORT:delta_dump+below_pivot+orb_break_dn+cvd_dn_v|nk0.8|vm1.2|am_0845_1130,8,0.13,7,1,0,87.5,87.5,7.0,1.8,0.3,41.2
SHORT:delta_dump+below_pivot+orb_break_dn_v+below_vwap_v|nk0.0|vm0.8|am_0845_1130,8,0.13,7,1,0,87.5,87.5,7.0,1.8,0.3,41.2
SHORT:delta_dump+below_pivot+orb_break_dn_v+below_vwap_v|nk0.0|vm1.2|am_0845_1130,8,0.13,7,1,0,87.5,87.5,7.0,1.8,0.3,41.2
SHORT:delta_dump+below_pivot+orb_break_dn_v+below_vwap_v|nk0.5|vm0.8|am_0845_1130,8,0.13,7,1,0,87.5,87.5,7.0,1.8,0.3,41.2
SHORT:delta_dump+below_pivot+orb_break_dn_v+below_vwap_v|nk0.5|vm1.2|am_0845_1130,8,0.13,7,1,0,87.5,87.5,7.0,1.8,0.3,41.2
SHORT:delta_dump+below_pivot+orb_break_dn_v+below_vwap_v|nk0.8|vm0.8|am_0845_1130,8,0.13,7,1,0,87.5,87.5,7.0,1.8,0.3,41.2
SHORT:delta_dump+below_pivot+orb_break_dn_v+below_vwap_v|nk0.8|vm1.2|am_0845_1130,8,0.13,7,1,0,87.5,87.5,7.0,1.8,0.3,41.2
SHORT:delta_dump+below_pivot+orb_break_dn_v+cvd_dn|nk0.0|vm0.8|am_0845_1130,8,0.13,7,1,0,87.5,87.5,7.0,1.8,0.3,41.2
SHORT:delta_dump+below_pivot+orb_break_dn_v+cvd_dn|nk0.0|vm1.2|am_0845_1130,8,0.13,7,1,0,87.5,87.5,7.0,1.8,0.3,41.2
SHORT:delta_dump+below_pivot+orb_break_dn_v+cvd_dn|nk0.5|vm0.8|am_0845_1130,8,0.13,7,1,0,87.5,87.5,7.0,1.8,0.3,41.2
SHORT:delta_dump+below_pivot+orb_break_dn_v+cvd_dn|nk0.5|vm1.2|am_0845_1130,8,0.13,7,1,0,87.5,87.5,7.0,1.8,0.3,41.2
SHORT:delta_dump+below_pivot+orb_break_dn_v+cvd_dn|nk0.8|vm0.8|am_0845_1130,8,0.13,7,1,0,87.5,87.5,7.0,1.8,0.3,41.2
SHORT:delta_dump+below_pivot+orb_break_dn_v+cvd_dn|nk0.8|vm1.2|am_0845_1130,8,0.13,7,1,0,87.5,87.5,7.0,1.8,0.3,41.2
SHORT:delta_dump+below_pivot+orb_break_dn_v+cvd_dn_v|nk0.0|vm0.8|am_0845_1130,8,0.13,7,1,0,87.5,87.5,7.0,1.8,0.3,41.2
SHORT:delta_dump+below_pivot+orb_break_dn_v+cvd_dn_v|nk0.0|vm1.2|am_0845_1130,8,0.13,7,1,0,87.5,87.5,7.0,1.8,0.3,41.2
SHORT:delta_dump+below_pivot+orb_break_dn_v+cvd_dn_v|nk0.5|vm0.8|am_0845_1130,8,0.13,7,1,0,87.5,87.5,7.0,1.8,0.3,41.2
SHORT:delta_dump+below_pivot+orb_break_dn_v+cvd_dn_v|nk0.5|vm1.2|am_0845_1130,8,0.13,7,1,0,87.5,87.5,7.0,1.8,0.3,41.2
SHORT:delta_dump+below_pivot+orb_break_dn_v+cvd_dn_v|nk0.8|vm0.8|am_0845_1130,8,0.13,7,1,0,87.5,87.5,7.0,1.8,0.3,41.2
SHORT:delta_dump+below_pivot+orb_break_dn_v+cvd_dn_v|nk0.8|vm1.2|am_0845_1130,8,0.13,7,1,0,87.5,87.5,7.0,1.8,0.3,41.2
SHORT:ylow_break+below_pivot+cvd_dn+cvd_dn_v|nk0.0|vm0.8|full_0845_1400,8,0.13,7,0,1,87.5,100.0,inf,2.22,0.0,24.4
SHORT:ylow_break+below_pivot+cvd_dn+cvd_dn_v|nk0.0|vm1.2|full_0845_1400,8,0.13,7,0,1,87.5,100.0,inf,2.22,0.0,24.4
SHORT:ylow_break+below_pivot+cvd_dn+cvd_dn_v|nk0.5|vm0.8|full_0845_1400,8,0.13,7,0,1,87.5,100.0,inf,2.22,0.0,24.4
SHORT:ylow_break+below_pivot+cvd_dn+cvd_dn_v|nk0.5|vm1.2|full_0845_1400,8,0.13,7,0,1,87.5,100.0,inf,2.22,0.0,24.4
SHORT:ylow_break+below_pivot+cvd_dn+cvd_dn_v|nk0.8|vm0.8|full_0845_1400,8,0.13,7,0,1,87.5,100.0,inf,2.22,0.0,24.4
SHORT:ylow_break+below_pivot+cvd_dn+cvd_dn_v|nk0.8|vm1.2|full_0845_1400,8,0.13,7,0,1,87.5,100.0,inf,2.22,0.0,24.4
SHORT:below_pivot+orb_break_dn+orb_break_dn_v+cvd_dn|nk0.8|vm0.8|am_0845_1130,8,0.13,7,1,0,87.5,87.5,7.0,1.8,0.3,41.2
SHORT:below_pivot+orb_break_dn+orb_break_dn_v+cvd_dn|nk0.8|vm1.2|am_0845_1130,8,0.13,7,1,0,87.5,87.5,7.0,1.8,0.3,41.2
SHORT:below_pivot+orb_break_dn+orb_break_dn_v+cvd_dn_v|nk0.8|vm0.8|am_0845_1130,8,0.13,7,1,0,87.5,87.5,7.0,1.8,0.3,41.2
SHORT:below_pivot+orb_break_dn+orb_break_dn_v+cvd_dn_v|nk0.8|vm1.2|am_0845_1130,8,0.13,7,1,0,87.5,87.5,7.0,1.8,0.3,41.2
SHORT:below_pivot+orb_break_dn+below_vwap_v+cvd_dn|nk0.0|vm0.8|am_0845_1130,8,0.13,7,1,0,87.5,87.5,7.0,1.8,0.3,41.2
SHORT:below_pivot+orb_break_dn+below_vwap_v+cvd_dn|nk0.0|vm1.2|am_0845_1130,8,0.13,7,1,0,87.5,87.5,7.0,1.8,0.3,41.2
SHORT:below_pivot+orb_break_dn+below_vwap_v+cvd_dn|nk0.5|vm0.8|am_0845_1130,8,0.13,7,1,0,87.5,87.5,7.0,1.8,0.3,41.2
SHORT:below_pivot+orb_break_dn+below_vwap_v+cvd_dn|nk0.5|vm1.2|am_0845_1130,8,0.13,7,1,0,87.5,87.5,7.0,1.8,0.3,41.2
SHORT:below_pivot+orb_break_dn+below_vwap_v+cvd_dn|nk0.8|vm0.8|am_0845_1130,8,0.13,7,1,0,87.5,87.5,7.0,1.8,0.3,41.2
SHORT:below_pivot+orb_break_dn+below_vwap_v+cvd_dn|nk0.8|vm1.2|am_0845_1130,8,0.13,7,1,0,87.5,87.5,7.0,1.8,0.3,41.2
SHORT:below_pivot+orb_break_dn+below_vwap_v+cvd_dn_v|nk0.0|vm0.8|am_0845_1130,8,0.13,7,1,0,87.5,87.5,7.0,1.8,0.3,41.2
SHORT:below_pivot+orb_break_dn+below_vwap_v+cvd_dn_v|nk0.0|vm1.2|am_0845_1130,8,0.13,7,1,0,87.5,87.5,7.0,1.8,0.3,41.2
SHORT:below_pivot+orb_break_dn+below_vwap_v+cvd_dn_v|nk0.5|vm0.8|am_0845_1130,8,0.13,7,1,0,87.5,87.5,7.0,1.8,0.3,41.2
SHORT:below_pivot+orb_break_dn+below_vwap_v+cvd_dn_v|nk0.5|vm1.2|am_0845_1130,8,0.13,7,1,0,87.5,87.5,7.0,1.8,0.3,41.2
SHORT:below_pivot+orb_break_dn+below_vwap_v+cvd_dn_v|nk0.8|vm0.8|am_0845_1130,8,0.13,7,1,0,87.5,87.5,7.0,1.8,0.3,41.2
SHORT:below_pivot+orb_break_dn+below_vwap_v+cvd_dn_v|nk0.8|vm1.2|am_0845_1130,8,0.13,7,1,0,87.5,87.5,7.0,1.8,0.3,41.2
SHORT:below_pivot+orb_break_dn+cvd_dn+cvd_dn_v|nk0.8|vm0.8|am_0845_1130,8,0.13,7,1,0,87.5,87.5,7.0,1.8,0.3,41.2
SHORT:below_pivot+orb_break_dn+cvd_dn+cvd_dn_v|nk0.8|vm1.2|am_0845_1130,8,0.13,7,1,0,87.5,87.5,7.0,1.8,0.3,41.2
SHORT:below_pivot+orb_break_dn_v+below_vwap_v+cvd_dn|nk0.0|vm0.8|am_0845_1130,8,0.13,7,1,0,87.5,87.5,7.0,1.8,0.3,41.2
SHORT:below_pivot+orb_break_dn_v+below_vwap_v+cvd_dn|nk0.0|vm1.2|am_0845_1130,8,0.13,7,1,0,87.5,87.5,7.0,1.8,0.3,41.2
SHORT:below_pivot+orb_break_dn_v+below_vwap_v+cvd_dn|nk0.5|vm0.8|am_0845_1130,8,0.13,7,1,0,87.5,87.5,7.0,1.8,0.3,41.2
SHORT:below_pivot+orb_break_dn_v+below_vwap_v+cvd_dn|nk0.5|vm1.2|am_0845_1130,8,0.13,7,1,0,87.5,87.5,7.0,1.8,0.3,41.2
SHORT:below_pivot+orb_break_dn_v+below_vwap_v+cvd_dn|nk0.8|vm0.8|am_0845_1130,8,0.13,7,1,0,87.5,87.5,7.0,1.8,0.3,41.2
SHORT:below_pivot+orb_break_dn_v+below_vwap_v+cvd_dn|nk0.8|vm1.2|am_0845_1130,8,0.13,7,1,0,87.5,87.5,7.0,1.8,0.3,41.2
SHORT:below_pivot+orb_break_dn_v+below_vwap_v+cvd_dn_v|nk0.0|vm0.8|am_0845_1130,8,0.13,7,1,0,87.5,87.5,7.0,1.8,0.3,41.2
SHORT:below_pivot+orb_break_dn_v+below_vwap_v+cvd_dn_v|nk0.0|vm1.2|am_0845_1130,8,0.13,7,1,0,87.5,87.5,7.0,1.8,0.3,41.2
SHORT:below_pivot+orb_break_dn_v+below_vwap_v+cvd_dn_v|nk0.5|vm0.8|am_0845_1130,8,0.13,7,1,0,87.5,87.5,7.0,1.8,0.3,41.2
SHORT:below_pivot+orb_break_dn_v+below_vwap_v+cvd_dn_v|nk0.5|vm1.2|am_0845_1130,8,0.13,7,1,0,87.5,87.5,7.0,1.8,0.3,41.2
SHORT:below_pivot+orb_break_dn_v+below_vwap_v+cvd_dn_v|nk0.8|vm0.8|am_0845_1130,8,0.13,7,1,0,87.5,87.5,7.0,1.8,0.3,41.2
SHORT:below_pivot+orb_break_dn_v+below_vwap_v+cvd_dn_v|nk0.8|vm1.2|am_0845_1130,8,0.13,7,1,0,87.5,87.5,7.0,1.8,0.3,41.2
SHORT:below_pivot+orb_break_dn_v+cvd_dn+cvd_dn_v|nk0.8|vm0.8|am_0845_1130,8,0.13,7,1,0,87.5,87.5,7.0,1.8,0.3,41.2
SHORT:below_pivot+orb_break_dn_v+cvd_dn+cvd_dn_v|nk0.8|vm1.2|am_0845_1130,8,0.13,7,1,0,87.5,87.5,7.0,1.8,0.3,41.2
SHORT:below_pivot+vwap_loss_v+rvol_thrust_dn+cvd_dn|nk0.8|vm0.8|full_0845_1400,8,0.13,7,0,1,87.5,100.0,inf,2.13,0.0,44.4
SHORT:below_pivot+vwap_loss_v+rvol_thrust_dn+cvd_dn|nk0.8|vm1.2|full_0845_1400,8,0.13,7,0,1,87.5,100.0,inf,2.13,0.0,44.4
SHORT:below_pivot+vwap_loss_v+rvol_thrust_dn+cvd_dn_v|nk0.8|vm0.8|full_0845_1400,8,0.13,7,0,1,87.5,100.0,inf,2.13,0.0,44.4
SHORT:below_pivot+vwap_loss_v+rvol_thrust_dn+cvd_dn_v|nk0.8|vm1.2|full_0845_1400,8,0.13,7,0,1,87.5,100.0,inf,2.13,0.0,44.4
SHORT:weak_close+vwap_loss_v+cvd_dn+cvd_dn_v|nk0.0|vm0.8|am_0845_1130,8,0.13,7,1,0,87.5,87.5,7.0,1.8,0.3,40.0
SHORT:weak_close+vwap_loss_v+cvd_dn+cvd_dn_v|nk0.0|vm1.2|am_0845_1130,8,0.13,7,1,0,87.5,87.5,7.0,1.8,0.3,40.0
SHORT:weak_close+vwap_loss_v+cvd_dn+cvd_dn_v|nk0.5|vm0.8|am_0845_1130,8,0.13,7,1,0,87.5,87.5,7.0,1.8,0.3,40.0
SHORT:weak_close+vwap_loss_v+cvd_dn+cvd_dn_v|nk0.5|vm1.2|am_0845_1130,8,0.13,7,1,0,87.5,87.5,7.0,1.8,0.3,40.0
SHORT:rvol_thrust_dn+rsi_thrust_dn|nk0.0|vm0.8|am_0845_1130,14,0.23,12,2,0,85.7,85.7,6.0,3.0,0.3,51.4
SHORT:rvol_thrust_dn+rsi_thrust_dn|nk0.0|vm1.2|am_0845_1130,14,0.23,12,2,0,85.7,85.7,6.0,3.0,0.3,51.4
SHORT:rvol_thrust_dn+rsi_thrust_dn|nk0.5|vm0.8|am_0845_1130,14,0.23,12,2,0,85.7,85.7,6.0,3.0,0.3,51.4
SHORT:rvol_thrust_dn+rsi_thrust_dn|nk0.5|vm1.2|am_0845_1130,14,0.23,12,2,0,85.7,85.7,6.0,3.0,0.3,51.4
SHORT:below_vwap+rvol_thrust_dn+rsi_thrust_dn|nk0.0|vm0.8|am_0845_1130,14,0.23,12,2,0,85.7,85.7,6.0,3.0,0.3,51.4
SHORT:below_vwap+rvol_thrust_dn+rsi_thrust_dn|nk0.0|vm1.2|am_0845_1130,14,0.23,12,2,0,85.7,85.7,6.0,3.0,0.3,51.4
SHORT:below_vwap+rvol_thrust_dn+rsi_thrust_dn|nk0.5|vm0.8|am_0845_1130,14,0.23,12,2,0,85.7,85.7,6.0,3.0,0.3,51.4
SHORT:below_vwap+rvol_thrust_dn+rsi_thrust_dn|nk0.5|vm1.2|am_0845_1130,14,0.23,12,2,0,85.7,85.7,6.0,3.0,0.3,51.4
SHORT:weak_close+rvol_thrust_dn+rsi_thrust_dn|nk0.0|vm0.8|am_0845_1130,14,0.23,12,2,0,85.7,85.7,6.0,3.0,0.3,51.4
SHORT:weak_close+rvol_thrust_dn+rsi_thrust_dn|nk0.0|vm1.2|am_0845_1130,14,0.23,12,2,0,85.7,85.7,6.0,3.0,0.3,51.4
SHORT:weak_close+rvol_thrust_dn+rsi_thrust_dn|nk0.5|vm0.8|am_0845_1130,14,0.23,12,2,0,85.7,85.7,6.0,3.0,0.3,51.4
SHORT:weak_close+rvol_thrust_dn+rsi_thrust_dn|nk0.5|vm1.2|am_0845_1130,14,0.23,12,2,0,85.7,85.7,6.0,3.0,0.3,51.4
SHORT:weak_close+below_vwap_v+rsi_thrust_dn|nk0.0|vm0.8|am_0845_1130,14,0.23,12,2,0,85.7,85.7,6.0,3.0,0.3,51.4
SHORT:weak_close+below_vwap_v+rsi_thrust_dn|nk0.0|vm1.2|am_0845_1130,14,0.23,12,2,0,85.7,85.7,6.0,3.0,0.3,51.4
SHORT:weak_close+below_vwap_v+rsi_thrust_dn|nk0.5|vm0.8|am_0845_1130,14,0.23,12,2,0,85.7,85.7,6.0,3.0,0.3,51.4
SHORT:weak_close+below_vwap_v+rsi_thrust_dn|nk0.5|vm1.2|am_0845_1130,14,0.23,12,2,0,85.7,85.7,6.0,3.0,0.3,51.4
SHORT:rvol_thrust_dn+below_vwap_v+rsi_thrust_dn|nk0.0|vm0.8|am_0845_1130,14,0.23,12,2,0,85.7,85.7,6.0,3.0,0.3,51.4
SHORT:rvol_thrust_dn+below_vwap_v+rsi_thrust_dn|nk0.0|vm1.2|am_0845_1130,14,0.23,12,2,0,85.7,85.7,6.0,3.0,0.3,51.4
SHORT:rvol_thrust_dn+below_vwap_v+rsi_thrust_dn|nk0.5|vm0.8|am_0845_1130,14,0.23,12,2,0,85.7,85.7,6.0,3.0,0.3,51.4
SHORT:rvol_thrust_dn+below_vwap_v+rsi_thrust_dn|nk0.5|vm1.2|am_0845_1130,14,0.23,12,2,0,85.7,85.7,6.0,3.0,0.3,51.4
SHORT:below_vwap+weak_close+rvol_thrust_dn+rsi_thrust_dn|nk0.0|vm0.8|am_0845_1130,14,0.23,12,2,0,85.7,85.7,6.0,3.0,0.3,51.4
SHORT:below_vwap+weak_close+rvol_thrust_dn+rsi_thrust_dn|nk0.0|vm1.2|am_0845_1130,14,0.23,12,2,0,85.7,85.7,6.0,3.0,0.3,51.4
SHORT:below_vwap+weak_close+rvol_thrust_dn+rsi_thrust_dn|nk0.5|vm0.8|am_0845_1130,14,0.23,12,2,0,85.7,85.7,6.0,3.0,0.3,51.4
SHORT:below_vwap+weak_close+rvol_thrust_dn+rsi_thrust_dn|nk0.5|vm1.2|am_0845_1130,14,0.23,12,2,0,85.7,85.7,6.0,3.0,0.3,51.4
SHORT:below_vwap+weak_close+below_vwap_v+rsi_thrust_dn|nk0.0|vm0.8|am_0845_1130,14,0.23,12,2,0,85.7,85.7,6.0,3.0,0.3,51.4
SHORT:below_vwap+weak_close+below_vwap_v+rsi_thrust_dn|nk0.0|vm1.2|am_0845_1130,14,0.23,12,2,0,85.7,85.7,6.0,3.0,0.3,51.4
SHORT:below_vwap+weak_close+below_vwap_v+rsi_thrust_dn|nk0.5|vm0.8|am_0845_1130,14,0.23,12,2,0,85.7,85.7,6.0,3.0,0.3,51.4
SHORT:below_vwap+weak_close+below_vwap_v+rsi_thrust_dn|nk0.5|vm1.2|am_0845_1130,14,0.23,12,2,0,85.7,85.7,6.0,3.0,0.3,51.4
SHORT:below_vwap+rvol_thrust_dn+below_vwap_v+rsi_thrust_dn|nk0.0|vm0.8|am_0845_1130,14,0.23,12,2,0,85.7,85.7,6.0,3.0,0.3,51.4
SHORT:below_vwap+rvol_thrust_dn+below_vwap_v+rsi_thrust_dn|nk0.0|vm1.2|am_0845_1130,14,0.23,12,2,0,85.7,85.7,6.0,3.0,0.3,51.4
SHORT:below_vwap+rvol_thrust_dn+below_vwap_v+rsi_thrust_dn|nk0.5|vm0.8|am_0845_1130,14,0.23,12,2,0,85.7,85.7,6.0,3.0,0.3,51.4
SHORT:below_vwap+rvol_thrust_dn+below_vwap_v+rsi_thrust_dn|nk0.5|vm1.2|am_0845_1130,14,0.23,12,2,0,85.7,85.7,6.0,3.0,0.3,51.4
SHORT:weak_close+rvol_thrust_dn+below_vwap_v+rsi_thrust_dn|nk0.0|vm0.8|am_0845_1130,14,0.23,12,2,0,85.7,85.7,6.0,3.0,0.3,51.4
SHORT:weak_close+rvol_thrust_dn+below_vwap_v+rsi_thrust_dn|nk0.0|vm1.2|am_0845_1130,14,0.23,12,2,0,85.7,85.7,6.0,3.0,0.3,51.4
SHORT:weak_close+rvol_thrust_dn+below_vwap_v+rsi_thrust_dn|nk0.5|vm0.8|am_0845_1130,14,0.23,12,2,0,85.7,85.7,6.0,3.0,0.3,51.4
SHORT:weak_close+rvol_thrust_dn+below_vwap_v+rsi_thrust_dn|nk0.5|vm1.2|am_0845_1130,14,0.23,12,2,0,85.7,85.7,6.0,3.0,0.3,51.4
SHORT:ylow_break+rvol_thrust_dn|nk0.0|vm0.8|full_0845_1400,7,0.12,6,0,1,85.7,100.0,inf,1.92,0.0,22.9
SHORT:ylow_break+rvol_thrust_dn|nk0.0|vm1.2|full_0845_1400,7,0.12,6,0,1,85.7,100.0,inf,1.92,0.0,22.9
SHORT:ylow_break+rvol_thrust_dn|nk0.5|vm0.8|full_0845_1400,7,0.12,6,0,1,85.7,100.0,inf,1.92,0.0,22.9
SHORT:ylow_break+rvol_thrust_dn|nk0.5|vm1.2|full_0845_1400,7,0.12,6,0,1,85.7,100.0,inf,1.92,0.0,22.9
SHORT:ylow_break+rvol_thrust_dn|nk0.8|vm0.8|full_0845_1400,7,0.12,6,0,1,85.7,100.0,inf,1.92,0.0,22.9
SHORT:ylow_break+rvol_thrust_dn|nk0.8|vm1.2|full_0845_1400,7,0.12,6,0,1,85.7,100.0,inf,1.92,0.0,22.9
SHORT:ylow_break+below_vwap_v|nk0.0|vm0.8|full_0845_1400,7,0.12,6,0,1,85.7,100.0,inf,1.92,0.0,22.9
SHORT:ylow_break+below_vwap_v|nk0.0|vm1.2|full_0845_1400,7,0.12,6,0,1,85.7,100.0,inf,1.92,0.0,22.9
SHORT:ylow_break+below_vwap_v|nk0.5|vm0.8|full_0845_1400,7,0.12,6,0,1,85.7,100.0,inf,1.92,0.0,22.9
SHORT:ylow_break+below_vwap_v|nk0.5|vm1.2|full_0845_1400,7,0.12,6,0,1,85.7,100.0,inf,1.92,0.0,22.9
SHORT:ylow_break+below_vwap_v|nk0.8|vm0.8|full_0845_1400,7,0.12,6,0,1,85.7,100.0,inf,1.92,0.0,22.9
SHORT:ylow_break+below_vwap_v|nk0.8|vm1.2|full_0845_1400,7,0.12,6,0,1,85.7,100.0,inf,1.92,0.0,22.9
SHORT:ylow_break+cvd_dn|nk0.0|vm0.8|am_0845_1130,7,0.12,6,1,0,85.7,85.7,6.0,1.5,0.0,34.3
SHORT:ylow_break+cvd_dn|nk0.0|vm1.2|am_0845_1130,7,0.12,6,1,0,85.7,85.7,6.0,1.5,0.0,34.3
SHORT:ylow_break+cvd_dn|nk0.5|vm0.8|am_0845_1130,7,0.12,6,1,0,85.7,85.7,6.0,1.5,0.0,34.3
SHORT:ylow_break+cvd_dn|nk0.5|vm1.2|am_0845_1130,7,0.12,6,1,0,85.7,85.7,6.0,1.5,0.0,34.3
SHORT:ylow_break+cvd_dn|nk0.8|vm0.8|am_0845_1130,7,0.12,6,1,0,85.7,85.7,6.0,1.5,0.0,34.3
SHORT:ylow_break+cvd_dn|nk0.8|vm1.2|am_0845_1130,7,0.12,6,1,0,85.7,85.7,6.0,1.5,0.0,34.3
SHORT:vwap_loss+below_pivot+below_vwap_v|nk0.0|vm0.8|am_0845_1130,7,0.12,6,1,0,85.7,85.7,6.0,1.5,0.3,25.0
SHORT:vwap_loss+below_pivot+below_vwap_v|nk0.0|vm1.2|am_0845_1130,7,0.12,6,1,0,85.7,85.7,6.0,1.5,0.3,25.0
SHORT:vwap_loss+below_pivot+below_vwap_v|nk0.5|vm0.8|am_0845_1130,7,0.12,6,1,0,85.7,85.7,6.0,1.5,0.3,25.0
SHORT:vwap_loss+below_pivot+below_vwap_v|nk0.5|vm1.2|am_0845_1130,7,0.12,6,1,0,85.7,85.7,6.0,1.5,0.3,25.0
SHORT:below_vwap+adi_dn+ylow_break|nk0.0|vm0.8|am_0845_1130,7,0.12,6,1,0,85.7,85.7,6.0,1.5,0.0,34.3
SHORT:below_vwap+adi_dn+ylow_break|nk0.0|vm1.2|am_0845_1130,7,0.12,6,1,0,85.7,85.7,6.0,1.5,0.0,34.3
SHORT:below_vwap+adi_dn+ylow_break|nk0.5|vm0.8|am_0845_1130,7,0.12,6,1,0,85.7,85.7,6.0,1.5,0.0,34.3
SHORT:below_vwap+adi_dn+ylow_break|nk0.5|vm1.2|am_0845_1130,7,0.12,6,1,0,85.7,85.7,6.0,1.5,0.0,34.3
SHORT:below_vwap+adi_dn+ylow_break|nk0.8|vm0.8|am_0845_1130,7,0.12,6,1,0,85.7,85.7,6.0,1.5,0.0,34.3
SHORT:below_vwap+adi_dn+ylow_break|nk0.8|vm1.2|am_0845_1130,7,0.12,6,1,0,85.7,85.7,6.0,1.5,0.0,34.3
SHORT:below_vwap+r1_reject+weak_close|nk0.0|vm1.2|am_0845_1130,7,0.12,6,0,1,85.7,100.0,inf,1.95,0.0,82.9
SHORT:below_vwap+r1_reject+weak_close|nk0.5|vm1.2|am_0845_1130,7,0.12,6,0,1,85.7,100.0,inf,1.95,0.0,82.9
SHORT:below_vwap+r1_reject+weak_close|nk0.8|vm1.2|am_0845_1130,7,0.12,6,0,1,85.7,100.0,inf,1.95,0.0,82.9
SHORT:below_vwap+ylow_break+hist_turn_dn|nk0.0|vm0.8|am_0845_1130,7,0.12,6,1,0,85.7,85.7,6.0,1.5,0.0,38.6
SHORT:below_vwap+ylow_break+hist_turn_dn|nk0.0|vm1.2|full_0845_1400,7,0.12,6,1,0,85.7,85.7,6.0,1.5,0.0,38.6
SHORT:below_vwap+ylow_break+hist_turn_dn|nk0.0|vm1.2|am_0845_1130,7,0.12,6,1,0,85.7,85.7,6.0,1.5,0.0,38.6
SHORT:below_vwap+ylow_break+hist_turn_dn|nk0.5|vm0.8|am_0845_1130,7,0.12,6,1,0,85.7,85.7,6.0,1.5,0.0,38.6
SHORT:below_vwap+ylow_break+hist_turn_dn|nk0.5|vm1.2|full_0845_1400,7,0.12,6,1,0,85.7,85.7,6.0,1.5,0.0,38.6
SHORT:below_vwap+ylow_break+hist_turn_dn|nk0.5|vm1.2|am_0845_1130,7,0.12,6,1,0,85.7,85.7,6.0,1.5,0.0,38.6
SHORT:below_vwap+ylow_break+hist_turn_dn|nk0.8|vm0.8|am_0845_1130,7,0.12,6,1,0,85.7,85.7,6.0,1.5,0.0,38.6
SHORT:below_vwap+ylow_break+hist_turn_dn|nk0.8|vm1.2|full_0845_1400,7,0.12,6,1,0,85.7,85.7,6.0,1.5,0.0,38.6
SHORT:below_vwap+ylow_break+hist_turn_dn|nk0.8|vm1.2|am_0845_1130,7,0.12,6,1,0,85.7,85.7,6.0,1.5,0.0,38.6
SHORT:below_vwap+ylow_break+weak_close|nk0.0|vm0.8|am_0845_1130,7,0.12,6,1,0,85.7,85.7,6.0,1.5,0.0,37.1
SHORT:below_vwap+ylow_break+weak_close|nk0.0|vm1.2|am_0845_1130,7,0.12,6,1,0,85.7,85.7,6.0,1.5,0.0,37.1
SHORT:below_vwap+ylow_break+weak_close|nk0.5|vm0.8|am_0845_1130,7,0.12,6,1,0,85.7,85.7,6.0,1.5,0.0,37.1
SHORT:below_vwap+ylow_break+weak_close|nk0.5|vm1.2|am_0845_1130,7,0.12,6,1,0,85.7,85.7,6.0,1.5,0.0,37.1
SHORT:below_vwap+ylow_break+weak_close|nk0.8|vm0.8|am_0845_1130,7,0.12,6,1,0,85.7,85.7,6.0,1.5,0.0,37.1
SHORT:below_vwap+ylow_break+weak_close|nk0.8|vm1.2|am_0845_1130,7,0.12,6,1,0,85.7,85.7,6.0,1.5,0.0,37.1
SHORT:below_vwap+ylow_break+rvol_thrust_dn|nk0.0|vm0.8|full_0845_1400,7,0.12,6,0,1,85.7,100.0,inf,1.92,0.0,22.9
SHORT:below_vwap+ylow_break+rvol_thrust_dn|nk0.0|vm1.2|full_0845_1400,7,0.12,6,0,1,85.7,100.0,inf,1.92,0.0,22.9
SHORT:below_vwap+ylow_break+rvol_thrust_dn|nk0.5|vm0.8|full_0845_1400,7,0.12,6,0,1,85.7,100.0,inf,1.92,0.0,22.9
SHORT:below_vwap+ylow_break+rvol_thrust_dn|nk0.5|vm1.2|full_0845_1400,7,0.12,6,0,1,85.7,100.0,inf,1.92,0.0,22.9
SHORT:below_vwap+ylow_break+rvol_thrust_dn|nk0.8|vm0.8|full_0845_1400,7,0.12,6,0,1,85.7,100.0,inf,1.92,0.0,22.9
SHORT:below_vwap+ylow_break+rvol_thrust_dn|nk0.8|vm1.2|full_0845_1400,7,0.12,6,0,1,85.7,100.0,inf,1.92,0.0,22.9
SHORT:below_vwap+ylow_break+below_vwap_v|nk0.0|vm0.8|full_0845_1400,7,0.12,6,0,1,85.7,100.0,inf,1.92,0.0,22.9
SHORT:below_vwap+ylow_break+below_vwap_v|nk0.0|vm1.2|full_0845_1400,7,0.12,6,0,1,85.7,100.0,inf,1.92,0.0,22.9
SHORT:below_vwap+ylow_break+below_vwap_v|nk0.5|vm0.8|full_0845_1400,7,0.12,6,0,1,85.7,100.0,inf,1.92,0.0,22.9
SHORT:below_vwap+ylow_break+below_vwap_v|nk0.5|vm1.2|full_0845_1400,7,0.12,6,0,1,85.7,100.0,inf,1.92,0.0,22.9
SHORT:below_vwap+ylow_break+below_vwap_v|nk0.8|vm0.8|full_0845_1400,7,0.12,6,0,1,85.7,100.0,inf,1.92,0.0,22.9
SHORT:below_vwap+ylow_break+below_vwap_v|nk0.8|vm1.2|full_0845_1400,7,0.12,6,0,1,85.7,100.0,inf,1.92,0.0,22.9
SHORT:below_vwap+ylow_break+cvd_dn|nk0.0|vm0.8|am_0845_1130,7,0.12,6,1,0,85.7,85.7,6.0,1.5,0.0,34.3
SHORT:below_vwap+ylow_break+cvd_dn|nk0.0|vm1.2|am_0845_1130,7,0.12,6,1,0,85.7,85.7,6.0,1.5,0.0,34.3
SHORT:below_vwap+ylow_break+cvd_dn|nk0.5|vm0.8|am_0845_1130,7,0.12,6,1,0,85.7,85.7,6.0,1.5,0.0,34.3
SHORT:below_vwap+ylow_break+cvd_dn|nk0.5|vm1.2|am_0845_1130,7,0.12,6,1,0,85.7,85.7,6.0,1.5,0.0,34.3
SHORT:below_vwap+ylow_break+cvd_dn|nk0.8|vm0.8|am_0845_1130,7,0.12,6,1,0,85.7,85.7,6.0,1.5,0.0,34.3
SHORT:below_vwap+ylow_break+cvd_dn|nk0.8|vm1.2|am_0845_1130,7,0.12,6,1,0,85.7,85.7,6.0,1.5,0.0,34.3
SHORT:adi_dn+ylow_break+rvol_thrust_dn|nk0.0|vm0.8|full_0845_1400,7,0.12,6,0,1,85.7,100.0,inf,1.92,0.0,22.9
SHORT:adi_dn+ylow_break+rvol_thrust_dn|nk0.0|vm1.2|full_0845_1400,7,0.12,6,0,1,85.7,100.0,inf,1.92,0.0,22.9
SHORT:adi_dn+ylow_break+rvol_thrust_dn|nk0.5|vm0.8|full_0845_1400,7,0.12,6,0,1,85.7,100.0,inf,1.92,0.0,22.9
SHORT:adi_dn+ylow_break+rvol_thrust_dn|nk0.5|vm1.2|full_0845_1400,7,0.12,6,0,1,85.7,100.0,inf,1.92,0.0,22.9
SHORT:adi_dn+ylow_break+rvol_thrust_dn|nk0.8|vm0.8|full_0845_1400,7,0.12,6,0,1,85.7,100.0,inf,1.92,0.0,22.9
SHORT:adi_dn+ylow_break+rvol_thrust_dn|nk0.8|vm1.2|full_0845_1400,7,0.12,6,0,1,85.7,100.0,inf,1.92,0.0,22.9
SHORT:adi_dn+ylow_break+below_vwap_v|nk0.0|vm0.8|full_0845_1400,7,0.12,6,0,1,85.7,100.0,inf,1.92,0.0,22.9
SHORT:adi_dn+ylow_break+below_vwap_v|nk0.0|vm1.2|full_0845_1400,7,0.12,6,0,1,85.7,100.0,inf,1.92,0.0,22.9
SHORT:adi_dn+ylow_break+below_vwap_v|nk0.5|vm0.8|full_0845_1400,7,0.12,6,0,1,85.7,100.0,inf,1.92,0.0,22.9
SHORT:adi_dn+ylow_break+below_vwap_v|nk0.5|vm1.2|full_0845_1400,7,0.12,6,0,1,85.7,100.0,inf,1.92,0.0,22.9
SHORT:adi_dn+ylow_break+below_vwap_v|nk0.8|vm0.8|full_0845_1400,7,0.12,6,0,1,85.7,100.0,inf,1.92,0.0,22.9
SHORT:adi_dn+ylow_break+below_vwap_v|nk0.8|vm1.2|full_0845_1400,7,0.12,6,0,1,85.7,100.0,inf,1.92,0.0,22.9
SHORT:adi_dn+ylow_break+cvd_dn|nk0.0|vm0.8|am_0845_1130,7,0.12,6,1,0,85.7,85.7,6.0,1.5,0.0,34.3
SHORT:adi_dn+ylow_break+cvd_dn|nk0.0|vm1.2|am_0845_1130,7,0.12,6,1,0,85.7,85.7,6.0,1.5,0.0,34.3
SHORT:adi_dn+ylow_break+cvd_dn|nk0.5|vm0.8|am_0845_1130,7,0.12,6,1,0,85.7,85.7,6.0,1.5,0.0,34.3
SHORT:adi_dn+ylow_break+cvd_dn|nk0.5|vm1.2|am_0845_1130,7,0.12,6,1,0,85.7,85.7,6.0,1.5,0.0,34.3
SHORT:adi_dn+ylow_break+cvd_dn|nk0.8|vm0.8|am_0845_1130,7,0.12,6,1,0,85.7,85.7,6.0,1.5,0.0,34.3
SHORT:adi_dn+ylow_break+cvd_dn|nk0.8|vm1.2|am_0845_1130,7,0.12,6,1,0,85.7,85.7,6.0,1.5,0.0,34.3
SHORT:delta_dump+ylow_break+rvol_thrust_dn|nk0.0|vm0.8|full_0845_1400,7,0.12,6,0,1,85.7,100.0,inf,1.92,0.0,22.9
SHORT:delta_dump+ylow_break+rvol_thrust_dn|nk0.0|vm1.2|full_0845_1400,7,0.12,6,0,1,85.7,100.0,inf,1.92,0.0,22.9
SHORT:delta_dump+ylow_break+rvol_thrust_dn|nk0.5|vm0.8|full_0845_1400,7,0.12,6,0,1,85.7,100.0,inf,1.92,0.0,22.9
SHORT:delta_dump+ylow_break+rvol_thrust_dn|nk0.5|vm1.2|full_0845_1400,7,0.12,6,0,1,85.7,100.0,inf,1.92,0.0,22.9
SHORT:delta_dump+ylow_break+rvol_thrust_dn|nk0.8|vm0.8|full_0845_1400,7,0.12,6,0,1,85.7,100.0,inf,1.92,0.0,22.9
SHORT:delta_dump+ylow_break+rvol_thrust_dn|nk0.8|vm1.2|full_0845_1400,7,0.12,6,0,1,85.7,100.0,inf,1.92,0.0,22.9
SHORT:delta_dump+ylow_break+below_vwap_v|nk0.0|vm0.8|full_0845_1400,7,0.12,6,0,1,85.7,100.0,inf,1.92,0.0,22.9
SHORT:delta_dump+ylow_break+below_vwap_v|nk0.0|vm1.2|full_0845_1400,7,0.12,6,0,1,85.7,100.0,inf,1.92,0.0,22.9
SHORT:delta_dump+ylow_break+below_vwap_v|nk0.5|vm0.8|full_0845_1400,7,0.12,6,0,1,85.7,100.0,inf,1.92,0.0,22.9
SHORT:delta_dump+ylow_break+below_vwap_v|nk0.5|vm1.2|full_0845_1400,7,0.12,6,0,1,85.7,100.0,inf,1.92,0.0,22.9
SHORT:delta_dump+ylow_break+below_vwap_v|nk0.8|vm0.8|full_0845_1400,7,0.12,6,0,1,85.7,100.0,inf,1.92,0.0,22.9
SHORT:delta_dump+ylow_break+below_vwap_v|nk0.8|vm1.2|full_0845_1400,7,0.12,6,0,1,85.7,100.0,inf,1.92,0.0,22.9
SHORT:delta_dump+ylow_break+cvd_dn_v|nk0.0|vm0.8|full_0845_1400,7,0.12,6,0,1,85.7,100.0,inf,1.92,0.0,22.9
SHORT:delta_dump+ylow_break+cvd_dn_v|nk0.0|vm1.2|full_0845_1400,7,0.12,6,0,1,85.7,100.0,inf,1.92,0.0,22.9
SHORT:delta_dump+ylow_break+cvd_dn_v|nk0.5|vm0.8|full_0845_1400,7,0.12,6,0,1,85.7,100.0,inf,1.92,0.0,22.9
SHORT:delta_dump+ylow_break+cvd_dn_v|nk0.5|vm1.2|full_0845_1400,7,0.12,6,0,1,85.7,100.0,inf,1.92,0.0,22.9
SHORT:delta_dump+ylow_break+cvd_dn_v|nk0.8|vm0.8|full_0845_1400,7,0.12,6,0,1,85.7,100.0,inf,1.92,0.0,22.9
SHORT:delta_dump+ylow_break+cvd_dn_v|nk0.8|vm1.2|full_0845_1400,7,0.12,6,0,1,85.7,100.0,inf,1.92,0.0,22.9
SHORT:ylow_break+below_pivot+rvol_thrust_dn|nk0.0|vm0.8|full_0845_1400,7,0.12,6,0,1,85.7,100.0,inf,1.92,0.0,22.9
SHORT:ylow_break+below_pivot+rvol_thrust_dn|nk0.0|vm1.2|full_0845_1400,7,0.12,6,0,1,85.7,100.0,inf,1.92,0.0,22.9
SHORT:ylow_break+below_pivot+rvol_thrust_dn|nk0.5|vm0.8|full_0845_1400,7,0.12,6,0,1,85.7,100.0,inf,1.92,0.0,22.9
SHORT:ylow_break+below_pivot+rvol_thrust_dn|nk0.5|vm1.2|full_0845_1400,7,0.12,6,0,1,85.7,100.0,inf,1.92,0.0,22.9
SHORT:ylow_break+below_pivot+rvol_thrust_dn|nk0.8|vm0.8|full_0845_1400,7,0.12,6,0,1,85.7,100.0,inf,1.92,0.0,22.9
SHORT:ylow_break+below_pivot+rvol_thrust_dn|nk0.8|vm1.2|full_0845_1400,7,0.12,6,0,1,85.7,100.0,inf,1.92,0.0,22.9
SHORT:ylow_break+below_pivot+below_vwap_v|nk0.0|vm0.8|full_0845_1400,7,0.12,6,0,1,85.7,100.0,inf,1.92,0.0,22.9
SHORT:ylow_break+below_pivot+below_vwap_v|nk0.0|vm1.2|full_0845_1400,7,0.12,6,0,1,85.7,100.0,inf,1.92,0.0,22.9
SHORT:ylow_break+below_pivot+below_vwap_v|nk0.5|vm0.8|full_0845_1400,7,0.12,6,0,1,85.7,100.0,inf,1.92,0.0,22.9
SHORT:ylow_break+below_pivot+below_vwap_v|nk0.5|vm1.2|full_0845_1400,7,0.12,6,0,1,85.7,100.0,inf,1.92,0.0,22.9
SHORT:ylow_break+below_pivot+below_vwap_v|nk0.8|vm0.8|full_0845_1400,7,0.12,6,0,1,85.7,100.0,inf,1.92,0.0,22.9
SHORT:ylow_break+below_pivot+below_vwap_v|nk0.8|vm1.2|full_0845_1400,7,0.12,6,0,1,85.7,100.0,inf,1.92,0.0,22.9
SHORT:ylow_break+below_pivot+cvd_dn|nk0.0|vm0.8|am_0845_1130,7,0.12,6,1,0,85.7,85.7,6.0,1.5,0.0,34.3
SHORT:ylow_break+below_pivot+cvd_dn|nk0.0|vm1.2|am_0845_1130,7,0.12,6,1,0,85.7,85.7,6.0,1.5,0.0,34.3
SHORT:ylow_break+below_pivot+cvd_dn|nk0.5|vm0.8|am_0845_1130,7,0.12,6,1,0,85.7,85.7,6.0,1.5,0.0,34.3
SHORT:ylow_break+below_pivot+cvd_dn|nk0.5|vm1.2|am_0845_1130,7,0.12,6,1,0,85.7,85.7,6.0,1.5,0.0,34.3
SHORT:ylow_break+below_pivot+cvd_dn|nk0.8|vm0.8|am_0845_1130,7,0.12,6,1,0,85.7,85.7,6.0,1.5,0.0,34.3
SHORT:ylow_break+below_pivot+cvd_dn|nk0.8|vm1.2|am_0845_1130,7,0.12,6,1,0,85.7,85.7,6.0,1.5,0.0,34.3
SHORT:ylow_break+weak_close+rvol_thrust_dn|nk0.0|vm0.8|full_0845_1400,7,0.12,6,0,1,85.7,100.0,inf,1.92,0.0,22.9
SHORT:ylow_break+weak_close+rvol_thrust_dn|nk0.0|vm1.2|full_0845_1400,7,0.12,6,0,1,85.7,100.0,inf,1.92,0.0,22.9
SHORT:ylow_break+weak_close+rvol_thrust_dn|nk0.5|vm0.8|full_0845_1400,7,0.12,6,0,1,85.7,100.0,inf,1.92,0.0,22.9
SHORT:ylow_break+weak_close+rvol_thrust_dn|nk0.5|vm1.2|full_0845_1400,7,0.12,6,0,1,85.7,100.0,inf,1.92,0.0,22.9
SHORT:ylow_break+weak_close+rvol_thrust_dn|nk0.8|vm0.8|full_0845_1400,7,0.12,6,0,1,85.7,100.0,inf,1.92,0.0,22.9
SHORT:ylow_break+weak_close+rvol_thrust_dn|nk0.8|vm1.2|full_0845_1400,7,0.12,6,0,1,85.7,100.0,inf,1.92,0.0,22.9
SHORT:ylow_break+weak_close+below_vwap_v|nk0.0|vm0.8|full_0845_1400,7,0.12,6,0,1,85.7,100.0,inf,1.92,0.0,22.9
SHORT:ylow_break+weak_close+below_vwap_v|nk0.0|vm1.2|full_0845_1400,7,0.12,6,0,1,85.7,100.0,inf,1.92,0.0,22.9
SHORT:ylow_break+weak_close+below_vwap_v|nk0.5|vm0.8|full_0845_1400,7,0.12,6,0,1,85.7,100.0,inf,1.92,0.0,22.9
SHORT:ylow_break+weak_close+below_vwap_v|nk0.5|vm1.2|full_0845_1400,7,0.12,6,0,1,85.7,100.0,inf,1.92,0.0,22.9
SHORT:ylow_break+weak_close+below_vwap_v|nk0.8|vm0.8|full_0845_1400,7,0.12,6,0,1,85.7,100.0,inf,1.92,0.0,22.9
SHORT:ylow_break+weak_close+below_vwap_v|nk0.8|vm1.2|full_0845_1400,7,0.12,6,0,1,85.7,100.0,inf,1.92,0.0,22.9
SHORT:ylow_break+weak_close+cvd_dn_v|nk0.0|vm0.8|full_0845_1400,7,0.12,6,0,1,85.7,100.0,inf,1.92,0.0,22.9
SHORT:ylow_break+weak_close+cvd_dn_v|nk0.0|vm1.2|full_0845_1400,7,0.12,6,0,1,85.7,100.0,inf,1.92,0.0,22.9
SHORT:ylow_break+weak_close+cvd_dn_v|nk0.5|vm0.8|full_0845_1400,7,0.12,6,0,1,85.7,100.0,inf,1.92,0.0,22.9
SHORT:ylow_break+weak_close+cvd_dn_v|nk0.5|vm1.2|full_0845_1400,7,0.12,6,0,1,85.7,100.0,inf,1.92,0.0,22.9
SHORT:ylow_break+weak_close+cvd_dn_v|nk0.8|vm0.8|full_0845_1400,7,0.12,6,0,1,85.7,100.0,inf,1.92,0.0,22.9
SHORT:ylow_break+weak_close+cvd_dn_v|nk0.8|vm1.2|full_0845_1400,7,0.12,6,0,1,85.7,100.0,inf,1.92,0.0,22.9
SHORT:ylow_break+rvol_thrust_dn+below_vwap_v|nk0.0|vm0.8|full_0845_1400,7,0.12,6,0,1,85.7,100.0,inf,1.92,0.0,22.9
SHORT:ylow_break+rvol_thrust_dn+below_vwap_v|nk0.0|vm1.2|full_0845_1400,7,0.12,6,0,1,85.7,100.0,inf,1.92,0.0,22.9
SHORT:ylow_break+rvol_thrust_dn+below_vwap_v|nk0.5|vm0.8|full_0845_1400,7,0.12,6,0,1,85.7,100.0,inf,1.92,0.0,22.9
SHORT:ylow_break+rvol_thrust_dn+below_vwap_v|nk0.5|vm1.2|full_0845_1400,7,0.12,6,0,1,85.7,100.0,inf,1.92,0.0,22.9
SHORT:ylow_break+rvol_thrust_dn+below_vwap_v|nk0.8|vm0.8|full_0845_1400,7,0.12,6,0,1,85.7,100.0,inf,1.92,0.0,22.9
SHORT:ylow_break+rvol_thrust_dn+below_vwap_v|nk0.8|vm1.2|full_0845_1400,7,0.12,6,0,1,85.7,100.0,inf,1.92,0.0,22.9
SHORT:ylow_break+rvol_thrust_dn+cvd_dn|nk0.0|vm0.8|full_0845_1400,7,0.12,6,0,1,85.7,100.0,inf,1.92,0.0,22.9
SHORT:ylow_break+rvol_thrust_dn+cvd_dn|nk0.0|vm1.2|full_0845_1400,7,0.12,6,0,1,85.7,100.0,inf,1.92,0.0,22.9
SHORT:ylow_break+rvol_thrust_dn+cvd_dn|nk0.5|vm0.8|full_0845_1400,7,0.12,6,0,1,85.7,100.0,inf,1.92,0.0,22.9
SHORT:ylow_break+rvol_thrust_dn+cvd_dn|nk0.5|vm1.2|full_0845_1400,7,0.12,6,0,1,85.7,100.0,inf,1.92,0.0,22.9
SHORT:ylow_break+rvol_thrust_dn+cvd_dn|nk0.8|vm0.8|full_0845_1400,7,0.12,6,0,1,85.7,100.0,inf,1.92,0.0,22.9
SHORT:ylow_break+rvol_thrust_dn+cvd_dn|nk0.8|vm1.2|full_0845_1400,7,0.12,6,0,1,85.7,100.0,inf,1.92,0.0,22.9
SHORT:ylow_break+rvol_thrust_dn+cvd_dn_v|nk0.0|vm0.8|full_0845_1400,7,0.12,6,0,1,85.7,100.0,inf,1.92,0.0,22.9
SHORT:ylow_break+rvol_thrust_dn+cvd_dn_v|nk0.0|vm1.2|full_0845_1400,7,0.12,6,0,1,85.7,100.0,inf,1.92,0.0,22.9
SHORT:ylow_break+rvol_thrust_dn+cvd_dn_v|nk0.5|vm0.8|full_0845_1400,7,0.12,6,0,1,85.7,100.0,inf,1.92,0.0,22.9
SHORT:ylow_break+rvol_thrust_dn+cvd_dn_v|nk0.5|vm1.2|full_0845_1400,7,0.12,6,0,1,85.7,100.0,inf,1.92,0.0,22.9
SHORT:ylow_break+rvol_thrust_dn+cvd_dn_v|nk0.8|vm0.8|full_0845_1400,7,0.12,6,0,1,85.7,100.0,inf,1.92,0.0,22.9
SHORT:ylow_break+rvol_thrust_dn+cvd_dn_v|nk0.8|vm1.2|full_0845_1400,7,0.12,6,0,1,85.7,100.0,inf,1.92,0.0,22.9
SHORT:ylow_break+below_vwap_v+cvd_dn|nk0.0|vm0.8|full_0845_1400,7,0.12,6,0,1,85.7,100.0,inf,1.92,0.0,22.9
SHORT:ylow_break+below_vwap_v+cvd_dn|nk0.0|vm1.2|full_0845_1400,7,0.12,6,0,1,85.7,100.0,inf,1.92,0.0,22.9
SHORT:ylow_break+below_vwap_v+cvd_dn|nk0.5|vm0.8|full_0845_1400,7,0.12,6,0,1,85.7,100.0,inf,1.92,0.0,22.9
SHORT:ylow_break+below_vwap_v+cvd_dn|nk0.5|vm1.2|full_0845_1400,7,0.12,6,0,1,85.7,100.0,inf,1.92,0.0,22.9
SHORT:ylow_break+below_vwap_v+cvd_dn|nk0.8|vm0.8|full_0845_1400,7,0.12,6,0,1,85.7,100.0,inf,1.92,0.0,22.9
SHORT:ylow_break+below_vwap_v+cvd_dn|nk0.8|vm1.2|full_0845_1400,7,0.12,6,0,1,85.7,100.0,inf,1.92,0.0,22.9
SHORT:ylow_break+below_vwap_v+cvd_dn_v|nk0.0|vm0.8|full_0845_1400,7,0.12,6,0,1,85.7,100.0,inf,1.92,0.0,22.9
SHORT:ylow_break+below_vwap_v+cvd_dn_v|nk0.0|vm1.2|full_0845_1400,7,0.12,6,0,1,85.7,100.0,inf,1.92,0.0,22.9
SHORT:ylow_break+below_vwap_v+cvd_dn_v|nk0.5|vm0.8|full_0845_1400,7,0.12,6,0,1,85.7,100.0,inf,1.92,0.0,22.9
SHORT:ylow_break+below_vwap_v+cvd_dn_v|nk0.5|vm1.2|full_0845_1400,7,0.12,6,0,1,85.7,100.0,inf,1.92,0.0,22.9
SHORT:ylow_break+below_vwap_v+cvd_dn_v|nk0.8|vm0.8|full_0845_1400,7,0.12,6,0,1,85.7,100.0,inf,1.92,0.0,22.9
SHORT:ylow_break+below_vwap_v+cvd_dn_v|nk0.8|vm1.2|full_0845_1400,7,0.12,6,0,1,85.7,100.0,inf,1.92,0.0,22.9
SHORT:below_pivot+vwap_loss_v+below_vwap_v|nk0.0|vm0.8|am_0845_1130,7,0.12,6,1,0,85.7,85.7,6.0,1.5,0.3,25.0
SHORT:below_pivot+vwap_loss_v+below_vwap_v|nk0.0|vm1.2|am_0845_1130,7,0.12,6,1,0,85.7,85.7,6.0,1.5,0.3,25.0
SHORT:below_pivot+vwap_loss_v+below_vwap_v|nk0.5|vm0.8|am_0845_1130,7,0.12,6,1,0,85.7,85.7,6.0,1.5,0.3,25.0
SHORT:below_pivot+vwap_loss_v+below_vwap_v|nk0.5|vm1.2|am_0845_1130,7,0.12,6,1,0,85.7,85.7,6.0,1.5,0.3,25.0
SHORT:rvol_thrust_dn+cvd_dn+rsi_thrust_dn|nk0.8|vm0.8|am_0845_1130,7,0.12,6,1,0,85.7,85.7,6.0,1.5,0.3,60.0
SHORT:rvol_thrust_dn+cvd_dn+rsi_thrust_dn|nk0.8|vm1.2|am_0845_1130,7,0.12,6,1,0,85.7,85.7,6.0,1.5,0.3,60.0
SHORT:rvol_thrust_dn+cvd_dn_v+rsi_thrust_dn|nk0.8|vm0.8|am_0845_1130,7,0.12,6,1,0,85.7,85.7,6.0,1.5,0.3,60.0
SHORT:rvol_thrust_dn+cvd_dn_v+rsi_thrust_dn|nk0.8|vm1.2|am_0845_1130,7,0.12,6,1,0,85.7,85.7,6.0,1.5,0.3,60.0
SHORT:vwap_loss+below_vwap+below_pivot+below_vwap_v|nk0.0|vm0.8|am_0845_1130,7,0.12,6,1,0,85.7,85.7,6.0,1.5,0.3,25.0
SHORT:vwap_loss+below_vwap+below_pivot+below_vwap_v|nk0.0|vm1.2|am_0845_1130,7,0.12,6,1,0,85.7,85.7,6.0,1.5,0.3,25.0
SHORT:vwap_loss+below_vwap+below_pivot+below_vwap_v|nk0.5|vm0.8|am_0845_1130,7,0.12,6,1,0,85.7,85.7,6.0,1.5,0.3,25.0
SHORT:vwap_loss+below_vwap+below_pivot+below_vwap_v|nk0.5|vm1.2|am_0845_1130,7,0.12,6,1,0,85.7,85.7,6.0,1.5,0.3,25.0
SHORT:vwap_loss+adi_dn+weak_close+cvd_dn_v|nk0.0|vm0.8|am_0845_1130,7,0.12,6,1,0,85.7,85.7,6.0,1.5,0.3,41.4
SHORT:vwap_loss+adi_dn+weak_close+cvd_dn_v|nk0.0|vm1.2|am_0845_1130,7,0.12,6,1,0,85.7,85.7,6.0,1.5,0.3,41.4
SHORT:vwap_loss+adi_dn+weak_close+cvd_dn_v|nk0.5|vm0.8|am_0845_1130,7,0.12,6,1,0,85.7,85.7,6.0,1.5,0.3,41.4
SHORT:vwap_loss+adi_dn+weak_close+cvd_dn_v|nk0.5|vm1.2|am_0845_1130,7,0.12,6,1,0,85.7,85.7,6.0,1.5,0.3,41.4
SHORT:vwap_loss+below_pivot+vwap_loss_v+below_vwap_v|nk0.0|vm0.8|am_0845_1130,7,0.12,6,1,0,85.7,85.7,6.0,1.5,0.3,25.0
SHORT:vwap_loss+below_pivot+vwap_loss_v+below_vwap_v|nk0.0|vm1.2|am_0845_1130,7,0.12,6,1,0,85.7,85.7,6.0,1.5,0.3,25.0
SHORT:vwap_loss+below_pivot+vwap_loss_v+below_vwap_v|nk0.5|vm0.8|am_0845_1130,7,0.12,6,1,0,85.7,85.7,6.0,1.5,0.3,25.0
SHORT:vwap_loss+below_pivot+vwap_loss_v+below_vwap_v|nk0.5|vm1.2|am_0845_1130,7,0.12,6,1,0,85.7,85.7,6.0,1.5,0.3,25.0
SHORT:below_vwap+adi_dn+ylow_break+below_pivot|nk0.0|vm0.8|am_0845_1130,7,0.12,6,1,0,85.7,85.7,6.0,1.5,0.0,34.3
SHORT:below_vwap+adi_dn+ylow_break+below_pivot|nk0.0|vm1.2|am_0845_1130,7,0.12,6,1,0,85.7,85.7,6.0,1.5,0.0,34.3
SHORT:below_vwap+adi_dn+ylow_break+below_pivot|nk0.5|vm0.8|am_0845_1130,7,0.12,6,1,0,85.7,85.7,6.0,1.5,0.0,34.3
SHORT:below_vwap+adi_dn+ylow_break+below_pivot|nk0.5|vm1.2|am_0845_1130,7,0.12,6,1,0,85.7,85.7,6.0,1.5,0.0,34.3
SHORT:below_vwap+adi_dn+ylow_break+below_pivot|nk0.8|vm0.8|am_0845_1130,7,0.12,6,1,0,85.7,85.7,6.0,1.5,0.0,34.3
SHORT:below_vwap+adi_dn+ylow_break+below_pivot|nk0.8|vm1.2|am_0845_1130,7,0.12,6,1,0,85.7,85.7,6.0,1.5,0.0,34.3
SHORT:below_vwap+adi_dn+ylow_break+rvol_thrust_dn|nk0.0|vm0.8|full_0845_1400,7,0.12,6,0,1,85.7,100.0,inf,1.92,0.0,22.9
SHORT:below_vwap+adi_dn+ylow_break+rvol_thrust_dn|nk0.0|vm1.2|full_0845_1400,7,0.12,6,0,1,85.7,100.0,inf,1.92,0.0,22.9
SHORT:below_vwap+adi_dn+ylow_break+rvol_thrust_dn|nk0.5|vm0.8|full_0845_1400,7,0.12,6,0,1,85.7,100.0,inf,1.92,0.0,22.9
SHORT:below_vwap+adi_dn+ylow_break+rvol_thrust_dn|nk0.5|vm1.2|full_0845_1400,7,0.12,6,0,1,85.7,100.0,inf,1.92,0.0,22.9
SHORT:below_vwap+adi_dn+ylow_break+rvol_thrust_dn|nk0.8|vm0.8|full_0845_1400,7,0.12,6,0,1,85.7,100.0,inf,1.92,0.0,22.9
SHORT:below_vwap+adi_dn+ylow_break+rvol_thrust_dn|nk0.8|vm1.2|full_0845_1400,7,0.12,6,0,1,85.7,100.0,inf,1.92,0.0,22.9
SHORT:below_vwap+adi_dn+ylow_break+below_vwap_v|nk0.0|vm0.8|full_0845_1400,7,0.12,6,0,1,85.7,100.0,inf,1.92,0.0,22.9
SHORT:below_vwap+adi_dn+ylow_break+below_vwap_v|nk0.0|vm1.2|full_0845_1400,7,0.12,6,0,1,85.7,100.0,inf,1.92,0.0,22.9
SHORT:below_vwap+adi_dn+ylow_break+below_vwap_v|nk0.5|vm0.8|full_0845_1400,7,0.12,6,0,1,85.7,100.0,inf,1.92,0.0,22.9
SHORT:below_vwap+adi_dn+ylow_break+below_vwap_v|nk0.5|vm1.2|full_0845_1400,7,0.12,6,0,1,85.7,100.0,inf,1.92,0.0,22.9
SHORT:below_vwap+adi_dn+ylow_break+below_vwap_v|nk0.8|vm0.8|full_0845_1400,7,0.12,6,0,1,85.7,100.0,inf,1.92,0.0,22.9
SHORT:below_vwap+adi_dn+ylow_break+below_vwap_v|nk0.8|vm1.2|full_0845_1400,7,0.12,6,0,1,85.7,100.0,inf,1.92,0.0,22.9
SHORT:below_vwap+adi_dn+ylow_break+cvd_dn|nk0.0|vm0.8|am_0845_1130,7,0.12,6,1,0,85.7,85.7,6.0,1.5,0.0,34.3
SHORT:below_vwap+adi_dn+ylow_break+cvd_dn|nk0.0|vm1.2|am_0845_1130,7,0.12,6,1,0,85.7,85.7,6.0,1.5,0.0,34.3
SHORT:below_vwap+adi_dn+ylow_break+cvd_dn|nk0.5|vm0.8|am_0845_1130,7,0.12,6,1,0,85.7,85.7,6.0,1.5,0.0,34.3
SHORT:below_vwap+adi_dn+ylow_break+cvd_dn|nk0.5|vm1.2|am_0845_1130,7,0.12,6,1,0,85.7,85.7,6.0,1.5,0.0,34.3
SHORT:below_vwap+adi_dn+ylow_break+cvd_dn|nk0.8|vm0.8|am_0845_1130,7,0.12,6,1,0,85.7,85.7,6.0,1.5,0.0,34.3
SHORT:below_vwap+adi_dn+ylow_break+cvd_dn|nk0.8|vm1.2|am_0845_1130,7,0.12,6,1,0,85.7,85.7,6.0,1.5,0.0,34.3
SHORT:below_vwap+delta_dump+ylow_break+rvol_thrust_dn|nk0.0|vm0.8|full_0845_1400,7,0.12,6,0,1,85.7,100.0,inf,1.92,0.0,22.9
SHORT:below_vwap+delta_dump+ylow_break+rvol_thrust_dn|nk0.0|vm1.2|full_0845_1400,7,0.12,6,0,1,85.7,100.0,inf,1.92,0.0,22.9
SHORT:below_vwap+delta_dump+ylow_break+rvol_thrust_dn|nk0.5|vm0.8|full_0845_1400,7,0.12,6,0,1,85.7,100.0,inf,1.92,0.0,22.9
SHORT:below_vwap+delta_dump+ylow_break+rvol_thrust_dn|nk0.5|vm1.2|full_0845_1400,7,0.12,6,0,1,85.7,100.0,inf,1.92,0.0,22.9
SHORT:below_vwap+delta_dump+ylow_break+rvol_thrust_dn|nk0.8|vm0.8|full_0845_1400,7,0.12,6,0,1,85.7,100.0,inf,1.92,0.0,22.9
SHORT:below_vwap+delta_dump+ylow_break+rvol_thrust_dn|nk0.8|vm1.2|full_0845_1400,7,0.12,6,0,1,85.7,100.0,inf,1.92,0.0,22.9
SHORT:below_vwap+delta_dump+ylow_break+below_vwap_v|nk0.0|vm0.8|full_0845_1400,7,0.12,6,0,1,85.7,100.0,inf,1.92,0.0,22.9
SHORT:below_vwap+delta_dump+ylow_break+below_vwap_v|nk0.0|vm1.2|full_0845_1400,7,0.12,6,0,1,85.7,100.0,inf,1.92,0.0,22.9
SHORT:below_vwap+delta_dump+ylow_break+below_vwap_v|nk0.5|vm0.8|full_0845_1400,7,0.12,6,0,1,85.7,100.0,inf,1.92,0.0,22.9
SHORT:below_vwap+delta_dump+ylow_break+below_vwap_v|nk0.5|vm1.2|full_0845_1400,7,0.12,6,0,1,85.7,100.0,inf,1.92,0.0,22.9
SHORT:below_vwap+delta_dump+ylow_break+below_vwap_v|nk0.8|vm0.8|full_0845_1400,7,0.12,6,0,1,85.7,100.0,inf,1.92,0.0,22.9
SHORT:below_vwap+delta_dump+ylow_break+below_vwap_v|nk0.8|vm1.2|full_0845_1400,7,0.12,6,0,1,85.7,100.0,inf,1.92,0.0,22.9
SHORT:below_vwap+delta_dump+ylow_break+cvd_dn_v|nk0.0|vm0.8|full_0845_1400,7,0.12,6,0,1,85.7,100.0,inf,1.92,0.0,22.9
SHORT:below_vwap+delta_dump+ylow_break+cvd_dn_v|nk0.0|vm1.2|full_0845_1400,7,0.12,6,0,1,85.7,100.0,inf,1.92,0.0,22.9
SHORT:below_vwap+delta_dump+ylow_break+cvd_dn_v|nk0.5|vm0.8|full_0845_1400,7,0.12,6,0,1,85.7,100.0,inf,1.92,0.0,22.9
SHORT:below_vwap+delta_dump+ylow_break+cvd_dn_v|nk0.5|vm1.2|full_0845_1400,7,0.12,6,0,1,85.7,100.0,inf,1.92,0.0,22.9
SHORT:below_vwap+delta_dump+ylow_break+cvd_dn_v|nk0.8|vm0.8|full_0845_1400,7,0.12,6,0,1,85.7,100.0,inf,1.92,0.0,22.9
SHORT:below_vwap+delta_dump+ylow_break+cvd_dn_v|nk0.8|vm1.2|full_0845_1400,7,0.12,6,0,1,85.7,100.0,inf,1.92,0.0,22.9
SHORT:below_vwap+r1_reject+yhigh_reject+weak_close|nk0.0|vm0.8|full_0845_1400,7,0.12,6,1,0,85.7,85.7,6.0,1.5,0.3,36.4
SHORT:below_vwap+r1_reject+yhigh_reject+weak_close|nk0.0|vm1.2|full_0845_1400,7,0.12,6,1,0,85.7,85.7,6.0,1.5,0.3,36.4
SHORT:below_vwap+r1_reject+yhigh_reject+weak_close|nk0.5|vm0.8|full_0845_1400,7,0.12,6,1,0,85.7,85.7,6.0,1.5,0.3,36.4
SHORT:below_vwap+r1_reject+yhigh_reject+weak_close|nk0.5|vm1.2|full_0845_1400,7,0.12,6,1,0,85.7,85.7,6.0,1.5,0.3,36.4
SHORT:below_vwap+r1_reject+yhigh_reject+weak_close|nk0.8|vm0.8|full_0845_1400,7,0.12,6,1,0,85.7,85.7,6.0,1.5,0.3,36.4
SHORT:below_vwap+r1_reject+yhigh_reject+weak_close|nk0.8|vm1.2|full_0845_1400,7,0.12,6,1,0,85.7,85.7,6.0,1.5,0.3,36.4
SHORT:below_vwap+ylow_break+below_pivot+hist_turn_dn|nk0.0|vm0.8|am_0845_1130,7,0.12,6,1,0,85.7,85.7,6.0,1.5,0.0,38.6
SHORT:below_vwap+ylow_break+below_pivot+hist_turn_dn|nk0.0|vm1.2|full_0845_1400,7,0.12,6,1,0,85.7,85.7,6.0,1.5,0.0,38.6
SHORT:below_vwap+ylow_break+below_pivot+hist_turn_dn|nk0.0|vm1.2|am_0845_1130,7,0.12,6,1,0,85.7,85.7,6.0,1.5,0.0,38.6
SHORT:below_vwap+ylow_break+below_pivot+hist_turn_dn|nk0.5|vm0.8|am_0845_1130,7,0.12,6,1,0,85.7,85.7,6.0,1.5,0.0,38.6
SHORT:below_vwap+ylow_break+below_pivot+hist_turn_dn|nk0.5|vm1.2|full_0845_1400,7,0.12,6,1,0,85.7,85.7,6.0,1.5,0.0,38.6
SHORT:below_vwap+ylow_break+below_pivot+hist_turn_dn|nk0.5|vm1.2|am_0845_1130,7,0.12,6,1,0,85.7,85.7,6.0,1.5,0.0,38.6
SHORT:below_vwap+ylow_break+below_pivot+hist_turn_dn|nk0.8|vm0.8|am_0845_1130,7,0.12,6,1,0,85.7,85.7,6.0,1.5,0.0,38.6
SHORT:below_vwap+ylow_break+below_pivot+hist_turn_dn|nk0.8|vm1.2|full_0845_1400,7,0.12,6,1,0,85.7,85.7,6.0,1.5,0.0,38.6
SHORT:below_vwap+ylow_break+below_pivot+hist_turn_dn|nk0.8|vm1.2|am_0845_1130,7,0.12,6,1,0,85.7,85.7,6.0,1.5,0.0,38.6
SHORT:below_vwap+ylow_break+below_pivot+weak_close|nk0.0|vm0.8|am_0845_1130,7,0.12,6,1,0,85.7,85.7,6.0,1.5,0.0,37.1
SHORT:below_vwap+ylow_break+below_pivot+weak_close|nk0.0|vm1.2|am_0845_1130,7,0.12,6,1,0,85.7,85.7,6.0,1.5,0.0,37.1
SHORT:below_vwap+ylow_break+below_pivot+weak_close|nk0.5|vm0.8|am_0845_1130,7,0.12,6,1,0,85.7,85.7,6.0,1.5,0.0,37.1
SHORT:below_vwap+ylow_break+below_pivot+weak_close|nk0.5|vm1.2|am_0845_1130,7,0.12,6,1,0,85.7,85.7,6.0,1.5,0.0,37.1
SHORT:below_vwap+ylow_break+below_pivot+weak_close|nk0.8|vm0.8|am_0845_1130,7,0.12,6,1,0,85.7,85.7,6.0,1.5,0.0,37.1
SHORT:below_vwap+ylow_break+below_pivot+weak_close|nk0.8|vm1.2|am_0845_1130,7,0.12,6,1,0,85.7,85.7,6.0,1.5,0.0,37.1
SHORT:below_vwap+ylow_break+below_pivot+rvol_thrust_dn|nk0.0|vm0.8|full_0845_1400,7,0.12,6,0,1,85.7,100.0,inf,1.92,0.0,22.9
SHORT:below_vwap+ylow_break+below_pivot+rvol_thrust_dn|nk0.0|vm1.2|full_0845_1400,7,0.12,6,0,1,85.7,100.0,inf,1.92,0.0,22.9
SHORT:below_vwap+ylow_break+below_pivot+rvol_thrust_dn|nk0.5|vm0.8|full_0845_1400,7,0.12,6,0,1,85.7,100.0,inf,1.92,0.0,22.9
SHORT:below_vwap+ylow_break+below_pivot+rvol_thrust_dn|nk0.5|vm1.2|full_0845_1400,7,0.12,6,0,1,85.7,100.0,inf,1.92,0.0,22.9
SHORT:below_vwap+ylow_break+below_pivot+rvol_thrust_dn|nk0.8|vm0.8|full_0845_1400,7,0.12,6,0,1,85.7,100.0,inf,1.92,0.0,22.9
SHORT:below_vwap+ylow_break+below_pivot+rvol_thrust_dn|nk0.8|vm1.2|full_0845_1400,7,0.12,6,0,1,85.7,100.0,inf,1.92,0.0,22.9
SHORT:below_vwap+ylow_break+below_pivot+below_vwap_v|nk0.0|vm0.8|full_0845_1400,7,0.12,6,0,1,85.7,100.0,inf,1.92,0.0,22.9
SHORT:below_vwap+ylow_break+below_pivot+below_vwap_v|nk0.0|vm1.2|full_0845_1400,7,0.12,6,0,1,85.7,100.0,inf,1.92,0.0,22.9
SHORT:below_vwap+ylow_break+below_pivot+below_vwap_v|nk0.5|vm0.8|full_0845_1400,7,0.12,6,0,1,85.7,100.0,inf,1.92,0.0,22.9
SHORT:below_vwap+ylow_break+below_pivot+below_vwap_v|nk0.5|vm1.2|full_0845_1400,7,0.12,6,0,1,85.7,100.0,inf,1.92,0.0,22.9
SHORT:below_vwap+ylow_break+below_pivot+below_vwap_v|nk0.8|vm0.8|full_0845_1400,7,0.12,6,0,1,85.7,100.0,inf,1.92,0.0,22.9
SHORT:below_vwap+ylow_break+below_pivot+below_vwap_v|nk0.8|vm1.2|full_0845_1400,7,0.12,6,0,1,85.7,100.0,inf,1.92,0.0,22.9
SHORT:below_vwap+ylow_break+below_pivot+cvd_dn|nk0.0|vm0.8|am_0845_1130,7,0.12,6,1,0,85.7,85.7,6.0,1.5,0.0,34.3
SHORT:below_vwap+ylow_break+below_pivot+cvd_dn|nk0.0|vm1.2|am_0845_1130,7,0.12,6,1,0,85.7,85.7,6.0,1.5,0.0,34.3
SHORT:below_vwap+ylow_break+below_pivot+cvd_dn|nk0.5|vm0.8|am_0845_1130,7,0.12,6,1,0,85.7,85.7,6.0,1.5,0.0,34.3
SHORT:below_vwap+ylow_break+below_pivot+cvd_dn|nk0.5|vm1.2|am_0845_1130,7,0.12,6,1,0,85.7,85.7,6.0,1.5,0.0,34.3
SHORT:below_vwap+ylow_break+below_pivot+cvd_dn|nk0.8|vm0.8|am_0845_1130,7,0.12,6,1,0,85.7,85.7,6.0,1.5,0.0,34.3
SHORT:below_vwap+ylow_break+below_pivot+cvd_dn|nk0.8|vm1.2|am_0845_1130,7,0.12,6,1,0,85.7,85.7,6.0,1.5,0.0,34.3
SHORT:below_vwap+ylow_break+weak_close+rvol_thrust_dn|nk0.0|vm0.8|full_0845_1400,7,0.12,6,0,1,85.7,100.0,inf,1.92,0.0,22.9
SHORT:below_vwap+ylow_break+weak_close+rvol_thrust_dn|nk0.0|vm1.2|full_0845_1400,7,0.12,6,0,1,85.7,100.0,inf,1.92,0.0,22.9
SHORT:below_vwap+ylow_break+weak_close+rvol_thrust_dn|nk0.5|vm0.8|full_0845_1400,7,0.12,6,0,1,85.7,100.0,inf,1.92,0.0,22.9
SHORT:below_vwap+ylow_break+weak_close+rvol_thrust_dn|nk0.5|vm1.2|full_0845_1400,7,0.12,6,0,1,85.7,100.0,inf,1.92,0.0,22.9
SHORT:below_vwap+ylow_break+weak_close+rvol_thrust_dn|nk0.8|vm0.8|full_0845_1400,7,0.12,6,0,1,85.7,100.0,inf,1.92,0.0,22.9
SHORT:below_vwap+ylow_break+weak_close+rvol_thrust_dn|nk0.8|vm1.2|full_0845_1400,7,0.12,6,0,1,85.7,100.0,inf,1.92,0.0,22.9
SHORT:below_vwap+ylow_break+weak_close+below_vwap_v|nk0.0|vm0.8|full_0845_1400,7,0.12,6,0,1,85.7,100.0,inf,1.92,0.0,22.9
SHORT:below_vwap+ylow_break+weak_close+below_vwap_v|nk0.0|vm1.2|full_0845_1400,7,0.12,6,0,1,85.7,100.0,inf,1.92,0.0,22.9
SHORT:below_vwap+ylow_break+weak_close+below_vwap_v|nk0.5|vm0.8|full_0845_1400,7,0.12,6,0,1,85.7,100.0,inf,1.92,0.0,22.9
SHORT:below_vwap+ylow_break+weak_close+below_vwap_v|nk0.5|vm1.2|full_0845_1400,7,0.12,6,0,1,85.7,100.0,inf,1.92,0.0,22.9
SHORT:below_vwap+ylow_break+weak_close+below_vwap_v|nk0.8|vm0.8|full_0845_1400,7,0.12,6,0,1,85.7,100.0,inf,1.92,0.0,22.9
SHORT:below_vwap+ylow_break+weak_close+below_vwap_v|nk0.8|vm1.2|full_0845_1400,7,0.12,6,0,1,85.7,100.0,inf,1.92,0.0,22.9
SHORT:below_vwap+ylow_break+weak_close+cvd_dn_v|nk0.0|vm0.8|full_0845_1400,7,0.12,6,0,1,85.7,100.0,inf,1.92,0.0,22.9
SHORT:below_vwap+ylow_break+weak_close+cvd_dn_v|nk0.0|vm1.2|full_0845_1400,7,0.12,6,0,1,85.7,100.0,inf,1.92,0.0,22.9
SHORT:below_vwap+ylow_break+weak_close+cvd_dn_v|nk0.5|vm0.8|full_0845_1400,7,0.12,6,0,1,85.7,100.0,inf,1.92,0.0,22.9
SHORT:below_vwap+ylow_break+weak_close+cvd_dn_v|nk0.5|vm1.2|full_0845_1400,7,0.12,6,0,1,85.7,100.0,inf,1.92,0.0,22.9
SHORT:below_vwap+ylow_break+weak_close+cvd_dn_v|nk0.8|vm0.8|full_0845_1400,7,0.12,6,0,1,85.7,100.0,inf,1.92,0.0,22.9
SHORT:below_vwap+ylow_break+weak_close+cvd_dn_v|nk0.8|vm1.2|full_0845_1400,7,0.12,6,0,1,85.7,100.0,inf,1.92,0.0,22.9
SHORT:below_vwap+ylow_break+rvol_thrust_dn+below_vwap_v|nk0.0|vm0.8|full_0845_1400,7,0.12,6,0,1,85.7,100.0,inf,1.92,0.0,22.9
SHORT:below_vwap+ylow_break+rvol_thrust_dn+below_vwap_v|nk0.0|vm1.2|full_0845_1400,7,0.12,6,0,1,85.7,100.0,inf,1.92,0.0,22.9
SHORT:below_vwap+ylow_break+rvol_thrust_dn+below_vwap_v|nk0.5|vm0.8|full_0845_1400,7,0.12,6,0,1,85.7,100.0,inf,1.92,0.0,22.9
SHORT:below_vwap+ylow_break+rvol_thrust_dn+below_vwap_v|nk0.5|vm1.2|full_0845_1400,7,0.12,6,0,1,85.7,100.0,inf,1.92,0.0,22.9
SHORT:below_vwap+ylow_break+rvol_thrust_dn+below_vwap_v|nk0.8|vm0.8|full_0845_1400,7,0.12,6,0,1,85.7,100.0,inf,1.92,0.0,22.9
SHORT:below_vwap+ylow_break+rvol_thrust_dn+below_vwap_v|nk0.8|vm1.2|full_0845_1400,7,0.12,6,0,1,85.7,100.0,inf,1.92,0.0,22.9
SHORT:below_vwap+ylow_break+rvol_thrust_dn+cvd_dn|nk0.0|vm0.8|full_0845_1400,7,0.12,6,0,1,85.7,100.0,inf,1.92,0.0,22.9
SHORT:below_vwap+ylow_break+rvol_thrust_dn+cvd_dn|nk0.0|vm1.2|full_0845_1400,7,0.12,6,0,1,85.7,100.0,inf,1.92,0.0,22.9
SHORT:below_vwap+ylow_break+rvol_thrust_dn+cvd_dn|nk0.5|vm0.8|full_0845_1400,7,0.12,6,0,1,85.7,100.0,inf,1.92,0.0,22.9
SHORT:below_vwap+ylow_break+rvol_thrust_dn+cvd_dn|nk0.5|vm1.2|full_0845_1400,7,0.12,6,0,1,85.7,100.0,inf,1.92,0.0,22.9
SHORT:below_vwap+ylow_break+rvol_thrust_dn+cvd_dn|nk0.8|vm0.8|full_0845_1400,7,0.12,6,0,1,85.7,100.0,inf,1.92,0.0,22.9
SHORT:below_vwap+ylow_break+rvol_thrust_dn+cvd_dn|nk0.8|vm1.2|full_0845_1400,7,0.12,6,0,1,85.7,100.0,inf,1.92,0.0,22.9
SHORT:below_vwap+ylow_break+rvol_thrust_dn+cvd_dn_v|nk0.0|vm0.8|full_0845_1400,7,0.12,6,0,1,85.7,100.0,inf,1.92,0.0,22.9
SHORT:below_vwap+ylow_break+rvol_thrust_dn+cvd_dn_v|nk0.0|vm1.2|full_0845_1400,7,0.12,6,0,1,85.7,100.0,inf,1.92,0.0,22.9
SHORT:below_vwap+ylow_break+rvol_thrust_dn+cvd_dn_v|nk0.5|vm0.8|full_0845_1400,7,0.12,6,0,1,85.7,100.0,inf,1.92,0.0,22.9
SHORT:below_vwap+ylow_break+rvol_thrust_dn+cvd_dn_v|nk0.5|vm1.2|full_0845_1400,7,0.12,6,0,1,85.7,100.0,inf,1.92,0.0,22.9
SHORT:below_vwap+ylow_break+rvol_thrust_dn+cvd_dn_v|nk0.8|vm0.8|full_0845_1400,7,0.12,6,0,1,85.7,100.0,inf,1.92,0.0,22.9
SHORT:below_vwap+ylow_break+rvol_thrust_dn+cvd_dn_v|nk0.8|vm1.2|full_0845_1400,7,0.12,6,0,1,85.7,100.0,inf,1.92,0.0,22.9
SHORT:below_vwap+ylow_break+below_vwap_v+cvd_dn|nk0.0|vm0.8|full_0845_1400,7,0.12,6,0,1,85.7,100.0,inf,1.92,0.0,22.9
SHORT:below_vwap+ylow_break+below_vwap_v+cvd_dn|nk0.0|vm1.2|full_0845_1400,7,0.12,6,0,1,85.7,100.0,inf,1.92,0.0,22.9
SHORT:below_vwap+ylow_break+below_vwap_v+cvd_dn|nk0.5|vm0.8|full_0845_1400,7,0.12,6,0,1,85.7,100.0,inf,1.92,0.0,22.9
SHORT:below_vwap+ylow_break+below_vwap_v+cvd_dn|nk0.5|vm1.2|full_0845_1400,7,0.12,6,0,1,85.7,100.0,inf,1.92,0.0,22.9
SHORT:below_vwap+ylow_break+below_vwap_v+cvd_dn|nk0.8|vm0.8|full_0845_1400,7,0.12,6,0,1,85.7,100.0,inf,1.92,0.0,22.9
SHORT:below_vwap+ylow_break+below_vwap_v+cvd_dn|nk0.8|vm1.2|full_0845_1400,7,0.12,6,0,1,85.7,100.0,inf,1.92,0.0,22.9
SHORT:below_vwap+ylow_break+below_vwap_v+cvd_dn_v|nk0.0|vm0.8|full_0845_1400,7,0.12,6,0,1,85.7,100.0,inf,1.92,0.0,22.9
SHORT:below_vwap+ylow_break+below_vwap_v+cvd_dn_v|nk0.0|vm1.2|full_0845_1400,7,0.12,6,0,1,85.7,100.0,inf,1.92,0.0,22.9
SHORT:below_vwap+ylow_break+below_vwap_v+cvd_dn_v|nk0.5|vm0.8|full_0845_1400,7,0.12,6,0,1,85.7,100.0,inf,1.92,0.0,22.9
SHORT:below_vwap+ylow_break+below_vwap_v+cvd_dn_v|nk0.5|vm1.2|full_0845_1400,7,0.12,6,0,1,85.7,100.0,inf,1.92,0.0,22.9
SHORT:below_vwap+ylow_break+below_vwap_v+cvd_dn_v|nk0.8|vm0.8|full_0845_1400,7,0.12,6,0,1,85.7,100.0,inf,1.92,0.0,22.9
SHORT:below_vwap+ylow_break+below_vwap_v+cvd_dn_v|nk0.8|vm1.2|full_0845_1400,7,0.12,6,0,1,85.7,100.0,inf,1.92,0.0,22.9
SHORT:below_vwap+below_pivot+vwap_loss_v+below_vwap_v|nk0.0|vm0.8|am_0845_1130,7,0.12,6,1,0,85.7,85.7,6.0,1.5,0.3,25.0
SHORT:below_vwap+below_pivot+vwap_loss_v+below_vwap_v|nk0.0|vm1.2|am_0845_1130,7,0.12,6,1,0,85.7,85.7,6.0,1.5,0.3,25.0
SHORT:below_vwap+below_pivot+vwap_loss_v+below_vwap_v|nk0.5|vm0.8|am_0845_1130,7,0.12,6,1,0,85.7,85.7,6.0,1.5,0.3,25.0
SHORT:below_vwap+below_pivot+vwap_loss_v+below_vwap_v|nk0.5|vm1.2|am_0845_1130,7,0.12,6,1,0,85.7,85.7,6.0,1.5,0.3,25.0
SHORT:below_vwap+rvol_thrust_dn+cvd_dn+rsi_thrust_dn|nk0.8|vm0.8|am_0845_1130,7,0.12,6,1,0,85.7,85.7,6.0,1.5,0.3,60.0
SHORT:below_vwap+rvol_thrust_dn+cvd_dn+rsi_thrust_dn|nk0.8|vm1.2|am_0845_1130,7,0.12,6,1,0,85.7,85.7,6.0,1.5,0.3,60.0
SHORT:below_vwap+rvol_thrust_dn+cvd_dn_v+rsi_thrust_dn|nk0.8|vm0.8|am_0845_1130,7,0.12,6,1,0,85.7,85.7,6.0,1.5,0.3,60.0
SHORT:below_vwap+rvol_thrust_dn+cvd_dn_v+rsi_thrust_dn|nk0.8|vm1.2|am_0845_1130,7,0.12,6,1,0,85.7,85.7,6.0,1.5,0.3,60.0
SHORT:adi_dn+delta_dump+ylow_break+rvol_thrust_dn|nk0.0|vm0.8|full_0845_1400,7,0.12,6,0,1,85.7,100.0,inf,1.92,0.0,22.9
SHORT:adi_dn+delta_dump+ylow_break+rvol_thrust_dn|nk0.0|vm1.2|full_0845_1400,7,0.12,6,0,1,85.7,100.0,inf,1.92,0.0,22.9
SHORT:adi_dn+delta_dump+ylow_break+rvol_thrust_dn|nk0.5|vm0.8|full_0845_1400,7,0.12,6,0,1,85.7,100.0,inf,1.92,0.0,22.9
SHORT:adi_dn+delta_dump+ylow_break+rvol_thrust_dn|nk0.5|vm1.2|full_0845_1400,7,0.12,6,0,1,85.7,100.0,inf,1.92,0.0,22.9
SHORT:adi_dn+delta_dump+ylow_break+rvol_thrust_dn|nk0.8|vm0.8|full_0845_1400,7,0.12,6,0,1,85.7,100.0,inf,1.92,0.0,22.9
SHORT:adi_dn+delta_dump+ylow_break+rvol_thrust_dn|nk0.8|vm1.2|full_0845_1400,7,0.12,6,0,1,85.7,100.0,inf,1.92,0.0,22.9
SHORT:adi_dn+delta_dump+ylow_break+below_vwap_v|nk0.0|vm0.8|full_0845_1400,7,0.12,6,0,1,85.7,100.0,inf,1.92,0.0,22.9
SHORT:adi_dn+delta_dump+ylow_break+below_vwap_v|nk0.0|vm1.2|full_0845_1400,7,0.12,6,0,1,85.7,100.0,inf,1.92,0.0,22.9
SHORT:adi_dn+delta_dump+ylow_break+below_vwap_v|nk0.5|vm0.8|full_0845_1400,7,0.12,6,0,1,85.7,100.0,inf,1.92,0.0,22.9
SHORT:adi_dn+delta_dump+ylow_break+below_vwap_v|nk0.5|vm1.2|full_0845_1400,7,0.12,6,0,1,85.7,100.0,inf,1.92,0.0,22.9
SHORT:adi_dn+delta_dump+ylow_break+below_vwap_v|nk0.8|vm0.8|full_0845_1400,7,0.12,6,0,1,85.7,100.0,inf,1.92,0.0,22.9
SHORT:adi_dn+delta_dump+ylow_break+below_vwap_v|nk0.8|vm1.2|full_0845_1400,7,0.12,6,0,1,85.7,100.0,inf,1.92,0.0,22.9
SHORT:adi_dn+delta_dump+ylow_break+cvd_dn_v|nk0.0|vm0.8|full_0845_1400,7,0.12,6,0,1,85.7,100.0,inf,1.92,0.0,22.9
SHORT:adi_dn+delta_dump+ylow_break+cvd_dn_v|nk0.0|vm1.2|full_0845_1400,7,0.12,6,0,1,85.7,100.0,inf,1.92,0.0,22.9
SHORT:adi_dn+delta_dump+ylow_break+cvd_dn_v|nk0.5|vm0.8|full_0845_1400,7,0.12,6,0,1,85.7,100.0,inf,1.92,0.0,22.9
SHORT:adi_dn+delta_dump+ylow_break+cvd_dn_v|nk0.5|vm1.2|full_0845_1400,7,0.12,6,0,1,85.7,100.0,inf,1.92,0.0,22.9
SHORT:adi_dn+delta_dump+ylow_break+cvd_dn_v|nk0.8|vm0.8|full_0845_1400,7,0.12,6,0,1,85.7,100.0,inf,1.92,0.0,22.9
SHORT:adi_dn+delta_dump+ylow_break+cvd_dn_v|nk0.8|vm1.2|full_0845_1400,7,0.12,6,0,1,85.7,100.0,inf,1.92,0.0,22.9
SHORT:adi_dn+r1_reject+yhigh_reject+weak_close|nk0.0|vm0.8|full_0845_1400,7,0.12,6,1,0,85.7,85.7,6.0,1.5,0.3,35.7
SHORT:adi_dn+r1_reject+yhigh_reject+weak_close|nk0.0|vm1.2|full_0845_1400,7,0.12,6,1,0,85.7,85.7,6.0,1.5,0.3,35.7
SHORT:adi_dn+r1_reject+yhigh_reject+weak_close|nk0.5|vm0.8|full_0845_1400,7,0.12,6,1,0,85.7,85.7,6.0,1.5,0.3,35.7
SHORT:adi_dn+r1_reject+yhigh_reject+weak_close|nk0.5|vm1.2|full_0845_1400,7,0.12,6,1,0,85.7,85.7,6.0,1.5,0.3,35.7
SHORT:adi_dn+ylow_break+below_pivot+rvol_thrust_dn|nk0.0|vm0.8|full_0845_1400,7,0.12,6,0,1,85.7,100.0,inf,1.92,0.0,22.9
SHORT:adi_dn+ylow_break+below_pivot+rvol_thrust_dn|nk0.0|vm1.2|full_0845_1400,7,0.12,6,0,1,85.7,100.0,inf,1.92,0.0,22.9
SHORT:adi_dn+ylow_break+below_pivot+rvol_thrust_dn|nk0.5|vm0.8|full_0845_1400,7,0.12,6,0,1,85.7,100.0,inf,1.92,0.0,22.9
SHORT:adi_dn+ylow_break+below_pivot+rvol_thrust_dn|nk0.5|vm1.2|full_0845_1400,7,0.12,6,0,1,85.7,100.0,inf,1.92,0.0,22.9
SHORT:adi_dn+ylow_break+below_pivot+rvol_thrust_dn|nk0.8|vm0.8|full_0845_1400,7,0.12,6,0,1,85.7,100.0,inf,1.92,0.0,22.9
SHORT:adi_dn+ylow_break+below_pivot+rvol_thrust_dn|nk0.8|vm1.2|full_0845_1400,7,0.12,6,0,1,85.7,100.0,inf,1.92,0.0,22.9
SHORT:adi_dn+ylow_break+below_pivot+below_vwap_v|nk0.0|vm0.8|full_0845_1400,7,0.12,6,0,1,85.7,100.0,inf,1.92,0.0,22.9
SHORT:adi_dn+ylow_break+below_pivot+below_vwap_v|nk0.0|vm1.2|full_0845_1400,7,0.12,6,0,1,85.7,100.0,inf,1.92,0.0,22.9
SHORT:adi_dn+ylow_break+below_pivot+below_vwap_v|nk0.5|vm0.8|full_0845_1400,7,0.12,6,0,1,85.7,100.0,inf,1.92,0.0,22.9
SHORT:adi_dn+ylow_break+below_pivot+below_vwap_v|nk0.5|vm1.2|full_0845_1400,7,0.12,6,0,1,85.7,100.0,inf,1.92,0.0,22.9
SHORT:adi_dn+ylow_break+below_pivot+below_vwap_v|nk0.8|vm0.8|full_0845_1400,7,0.12,6,0,1,85.7,100.0,inf,1.92,0.0,22.9
SHORT:adi_dn+ylow_break+below_pivot+below_vwap_v|nk0.8|vm1.2|full_0845_1400,7,0.12,6,0,1,85.7,100.0,inf,1.92,0.0,22.9
SHORT:adi_dn+ylow_break+below_pivot+cvd_dn|nk0.0|vm0.8|am_0845_1130,7,0.12,6,1,0,85.7,85.7,6.0,1.5,0.0,34.3
SHORT:adi_dn+ylow_break+below_pivot+cvd_dn|nk0.0|vm1.2|am_0845_1130,7,0.12,6,1,0,85.7,85.7,6.0,1.5,0.0,34.3
SHORT:adi_dn+ylow_break+below_pivot+cvd_dn|nk0.5|vm0.8|am_0845_1130,7,0.12,6,1,0,85.7,85.7,6.0,1.5,0.0,34.3
SHORT:adi_dn+ylow_break+below_pivot+cvd_dn|nk0.5|vm1.2|am_0845_1130,7,0.12,6,1,0,85.7,85.7,6.0,1.5,0.0,34.3
SHORT:adi_dn+ylow_break+below_pivot+cvd_dn|nk0.8|vm0.8|am_0845_1130,7,0.12,6,1,0,85.7,85.7,6.0,1.5,0.0,34.3
SHORT:adi_dn+ylow_break+below_pivot+cvd_dn|nk0.8|vm1.2|am_0845_1130,7,0.12,6,1,0,85.7,85.7,6.0,1.5,0.0,34.3
SHORT:adi_dn+ylow_break+weak_close+rvol_thrust_dn|nk0.0|vm0.8|full_0845_1400,7,0.12,6,0,1,85.7,100.0,inf,1.92,0.0,22.9
SHORT:adi_dn+ylow_break+weak_close+rvol_thrust_dn|nk0.0|vm1.2|full_0845_1400,7,0.12,6,0,1,85.7,100.0,inf,1.92,0.0,22.9
SHORT:adi_dn+ylow_break+weak_close+rvol_thrust_dn|nk0.5|vm0.8|full_0845_1400,7,0.12,6,0,1,85.7,100.0,inf,1.92,0.0,22.9
SHORT:adi_dn+ylow_break+weak_close+rvol_thrust_dn|nk0.5|vm1.2|full_0845_1400,7,0.12,6,0,1,85.7,100.0,inf,1.92,0.0,22.9
SHORT:adi_dn+ylow_break+weak_close+rvol_thrust_dn|nk0.8|vm0.8|full_0845_1400,7,0.12,6,0,1,85.7,100.0,inf,1.92,0.0,22.9
SHORT:adi_dn+ylow_break+weak_close+rvol_thrust_dn|nk0.8|vm1.2|full_0845_1400,7,0.12,6,0,1,85.7,100.0,inf,1.92,0.0,22.9
SHORT:adi_dn+ylow_break+weak_close+below_vwap_v|nk0.0|vm0.8|full_0845_1400,7,0.12,6,0,1,85.7,100.0,inf,1.92,0.0,22.9
SHORT:adi_dn+ylow_break+weak_close+below_vwap_v|nk0.0|vm1.2|full_0845_1400,7,0.12,6,0,1,85.7,100.0,inf,1.92,0.0,22.9
SHORT:adi_dn+ylow_break+weak_close+below_vwap_v|nk0.5|vm0.8|full_0845_1400,7,0.12,6,0,1,85.7,100.0,inf,1.92,0.0,22.9
SHORT:adi_dn+ylow_break+weak_close+below_vwap_v|nk0.5|vm1.2|full_0845_1400,7,0.12,6,0,1,85.7,100.0,inf,1.92,0.0,22.9
SHORT:adi_dn+ylow_break+weak_close+below_vwap_v|nk0.8|vm0.8|full_0845_1400,7,0.12,6,0,1,85.7,100.0,inf,1.92,0.0,22.9
SHORT:adi_dn+ylow_break+weak_close+below_vwap_v|nk0.8|vm1.2|full_0845_1400,7,0.12,6,0,1,85.7,100.0,inf,1.92,0.0,22.9
SHORT:adi_dn+ylow_break+weak_close+cvd_dn_v|nk0.0|vm0.8|full_0845_1400,7,0.12,6,0,1,85.7,100.0,inf,1.92,0.0,22.9
SHORT:adi_dn+ylow_break+weak_close+cvd_dn_v|nk0.0|vm1.2|full_0845_1400,7,0.12,6,0,1,85.7,100.0,inf,1.92,0.0,22.9
SHORT:adi_dn+ylow_break+weak_close+cvd_dn_v|nk0.5|vm0.8|full_0845_1400,7,0.12,6,0,1,85.7,100.0,inf,1.92,0.0,22.9
SHORT:adi_dn+ylow_break+weak_close+cvd_dn_v|nk0.5|vm1.2|full_0845_1400,7,0.12,6,0,1,85.7,100.0,inf,1.92,0.0,22.9
SHORT:adi_dn+ylow_break+weak_close+cvd_dn_v|nk0.8|vm0.8|full_0845_1400,7,0.12,6,0,1,85.7,100.0,inf,1.92,0.0,22.9
SHORT:adi_dn+ylow_break+weak_close+cvd_dn_v|nk0.8|vm1.2|full_0845_1400,7,0.12,6,0,1,85.7,100.0,inf,1.92,0.0,22.9
SHORT:adi_dn+ylow_break+rvol_thrust_dn+below_vwap_v|nk0.0|vm0.8|full_0845_1400,7,0.12,6,0,1,85.7,100.0,inf,1.92,0.0,22.9
SHORT:adi_dn+ylow_break+rvol_thrust_dn+below_vwap_v|nk0.0|vm1.2|full_0845_1400,7,0.12,6,0,1,85.7,100.0,inf,1.92,0.0,22.9
SHORT:adi_dn+ylow_break+rvol_thrust_dn+below_vwap_v|nk0.5|vm0.8|full_0845_1400,7,0.12,6,0,1,85.7,100.0,inf,1.92,0.0,22.9
SHORT:adi_dn+ylow_break+rvol_thrust_dn+below_vwap_v|nk0.5|vm1.2|full_0845_1400,7,0.12,6,0,1,85.7,100.0,inf,1.92,0.0,22.9
SHORT:adi_dn+ylow_break+rvol_thrust_dn+below_vwap_v|nk0.8|vm0.8|full_0845_1400,7,0.12,6,0,1,85.7,100.0,inf,1.92,0.0,22.9
SHORT:adi_dn+ylow_break+rvol_thrust_dn+below_vwap_v|nk0.8|vm1.2|full_0845_1400,7,0.12,6,0,1,85.7,100.0,inf,1.92,0.0,22.9
SHORT:adi_dn+ylow_break+rvol_thrust_dn+cvd_dn|nk0.0|vm0.8|full_0845_1400,7,0.12,6,0,1,85.7,100.0,inf,1.92,0.0,22.9
SHORT:adi_dn+ylow_break+rvol_thrust_dn+cvd_dn|nk0.0|vm1.2|full_0845_1400,7,0.12,6,0,1,85.7,100.0,inf,1.92,0.0,22.9
SHORT:adi_dn+ylow_break+rvol_thrust_dn+cvd_dn|nk0.5|vm0.8|full_0845_1400,7,0.12,6,0,1,85.7,100.0,inf,1.92,0.0,22.9
SHORT:adi_dn+ylow_break+rvol_thrust_dn+cvd_dn|nk0.5|vm1.2|full_0845_1400,7,0.12,6,0,1,85.7,100.0,inf,1.92,0.0,22.9
SHORT:adi_dn+ylow_break+rvol_thrust_dn+cvd_dn|nk0.8|vm0.8|full_0845_1400,7,0.12,6,0,1,85.7,100.0,inf,1.92,0.0,22.9
SHORT:adi_dn+ylow_break+rvol_thrust_dn+cvd_dn|nk0.8|vm1.2|full_0845_1400,7,0.12,6,0,1,85.7,100.0,inf,1.92,0.0,22.9
SHORT:adi_dn+ylow_break+rvol_thrust_dn+cvd_dn_v|nk0.0|vm0.8|full_0845_1400,7,0.12,6,0,1,85.7,100.0,inf,1.92,0.0,22.9
SHORT:adi_dn+ylow_break+rvol_thrust_dn+cvd_dn_v|nk0.0|vm1.2|full_0845_1400,7,0.12,6,0,1,85.7,100.0,inf,1.92,0.0,22.9
SHORT:adi_dn+ylow_break+rvol_thrust_dn+cvd_dn_v|nk0.5|vm0.8|full_0845_1400,7,0.12,6,0,1,85.7,100.0,inf,1.92,0.0,22.9
SHORT:adi_dn+ylow_break+rvol_thrust_dn+cvd_dn_v|nk0.5|vm1.2|full_0845_1400,7,0.12,6,0,1,85.7,100.0,inf,1.92,0.0,22.9
SHORT:adi_dn+ylow_break+rvol_thrust_dn+cvd_dn_v|nk0.8|vm0.8|full_0845_1400,7,0.12,6,0,1,85.7,100.0,inf,1.92,0.0,22.9
SHORT:adi_dn+ylow_break+rvol_thrust_dn+cvd_dn_v|nk0.8|vm1.2|full_0845_1400,7,0.12,6,0,1,85.7,100.0,inf,1.92,0.0,22.9
SHORT:adi_dn+ylow_break+below_vwap_v+cvd_dn|nk0.0|vm0.8|full_0845_1400,7,0.12,6,0,1,85.7,100.0,inf,1.92,0.0,22.9
SHORT:adi_dn+ylow_break+below_vwap_v+cvd_dn|nk0.0|vm1.2|full_0845_1400,7,0.12,6,0,1,85.7,100.0,inf,1.92,0.0,22.9
SHORT:adi_dn+ylow_break+below_vwap_v+cvd_dn|nk0.5|vm0.8|full_0845_1400,7,0.12,6,0,1,85.7,100.0,inf,1.92,0.0,22.9
SHORT:adi_dn+ylow_break+below_vwap_v+cvd_dn|nk0.5|vm1.2|full_0845_1400,7,0.12,6,0,1,85.7,100.0,inf,1.92,0.0,22.9
SHORT:adi_dn+ylow_break+below_vwap_v+cvd_dn|nk0.8|vm0.8|full_0845_1400,7,0.12,6,0,1,85.7,100.0,inf,1.92,0.0,22.9
SHORT:adi_dn+ylow_break+below_vwap_v+cvd_dn|nk0.8|vm1.2|full_0845_1400,7,0.12,6,0,1,85.7,100.0,inf,1.92,0.0,22.9
SHORT:adi_dn+ylow_break+below_vwap_v+cvd_dn_v|nk0.0|vm0.8|full_0845_1400,7,0.12,6,0,1,85.7,100.0,inf,1.92,0.0,22.9
SHORT:adi_dn+ylow_break+below_vwap_v+cvd_dn_v|nk0.0|vm1.2|full_0845_1400,7,0.12,6,0,1,85.7,100.0,inf,1.92,0.0,22.9
SHORT:adi_dn+ylow_break+below_vwap_v+cvd_dn_v|nk0.5|vm0.8|full_0845_1400,7,0.12,6,0,1,85.7,100.0,inf,1.92,0.0,22.9
SHORT:adi_dn+ylow_break+below_vwap_v+cvd_dn_v|nk0.5|vm1.2|full_0845_1400,7,0.12,6,0,1,85.7,100.0,inf,1.92,0.0,22.9
SHORT:adi_dn+ylow_break+below_vwap_v+cvd_dn_v|nk0.8|vm0.8|full_0845_1400,7,0.12,6,0,1,85.7,100.0,inf,1.92,0.0,22.9
SHORT:adi_dn+ylow_break+below_vwap_v+cvd_dn_v|nk0.8|vm1.2|full_0845_1400,7,0.12,6,0,1,85.7,100.0,inf,1.92,0.0,22.9
SHORT:adi_dn+below_pivot+weak_close+orb_break_dn_v|nk0.8|vm0.8|am_0845_1130,7,0.12,6,1,0,85.7,85.7,6.0,1.5,0.3,45.7
SHORT:adi_dn+below_pivot+weak_close+orb_break_dn_v|nk0.8|vm1.2|am_0845_1130,7,0.12,6,1,0,85.7,85.7,6.0,1.5,0.3,45.7
SHORT:adi_dn+below_pivot+orb_break_dn+rvol_thrust_dn|nk0.0|vm0.8|am_0845_1130,7,0.12,6,1,0,85.7,85.7,6.0,1.5,0.3,45.7
SHORT:adi_dn+below_pivot+orb_break_dn+rvol_thrust_dn|nk0.0|vm1.2|am_0845_1130,7,0.12,6,1,0,85.7,85.7,6.0,1.5,0.3,45.7
SHORT:adi_dn+below_pivot+orb_break_dn+rvol_thrust_dn|nk0.5|vm0.8|am_0845_1130,7,0.12,6,1,0,85.7,85.7,6.0,1.5,0.3,45.7
SHORT:adi_dn+below_pivot+orb_break_dn+rvol_thrust_dn|nk0.5|vm1.2|am_0845_1130,7,0.12,6,1,0,85.7,85.7,6.0,1.5,0.3,45.7
SHORT:adi_dn+below_pivot+orb_break_dn+rvol_thrust_dn|nk0.8|vm0.8|am_0845_1130,7,0.12,6,1,0,85.7,85.7,6.0,1.5,0.3,45.7
SHORT:adi_dn+below_pivot+orb_break_dn+rvol_thrust_dn|nk0.8|vm1.2|am_0845_1130,7,0.12,6,1,0,85.7,85.7,6.0,1.5,0.3,45.7
SHORT:adi_dn+below_pivot+orb_break_dn_v+rvol_thrust_dn|nk0.0|vm0.8|am_0845_1130,7,0.12,6,1,0,85.7,85.7,6.0,1.5,0.3,45.7
SHORT:adi_dn+below_pivot+orb_break_dn_v+rvol_thrust_dn|nk0.0|vm1.2|am_0845_1130,7,0.12,6,1,0,85.7,85.7,6.0,1.5,0.3,45.7
SHORT:adi_dn+below_pivot+orb_break_dn_v+rvol_thrust_dn|nk0.5|vm0.8|am_0845_1130,7,0.12,6,1,0,85.7,85.7,6.0,1.5,0.3,45.7
SHORT:adi_dn+below_pivot+orb_break_dn_v+rvol_thrust_dn|nk0.5|vm1.2|am_0845_1130,7,0.12,6,1,0,85.7,85.7,6.0,1.5,0.3,45.7
SHORT:adi_dn+below_pivot+orb_break_dn_v+rvol_thrust_dn|nk0.8|vm0.8|am_0845_1130,7,0.12,6,1,0,85.7,85.7,6.0,1.5,0.3,45.7
SHORT:adi_dn+below_pivot+orb_break_dn_v+rvol_thrust_dn|nk0.8|vm1.2|am_0845_1130,7,0.12,6,1,0,85.7,85.7,6.0,1.5,0.3,45.7
SHORT:adi_dn+weak_close+vwap_loss_v+cvd_dn|nk0.0|vm0.8|am_0845_1130,7,0.12,6,1,0,85.7,85.7,6.0,1.5,0.3,41.4
SHORT:adi_dn+weak_close+vwap_loss_v+cvd_dn|nk0.0|vm1.2|am_0845_1130,7,0.12,6,1,0,85.7,85.7,6.0,1.5,0.3,41.4
SHORT:adi_dn+weak_close+vwap_loss_v+cvd_dn|nk0.5|vm0.8|am_0845_1130,7,0.12,6,1,0,85.7,85.7,6.0,1.5,0.3,41.4
SHORT:adi_dn+weak_close+vwap_loss_v+cvd_dn|nk0.5|vm1.2|am_0845_1130,7,0.12,6,1,0,85.7,85.7,6.0,1.5,0.3,41.4
SHORT:adi_dn+weak_close+vwap_loss_v+cvd_dn_v|nk0.0|vm0.8|am_0845_1130,7,0.12,6,1,0,85.7,85.7,6.0,1.5,0.3,41.4
SHORT:adi_dn+weak_close+vwap_loss_v+cvd_dn_v|nk0.0|vm1.2|am_0845_1130,7,0.12,6,1,0,85.7,85.7,6.0,1.5,0.3,41.4
SHORT:adi_dn+weak_close+vwap_loss_v+cvd_dn_v|nk0.5|vm0.8|am_0845_1130,7,0.12,6,1,0,85.7,85.7,6.0,1.5,0.3,41.4
SHORT:adi_dn+weak_close+vwap_loss_v+cvd_dn_v|nk0.5|vm1.2|am_0845_1130,7,0.12,6,1,0,85.7,85.7,6.0,1.5,0.3,41.4
SHORT:adi_dn+rvol_thrust_dn+cvd_dn+rsi_thrust_dn|nk0.0|vm0.8|am_0845_1130,7,0.12,6,1,0,85.7,85.7,6.0,1.5,0.3,70.7
SHORT:adi_dn+rvol_thrust_dn+cvd_dn+rsi_thrust_dn|nk0.0|vm1.2|am_0845_1130,7,0.12,6,1,0,85.7,85.7,6.0,1.5,0.3,70.7
SHORT:adi_dn+rvol_thrust_dn+cvd_dn+rsi_thrust_dn|nk0.5|vm0.8|am_0845_1130,7,0.12,6,1,0,85.7,85.7,6.0,1.5,0.3,70.7
SHORT:adi_dn+rvol_thrust_dn+cvd_dn+rsi_thrust_dn|nk0.5|vm1.2|am_0845_1130,7,0.12,6,1,0,85.7,85.7,6.0,1.5,0.3,70.7
SHORT:adi_dn+rvol_thrust_dn+cvd_dn_v+rsi_thrust_dn|nk0.0|vm0.8|am_0845_1130,7,0.12,6,1,0,85.7,85.7,6.0,1.5,0.3,70.7
SHORT:adi_dn+rvol_thrust_dn+cvd_dn_v+rsi_thrust_dn|nk0.0|vm1.2|am_0845_1130,7,0.12,6,1,0,85.7,85.7,6.0,1.5,0.3,70.7
SHORT:adi_dn+rvol_thrust_dn+cvd_dn_v+rsi_thrust_dn|nk0.5|vm0.8|am_0845_1130,7,0.12,6,1,0,85.7,85.7,6.0,1.5,0.3,70.7
SHORT:adi_dn+rvol_thrust_dn+cvd_dn_v+rsi_thrust_dn|nk0.5|vm1.2|am_0845_1130,7,0.12,6,1,0,85.7,85.7,6.0,1.5,0.3,70.7
SHORT:delta_dump+ylow_break+below_pivot+rvol_thrust_dn|nk0.0|vm0.8|full_0845_1400,7,0.12,6,0,1,85.7,100.0,inf,1.92,0.0,22.9
SHORT:delta_dump+ylow_break+below_pivot+rvol_thrust_dn|nk0.0|vm1.2|full_0845_1400,7,0.12,6,0,1,85.7,100.0,inf,1.92,0.0,22.9
SHORT:delta_dump+ylow_break+below_pivot+rvol_thrust_dn|nk0.5|vm0.8|full_0845_1400,7,0.12,6,0,1,85.7,100.0,inf,1.92,0.0,22.9
SHORT:delta_dump+ylow_break+below_pivot+rvol_thrust_dn|nk0.5|vm1.2|full_0845_1400,7,0.12,6,0,1,85.7,100.0,inf,1.92,0.0,22.9
SHORT:delta_dump+ylow_break+below_pivot+rvol_thrust_dn|nk0.8|vm0.8|full_0845_1400,7,0.12,6,0,1,85.7,100.0,inf,1.92,0.0,22.9
SHORT:delta_dump+ylow_break+below_pivot+rvol_thrust_dn|nk0.8|vm1.2|full_0845_1400,7,0.12,6,0,1,85.7,100.0,inf,1.92,0.0,22.9
SHORT:delta_dump+ylow_break+below_pivot+below_vwap_v|nk0.0|vm0.8|full_0845_1400,7,0.12,6,0,1,85.7,100.0,inf,1.92,0.0,22.9
SHORT:delta_dump+ylow_break+below_pivot+below_vwap_v|nk0.0|vm1.2|full_0845_1400,7,0.12,6,0,1,85.7,100.0,inf,1.92,0.0,22.9
SHORT:delta_dump+ylow_break+below_pivot+below_vwap_v|nk0.5|vm0.8|full_0845_1400,7,0.12,6,0,1,85.7,100.0,inf,1.92,0.0,22.9
SHORT:delta_dump+ylow_break+below_pivot+below_vwap_v|nk0.5|vm1.2|full_0845_1400,7,0.12,6,0,1,85.7,100.0,inf,1.92,0.0,22.9
SHORT:delta_dump+ylow_break+below_pivot+below_vwap_v|nk0.8|vm0.8|full_0845_1400,7,0.12,6,0,1,85.7,100.0,inf,1.92,0.0,22.9
SHORT:delta_dump+ylow_break+below_pivot+below_vwap_v|nk0.8|vm1.2|full_0845_1400,7,0.12,6,0,1,85.7,100.0,inf,1.92,0.0,22.9
SHORT:delta_dump+ylow_break+below_pivot+cvd_dn_v|nk0.0|vm0.8|full_0845_1400,7,0.12,6,0,1,85.7,100.0,inf,1.92,0.0,22.9
SHORT:delta_dump+ylow_break+below_pivot+cvd_dn_v|nk0.0|vm1.2|full_0845_1400,7,0.12,6,0,1,85.7,100.0,inf,1.92,0.0,22.9
SHORT:delta_dump+ylow_break+below_pivot+cvd_dn_v|nk0.5|vm0.8|full_0845_1400,7,0.12,6,0,1,85.7,100.0,inf,1.92,0.0,22.9
SHORT:delta_dump+ylow_break+below_pivot+cvd_dn_v|nk0.5|vm1.2|full_0845_1400,7,0.12,6,0,1,85.7,100.0,inf,1.92,0.0,22.9
SHORT:delta_dump+ylow_break+below_pivot+cvd_dn_v|nk0.8|vm0.8|full_0845_1400,7,0.12,6,0,1,85.7,100.0,inf,1.92,0.0,22.9
SHORT:delta_dump+ylow_break+below_pivot+cvd_dn_v|nk0.8|vm1.2|full_0845_1400,7,0.12,6,0,1,85.7,100.0,inf,1.92,0.0,22.9
SHORT:delta_dump+ylow_break+weak_close+rvol_thrust_dn|nk0.0|vm0.8|full_0845_1400,7,0.12,6,0,1,85.7,100.0,inf,1.92,0.0,22.9
SHORT:delta_dump+ylow_break+weak_close+rvol_thrust_dn|nk0.0|vm1.2|full_0845_1400,7,0.12,6,0,1,85.7,100.0,inf,1.92,0.0,22.9
SHORT:delta_dump+ylow_break+weak_close+rvol_thrust_dn|nk0.5|vm0.8|full_0845_1400,7,0.12,6,0,1,85.7,100.0,inf,1.92,0.0,22.9
SHORT:delta_dump+ylow_break+weak_close+rvol_thrust_dn|nk0.5|vm1.2|full_0845_1400,7,0.12,6,0,1,85.7,100.0,inf,1.92,0.0,22.9
SHORT:delta_dump+ylow_break+weak_close+rvol_thrust_dn|nk0.8|vm0.8|full_0845_1400,7,0.12,6,0,1,85.7,100.0,inf,1.92,0.0,22.9
SHORT:delta_dump+ylow_break+weak_close+rvol_thrust_dn|nk0.8|vm1.2|full_0845_1400,7,0.12,6,0,1,85.7,100.0,inf,1.92,0.0,22.9
SHORT:delta_dump+ylow_break+weak_close+below_vwap_v|nk0.0|vm0.8|full_0845_1400,7,0.12,6,0,1,85.7,100.0,inf,1.92,0.0,22.9
SHORT:delta_dump+ylow_break+weak_close+below_vwap_v|nk0.0|vm1.2|full_0845_1400,7,0.12,6,0,1,85.7,100.0,inf,1.92,0.0,22.9
SHORT:delta_dump+ylow_break+weak_close+below_vwap_v|nk0.5|vm0.8|full_0845_1400,7,0.12,6,0,1,85.7,100.0,inf,1.92,0.0,22.9
SHORT:delta_dump+ylow_break+weak_close+below_vwap_v|nk0.5|vm1.2|full_0845_1400,7,0.12,6,0,1,85.7,100.0,inf,1.92,0.0,22.9
SHORT:delta_dump+ylow_break+weak_close+below_vwap_v|nk0.8|vm0.8|full_0845_1400,7,0.12,6,0,1,85.7,100.0,inf,1.92,0.0,22.9
SHORT:delta_dump+ylow_break+weak_close+below_vwap_v|nk0.8|vm1.2|full_0845_1400,7,0.12,6,0,1,85.7,100.0,inf,1.92,0.0,22.9
SHORT:delta_dump+ylow_break+weak_close+cvd_dn_v|nk0.0|vm0.8|full_0845_1400,7,0.12,6,0,1,85.7,100.0,inf,1.92,0.0,22.9
SHORT:delta_dump+ylow_break+weak_close+cvd_dn_v|nk0.0|vm1.2|full_0845_1400,7,0.12,6,0,1,85.7,100.0,inf,1.92,0.0,22.9
SHORT:delta_dump+ylow_break+weak_close+cvd_dn_v|nk0.5|vm0.8|full_0845_1400,7,0.12,6,0,1,85.7,100.0,inf,1.92,0.0,22.9
SHORT:delta_dump+ylow_break+weak_close+cvd_dn_v|nk0.5|vm1.2|full_0845_1400,7,0.12,6,0,1,85.7,100.0,inf,1.92,0.0,22.9
SHORT:delta_dump+ylow_break+weak_close+cvd_dn_v|nk0.8|vm0.8|full_0845_1400,7,0.12,6,0,1,85.7,100.0,inf,1.92,0.0,22.9
SHORT:delta_dump+ylow_break+weak_close+cvd_dn_v|nk0.8|vm1.2|full_0845_1400,7,0.12,6,0,1,85.7,100.0,inf,1.92,0.0,22.9
SHORT:delta_dump+ylow_break+rvol_thrust_dn+below_vwap_v|nk0.0|vm0.8|full_0845_1400,7,0.12,6,0,1,85.7,100.0,inf,1.92,0.0,22.9
SHORT:delta_dump+ylow_break+rvol_thrust_dn+below_vwap_v|nk0.0|vm1.2|full_0845_1400,7,0.12,6,0,1,85.7,100.0,inf,1.92,0.0,22.9
SHORT:delta_dump+ylow_break+rvol_thrust_dn+below_vwap_v|nk0.5|vm0.8|full_0845_1400,7,0.12,6,0,1,85.7,100.0,inf,1.92,0.0,22.9
SHORT:delta_dump+ylow_break+rvol_thrust_dn+below_vwap_v|nk0.5|vm1.2|full_0845_1400,7,0.12,6,0,1,85.7,100.0,inf,1.92,0.0,22.9
SHORT:delta_dump+ylow_break+rvol_thrust_dn+below_vwap_v|nk0.8|vm0.8|full_0845_1400,7,0.12,6,0,1,85.7,100.0,inf,1.92,0.0,22.9
SHORT:delta_dump+ylow_break+rvol_thrust_dn+below_vwap_v|nk0.8|vm1.2|full_0845_1400,7,0.12,6,0,1,85.7,100.0,inf,1.92,0.0,22.9
SHORT:delta_dump+ylow_break+rvol_thrust_dn+cvd_dn|nk0.0|vm0.8|full_0845_1400,7,0.12,6,0,1,85.7,100.0,inf,1.92,0.0,22.9
SHORT:delta_dump+ylow_break+rvol_thrust_dn+cvd_dn|nk0.0|vm1.2|full_0845_1400,7,0.12,6,0,1,85.7,100.0,inf,1.92,0.0,22.9
SHORT:delta_dump+ylow_break+rvol_thrust_dn+cvd_dn|nk0.5|vm0.8|full_0845_1400,7,0.12,6,0,1,85.7,100.0,inf,1.92,0.0,22.9
SHORT:delta_dump+ylow_break+rvol_thrust_dn+cvd_dn|nk0.5|vm1.2|full_0845_1400,7,0.12,6,0,1,85.7,100.0,inf,1.92,0.0,22.9
SHORT:delta_dump+ylow_break+rvol_thrust_dn+cvd_dn|nk0.8|vm0.8|full_0845_1400,7,0.12,6,0,1,85.7,100.0,inf,1.92,0.0,22.9
SHORT:delta_dump+ylow_break+rvol_thrust_dn+cvd_dn|nk0.8|vm1.2|full_0845_1400,7,0.12,6,0,1,85.7,100.0,inf,1.92,0.0,22.9
SHORT:delta_dump+ylow_break+rvol_thrust_dn+cvd_dn_v|nk0.0|vm0.8|full_0845_1400,7,0.12,6,0,1,85.7,100.0,inf,1.92,0.0,22.9
SHORT:delta_dump+ylow_break+rvol_thrust_dn+cvd_dn_v|nk0.0|vm1.2|full_0845_1400,7,0.12,6,0,1,85.7,100.0,inf,1.92,0.0,22.9
SHORT:delta_dump+ylow_break+rvol_thrust_dn+cvd_dn_v|nk0.5|vm0.8|full_0845_1400,7,0.12,6,0,1,85.7,100.0,inf,1.92,0.0,22.9
SHORT:delta_dump+ylow_break+rvol_thrust_dn+cvd_dn_v|nk0.5|vm1.2|full_0845_1400,7,0.12,6,0,1,85.7,100.0,inf,1.92,0.0,22.9
SHORT:delta_dump+ylow_break+rvol_thrust_dn+cvd_dn_v|nk0.8|vm0.8|full_0845_1400,7,0.12,6,0,1,85.7,100.0,inf,1.92,0.0,22.9
SHORT:delta_dump+ylow_break+rvol_thrust_dn+cvd_dn_v|nk0.8|vm1.2|full_0845_1400,7,0.12,6,0,1,85.7,100.0,inf,1.92,0.0,22.9
SHORT:delta_dump+ylow_break+below_vwap_v+cvd_dn|nk0.0|vm0.8|full_0845_1400,7,0.12,6,0,1,85.7,100.0,inf,1.92,0.0,22.9
SHORT:delta_dump+ylow_break+below_vwap_v+cvd_dn|nk0.0|vm1.2|full_0845_1400,7,0.12,6,0,1,85.7,100.0,inf,1.92,0.0,22.9
SHORT:delta_dump+ylow_break+below_vwap_v+cvd_dn|nk0.5|vm0.8|full_0845_1400,7,0.12,6,0,1,85.7,100.0,inf,1.92,0.0,22.9
SHORT:delta_dump+ylow_break+below_vwap_v+cvd_dn|nk0.5|vm1.2|full_0845_1400,7,0.12,6,0,1,85.7,100.0,inf,1.92,0.0,22.9
SHORT:delta_dump+ylow_break+below_vwap_v+cvd_dn|nk0.8|vm0.8|full_0845_1400,7,0.12,6,0,1,85.7,100.0,inf,1.92,0.0,22.9
SHORT:delta_dump+ylow_break+below_vwap_v+cvd_dn|nk0.8|vm1.2|full_0845_1400,7,0.12,6,0,1,85.7,100.0,inf,1.92,0.0,22.9
SHORT:delta_dump+ylow_break+below_vwap_v+cvd_dn_v|nk0.0|vm0.8|full_0845_1400,7,0.12,6,0,1,85.7,100.0,inf,1.92,0.0,22.9
SHORT:delta_dump+ylow_break+below_vwap_v+cvd_dn_v|nk0.0|vm1.2|full_0845_1400,7,0.12,6,0,1,85.7,100.0,inf,1.92,0.0,22.9
SHORT:delta_dump+ylow_break+below_vwap_v+cvd_dn_v|nk0.5|vm0.8|full_0845_1400,7,0.12,6,0,1,85.7,100.0,inf,1.92,0.0,22.9
SHORT:delta_dump+ylow_break+below_vwap_v+cvd_dn_v|nk0.5|vm1.2|full_0845_1400,7,0.12,6,0,1,85.7,100.0,inf,1.92,0.0,22.9
SHORT:delta_dump+ylow_break+below_vwap_v+cvd_dn_v|nk0.8|vm0.8|full_0845_1400,7,0.12,6,0,1,85.7,100.0,inf,1.92,0.0,22.9
SHORT:delta_dump+ylow_break+below_vwap_v+cvd_dn_v|nk0.8|vm1.2|full_0845_1400,7,0.12,6,0,1,85.7,100.0,inf,1.92,0.0,22.9
SHORT:delta_dump+ylow_break+cvd_dn+cvd_dn_v|nk0.0|vm0.8|full_0845_1400,7,0.12,6,0,1,85.7,100.0,inf,1.92,0.0,22.9
SHORT:delta_dump+ylow_break+cvd_dn+cvd_dn_v|nk0.0|vm1.2|full_0845_1400,7,0.12,6,0,1,85.7,100.0,inf,1.92,0.0,22.9
SHORT:delta_dump+ylow_break+cvd_dn+cvd_dn_v|nk0.5|vm0.8|full_0845_1400,7,0.12,6,0,1,85.7,100.0,inf,1.92,0.0,22.9
SHORT:delta_dump+ylow_break+cvd_dn+cvd_dn_v|nk0.5|vm1.2|full_0845_1400,7,0.12,6,0,1,85.7,100.0,inf,1.92,0.0,22.9
SHORT:delta_dump+ylow_break+cvd_dn+cvd_dn_v|nk0.8|vm0.8|full_0845_1400,7,0.12,6,0,1,85.7,100.0,inf,1.92,0.0,22.9
SHORT:delta_dump+ylow_break+cvd_dn+cvd_dn_v|nk0.8|vm1.2|full_0845_1400,7,0.12,6,0,1,85.7,100.0,inf,1.92,0.0,22.9
SHORT:delta_dump+below_pivot+weak_close+orb_break_dn_v|nk0.0|vm0.8|am_0845_1130,7,0.12,6,1,0,85.7,85.7,6.0,1.5,0.3,45.7
SHORT:delta_dump+below_pivot+weak_close+orb_break_dn_v|nk0.0|vm1.2|am_0845_1130,7,0.12,6,1,0,85.7,85.7,6.0,1.5,0.3,45.7
SHORT:delta_dump+below_pivot+weak_close+orb_break_dn_v|nk0.5|vm0.8|am_0845_1130,7,0.12,6,1,0,85.7,85.7,6.0,1.5,0.3,45.7
SHORT:delta_dump+below_pivot+weak_close+orb_break_dn_v|nk0.5|vm1.2|am_0845_1130,7,0.12,6,1,0,85.7,85.7,6.0,1.5,0.3,45.7
SHORT:delta_dump+below_pivot+weak_close+orb_break_dn_v|nk0.8|vm0.8|am_0845_1130,7,0.12,6,1,0,85.7,85.7,6.0,1.5,0.3,45.7
SHORT:delta_dump+below_pivot+weak_close+orb_break_dn_v|nk0.8|vm1.2|am_0845_1130,7,0.12,6,1,0,85.7,85.7,6.0,1.5,0.3,45.7
SHORT:delta_dump+below_pivot+orb_break_dn+rvol_thrust_dn|nk0.0|vm0.8|am_0845_1130,7,0.12,6,1,0,85.7,85.7,6.0,1.5,0.3,45.7
SHORT:delta_dump+below_pivot+orb_break_dn+rvol_thrust_dn|nk0.0|vm1.2|am_0845_1130,7,0.12,6,1,0,85.7,85.7,6.0,1.5,0.3,45.7
SHORT:delta_dump+below_pivot+orb_break_dn+rvol_thrust_dn|nk0.5|vm0.8|am_0845_1130,7,0.12,6,1,0,85.7,85.7,6.0,1.5,0.3,45.7
SHORT:delta_dump+below_pivot+orb_break_dn+rvol_thrust_dn|nk0.5|vm1.2|am_0845_1130,7,0.12,6,1,0,85.7,85.7,6.0,1.5,0.3,45.7
SHORT:delta_dump+below_pivot+orb_break_dn+rvol_thrust_dn|nk0.8|vm0.8|am_0845_1130,7,0.12,6,1,0,85.7,85.7,6.0,1.5,0.3,45.7
SHORT:delta_dump+below_pivot+orb_break_dn+rvol_thrust_dn|nk0.8|vm1.2|am_0845_1130,7,0.12,6,1,0,85.7,85.7,6.0,1.5,0.3,45.7
SHORT:delta_dump+below_pivot+orb_break_dn_v+rvol_thrust_dn|nk0.0|vm0.8|am_0845_1130,7,0.12,6,1,0,85.7,85.7,6.0,1.5,0.3,45.7
SHORT:delta_dump+below_pivot+orb_break_dn_v+rvol_thrust_dn|nk0.0|vm1.2|am_0845_1130,7,0.12,6,1,0,85.7,85.7,6.0,1.5,0.3,45.7
SHORT:delta_dump+below_pivot+orb_break_dn_v+rvol_thrust_dn|nk0.5|vm0.8|am_0845_1130,7,0.12,6,1,0,85.7,85.7,6.0,1.5,0.3,45.7
SHORT:delta_dump+below_pivot+orb_break_dn_v+rvol_thrust_dn|nk0.5|vm1.2|am_0845_1130,7,0.12,6,1,0,85.7,85.7,6.0,1.5,0.3,45.7
SHORT:delta_dump+below_pivot+orb_break_dn_v+rvol_thrust_dn|nk0.8|vm0.8|am_0845_1130,7,0.12,6,1,0,85.7,85.7,6.0,1.5,0.3,45.7
SHORT:delta_dump+below_pivot+orb_break_dn_v+rvol_thrust_dn|nk0.8|vm1.2|am_0845_1130,7,0.12,6,1,0,85.7,85.7,6.0,1.5,0.3,45.7
SHORT:delta_dump+weak_close+cvd_dn+rsi_thrust_dn|nk0.0|vm0.8|am_0845_1130,7,0.12,6,1,0,85.7,85.7,6.0,1.5,0.3,70.7
SHORT:delta_dump+weak_close+cvd_dn+rsi_thrust_dn|nk0.0|vm1.2|am_0845_1130,7,0.12,6,1,0,85.7,85.7,6.0,1.5,0.3,70.7
SHORT:delta_dump+weak_close+cvd_dn+rsi_thrust_dn|nk0.5|vm0.8|am_0845_1130,7,0.12,6,1,0,85.7,85.7,6.0,1.5,0.3,70.7
SHORT:delta_dump+weak_close+cvd_dn+rsi_thrust_dn|nk0.5|vm1.2|am_0845_1130,7,0.12,6,1,0,85.7,85.7,6.0,1.5,0.3,70.7
SHORT:delta_dump+weak_close+cvd_dn_v+rsi_thrust_dn|nk0.0|vm0.8|am_0845_1130,7,0.12,6,1,0,85.7,85.7,6.0,1.5,0.3,70.7
SHORT:delta_dump+weak_close+cvd_dn_v+rsi_thrust_dn|nk0.0|vm1.2|am_0845_1130,7,0.12,6,1,0,85.7,85.7,6.0,1.5,0.3,70.7
SHORT:delta_dump+weak_close+cvd_dn_v+rsi_thrust_dn|nk0.5|vm0.8|am_0845_1130,7,0.12,6,1,0,85.7,85.7,6.0,1.5,0.3,70.7
SHORT:delta_dump+weak_close+cvd_dn_v+rsi_thrust_dn|nk0.5|vm1.2|am_0845_1130,7,0.12,6,1,0,85.7,85.7,6.0,1.5,0.3,70.7
SHORT:delta_dump+rvol_thrust_dn+cvd_dn+rsi_thrust_dn|nk0.0|vm0.8|am_0845_1130,7,0.12,6,1,0,85.7,85.7,6.0,1.5,0.3,70.7
SHORT:delta_dump+rvol_thrust_dn+cvd_dn+rsi_thrust_dn|nk0.0|vm1.2|am_0845_1130,7,0.12,6,1,0,85.7,85.7,6.0,1.5,0.3,70.7
SHORT:delta_dump+rvol_thrust_dn+cvd_dn+rsi_thrust_dn|nk0.5|vm0.8|am_0845_1130,7,0.12,6,1,0,85.7,85.7,6.0,1.5,0.3,70.7
SHORT:delta_dump+rvol_thrust_dn+cvd_dn+rsi_thrust_dn|nk0.5|vm1.2|am_0845_1130,7,0.12,6,1,0,85.7,85.7,6.0,1.5,0.3,70.7
SHORT:delta_dump+rvol_thrust_dn+cvd_dn_v+rsi_thrust_dn|nk0.0|vm0.8|am_0845_1130,7,0.12,6,1,0,85.7,85.7,6.0,1.5,0.3,70.7
SHORT:delta_dump+rvol_thrust_dn+cvd_dn_v+rsi_thrust_dn|nk0.0|vm1.2|am_0845_1130,7,0.12,6,1,0,85.7,85.7,6.0,1.5,0.3,70.7
SHORT:delta_dump+rvol_thrust_dn+cvd_dn_v+rsi_thrust_dn|nk0.5|vm0.8|am_0845_1130,7,0.12,6,1,0,85.7,85.7,6.0,1.5,0.3,70.7
SHORT:delta_dump+rvol_thrust_dn+cvd_dn_v+rsi_thrust_dn|nk0.5|vm1.2|am_0845_1130,7,0.12,6,1,0,85.7,85.7,6.0,1.5,0.3,70.7
SHORT:ylow_break+below_pivot+weak_close+rvol_thrust_dn|nk0.0|vm0.8|full_0845_1400,7,0.12,6,0,1,85.7,100.0,inf,1.92,0.0,22.9
SHORT:ylow_break+below_pivot+weak_close+rvol_thrust_dn|nk0.0|vm1.2|full_0845_1400,7,0.12,6,0,1,85.7,100.0,inf,1.92,0.0,22.9
SHORT:ylow_break+below_pivot+weak_close+rvol_thrust_dn|nk0.5|vm0.8|full_0845_1400,7,0.12,6,0,1,85.7,100.0,inf,1.92,0.0,22.9
SHORT:ylow_break+below_pivot+weak_close+rvol_thrust_dn|nk0.5|vm1.2|full_0845_1400,7,0.12,6,0,1,85.7,100.0,inf,1.92,0.0,22.9
SHORT:ylow_break+below_pivot+weak_close+rvol_thrust_dn|nk0.8|vm0.8|full_0845_1400,7,0.12,6,0,1,85.7,100.0,inf,1.92,0.0,22.9
SHORT:ylow_break+below_pivot+weak_close+rvol_thrust_dn|nk0.8|vm1.2|full_0845_1400,7,0.12,6,0,1,85.7,100.0,inf,1.92,0.0,22.9
SHORT:ylow_break+below_pivot+weak_close+below_vwap_v|nk0.0|vm0.8|full_0845_1400,7,0.12,6,0,1,85.7,100.0,inf,1.92,0.0,22.9
SHORT:ylow_break+below_pivot+weak_close+below_vwap_v|nk0.0|vm1.2|full_0845_1400,7,0.12,6,0,1,85.7,100.0,inf,1.92,0.0,22.9
SHORT:ylow_break+below_pivot+weak_close+below_vwap_v|nk0.5|vm0.8|full_0845_1400,7,0.12,6,0,1,85.7,100.0,inf,1.92,0.0,22.9
SHORT:ylow_break+below_pivot+weak_close+below_vwap_v|nk0.5|vm1.2|full_0845_1400,7,0.12,6,0,1,85.7,100.0,inf,1.92,0.0,22.9
SHORT:ylow_break+below_pivot+weak_close+below_vwap_v|nk0.8|vm0.8|full_0845_1400,7,0.12,6,0,1,85.7,100.0,inf,1.92,0.0,22.9
SHORT:ylow_break+below_pivot+weak_close+below_vwap_v|nk0.8|vm1.2|full_0845_1400,7,0.12,6,0,1,85.7,100.0,inf,1.92,0.0,22.9
SHORT:ylow_break+below_pivot+weak_close+cvd_dn_v|nk0.0|vm0.8|full_0845_1400,7,0.12,6,0,1,85.7,100.0,inf,1.92,0.0,22.9
SHORT:ylow_break+below_pivot+weak_close+cvd_dn_v|nk0.0|vm1.2|full_0845_1400,7,0.12,6,0,1,85.7,100.0,inf,1.92,0.0,22.9
SHORT:ylow_break+below_pivot+weak_close+cvd_dn_v|nk0.5|vm0.8|full_0845_1400,7,0.12,6,0,1,85.7,100.0,inf,1.92,0.0,22.9
SHORT:ylow_break+below_pivot+weak_close+cvd_dn_v|nk0.5|vm1.2|full_0845_1400,7,0.12,6,0,1,85.7,100.0,inf,1.92,0.0,22.9
SHORT:ylow_break+below_pivot+weak_close+cvd_dn_v|nk0.8|vm0.8|full_0845_1400,7,0.12,6,0,1,85.7,100.0,inf,1.92,0.0,22.9
SHORT:ylow_break+below_pivot+weak_close+cvd_dn_v|nk0.8|vm1.2|full_0845_1400,7,0.12,6,0,1,85.7,100.0,inf,1.92,0.0,22.9
SHORT:ylow_break+below_pivot+rvol_thrust_dn+below_vwap_v|nk0.0|vm0.8|full_0845_1400,7,0.12,6,0,1,85.7,100.0,inf,1.92,0.0,22.9
SHORT:ylow_break+below_pivot+rvol_thrust_dn+below_vwap_v|nk0.0|vm1.2|full_0845_1400,7,0.12,6,0,1,85.7,100.0,inf,1.92,0.0,22.9
SHORT:ylow_break+below_pivot+rvol_thrust_dn+below_vwap_v|nk0.5|vm0.8|full_0845_1400,7,0.12,6,0,1,85.7,100.0,inf,1.92,0.0,22.9
SHORT:ylow_break+below_pivot+rvol_thrust_dn+below_vwap_v|nk0.5|vm1.2|full_0845_1400,7,0.12,6,0,1,85.7,100.0,inf,1.92,0.0,22.9
SHORT:ylow_break+below_pivot+rvol_thrust_dn+below_vwap_v|nk0.8|vm0.8|full_0845_1400,7,0.12,6,0,1,85.7,100.0,inf,1.92,0.0,22.9
SHORT:ylow_break+below_pivot+rvol_thrust_dn+below_vwap_v|nk0.8|vm1.2|full_0845_1400,7,0.12,6,0,1,85.7,100.0,inf,1.92,0.0,22.9
SHORT:ylow_break+below_pivot+rvol_thrust_dn+cvd_dn|nk0.0|vm0.8|full_0845_1400,7,0.12,6,0,1,85.7,100.0,inf,1.92,0.0,22.9
SHORT:ylow_break+below_pivot+rvol_thrust_dn+cvd_dn|nk0.0|vm1.2|full_0845_1400,7,0.12,6,0,1,85.7,100.0,inf,1.92,0.0,22.9
SHORT:ylow_break+below_pivot+rvol_thrust_dn+cvd_dn|nk0.5|vm0.8|full_0845_1400,7,0.12,6,0,1,85.7,100.0,inf,1.92,0.0,22.9
SHORT:ylow_break+below_pivot+rvol_thrust_dn+cvd_dn|nk0.5|vm1.2|full_0845_1400,7,0.12,6,0,1,85.7,100.0,inf,1.92,0.0,22.9
SHORT:ylow_break+below_pivot+rvol_thrust_dn+cvd_dn|nk0.8|vm0.8|full_0845_1400,7,0.12,6,0,1,85.7,100.0,inf,1.92,0.0,22.9
SHORT:ylow_break+below_pivot+rvol_thrust_dn+cvd_dn|nk0.8|vm1.2|full_0845_1400,7,0.12,6,0,1,85.7,100.0,inf,1.92,0.0,22.9
SHORT:ylow_break+below_pivot+rvol_thrust_dn+cvd_dn_v|nk0.0|vm0.8|full_0845_1400,7,0.12,6,0,1,85.7,100.0,inf,1.92,0.0,22.9
SHORT:ylow_break+below_pivot+rvol_thrust_dn+cvd_dn_v|nk0.0|vm1.2|full_0845_1400,7,0.12,6,0,1,85.7,100.0,inf,1.92,0.0,22.9
SHORT:ylow_break+below_pivot+rvol_thrust_dn+cvd_dn_v|nk0.5|vm0.8|full_0845_1400,7,0.12,6,0,1,85.7,100.0,inf,1.92,0.0,22.9
SHORT:ylow_break+below_pivot+rvol_thrust_dn+cvd_dn_v|nk0.5|vm1.2|full_0845_1400,7,0.12,6,0,1,85.7,100.0,inf,1.92,0.0,22.9
SHORT:ylow_break+below_pivot+rvol_thrust_dn+cvd_dn_v|nk0.8|vm0.8|full_0845_1400,7,0.12,6,0,1,85.7,100.0,inf,1.92,0.0,22.9
SHORT:ylow_break+below_pivot+rvol_thrust_dn+cvd_dn_v|nk0.8|vm1.2|full_0845_1400,7,0.12,6,0,1,85.7,100.0,inf,1.92,0.0,22.9
SHORT:ylow_break+below_pivot+below_vwap_v+cvd_dn|nk0.0|vm0.8|full_0845_1400,7,0.12,6,0,1,85.7,100.0,inf,1.92,0.0,22.9
SHORT:ylow_break+below_pivot+below_vwap_v+cvd_dn|nk0.0|vm1.2|full_0845_1400,7,0.12,6,0,1,85.7,100.0,inf,1.92,0.0,22.9
SHORT:ylow_break+below_pivot+below_vwap_v+cvd_dn|nk0.5|vm0.8|full_0845_1400,7,0.12,6,0,1,85.7,100.0,inf,1.92,0.0,22.9
SHORT:ylow_break+below_pivot+below_vwap_v+cvd_dn|nk0.5|vm1.2|full_0845_1400,7,0.12,6,0,1,85.7,100.0,inf,1.92,0.0,22.9
SHORT:ylow_break+below_pivot+below_vwap_v+cvd_dn|nk0.8|vm0.8|full_0845_1400,7,0.12,6,0,1,85.7,100.0,inf,1.92,0.0,22.9
SHORT:ylow_break+below_pivot+below_vwap_v+cvd_dn|nk0.8|vm1.2|full_0845_1400,7,0.12,6,0,1,85.7,100.0,inf,1.92,0.0,22.9
SHORT:ylow_break+below_pivot+below_vwap_v+cvd_dn_v|nk0.0|vm0.8|full_0845_1400,7,0.12,6,0,1,85.7,100.0,inf,1.92,0.0,22.9
SHORT:ylow_break+below_pivot+below_vwap_v+cvd_dn_v|nk0.0|vm1.2|full_0845_1400,7,0.12,6,0,1,85.7,100.0,inf,1.92,0.0,22.9
SHORT:ylow_break+below_pivot+below_vwap_v+cvd_dn_v|nk0.5|vm0.8|full_0845_1400,7,0.12,6,0,1,85.7,100.0,inf,1.92,0.0,22.9
SHORT:ylow_break+below_pivot+below_vwap_v+cvd_dn_v|nk0.5|vm1.2|full_0845_1400,7,0.12,6,0,1,85.7,100.0,inf,1.92,0.0,22.9
SHORT:ylow_break+below_pivot+below_vwap_v+cvd_dn_v|nk0.8|vm0.8|full_0845_1400,7,0.12,6,0,1,85.7,100.0,inf,1.92,0.0,22.9
SHORT:ylow_break+below_pivot+below_vwap_v+cvd_dn_v|nk0.8|vm1.2|full_0845_1400,7,0.12,6,0,1,85.7,100.0,inf,1.92,0.0,22.9
SHORT:ylow_break+weak_close+rvol_thrust_dn+below_vwap_v|nk0.0|vm0.8|full_0845_1400,7,0.12,6,0,1,85.7,100.0,inf,1.92,0.0,22.9
SHORT:ylow_break+weak_close+rvol_thrust_dn+below_vwap_v|nk0.0|vm1.2|full_0845_1400,7,0.12,6,0,1,85.7,100.0,inf,1.92,0.0,22.9
SHORT:ylow_break+weak_close+rvol_thrust_dn+below_vwap_v|nk0.5|vm0.8|full_0845_1400,7,0.12,6,0,1,85.7,100.0,inf,1.92,0.0,22.9
SHORT:ylow_break+weak_close+rvol_thrust_dn+below_vwap_v|nk0.5|vm1.2|full_0845_1400,7,0.12,6,0,1,85.7,100.0,inf,1.92,0.0,22.9
SHORT:ylow_break+weak_close+rvol_thrust_dn+below_vwap_v|nk0.8|vm0.8|full_0845_1400,7,0.12,6,0,1,85.7,100.0,inf,1.92,0.0,22.9
SHORT:ylow_break+weak_close+rvol_thrust_dn+below_vwap_v|nk0.8|vm1.2|full_0845_1400,7,0.12,6,0,1,85.7,100.0,inf,1.92,0.0,22.9
SHORT:ylow_break+weak_close+rvol_thrust_dn+cvd_dn|nk0.0|vm0.8|full_0845_1400,7,0.12,6,0,1,85.7,100.0,inf,1.92,0.0,22.9
SHORT:ylow_break+weak_close+rvol_thrust_dn+cvd_dn|nk0.0|vm1.2|full_0845_1400,7,0.12,6,0,1,85.7,100.0,inf,1.92,0.0,22.9
SHORT:ylow_break+weak_close+rvol_thrust_dn+cvd_dn|nk0.5|vm0.8|full_0845_1400,7,0.12,6,0,1,85.7,100.0,inf,1.92,0.0,22.9
SHORT:ylow_break+weak_close+rvol_thrust_dn+cvd_dn|nk0.5|vm1.2|full_0845_1400,7,0.12,6,0,1,85.7,100.0,inf,1.92,0.0,22.9
SHORT:ylow_break+weak_close+rvol_thrust_dn+cvd_dn|nk0.8|vm0.8|full_0845_1400,7,0.12,6,0,1,85.7,100.0,inf,1.92,0.0,22.9
SHORT:ylow_break+weak_close+rvol_thrust_dn+cvd_dn|nk0.8|vm1.2|full_0845_1400,7,0.12,6,0,1,85.7,100.0,inf,1.92,0.0,22.9
SHORT:ylow_break+weak_close+rvol_thrust_dn+cvd_dn_v|nk0.0|vm0.8|full_0845_1400,7,0.12,6,0,1,85.7,100.0,inf,1.92,0.0,22.9
SHORT:ylow_break+weak_close+rvol_thrust_dn+cvd_dn_v|nk0.0|vm1.2|full_0845_1400,7,0.12,6,0,1,85.7,100.0,inf,1.92,0.0,22.9
SHORT:ylow_break+weak_close+rvol_thrust_dn+cvd_dn_v|nk0.5|vm0.8|full_0845_1400,7,0.12,6,0,1,85.7,100.0,inf,1.92,0.0,22.9
SHORT:ylow_break+weak_close+rvol_thrust_dn+cvd_dn_v|nk0.5|vm1.2|full_0845_1400,7,0.12,6,0,1,85.7,100.0,inf,1.92,0.0,22.9
SHORT:ylow_break+weak_close+rvol_thrust_dn+cvd_dn_v|nk0.8|vm0.8|full_0845_1400,7,0.12,6,0,1,85.7,100.0,inf,1.92,0.0,22.9
SHORT:ylow_break+weak_close+rvol_thrust_dn+cvd_dn_v|nk0.8|vm1.2|full_0845_1400,7,0.12,6,0,1,85.7,100.0,inf,1.92,0.0,22.9
SHORT:ylow_break+weak_close+below_vwap_v+cvd_dn|nk0.0|vm0.8|full_0845_1400,7,0.12,6,0,1,85.7,100.0,inf,1.92,0.0,22.9
SHORT:ylow_break+weak_close+below_vwap_v+cvd_dn|nk0.0|vm1.2|full_0845_1400,7,0.12,6,0,1,85.7,100.0,inf,1.92,0.0,22.9
SHORT:ylow_break+weak_close+below_vwap_v+cvd_dn|nk0.5|vm0.8|full_0845_1400,7,0.12,6,0,1,85.7,100.0,inf,1.92,0.0,22.9
SHORT:ylow_break+weak_close+below_vwap_v+cvd_dn|nk0.5|vm1.2|full_0845_1400,7,0.12,6,0,1,85.7,100.0,inf,1.92,0.0,22.9
SHORT:ylow_break+weak_close+below_vwap_v+cvd_dn|nk0.8|vm0.8|full_0845_1400,7,0.12,6,0,1,85.7,100.0,inf,1.92,0.0,22.9
SHORT:ylow_break+weak_close+below_vwap_v+cvd_dn|nk0.8|vm1.2|full_0845_1400,7,0.12,6,0,1,85.7,100.0,inf,1.92,0.0,22.9
SHORT:ylow_break+weak_close+below_vwap_v+cvd_dn_v|nk0.0|vm0.8|full_0845_1400,7,0.12,6,0,1,85.7,100.0,inf,1.92,0.0,22.9
SHORT:ylow_break+weak_close+below_vwap_v+cvd_dn_v|nk0.0|vm1.2|full_0845_1400,7,0.12,6,0,1,85.7,100.0,inf,1.92,0.0,22.9
SHORT:ylow_break+weak_close+below_vwap_v+cvd_dn_v|nk0.5|vm0.8|full_0845_1400,7,0.12,6,0,1,85.7,100.0,inf,1.92,0.0,22.9
SHORT:ylow_break+weak_close+below_vwap_v+cvd_dn_v|nk0.5|vm1.2|full_0845_1400,7,0.12,6,0,1,85.7,100.0,inf,1.92,0.0,22.9
SHORT:ylow_break+weak_close+below_vwap_v+cvd_dn_v|nk0.8|vm0.8|full_0845_1400,7,0.12,6,0,1,85.7,100.0,inf,1.92,0.0,22.9
SHORT:ylow_break+weak_close+below_vwap_v+cvd_dn_v|nk0.8|vm1.2|full_0845_1400,7,0.12,6,0,1,85.7,100.0,inf,1.92,0.0,22.9
SHORT:ylow_break+weak_close+cvd_dn+cvd_dn_v|nk0.0|vm0.8|full_0845_1400,7,0.12,6,0,1,85.7,100.0,inf,1.92,0.0,22.9
SHORT:ylow_break+weak_close+cvd_dn+cvd_dn_v|nk0.0|vm1.2|full_0845_1400,7,0.12,6,0,1,85.7,100.0,inf,1.92,0.0,22.9
SHORT:ylow_break+weak_close+cvd_dn+cvd_dn_v|nk0.5|vm0.8|full_0845_1400,7,0.12,6,0,1,85.7,100.0,inf,1.92,0.0,22.9
SHORT:ylow_break+weak_close+cvd_dn+cvd_dn_v|nk0.5|vm1.2|full_0845_1400,7,0.12,6,0,1,85.7,100.0,inf,1.92,0.0,22.9
SHORT:ylow_break+weak_close+cvd_dn+cvd_dn_v|nk0.8|vm0.8|full_0845_1400,7,0.12,6,0,1,85.7,100.0,inf,1.92,0.0,22.9
SHORT:ylow_break+weak_close+cvd_dn+cvd_dn_v|nk0.8|vm1.2|full_0845_1400,7,0.12,6,0,1,85.7,100.0,inf,1.92,0.0,22.9
SHORT:ylow_break+rvol_thrust_dn+below_vwap_v+cvd_dn|nk0.0|vm0.8|full_0845_1400,7,0.12,6,0,1,85.7,100.0,inf,1.92,0.0,22.9
SHORT:ylow_break+rvol_thrust_dn+below_vwap_v+cvd_dn|nk0.0|vm1.2|full_0845_1400,7,0.12,6,0,1,85.7,100.0,inf,1.92,0.0,22.9
SHORT:ylow_break+rvol_thrust_dn+below_vwap_v+cvd_dn|nk0.5|vm0.8|full_0845_1400,7,0.12,6,0,1,85.7,100.0,inf,1.92,0.0,22.9
SHORT:ylow_break+rvol_thrust_dn+below_vwap_v+cvd_dn|nk0.5|vm1.2|full_0845_1400,7,0.12,6,0,1,85.7,100.0,inf,1.92,0.0,22.9
SHORT:ylow_break+rvol_thrust_dn+below_vwap_v+cvd_dn|nk0.8|vm0.8|full_0845_1400,7,0.12,6,0,1,85.7,100.0,inf,1.92,0.0,22.9
SHORT:ylow_break+rvol_thrust_dn+below_vwap_v+cvd_dn|nk0.8|vm1.2|full_0845_1400,7,0.12,6,0,1,85.7,100.0,inf,1.92,0.0,22.9
SHORT:ylow_break+rvol_thrust_dn+below_vwap_v+cvd_dn_v|nk0.0|vm0.8|full_0845_1400,7,0.12,6,0,1,85.7,100.0,inf,1.92,0.0,22.9
SHORT:ylow_break+rvol_thrust_dn+below_vwap_v+cvd_dn_v|nk0.0|vm1.2|full_0845_1400,7,0.12,6,0,1,85.7,100.0,inf,1.92,0.0,22.9
SHORT:ylow_break+rvol_thrust_dn+below_vwap_v+cvd_dn_v|nk0.5|vm0.8|full_0845_1400,7,0.12,6,0,1,85.7,100.0,inf,1.92,0.0,22.9
SHORT:ylow_break+rvol_thrust_dn+below_vwap_v+cvd_dn_v|nk0.5|vm1.2|full_0845_1400,7,0.12,6,0,1,85.7,100.0,inf,1.92,0.0,22.9
SHORT:ylow_break+rvol_thrust_dn+below_vwap_v+cvd_dn_v|nk0.8|vm0.8|full_0845_1400,7,0.12,6,0,1,85.7,100.0,inf,1.92,0.0,22.9
SHORT:ylow_break+rvol_thrust_dn+below_vwap_v+cvd_dn_v|nk0.8|vm1.2|full_0845_1400,7,0.12,6,0,1,85.7,100.0,inf,1.92,0.0,22.9
SHORT:ylow_break+rvol_thrust_dn+cvd_dn+cvd_dn_v|nk0.0|vm0.8|full_0845_1400,7,0.12,6,0,1,85.7,100.0,inf,1.92,0.0,22.9
SHORT:ylow_break+rvol_thrust_dn+cvd_dn+cvd_dn_v|nk0.0|vm1.2|full_0845_1400,7,0.12,6,0,1,85.7,100.0,inf,1.92,0.0,22.9
SHORT:ylow_break+rvol_thrust_dn+cvd_dn+cvd_dn_v|nk0.5|vm0.8|full_0845_1400,7,0.12,6,0,1,85.7,100.0,inf,1.92,0.0,22.9
SHORT:ylow_break+rvol_thrust_dn+cvd_dn+cvd_dn_v|nk0.5|vm1.2|full_0845_1400,7,0.12,6,0,1,85.7,100.0,inf,1.92,0.0,22.9
SHORT:ylow_break+rvol_thrust_dn+cvd_dn+cvd_dn_v|nk0.8|vm0.8|full_0845_1400,7,0.12,6,0,1,85.7,100.0,inf,1.92,0.0,22.9
SHORT:ylow_break+rvol_thrust_dn+cvd_dn+cvd_dn_v|nk0.8|vm1.2|full_0845_1400,7,0.12,6,0,1,85.7,100.0,inf,1.92,0.0,22.9
SHORT:ylow_break+below_vwap_v+cvd_dn+cvd_dn_v|nk0.0|vm0.8|full_0845_1400,7,0.12,6,0,1,85.7,100.0,inf,1.92,0.0,22.9
SHORT:ylow_break+below_vwap_v+cvd_dn+cvd_dn_v|nk0.0|vm1.2|full_0845_1400,7,0.12,6,0,1,85.7,100.0,inf,1.92,0.0,22.9
SHORT:ylow_break+below_vwap_v+cvd_dn+cvd_dn_v|nk0.5|vm0.8|full_0845_1400,7,0.12,6,0,1,85.7,100.0,inf,1.92,0.0,22.9
SHORT:ylow_break+below_vwap_v+cvd_dn+cvd_dn_v|nk0.5|vm1.2|full_0845_1400,7,0.12,6,0,1,85.7,100.0,inf,1.92,0.0,22.9
SHORT:ylow_break+below_vwap_v+cvd_dn+cvd_dn_v|nk0.8|vm0.8|full_0845_1400,7,0.12,6,0,1,85.7,100.0,inf,1.92,0.0,22.9
SHORT:ylow_break+below_vwap_v+cvd_dn+cvd_dn_v|nk0.8|vm1.2|full_0845_1400,7,0.12,6,0,1,85.7,100.0,inf,1.92,0.0,22.9
SHORT:below_pivot+weak_close+orb_break_dn+cvd_dn_v|nk0.8|vm0.8|am_0845_1130,7,0.12,6,1,0,85.7,85.7,6.0,1.5,0.3,45.7
SHORT:below_pivot+weak_close+orb_break_dn+cvd_dn_v|nk0.8|vm1.2|am_0845_1130,7,0.12,6,1,0,85.7,85.7,6.0,1.5,0.3,45.7
SHORT:below_pivot+weak_close+orb_break_dn_v+cvd_dn|nk0.8|vm0.8|am_0845_1130,7,0.12,6,1,0,85.7,85.7,6.0,1.5,0.3,45.7
SHORT:below_pivot+weak_close+orb_break_dn_v+cvd_dn|nk0.8|vm1.2|am_0845_1130,7,0.12,6,1,0,85.7,85.7,6.0,1.5,0.3,45.7
SHORT:below_pivot+weak_close+orb_break_dn_v+cvd_dn_v|nk0.8|vm0.8|am_0845_1130,7,0.12,6,1,0,85.7,85.7,6.0,1.5,0.3,45.7
SHORT:below_pivot+weak_close+orb_break_dn_v+cvd_dn_v|nk0.8|vm1.2|am_0845_1130,7,0.12,6,1,0,85.7,85.7,6.0,1.5,0.3,45.7
SHORT:below_pivot+orb_break_dn+rvol_thrust_dn+cvd_dn|nk0.0|vm0.8|am_0845_1130,7,0.12,6,1,0,85.7,85.7,6.0,1.5,0.3,45.7
SHORT:below_pivot+orb_break_dn+rvol_thrust_dn+cvd_dn|nk0.0|vm1.2|am_0845_1130,7,0.12,6,1,0,85.7,85.7,6.0,1.5,0.3,45.7
SHORT:below_pivot+orb_break_dn+rvol_thrust_dn+cvd_dn|nk0.5|vm0.8|am_0845_1130,7,0.12,6,1,0,85.7,85.7,6.0,1.5,0.3,45.7
SHORT:below_pivot+orb_break_dn+rvol_thrust_dn+cvd_dn|nk0.5|vm1.2|am_0845_1130,7,0.12,6,1,0,85.7,85.7,6.0,1.5,0.3,45.7
SHORT:below_pivot+orb_break_dn+rvol_thrust_dn+cvd_dn|nk0.8|vm0.8|am_0845_1130,7,0.12,6,1,0,85.7,85.7,6.0,1.5,0.3,45.7
SHORT:below_pivot+orb_break_dn+rvol_thrust_dn+cvd_dn|nk0.8|vm1.2|am_0845_1130,7,0.12,6,1,0,85.7,85.7,6.0,1.5,0.3,45.7
SHORT:below_pivot+orb_break_dn+rvol_thrust_dn+cvd_dn_v|nk0.0|vm0.8|am_0845_1130,7,0.12,6,1,0,85.7,85.7,6.0,1.5,0.3,45.7
SHORT:below_pivot+orb_break_dn+rvol_thrust_dn+cvd_dn_v|nk0.0|vm1.2|am_0845_1130,7,0.12,6,1,0,85.7,85.7,6.0,1.5,0.3,45.7
SHORT:below_pivot+orb_break_dn+rvol_thrust_dn+cvd_dn_v|nk0.5|vm0.8|am_0845_1130,7,0.12,6,1,0,85.7,85.7,6.0,1.5,0.3,45.7
SHORT:below_pivot+orb_break_dn+rvol_thrust_dn+cvd_dn_v|nk0.5|vm1.2|am_0845_1130,7,0.12,6,1,0,85.7,85.7,6.0,1.5,0.3,45.7
SHORT:below_pivot+orb_break_dn+rvol_thrust_dn+cvd_dn_v|nk0.8|vm0.8|am_0845_1130,7,0.12,6,1,0,85.7,85.7,6.0,1.5,0.3,45.7
SHORT:below_pivot+orb_break_dn+rvol_thrust_dn+cvd_dn_v|nk0.8|vm1.2|am_0845_1130,7,0.12,6,1,0,85.7,85.7,6.0,1.5,0.3,45.7
SHORT:below_pivot+orb_break_dn_v+rvol_thrust_dn+cvd_dn|nk0.0|vm0.8|am_0845_1130,7,0.12,6,1,0,85.7,85.7,6.0,1.5,0.3,45.7
SHORT:below_pivot+orb_break_dn_v+rvol_thrust_dn+cvd_dn|nk0.0|vm1.2|am_0845_1130,7,0.12,6,1,0,85.7,85.7,6.0,1.5,0.3,45.7
SHORT:below_pivot+orb_break_dn_v+rvol_thrust_dn+cvd_dn|nk0.5|vm0.8|am_0845_1130,7,0.12,6,1,0,85.7,85.7,6.0,1.5,0.3,45.7
SHORT:below_pivot+orb_break_dn_v+rvol_thrust_dn+cvd_dn|nk0.5|vm1.2|am_0845_1130,7,0.12,6,1,0,85.7,85.7,6.0,1.5,0.3,45.7
SHORT:below_pivot+orb_break_dn_v+rvol_thrust_dn+cvd_dn|nk0.8|vm0.8|am_0845_1130,7,0.12,6,1,0,85.7,85.7,6.0,1.5,0.3,45.7
SHORT:below_pivot+orb_break_dn_v+rvol_thrust_dn+cvd_dn|nk0.8|vm1.2|am_0845_1130,7,0.12,6,1,0,85.7,85.7,6.0,1.5,0.3,45.7
SHORT:below_pivot+orb_break_dn_v+rvol_thrust_dn+cvd_dn_v|nk0.0|vm0.8|am_0845_1130,7,0.12,6,1,0,85.7,85.7,6.0,1.5,0.3,45.7
SHORT:below_pivot+orb_break_dn_v+rvol_thrust_dn+cvd_dn_v|nk0.0|vm1.2|am_0845_1130,7,0.12,6,1,0,85.7,85.7,6.0,1.5,0.3,45.7
SHORT:below_pivot+orb_break_dn_v+rvol_thrust_dn+cvd_dn_v|nk0.5|vm0.8|am_0845_1130,7,0.12,6,1,0,85.7,85.7,6.0,1.5,0.3,45.7
SHORT:below_pivot+orb_break_dn_v+rvol_thrust_dn+cvd_dn_v|nk0.5|vm1.2|am_0845_1130,7,0.12,6,1,0,85.7,85.7,6.0,1.5,0.3,45.7
SHORT:below_pivot+orb_break_dn_v+rvol_thrust_dn+cvd_dn_v|nk0.8|vm0.8|am_0845_1130,7,0.12,6,1,0,85.7,85.7,6.0,1.5,0.3,45.7
SHORT:below_pivot+orb_break_dn_v+rvol_thrust_dn+cvd_dn_v|nk0.8|vm1.2|am_0845_1130,7,0.12,6,1,0,85.7,85.7,6.0,1.5,0.3,45.7
SHORT:weak_close+rvol_thrust_dn+cvd_dn+rsi_thrust_dn|nk0.8|vm0.8|am_0845_1130,7,0.12,6,1,0,85.7,85.7,6.0,1.5,0.3,60.0
SHORT:weak_close+rvol_thrust_dn+cvd_dn+rsi_thrust_dn|nk0.8|vm1.2|am_0845_1130,7,0.12,6,1,0,85.7,85.7,6.0,1.5,0.3,60.0
SHORT:weak_close+rvol_thrust_dn+cvd_dn_v+rsi_thrust_dn|nk0.8|vm0.8|am_0845_1130,7,0.12,6,1,0,85.7,85.7,6.0,1.5,0.3,60.0
SHORT:weak_close+rvol_thrust_dn+cvd_dn_v+rsi_thrust_dn|nk0.8|vm1.2|am_0845_1130,7,0.12,6,1,0,85.7,85.7,6.0,1.5,0.3,60.0
SHORT:weak_close+below_vwap_v+cvd_dn+rsi_thrust_dn|nk0.8|vm0.8|am_0845_1130,7,0.12,6,1,0,85.7,85.7,6.0,1.5,0.3,60.0
SHORT:weak_close+below_vwap_v+cvd_dn+rsi_thrust_dn|nk0.8|vm1.2|am_0845_1130,7,0.12,6,1,0,85.7,85.7,6.0,1.5,0.3,60.0
SHORT:weak_close+below_vwap_v+cvd_dn_v+rsi_thrust_dn|nk0.8|vm0.8|am_0845_1130,7,0.12,6,1,0,85.7,85.7,6.0,1.5,0.3,60.0
SHORT:weak_close+below_vwap_v+cvd_dn_v+rsi_thrust_dn|nk0.8|vm1.2|am_0845_1130,7,0.12,6,1,0,85.7,85.7,6.0,1.5,0.3,60.0
SHORT:rvol_thrust_dn+below_vwap_v+cvd_dn+rsi_thrust_dn|nk0.8|vm0.8|am_0845_1130,7,0.12,6,1,0,85.7,85.7,6.0,1.5,0.3,60.0
SHORT:rvol_thrust_dn+below_vwap_v+cvd_dn+rsi_thrust_dn|nk0.8|vm1.2|am_0845_1130,7,0.12,6,1,0,85.7,85.7,6.0,1.5,0.3,60.0
SHORT:rvol_thrust_dn+below_vwap_v+cvd_dn_v+rsi_thrust_dn|nk0.8|vm0.8|am_0845_1130,7,0.12,6,1,0,85.7,85.7,6.0,1.5,0.3,60.0
SHORT:rvol_thrust_dn+below_vwap_v+cvd_dn_v+rsi_thrust_dn|nk0.8|vm1.2|am_0845_1130,7,0.12,6,1,0,85.7,85.7,6.0,1.5,0.3,60.0
SHORT:rvol_thrust_dn+cvd_dn+cvd_dn_v+rsi_thrust_dn|nk0.8|vm0.8|am_0845_1130,7,0.12,6,1,0,85.7,85.7,6.0,1.5,0.3,60.0
SHORT:rvol_thrust_dn+cvd_dn+cvd_dn_v+rsi_thrust_dn|nk0.8|vm1.2|am_0845_1130,7,0.12,6,1,0,85.7,85.7,6.0,1.5,0.3,60.0
SHORT:below_vwap+ylow_break|nk0.0|vm1.2|full_0845_1400,13,0.22,11,1,1,84.6,91.7,11.38,3.12,0.0,31.9
SHORT:below_vwap+ylow_break|nk0.5|vm1.2|full_0845_1400,13,0.22,11,1,1,84.6,91.7,11.38,3.12,0.0,31.9
SHORT:below_vwap+ylow_break|nk0.8|vm1.2|full_0845_1400,13,0.22,11,1,1,84.6,91.7,11.38,3.12,0.0,31.9
SHORT:below_vwap+ylow_break+below_pivot|nk0.0|vm1.2|full_0845_1400,13,0.22,11,1,1,84.6,91.7,11.38,3.12,0.0,31.9
SHORT:below_vwap+ylow_break+below_pivot|nk0.5|vm1.2|full_0845_1400,13,0.22,11,1,1,84.6,91.7,11.38,3.12,0.0,31.9
SHORT:below_vwap+ylow_break+below_pivot|nk0.8|vm1.2|full_0845_1400,13,0.22,11,1,1,84.6,91.7,11.38,3.12,0.0,31.9
SHORT:r1_reject+weak_close|nk0.5|vm1.2|am_0845_1130,12,0.2,10,1,1,83.3,90.9,10.51,2.85,0.3,62.9
SHORT:below_vwap+ylow_break+weak_close|nk0.0|vm1.2|full_0845_1400,12,0.2,10,1,1,83.3,90.9,10.38,2.82,0.0,31.7
SHORT:below_vwap+ylow_break+weak_close|nk0.5|vm1.2|full_0845_1400,12,0.2,10,1,1,83.3,90.9,10.38,2.82,0.0,31.7
SHORT:below_vwap+ylow_break+weak_close|nk0.8|vm1.2|full_0845_1400,12,0.2,10,1,1,83.3,90.9,10.38,2.82,0.0,31.7
SHORT:below_vwap+ylow_break+below_pivot+weak_close|nk0.0|vm1.2|full_0845_1400,12,0.2,10,1,1,83.3,90.9,10.38,2.82,0.0,31.7
SHORT:below_vwap+ylow_break+below_pivot+weak_close|nk0.5|vm1.2|full_0845_1400,12,0.2,10,1,1,83.3,90.9,10.38,2.82,0.0,31.7
SHORT:below_vwap+ylow_break+below_pivot+weak_close|nk0.8|vm1.2|full_0845_1400,12,0.2,10,1,1,83.3,90.9,10.38,2.82,0.0,31.7
SHORT:vwap_loss+cvd_dn|nk0.0|vm1.2|mid_1030_1300,6,0.1,5,0,1,83.3,100.0,inf,1.53,0.0,52.5
SHORT:vwap_loss+cvd_dn|nk0.5|vm1.2|mid_1030_1300,6,0.1,5,0,1,83.3,100.0,inf,1.53,0.0,52.5
SHORT:vwap_loss+cvd_dn_v|nk0.0|vm0.8|mid_1030_1300,6,0.1,5,0,1,83.3,100.0,inf,1.53,0.0,52.5
SHORT:vwap_loss+cvd_dn_v|nk0.0|vm1.2|mid_1030_1300,6,0.1,5,0,1,83.3,100.0,inf,1.53,0.0,52.5
SHORT:vwap_loss+cvd_dn_v|nk0.5|vm0.8|mid_1030_1300,6,0.1,5,0,1,83.3,100.0,inf,1.53,0.0,52.5
SHORT:vwap_loss+cvd_dn_v|nk0.5|vm1.2|mid_1030_1300,6,0.1,5,0,1,83.3,100.0,inf,1.53,0.0,52.5
SHORT:ylow_break+below_pivot|nk0.0|vm1.2|pm_1130_1400,6,0.1,5,0,1,83.3,100.0,inf,1.62,0.0,35.8
SHORT:ylow_break+below_pivot|nk0.5|vm1.2|pm_1130_1400,6,0.1,5,0,1,83.3,100.0,inf,1.62,0.0,35.8
SHORT:ylow_break+below_pivot|nk0.8|vm1.2|pm_1130_1400,6,0.1,5,0,1,83.3,100.0,inf,1.62,0.0,35.8
SHORT:ylow_break+weak_close|nk0.0|vm1.2|pm_1130_1400,6,0.1,5,0,1,83.3,100.0,inf,1.62,0.0,35.8
SHORT:ylow_break+weak_close|nk0.5|vm1.2|pm_1130_1400,6,0.1,5,0,1,83.3,100.0,inf,1.62,0.0,35.8
SHORT:ylow_break+weak_close|nk0.8|vm1.2|pm_1130_1400,6,0.1,5,0,1,83.3,100.0,inf,1.62,0.0,35.8
SHORT:vwap_loss_v+cvd_dn|nk0.0|vm0.8|mid_1030_1300,6,0.1,5,0,1,83.3,100.0,inf,1.53,0.0,52.5
SHORT:vwap_loss_v+cvd_dn|nk0.0|vm1.2|mid_1030_1300,6,0.1,5,0,1,83.3,100.0,inf,1.53,0.0,52.5
SHORT:vwap_loss_v+cvd_dn|nk0.5|vm0.8|mid_1030_1300,6,0.1,5,0,1,83.3,100.0,inf,1.53,0.0,52.5
SHORT:vwap_loss_v+cvd_dn|nk0.5|vm1.2|mid_1030_1300,6,0.1,5,0,1,83.3,100.0,inf,1.53,0.0,52.5
SHORT:vwap_loss_v+cvd_dn_v|nk0.0|vm0.8|mid_1030_1300,6,0.1,5,0,1,83.3,100.0,inf,1.53,0.0,52.5
SHORT:vwap_loss_v+cvd_dn_v|nk0.0|vm1.2|mid_1030_1300,6,0.1,5,0,1,83.3,100.0,inf,1.53,0.0,52.5
SHORT:vwap_loss_v+cvd_dn_v|nk0.5|vm0.8|mid_1030_1300,6,0.1,5,0,1,83.3,100.0,inf,1.53,0.0,52.5
SHORT:vwap_loss_v+cvd_dn_v|nk0.5|vm1.2|mid_1030_1300,6,0.1,5,0,1,83.3,100.0,inf,1.53,0.0,52.5
SHORT:vwap_loss+below_vwap+cvd_dn|nk0.0|vm1.2|mid_1030_1300,6,0.1,5,0,1,83.3,100.0,inf,1.53,0.0,52.5
SHORT:vwap_loss+below_vwap+cvd_dn|nk0.5|vm1.2|mid_1030_1300,6,0.1,5,0,1,83.3,100.0,inf,1.53,0.0,52.5
SHORT:vwap_loss+below_vwap+cvd_dn_v|nk0.0|vm0.8|mid_1030_1300,6,0.1,5,0,1,83.3,100.0,inf,1.53,0.0,52.5
SHORT:vwap_loss+below_vwap+cvd_dn_v|nk0.0|vm1.2|mid_1030_1300,6,0.1,5,0,1,83.3,100.0,inf,1.53,0.0,52.5
SHORT:vwap_loss+below_vwap+cvd_dn_v|nk0.5|vm0.8|mid_1030_1300,6,0.1,5,0,1,83.3,100.0,inf,1.53,0.0,52.5
SHORT:vwap_loss+below_vwap+cvd_dn_v|nk0.5|vm1.2|mid_1030_1300,6,0.1,5,0,1,83.3,100.0,inf,1.53,0.0,52.5
SHORT:vwap_loss+vwap_loss_v+cvd_dn|nk0.0|vm0.8|mid_1030_1300,6,0.1,5,0,1,83.3,100.0,inf,1.53,0.0,52.5
SHORT:vwap_loss+vwap_loss_v+cvd_dn|nk0.0|vm1.2|mid_1030_1300,6,0.1,5,0,1,83.3,100.0,inf,1.53,0.0,52.5
SHORT:vwap_loss+vwap_loss_v+cvd_dn|nk0.5|vm0.8|mid_1030_1300,6,0.1,5,0,1,83.3,100.0,inf,1.53,0.0,52.5
SHORT:vwap_loss+vwap_loss_v+cvd_dn|nk0.5|vm1.2|mid_1030_1300,6,0.1,5,0,1,83.3,100.0,inf,1.53,0.0,52.5
SHORT:vwap_loss+vwap_loss_v+cvd_dn_v|nk0.0|vm0.8|mid_1030_1300,6,0.1,5,0,1,83.3,100.0,inf,1.53,0.0,52.5
SHORT:vwap_loss+vwap_loss_v+cvd_dn_v|nk0.0|vm1.2|mid_1030_1300,6,0.1,5,0,1,83.3,100.0,inf,1.53,0.0,52.5
SHORT:vwap_loss+vwap_loss_v+cvd_dn_v|nk0.5|vm0.8|mid_1030_1300,6,0.1,5,0,1,83.3,100.0,inf,1.53,0.0,52.5
SHORT:vwap_loss+vwap_loss_v+cvd_dn_v|nk0.5|vm1.2|mid_1030_1300,6,0.1,5,0,1,83.3,100.0,inf,1.53,0.0,52.5
SHORT:vwap_loss+cvd_dn+cvd_dn_v|nk0.0|vm0.8|mid_1030_1300,6,0.1,5,0,1,83.3,100.0,inf,1.53,0.0,52.5
SHORT:vwap_loss+cvd_dn+cvd_dn_v|nk0.0|vm1.2|mid_1030_1300,6,0.1,5,0,1,83.3,100.0,inf,1.53,0.0,52.5
SHORT:vwap_loss+cvd_dn+cvd_dn_v|nk0.5|vm0.8|mid_1030_1300,6,0.1,5,0,1,83.3,100.0,inf,1.53,0.0,52.5
SHORT:vwap_loss+cvd_dn+cvd_dn_v|nk0.5|vm1.2|mid_1030_1300,6,0.1,5,0,1,83.3,100.0,inf,1.53,0.0,52.5
SHORT:below_vwap+vwap_loss_v+cvd_dn|nk0.0|vm0.8|mid_1030_1300,6,0.1,5,0,1,83.3,100.0,inf,1.53,0.0,52.5
SHORT:below_vwap+vwap_loss_v+cvd_dn|nk0.0|vm1.2|mid_1030_1300,6,0.1,5,0,1,83.3,100.0,inf,1.53,0.0,52.5
SHORT:below_vwap+vwap_loss_v+cvd_dn|nk0.5|vm0.8|mid_1030_1300,6,0.1,5,0,1,83.3,100.0,inf,1.53,0.0,52.5
SHORT:below_vwap+vwap_loss_v+cvd_dn|nk0.5|vm1.2|mid_1030_1300,6,0.1,5,0,1,83.3,100.0,inf,1.53,0.0,52.5
SHORT:below_vwap+vwap_loss_v+cvd_dn_v|nk0.0|vm0.8|mid_1030_1300,6,0.1,5,0,1,83.3,100.0,inf,1.53,0.0,52.5
SHORT:below_vwap+vwap_loss_v+cvd_dn_v|nk0.0|vm1.2|mid_1030_1300,6,0.1,5,0,1,83.3,100.0,inf,1.53,0.0,52.5
SHORT:below_vwap+vwap_loss_v+cvd_dn_v|nk0.5|vm0.8|mid_1030_1300,6,0.1,5,0,1,83.3,100.0,inf,1.53,0.0,52.5
SHORT:below_vwap+vwap_loss_v+cvd_dn_v|nk0.5|vm1.2|mid_1030_1300,6,0.1,5,0,1,83.3,100.0,inf,1.53,0.0,52.5
SHORT:ylow_break+below_pivot+weak_close|nk0.0|vm1.2|pm_1130_1400,6,0.1,5,0,1,83.3,100.0,inf,1.62,0.0,35.8
SHORT:ylow_break+below_pivot+weak_close|nk0.5|vm1.2|pm_1130_1400,6,0.1,5,0,1,83.3,100.0,inf,1.62,0.0,35.8
SHORT:ylow_break+below_pivot+weak_close|nk0.8|vm1.2|pm_1130_1400,6,0.1,5,0,1,83.3,100.0,inf,1.62,0.0,35.8
SHORT:below_pivot+hist_turn_dn+rsi_thrust_dn|nk0.8|vm0.8|pm_1130_1400,6,0.1,5,0,1,83.3,100.0,30.63,1.45,0.05,25.0
SHORT:below_pivot+hist_turn_dn+rsi_thrust_dn|nk0.8|vm1.2|pm_1130_1400,6,0.1,5,0,1,83.3,100.0,30.63,1.45,0.05,25.0
SHORT:vwap_loss_v+cvd_dn+cvd_dn_v|nk0.0|vm0.8|mid_1030_1300,6,0.1,5,0,1,83.3,100.0,inf,1.53,0.0,52.5
SHORT:vwap_loss_v+cvd_dn+cvd_dn_v|nk0.0|vm1.2|mid_1030_1300,6,0.1,5,0,1,83.3,100.0,inf,1.53,0.0,52.5
SHORT:vwap_loss_v+cvd_dn+cvd_dn_v|nk0.5|vm0.8|mid_1030_1300,6,0.1,5,0,1,83.3,100.0,inf,1.53,0.0,52.5
SHORT:vwap_loss_v+cvd_dn+cvd_dn_v|nk0.5|vm1.2|mid_1030_1300,6,0.1,5,0,1,83.3,100.0,inf,1.53,0.0,52.5
SHORT:vwap_loss+below_vwap+vwap_loss_v+cvd_dn|nk0.0|vm0.8|mid_1030_1300,6,0.1,5,0,1,83.3,100.0,inf,1.53,0.0,52.5
SHORT:vwap_loss+below_vwap+vwap_loss_v+cvd_dn|nk0.0|vm1.2|mid_1030_1300,6,0.1,5,0,1,83.3,100.0,inf,1.53,0.0,52.5
SHORT:vwap_loss+below_vwap+vwap_loss_v+cvd_dn|nk0.5|vm0.8|mid_1030_1300,6,0.1,5,0,1,83.3,100.0,inf,1.53,0.0,52.5
SHORT:vwap_loss+below_vwap+vwap_loss_v+cvd_dn|nk0.5|vm1.2|mid_1030_1300,6,0.1,5,0,1,83.3,100.0,inf,1.53,0.0,52.5
SHORT:vwap_loss+below_vwap+vwap_loss_v+cvd_dn_v|nk0.0|vm0.8|mid_1030_1300,6,0.1,5,0,1,83.3,100.0,inf,1.53,0.0,52.5
SHORT:vwap_loss+below_vwap+vwap_loss_v+cvd_dn_v|nk0.0|vm1.2|mid_1030_1300,6,0.1,5,0,1,83.3,100.0,inf,1.53,0.0,52.5
SHORT:vwap_loss+below_vwap+vwap_loss_v+cvd_dn_v|nk0.5|vm0.8|mid_1030_1300,6,0.1,5,0,1,83.3,100.0,inf,1.53,0.0,52.5
SHORT:vwap_loss+below_vwap+vwap_loss_v+cvd_dn_v|nk0.5|vm1.2|mid_1030_1300,6,0.1,5,0,1,83.3,100.0,inf,1.53,0.0,52.5
SHORT:vwap_loss+below_vwap+cvd_dn+cvd_dn_v|nk0.0|vm0.8|mid_1030_1300,6,0.1,5,0,1,83.3,100.0,inf,1.53,0.0,52.5
SHORT:vwap_loss+below_vwap+cvd_dn+cvd_dn_v|nk0.0|vm1.2|mid_1030_1300,6,0.1,5,0,1,83.3,100.0,inf,1.53,0.0,52.5
SHORT:vwap_loss+below_vwap+cvd_dn+cvd_dn_v|nk0.5|vm0.8|mid_1030_1300,6,0.1,5,0,1,83.3,100.0,inf,1.53,0.0,52.5
SHORT:vwap_loss+below_vwap+cvd_dn+cvd_dn_v|nk0.5|vm1.2|mid_1030_1300,6,0.1,5,0,1,83.3,100.0,inf,1.53,0.0,52.5
SHORT:vwap_loss+below_pivot+rvol_thrust_dn+rsi_thrust_dn|nk0.0|vm0.8|full_0845_1400,6,0.1,5,0,1,83.3,100.0,inf,1.61,0.0,29.2
SHORT:vwap_loss+below_pivot+rvol_thrust_dn+rsi_thrust_dn|nk0.0|vm1.2|full_0845_1400,6,0.1,5,0,1,83.3,100.0,inf,1.61,0.0,29.2
SHORT:vwap_loss+below_pivot+rvol_thrust_dn+rsi_thrust_dn|nk0.5|vm0.8|full_0845_1400,6,0.1,5,0,1,83.3,100.0,inf,1.61,0.0,29.2
SHORT:vwap_loss+below_pivot+rvol_thrust_dn+rsi_thrust_dn|nk0.5|vm1.2|full_0845_1400,6,0.1,5,0,1,83.3,100.0,inf,1.61,0.0,29.2
SHORT:vwap_loss+vwap_loss_v+cvd_dn+cvd_dn_v|nk0.0|vm0.8|mid_1030_1300,6,0.1,5,0,1,83.3,100.0,inf,1.53,0.0,52.5
SHORT:vwap_loss+vwap_loss_v+cvd_dn+cvd_dn_v|nk0.0|vm1.2|mid_1030_1300,6,0.1,5,0,1,83.3,100.0,inf,1.53,0.0,52.5
SHORT:vwap_loss+vwap_loss_v+cvd_dn+cvd_dn_v|nk0.5|vm0.8|mid_1030_1300,6,0.1,5,0,1,83.3,100.0,inf,1.53,0.0,52.5
SHORT:vwap_loss+vwap_loss_v+cvd_dn+cvd_dn_v|nk0.5|vm1.2|mid_1030_1300,6,0.1,5,0,1,83.3,100.0,inf,1.53,0.0,52.5
SHORT:below_vwap+vwap_loss_v+cvd_dn+cvd_dn_v|nk0.0|vm0.8|mid_1030_1300,6,0.1,5,0,1,83.3,100.0,inf,1.53,0.0,52.5
SHORT:below_vwap+vwap_loss_v+cvd_dn+cvd_dn_v|nk0.0|vm1.2|mid_1030_1300,6,0.1,5,0,1,83.3,100.0,inf,1.53,0.0,52.5
SHORT:below_vwap+vwap_loss_v+cvd_dn+cvd_dn_v|nk0.5|vm0.8|mid_1030_1300,6,0.1,5,0,1,83.3,100.0,inf,1.53,0.0,52.5
SHORT:below_vwap+vwap_loss_v+cvd_dn+cvd_dn_v|nk0.5|vm1.2|mid_1030_1300,6,0.1,5,0,1,83.3,100.0,inf,1.53,0.0,52.5
SHORT:delta_dump+below_pivot+hist_turn_dn+rsi_thrust_dn|nk0.0|vm0.8|pm_1130_1400,6,0.1,5,0,1,83.3,100.0,137.1,1.49,0.01,31.7
SHORT:delta_dump+below_pivot+hist_turn_dn+rsi_thrust_dn|nk0.0|vm1.2|pm_1130_1400,6,0.1,5,0,1,83.3,100.0,137.1,1.49,0.01,31.7
SHORT:delta_dump+below_pivot+hist_turn_dn+rsi_thrust_dn|nk0.5|vm0.8|pm_1130_1400,6,0.1,5,0,1,83.3,100.0,137.1,1.49,0.01,31.7
SHORT:delta_dump+below_pivot+hist_turn_dn+rsi_thrust_dn|nk0.5|vm1.2|pm_1130_1400,6,0.1,5,0,1,83.3,100.0,137.1,1.49,0.01,31.7
SHORT:below_pivot+hist_turn_dn+weak_close+rsi_thrust_dn|nk0.8|vm0.8|pm_1130_1400,6,0.1,5,0,1,83.3,100.0,30.63,1.45,0.05,25.0
SHORT:below_pivot+hist_turn_dn+weak_close+rsi_thrust_dn|nk0.8|vm1.2|pm_1130_1400,6,0.1,5,0,1,83.3,100.0,30.63,1.45,0.05,25.0
SHORT:below_pivot+vwap_loss_v+rvol_thrust_dn+rsi_thrust_dn|nk0.0|vm0.8|full_0845_1400,6,0.1,5,0,1,83.3,100.0,inf,1.61,0.0,29.2
SHORT:below_pivot+vwap_loss_v+rvol_thrust_dn+rsi_thrust_dn|nk0.0|vm1.2|full_0845_1400,6,0.1,5,0,1,83.3,100.0,inf,1.61,0.0,29.2
SHORT:below_pivot+vwap_loss_v+rvol_thrust_dn+rsi_thrust_dn|nk0.5|vm0.8|full_0845_1400,6,0.1,5,0,1,83.3,100.0,inf,1.61,0.0,29.2
SHORT:below_pivot+vwap_loss_v+rvol_thrust_dn+rsi_thrust_dn|nk0.5|vm1.2|full_0845_1400,6,0.1,5,0,1,83.3,100.0,inf,1.61,0.0,29.2
SHORT:hist_turn_dn+rvol_thrust_dn+cvd_dn+rsi_thrust_dn|nk0.8|vm0.8|full_0845_1400,6,0.1,5,0,1,83.3,100.0,inf,1.54,0.0,48.3
SHORT:hist_turn_dn+rvol_thrust_dn+cvd_dn+rsi_thrust_dn|nk0.8|vm1.2|full_0845_1400,6,0.1,5,0,1,83.3,100.0,inf,1.54,0.0,48.3
SHORT:hist_turn_dn+rvol_thrust_dn+cvd_dn_v+rsi_thrust_dn|nk0.8|vm0.8|full_0845_1400,6,0.1,5,0,1,83.3,100.0,inf,1.54,0.0,48.3
SHORT:hist_turn_dn+rvol_thrust_dn+cvd_dn_v+rsi_thrust_dn|nk0.8|vm1.2|full_0845_1400,6,0.1,5,0,1,83.3,100.0,inf,1.54,0.0,48.3
SHORT:ylow_break+cvd_dn|nk0.0|vm1.2|full_0845_1400,11,0.18,9,1,1,81.8,90.0,9.38,2.52,0.0,32.3
SHORT:ylow_break+cvd_dn|nk0.5|vm1.2|full_0845_1400,11,0.18,9,1,1,81.8,90.0,9.38,2.52,0.0,32.3
SHORT:ylow_break+cvd_dn|nk0.8|vm1.2|full_0845_1400,11,0.18,9,1,1,81.8,90.0,9.38,2.52,0.0,32.3
SHORT:below_vwap+adi_dn+ylow_break|nk0.0|vm1.2|full_0845_1400,11,0.18,9,1,1,81.8,90.0,9.38,2.52,0.0,32.3
SHORT:below_vwap+adi_dn+ylow_break|nk0.5|vm1.2|full_0845_1400,11,0.18,9,1,1,81.8,90.0,9.38,2.52,0.0,32.3
SHORT:below_vwap+adi_dn+ylow_break|nk0.8|vm1.2|full_0845_1400,11,0.18,9,1,1,81.8,90.0,9.38,2.52,0.0,32.3
SHORT:below_vwap+ylow_break+cvd_dn|nk0.0|vm1.2|full_0845_1400,11,0.18,9,1,1,81.8,90.0,9.38,2.52,0.0,32.3
SHORT:below_vwap+ylow_break+cvd_dn|nk0.5|vm1.2|full_0845_1400,11,0.18,9,1,1,81.8,90.0,9.38,2.52,0.0,32.3
SHORT:below_vwap+ylow_break+cvd_dn|nk0.8|vm1.2|full_0845_1400,11,0.18,9,1,1,81.8,90.0,9.38,2.52,0.0,32.3
SHORT:adi_dn+ylow_break+cvd_dn|nk0.0|vm1.2|full_0845_1400,11,0.18,9,1,1,81.8,90.0,9.38,2.52,0.0,32.3
SHORT:adi_dn+ylow_break+cvd_dn|nk0.5|vm1.2|full_0845_1400,11,0.18,9,1,1,81.8,90.0,9.38,2.52,0.0,32.3
SHORT:adi_dn+ylow_break+cvd_dn|nk0.8|vm1.2|full_0845_1400,11,0.18,9,1,1,81.8,90.0,9.38,2.52,0.0,32.3
SHORT:ylow_break+below_pivot+cvd_dn|nk0.0|vm1.2|full_0845_1400,11,0.18,9,1,1,81.8,90.0,9.38,2.52,0.0,32.3
SHORT:ylow_break+below_pivot+cvd_dn|nk0.5|vm1.2|full_0845_1400,11,0.18,9,1,1,81.8,90.0,9.38,2.52,0.0,32.3
SHORT:ylow_break+below_pivot+cvd_dn|nk0.8|vm1.2|full_0845_1400,11,0.18,9,1,1,81.8,90.0,9.38,2.52,0.0,32.3
SHORT:below_vwap+adi_dn+ylow_break+below_pivot|nk0.0|vm1.2|full_0845_1400,11,0.18,9,1,1,81.8,90.0,9.38,2.52,0.0,32.3
SHORT:below_vwap+adi_dn+ylow_break+below_pivot|nk0.5|vm1.2|full_0845_1400,11,0.18,9,1,1,81.8,90.0,9.38,2.52,0.0,32.3
SHORT:below_vwap+adi_dn+ylow_break+below_pivot|nk0.8|vm1.2|full_0845_1400,11,0.18,9,1,1,81.8,90.0,9.38,2.52,0.0,32.3
SHORT:below_vwap+adi_dn+ylow_break+cvd_dn|nk0.0|vm1.2|full_0845_1400,11,0.18,9,1,1,81.8,90.0,9.38,2.52,0.0,32.3
SHORT:below_vwap+adi_dn+ylow_break+cvd_dn|nk0.5|vm1.2|full_0845_1400,11,0.18,9,1,1,81.8,90.0,9.38,2.52,0.0,32.3
SHORT:below_vwap+adi_dn+ylow_break+cvd_dn|nk0.8|vm1.2|full_0845_1400,11,0.18,9,1,1,81.8,90.0,9.38,2.52,0.0,32.3
SHORT:below_vwap+ylow_break+below_pivot+cvd_dn|nk0.0|vm1.2|full_0845_1400,11,0.18,9,1,1,81.8,90.0,9.38,2.52,0.0,32.3
SHORT:below_vwap+ylow_break+below_pivot+cvd_dn|nk0.5|vm1.2|full_0845_1400,11,0.18,9,1,1,81.8,90.0,9.38,2.52,0.0,32.3
SHORT:below_vwap+ylow_break+below_pivot+cvd_dn|nk0.8|vm1.2|full_0845_1400,11,0.18,9,1,1,81.8,90.0,9.38,2.52,0.0,32.3
SHORT:adi_dn+ylow_break+below_pivot+cvd_dn|nk0.0|vm1.2|full_0845_1400,11,0.18,9,1,1,81.8,90.0,9.38,2.52,0.0,32.3
SHORT:adi_dn+ylow_break+below_pivot+cvd_dn|nk0.5|vm1.2|full_0845_1400,11,0.18,9,1,1,81.8,90.0,9.38,2.52,0.0,32.3
SHORT:adi_dn+ylow_break+below_pivot+cvd_dn|nk0.8|vm1.2|full_0845_1400,11,0.18,9,1,1,81.8,90.0,9.38,2.52,0.0,32.3
SHORT:r1_reject+weak_close|nk0.8|vm1.2|am_0845_1130,10,0.17,8,1,1,80.0,88.9,8.51,2.25,0.3,72.0
SHORT:vwap_loss+below_pivot+rvol_thrust_dn|nk0.8|vm0.8|full_0845_1400,10,0.17,8,0,2,80.0,100.0,15.11,2.27,0.16,51.0
SHORT:vwap_loss+below_pivot+rvol_thrust_dn|nk0.8|vm1.2|full_0845_1400,10,0.17,8,0,2,80.0,100.0,15.11,2.27,0.16,51.0
SHORT:vwap_loss+below_pivot+cvd_dn_v|nk0.8|vm0.8|full_0845_1400,10,0.17,8,1,1,80.0,88.9,8.09,2.13,0.3,49.0
SHORT:vwap_loss+below_pivot+cvd_dn_v|nk0.8|vm1.2|full_0845_1400,10,0.17,8,1,1,80.0,88.9,8.09,2.13,0.3,49.0
SHORT:below_vwap+delta_dump+ylow_break|nk0.0|vm0.8|full_0845_1400,10,0.17,8,1,1,80.0,88.9,8.38,2.22,0.0,32.0
SHORT:below_vwap+delta_dump+ylow_break|nk0.0|vm1.2|full_0845_1400,10,0.17,8,1,1,80.0,88.9,8.38,2.22,0.0,32.0
SHORT:below_vwap+delta_dump+ylow_break|nk0.5|vm0.8|full_0845_1400,10,0.17,8,1,1,80.0,88.9,8.38,2.22,0.0,32.0
SHORT:below_vwap+delta_dump+ylow_break|nk0.5|vm1.2|full_0845_1400,10,0.17,8,1,1,80.0,88.9,8.38,2.22,0.0,32.0
SHORT:below_vwap+delta_dump+ylow_break|nk0.8|vm0.8|full_0845_1400,10,0.17,8,1,1,80.0,88.9,8.38,2.22,0.0,32.0
SHORT:below_vwap+delta_dump+ylow_break|nk0.8|vm1.2|full_0845_1400,10,0.17,8,1,1,80.0,88.9,8.38,2.22,0.0,32.0
SHORT:delta_dump+ylow_break+cvd_dn|nk0.0|vm0.8|full_0845_1400,10,0.17,8,1,1,80.0,88.9,8.38,2.22,0.0,32.0
SHORT:delta_dump+ylow_break+cvd_dn|nk0.0|vm1.2|full_0845_1400,10,0.17,8,1,1,80.0,88.9,8.38,2.22,0.0,32.0
SHORT:delta_dump+ylow_break+cvd_dn|nk0.5|vm0.8|full_0845_1400,10,0.17,8,1,1,80.0,88.9,8.38,2.22,0.0,32.0
SHORT:delta_dump+ylow_break+cvd_dn|nk0.5|vm1.2|full_0845_1400,10,0.17,8,1,1,80.0,88.9,8.38,2.22,0.0,32.0
SHORT:delta_dump+ylow_break+cvd_dn|nk0.8|vm0.8|full_0845_1400,10,0.17,8,1,1,80.0,88.9,8.38,2.22,0.0,32.0
SHORT:delta_dump+ylow_break+cvd_dn|nk0.8|vm1.2|full_0845_1400,10,0.17,8,1,1,80.0,88.9,8.38,2.22,0.0,32.0
SHORT:ylow_break+weak_close+cvd_dn|nk0.0|vm1.2|full_0845_1400,10,0.17,8,1,1,80.0,88.9,8.38,2.22,0.0,32.0
SHORT:ylow_break+weak_close+cvd_dn|nk0.5|vm1.2|full_0845_1400,10,0.17,8,1,1,80.0,88.9,8.38,2.22,0.0,32.0
SHORT:ylow_break+weak_close+cvd_dn|nk0.8|vm1.2|full_0845_1400,10,0.17,8,1,1,80.0,88.9,8.38,2.22,0.0,32.0
SHORT:below_pivot+vwap_loss_v+rvol_thrust_dn|nk0.8|vm0.8|full_0845_1400,10,0.17,8,0,2,80.0,100.0,15.11,2.27,0.16,51.0
SHORT:below_pivot+vwap_loss_v+rvol_thrust_dn|nk0.8|vm1.2|full_0845_1400,10,0.17,8,0,2,80.0,100.0,15.11,2.27,0.16,51.0
SHORT:below_pivot+vwap_loss_v+cvd_dn|nk0.8|vm0.8|full_0845_1400,10,0.17,8,1,1,80.0,88.9,8.09,2.13,0.3,49.0
SHORT:below_pivot+vwap_loss_v+cvd_dn|nk0.8|vm1.2|full_0845_1400,10,0.17,8,1,1,80.0,88.9,8.09,2.13,0.3,49.0
SHORT:below_pivot+vwap_loss_v+cvd_dn_v|nk0.8|vm0.8|full_0845_1400,10,0.17,8,1,1,80.0,88.9,8.09,2.13,0.3,49.0
SHORT:below_pivot+vwap_loss_v+cvd_dn_v|nk0.8|vm1.2|full_0845_1400,10,0.17,8,1,1,80.0,88.9,8.09,2.13,0.3,49.0
SHORT:vwap_loss+below_vwap+below_pivot+rvol_thrust_dn|nk0.8|vm0.8|full_0845_1400,10,0.17,8,0,2,80.0,100.0,15.11,2.27,0.16,51.0
SHORT:vwap_loss+below_vwap+below_pivot+rvol_thrust_dn|nk0.8|vm1.2|full_0845_1400,10,0.17,8,0,2,80.0,100.0,15.11,2.27,0.16,51.0
SHORT:vwap_loss+below_vwap+below_pivot+cvd_dn_v|nk0.8|vm0.8|full_0845_1400,10,0.17,8,1,1,80.0,88.9,8.09,2.13,0.3,49.0
SHORT:vwap_loss+below_vwap+below_pivot+cvd_dn_v|nk0.8|vm1.2|full_0845_1400,10,0.17,8,1,1,80.0,88.9,8.09,2.13,0.3,49.0
SHORT:vwap_loss+adi_dn+below_pivot+cvd_dn_v|nk0.8|vm0.8|full_0845_1400,10,0.17,8,1,1,80.0,88.9,8.09,2.13,0.3,49.0
SHORT:vwap_loss+adi_dn+below_pivot+cvd_dn_v|nk0.8|vm1.2|full_0845_1400,10,0.17,8,1,1,80.0,88.9,8.09,2.13,0.3,49.0
SHORT:vwap_loss+below_pivot+weak_close+rvol_thrust_dn|nk0.8|vm0.8|full_0845_1400,10,0.17,8,0,2,80.0,100.0,15.11,2.27,0.16,51.0
SHORT:vwap_loss+below_pivot+weak_close+rvol_thrust_dn|nk0.8|vm1.2|full_0845_1400,10,0.17,8,0,2,80.0,100.0,15.11,2.27,0.16,51.0
SHORT:vwap_loss+below_pivot+weak_close+below_vwap_v|nk0.8|vm0.8|full_0845_1400,10,0.17,8,0,2,80.0,100.0,15.11,2.27,0.16,51.0
SHORT:vwap_loss+below_pivot+weak_close+below_vwap_v|nk0.8|vm1.2|full_0845_1400,10,0.17,8,0,2,80.0,100.0,15.11,2.27,0.16,51.0
SHORT:vwap_loss+below_pivot+weak_close+cvd_dn_v|nk0.0|vm0.8|full_0845_1400,10,0.17,8,0,2,80.0,100.0,inf,2.54,0.0,55.5
SHORT:vwap_loss+below_pivot+weak_close+cvd_dn_v|nk0.0|vm1.2|full_0845_1400,10,0.17,8,0,2,80.0,100.0,inf,2.54,0.0,55.5
SHORT:vwap_loss+below_pivot+weak_close+cvd_dn_v|nk0.5|vm0.8|full_0845_1400,10,0.17,8,0,2,80.0,100.0,inf,2.54,0.0,55.5
SHORT:vwap_loss+below_pivot+weak_close+cvd_dn_v|nk0.5|vm1.2|full_0845_1400,10,0.17,8,0,2,80.0,100.0,inf,2.54,0.0,55.5
SHORT:vwap_loss+below_pivot+vwap_loss_v+rvol_thrust_dn|nk0.8|vm0.8|full_0845_1400,10,0.17,8,0,2,80.0,100.0,15.11,2.27,0.16,51.0
SHORT:vwap_loss+below_pivot+vwap_loss_v+rvol_thrust_dn|nk0.8|vm1.2|full_0845_1400,10,0.17,8,0,2,80.0,100.0,15.11,2.27,0.16,51.0
SHORT:vwap_loss+below_pivot+vwap_loss_v+cvd_dn|nk0.8|vm0.8|full_0845_1400,10,0.17,8,1,1,80.0,88.9,8.09,2.13,0.3,49.0
SHORT:vwap_loss+below_pivot+vwap_loss_v+cvd_dn|nk0.8|vm1.2|full_0845_1400,10,0.17,8,1,1,80.0,88.9,8.09,2.13,0.3,49.0
SHORT:vwap_loss+below_pivot+vwap_loss_v+cvd_dn_v|nk0.8|vm0.8|full_0845_1400,10,0.17,8,1,1,80.0,88.9,8.09,2.13,0.3,49.0
SHORT:vwap_loss+below_pivot+vwap_loss_v+cvd_dn_v|nk0.8|vm1.2|full_0845_1400,10,0.17,8,1,1,80.0,88.9,8.09,2.13,0.3,49.0
SHORT:vwap_loss+below_pivot+rvol_thrust_dn+below_vwap_v|nk0.8|vm0.8|full_0845_1400,10,0.17,8,0,2,80.0,100.0,15.11,2.27,0.16,51.0
SHORT:vwap_loss+below_pivot+rvol_thrust_dn+below_vwap_v|nk0.8|vm1.2|full_0845_1400,10,0.17,8,0,2,80.0,100.0,15.11,2.27,0.16,51.0
SHORT:vwap_loss+below_pivot+cvd_dn+cvd_dn_v|nk0.8|vm0.8|full_0845_1400,10,0.17,8,1,1,80.0,88.9,8.09,2.13,0.3,49.0
SHORT:vwap_loss+below_pivot+cvd_dn+cvd_dn_v|nk0.8|vm1.2|full_0845_1400,10,0.17,8,1,1,80.0,88.9,8.09,2.13,0.3,49.0
SHORT:below_vwap+adi_dn+delta_dump+ylow_break|nk0.0|vm0.8|full_0845_1400,10,0.17,8,1,1,80.0,88.9,8.38,2.22,0.0,32.0
SHORT:below_vwap+adi_dn+delta_dump+ylow_break|nk0.0|vm1.2|full_0845_1400,10,0.17,8,1,1,80.0,88.9,8.38,2.22,0.0,32.0
SHORT:below_vwap+adi_dn+delta_dump+ylow_break|nk0.5|vm0.8|full_0845_1400,10,0.17,8,1,1,80.0,88.9,8.38,2.22,0.0,32.0
SHORT:below_vwap+adi_dn+delta_dump+ylow_break|nk0.5|vm1.2|full_0845_1400,10,0.17,8,1,1,80.0,88.9,8.38,2.22,0.0,32.0
SHORT:below_vwap+adi_dn+delta_dump+ylow_break|nk0.8|vm0.8|full_0845_1400,10,0.17,8,1,1,80.0,88.9,8.38,2.22,0.0,32.0
SHORT:below_vwap+adi_dn+delta_dump+ylow_break|nk0.8|vm1.2|full_0845_1400,10,0.17,8,1,1,80.0,88.9,8.38,2.22,0.0,32.0
SHORT:below_vwap+adi_dn+ylow_break+weak_close|nk0.0|vm1.2|full_0845_1400,10,0.17,8,1,1,80.0,88.9,8.38,2.22,0.0,32.0
SHORT:below_vwap+adi_dn+ylow_break+weak_close|nk0.5|vm1.2|full_0845_1400,10,0.17,8,1,1,80.0,88.9,8.38,2.22,0.0,32.0
SHORT:below_vwap+adi_dn+ylow_break+weak_close|nk0.8|vm1.2|full_0845_1400,10,0.17,8,1,1,80.0,88.9,8.38,2.22,0.0,32.0
SHORT:below_vwap+delta_dump+ylow_break+below_pivot|nk0.0|vm0.8|full_0845_1400,10,0.17,8,1,1,80.0,88.9,8.38,2.22,0.0,32.0
SHORT:below_vwap+delta_dump+ylow_break+below_pivot|nk0.0|vm1.2|full_0845_1400,10,0.17,8,1,1,80.0,88.9,8.38,2.22,0.0,32.0
SHORT:below_vwap+delta_dump+ylow_break+below_pivot|nk0.5|vm0.8|full_0845_1400,10,0.17,8,1,1,80.0,88.9,8.38,2.22,0.0,32.0
SHORT:below_vwap+delta_dump+ylow_break+below_pivot|nk0.5|vm1.2|full_0845_1400,10,0.17,8,1,1,80.0,88.9,8.38,2.22,0.0,32.0
SHORT:below_vwap+delta_dump+ylow_break+below_pivot|nk0.8|vm0.8|full_0845_1400,10,0.17,8,1,1,80.0,88.9,8.38,2.22,0.0,32.0
SHORT:below_vwap+delta_dump+ylow_break+below_pivot|nk0.8|vm1.2|full_0845_1400,10,0.17,8,1,1,80.0,88.9,8.38,2.22,0.0,32.0
SHORT:below_vwap+delta_dump+ylow_break+weak_close|nk0.0|vm0.8|full_0845_1400,10,0.17,8,1,1,80.0,88.9,8.38,2.22,0.0,32.0
SHORT:below_vwap+delta_dump+ylow_break+weak_close|nk0.0|vm1.2|full_0845_1400,10,0.17,8,1,1,80.0,88.9,8.38,2.22,0.0,32.0
SHORT:below_vwap+delta_dump+ylow_break+weak_close|nk0.5|vm0.8|full_0845_1400,10,0.17,8,1,1,80.0,88.9,8.38,2.22,0.0,32.0
SHORT:below_vwap+delta_dump+ylow_break+weak_close|nk0.5|vm1.2|full_0845_1400,10,0.17,8,1,1,80.0,88.9,8.38,2.22,0.0,32.0
SHORT:below_vwap+delta_dump+ylow_break+weak_close|nk0.8|vm0.8|full_0845_1400,10,0.17,8,1,1,80.0,88.9,8.38,2.22,0.0,32.0
SHORT:below_vwap+delta_dump+ylow_break+weak_close|nk0.8|vm1.2|full_0845_1400,10,0.17,8,1,1,80.0,88.9,8.38,2.22,0.0,32.0
SHORT:below_vwap+delta_dump+ylow_break+cvd_dn|nk0.0|vm0.8|full_0845_1400,10,0.17,8,1,1,80.0,88.9,8.38,2.22,0.0,32.0
SHORT:below_vwap+delta_dump+ylow_break+cvd_dn|nk0.0|vm1.2|full_0845_1400,10,0.17,8,1,1,80.0,88.9,8.38,2.22,0.0,32.0
SHORT:below_vwap+delta_dump+ylow_break+cvd_dn|nk0.5|vm0.8|full_0845_1400,10,0.17,8,1,1,80.0,88.9,8.38,2.22,0.0,32.0
SHORT:below_vwap+delta_dump+ylow_break+cvd_dn|nk0.5|vm1.2|full_0845_1400,10,0.17,8,1,1,80.0,88.9,8.38,2.22,0.0,32.0
SHORT:below_vwap+delta_dump+ylow_break+cvd_dn|nk0.8|vm0.8|full_0845_1400,10,0.17,8,1,1,80.0,88.9,8.38,2.22,0.0,32.0
SHORT:below_vwap+delta_dump+ylow_break+cvd_dn|nk0.8|vm1.2|full_0845_1400,10,0.17,8,1,1,80.0,88.9,8.38,2.22,0.0,32.0
SHORT:below_vwap+ylow_break+weak_close+cvd_dn|nk0.0|vm1.2|full_0845_1400,10,0.17,8,1,1,80.0,88.9,8.38,2.22,0.0,32.0
SHORT:below_vwap+ylow_break+weak_close+cvd_dn|nk0.5|vm1.2|full_0845_1400,10,0.17,8,1,1,80.0,88.9,8.38,2.22,0.0,32.0
SHORT:below_vwap+ylow_break+weak_close+cvd_dn|nk0.8|vm1.2|full_0845_1400,10,0.17,8,1,1,80.0,88.9,8.38,2.22,0.0,32.0
SHORT:below_vwap+below_pivot+vwap_loss_v+rvol_thrust_dn|nk0.8|vm0.8|full_0845_1400,10,0.17,8,0,2,80.0,100.0,15.11,2.27,0.16,51.0
SHORT:below_vwap+below_pivot+vwap_loss_v+rvol_thrust_dn|nk0.8|vm1.2|full_0845_1400,10,0.17,8,0,2,80.0,100.0,15.11,2.27,0.16,51.0
SHORT:below_vwap+below_pivot+vwap_loss_v+cvd_dn|nk0.8|vm0.8|full_0845_1400,10,0.17,8,1,1,80.0,88.9,8.09,2.13,0.3,49.0
SHORT:below_vwap+below_pivot+vwap_loss_v+cvd_dn|nk0.8|vm1.2|full_0845_1400,10,0.17,8,1,1,80.0,88.9,8.09,2.13,0.3,49.0
SHORT:below_vwap+below_pivot+vwap_loss_v+cvd_dn_v|nk0.8|vm0.8|full_0845_1400,10,0.17,8,1,1,80.0,88.9,8.09,2.13,0.3,49.0
SHORT:below_vwap+below_pivot+vwap_loss_v+cvd_dn_v|nk0.8|vm1.2|full_0845_1400,10,0.17,8,1,1,80.0,88.9,8.09,2.13,0.3,49.0
SHORT:adi_dn+delta_dump+ylow_break+cvd_dn|nk0.0|vm0.8|full_0845_1400,10,0.17,8,1,1,80.0,88.9,8.38,2.22,0.0,32.0
SHORT:adi_dn+delta_dump+ylow_break+cvd_dn|nk0.0|vm1.2|full_0845_1400,10,0.17,8,1,1,80.0,88.9,8.38,2.22,0.0,32.0
SHORT:adi_dn+delta_dump+ylow_break+cvd_dn|nk0.5|vm0.8|full_0845_1400,10,0.17,8,1,1,80.0,88.9,8.38,2.22,0.0,32.0
SHORT:adi_dn+delta_dump+ylow_break+cvd_dn|nk0.5|vm1.2|full_0845_1400,10,0.17,8,1,1,80.0,88.9,8.38,2.22,0.0,32.0
SHORT:adi_dn+delta_dump+ylow_break+cvd_dn|nk0.8|vm0.8|full_0845_1400,10,0.17,8,1,1,80.0,88.9,8.38,2.22,0.0,32.0
SHORT:adi_dn+delta_dump+ylow_break+cvd_dn|nk0.8|vm1.2|full_0845_1400,10,0.17,8,1,1,80.0,88.9,8.38,2.22,0.0,32.0
SHORT:adi_dn+ylow_break+weak_close+cvd_dn|nk0.0|vm1.2|full_0845_1400,10,0.17,8,1,1,80.0,88.9,8.38,2.22,0.0,32.0
SHORT:adi_dn+ylow_break+weak_close+cvd_dn|nk0.5|vm1.2|full_0845_1400,10,0.17,8,1,1,80.0,88.9,8.38,2.22,0.0,32.0
SHORT:adi_dn+ylow_break+weak_close+cvd_dn|nk0.8|vm1.2|full_0845_1400,10,0.17,8,1,1,80.0,88.9,8.38,2.22,0.0,32.0
SHORT:adi_dn+below_pivot+vwap_loss_v+cvd_dn|nk0.8|vm0.8|full_0845_1400,10,0.17,8,1,1,80.0,88.9,8.09,2.13,0.3,49.0
SHORT:adi_dn+below_pivot+vwap_loss_v+cvd_dn|nk0.8|vm1.2|full_0845_1400,10,0.17,8,1,1,80.0,88.9,8.09,2.13,0.3,49.0
SHORT:adi_dn+below_pivot+vwap_loss_v+cvd_dn_v|nk0.8|vm0.8|full_0845_1400,10,0.17,8,1,1,80.0,88.9,8.09,2.13,0.3,49.0
SHORT:adi_dn+below_pivot+vwap_loss_v+cvd_dn_v|nk0.8|vm1.2|full_0845_1400,10,0.17,8,1,1,80.0,88.9,8.09,2.13,0.3,49.0
SHORT:delta_dump+ylow_break+below_pivot+cvd_dn|nk0.0|vm0.8|full_0845_1400,10,0.17,8,1,1,80.0,88.9,8.38,2.22,0.0,32.0
SHORT:delta_dump+ylow_break+below_pivot+cvd_dn|nk0.0|vm1.2|full_0845_1400,10,0.17,8,1,1,80.0,88.9,8.38,2.22,0.0,32.0
SHORT:delta_dump+ylow_break+below_pivot+cvd_dn|nk0.5|vm0.8|full_0845_1400,10,0.17,8,1,1,80.0,88.9,8.38,2.22,0.0,32.0
SHORT:delta_dump+ylow_break+below_pivot+cvd_dn|nk0.5|vm1.2|full_0845_1400,10,0.17,8,1,1,80.0,88.9,8.38,2.22,0.0,32.0
SHORT:delta_dump+ylow_break+below_pivot+cvd_dn|nk0.8|vm0.8|full_0845_1400,10,0.17,8,1,1,80.0,88.9,8.38,2.22,0.0,32.0
SHORT:delta_dump+ylow_break+below_pivot+cvd_dn|nk0.8|vm1.2|full_0845_1400,10,0.17,8,1,1,80.0,88.9,8.38,2.22,0.0,32.0
SHORT:delta_dump+ylow_break+weak_close+cvd_dn|nk0.0|vm0.8|full_0845_1400,10,0.17,8,1,1,80.0,88.9,8.38,2.22,0.0,32.0
SHORT:delta_dump+ylow_break+weak_close+cvd_dn|nk0.0|vm1.2|full_0845_1400,10,0.17,8,1,1,80.0,88.9,8.38,2.22,0.0,32.0
SHORT:delta_dump+ylow_break+weak_close+cvd_dn|nk0.5|vm0.8|full_0845_1400,10,0.17,8,1,1,80.0,88.9,8.38,2.22,0.0,32.0
SHORT:delta_dump+ylow_break+weak_close+cvd_dn|nk0.5|vm1.2|full_0845_1400,10,0.17,8,1,1,80.0,88.9,8.38,2.22,0.0,32.0
SHORT:delta_dump+ylow_break+weak_close+cvd_dn|nk0.8|vm0.8|full_0845_1400,10,0.17,8,1,1,80.0,88.9,8.38,2.22,0.0,32.0
SHORT:delta_dump+ylow_break+weak_close+cvd_dn|nk0.8|vm1.2|full_0845_1400,10,0.17,8,1,1,80.0,88.9,8.38,2.22,0.0,32.0
SHORT:ylow_break+below_pivot+weak_close+cvd_dn|nk0.0|vm1.2|full_0845_1400,10,0.17,8,1,1,80.0,88.9,8.38,2.22,0.0,32.0
SHORT:ylow_break+below_pivot+weak_close+cvd_dn|nk0.5|vm1.2|full_0845_1400,10,0.17,8,1,1,80.0,88.9,8.38,2.22,0.0,32.0
SHORT:ylow_break+below_pivot+weak_close+cvd_dn|nk0.8|vm1.2|full_0845_1400,10,0.17,8,1,1,80.0,88.9,8.38,2.22,0.0,32.0
SHORT:below_pivot+weak_close+vwap_loss_v+rvol_thrust_dn|nk0.8|vm0.8|full_0845_1400,10,0.17,8,0,2,80.0,100.0,15.11,2.27,0.16,51.0
SHORT:below_pivot+weak_close+vwap_loss_v+rvol_thrust_dn|nk0.8|vm1.2|full_0845_1400,10,0.17,8,0,2,80.0,100.0,15.11,2.27,0.16,51.0
SHORT:below_pivot+weak_close+vwap_loss_v+below_vwap_v|nk0.8|vm0.8|full_0845_1400,10,0.17,8,0,2,80.0,100.0,15.11,2.27,0.16,51.0
SHORT:below_pivot+weak_close+vwap_loss_v+below_vwap_v|nk0.8|vm1.2|full_0845_1400,10,0.17,8,0,2,80.0,100.0,15.11,2.27,0.16,51.0
SHORT:below_pivot+weak_close+vwap_loss_v+cvd_dn|nk0.0|vm0.8|full_0845_1400,10,0.17,8,0,2,80.0,100.0,inf,2.54,0.0,55.5
SHORT:below_pivot+weak_close+vwap_loss_v+cvd_dn|nk0.0|vm1.2|full_0845_1400,10,0.17,8,0,2,80.0,100.0,inf,2.54,0.0,55.5
SHORT:below_pivot+weak_close+vwap_loss_v+cvd_dn|nk0.5|vm0.8|full_0845_1400,10,0.17,8,0,2,80.0,100.0,inf,2.54,0.0,55.5
SHORT:below_pivot+weak_close+vwap_loss_v+cvd_dn|nk0.5|vm1.2|full_0845_1400,10,0.17,8,0,2,80.0,100.0,inf,2.54,0.0,55.5
SHORT:below_pivot+weak_close+vwap_loss_v+cvd_dn_v|nk0.0|vm0.8|full_0845_1400,10,0.17,8,0,2,80.0,100.0,inf,2.54,0.0,55.5
SHORT:below_pivot+weak_close+vwap_loss_v+cvd_dn_v|nk0.0|vm1.2|full_0845_1400,10,0.17,8,0,2,80.0,100.0,inf,2.54,0.0,55.5
SHORT:below_pivot+weak_close+vwap_loss_v+cvd_dn_v|nk0.5|vm0.8|full_0845_1400,10,0.17,8,0,2,80.0,100.0,inf,2.54,0.0,55.5
SHORT:below_pivot+weak_close+vwap_loss_v+cvd_dn_v|nk0.5|vm1.2|full_0845_1400,10,0.17,8,0,2,80.0,100.0,inf,2.54,0.0,55.5
SHORT:below_pivot+vwap_loss_v+rvol_thrust_dn+below_vwap_v|nk0.8|vm0.8|full_0845_1400,10,0.17,8,0,2,80.0,100.0,15.11,2.27,0.16,51.0
SHORT:below_pivot+vwap_loss_v+rvol_thrust_dn+below_vwap_v|nk0.8|vm1.2|full_0845_1400,10,0.17,8,0,2,80.0,100.0,15.11,2.27,0.16,51.0
SHORT:below_pivot+vwap_loss_v+cvd_dn+cvd_dn_v|nk0.8|vm0.8|full_0845_1400,10,0.17,8,1,1,80.0,88.9,8.09,2.13,0.3,49.0
SHORT:below_pivot+vwap_loss_v+cvd_dn+cvd_dn_v|nk0.8|vm1.2|full_0845_1400,10,0.17,8,1,1,80.0,88.9,8.09,2.13,0.3,49.0
SHORT:below_vwap+ylow_break|nk0.0|vm0.8|full_0845_1400,14,0.23,11,1,2,78.6,91.7,11.79,3.24,0.0,33.6
SHORT:below_vwap+ylow_break|nk0.5|vm0.8|full_0845_1400,14,0.23,11,1,2,78.6,91.7,11.79,3.24,0.0,33.6
SHORT:below_vwap+ylow_break|nk0.8|vm0.8|full_0845_1400,14,0.23,11,1,2,78.6,91.7,11.79,3.24,0.0,33.6
SHORT:below_vwap+ylow_break+below_pivot|nk0.0|vm0.8|full_0845_1400,14,0.23,11,1,2,78.6,91.7,11.79,3.24,0.0,33.6
SHORT:below_vwap+ylow_break+below_pivot|nk0.5|vm0.8|full_0845_1400,14,0.23,11,1,2,78.6,91.7,11.79,3.24,0.0,33.6
SHORT:below_vwap+ylow_break+below_pivot|nk0.8|vm0.8|full_0845_1400,14,0.23,11,1,2,78.6,91.7,11.79,3.24,0.0,33.6
SHORT:below_vwap+r1_reject|nk0.0|vm0.8|pm_1130_1400,9,0.15,7,1,1,77.8,87.5,5.27,1.7,0.3,29.4
SHORT:below_vwap+r1_reject|nk0.5|vm0.8|pm_1130_1400,9,0.15,7,1,1,77.8,87.5,5.27,1.7,0.3,29.4
SHORT:r1_reject+yhigh_reject+weak_close|nk0.0|vm0.8|full_0845_1400,9,0.15,7,1,1,77.8,87.5,7.01,1.8,0.3,36.7
SHORT:r1_reject+yhigh_reject+weak_close|nk0.0|vm1.2|full_0845_1400,9,0.15,7,1,1,77.8,87.5,7.01,1.8,0.3,36.7
SHORT:r1_reject+yhigh_reject+weak_close|nk0.5|vm0.8|full_0845_1400,9,0.15,7,1,1,77.8,87.5,7.01,1.8,0.3,36.7
SHORT:r1_reject+yhigh_reject+weak_close|nk0.5|vm1.2|full_0845_1400,9,0.15,7,1,1,77.8,87.5,7.01,1.8,0.3,36.7
SHORT:hist_turn_dn+rvol_thrust_dn+rsi_thrust_dn|nk0.8|vm0.8|full_0845_1400,9,0.15,7,1,1,77.8,87.5,7.13,1.84,0.3,45.0
SHORT:hist_turn_dn+rvol_thrust_dn+rsi_thrust_dn|nk0.8|vm1.2|full_0845_1400,9,0.15,7,1,1,77.8,87.5,7.13,1.84,0.3,45.0
SHORT:vwap_loss+adi_dn+below_pivot+rvol_thrust_dn|nk0.8|vm0.8|full_0845_1400,9,0.15,7,0,2,77.8,100.0,13.24,1.97,0.16,55.0
SHORT:vwap_loss+adi_dn+below_pivot+rvol_thrust_dn|nk0.8|vm1.2|full_0845_1400,9,0.15,7,0,2,77.8,100.0,13.24,1.97,0.16,55.0
SHORT:vwap_loss+delta_dump+below_pivot+rvol_thrust_dn|nk0.8|vm0.8|full_0845_1400,9,0.15,7,0,2,77.8,100.0,13.24,1.97,0.16,55.0
SHORT:vwap_loss+delta_dump+below_pivot+rvol_thrust_dn|nk0.8|vm1.2|full_0845_1400,9,0.15,7,0,2,77.8,100.0,13.24,1.97,0.16,55.0
SHORT:vwap_loss+delta_dump+below_pivot+cvd_dn_v|nk0.8|vm0.8|full_0845_1400,9,0.15,7,1,1,77.8,87.5,7.09,1.83,0.3,41.1
SHORT:vwap_loss+delta_dump+below_pivot+cvd_dn_v|nk0.8|vm1.2|full_0845_1400,9,0.15,7,1,1,77.8,87.5,7.09,1.83,0.3,41.1
SHORT:vwap_loss+below_pivot+rvol_thrust_dn+cvd_dn|nk0.0|vm0.8|full_0845_1400,9,0.15,7,0,2,77.8,100.0,inf,2.24,0.0,48.3
SHORT:vwap_loss+below_pivot+rvol_thrust_dn+cvd_dn|nk0.0|vm1.2|full_0845_1400,9,0.15,7,0,2,77.8,100.0,inf,2.24,0.0,48.3
SHORT:vwap_loss+below_pivot+rvol_thrust_dn+cvd_dn|nk0.5|vm0.8|full_0845_1400,9,0.15,7,0,2,77.8,100.0,inf,2.24,0.0,48.3
SHORT:vwap_loss+below_pivot+rvol_thrust_dn+cvd_dn|nk0.5|vm1.2|full_0845_1400,9,0.15,7,0,2,77.8,100.0,inf,2.24,0.0,48.3
SHORT:vwap_loss+below_pivot+rvol_thrust_dn+cvd_dn_v|nk0.0|vm0.8|full_0845_1400,9,0.15,7,0,2,77.8,100.0,inf,2.24,0.0,48.3
SHORT:vwap_loss+below_pivot+rvol_thrust_dn+cvd_dn_v|nk0.0|vm1.2|full_0845_1400,9,0.15,7,0,2,77.8,100.0,inf,2.24,0.0,48.3
SHORT:vwap_loss+below_pivot+rvol_thrust_dn+cvd_dn_v|nk0.5|vm0.8|full_0845_1400,9,0.15,7,0,2,77.8,100.0,inf,2.24,0.0,48.3
SHORT:vwap_loss+below_pivot+rvol_thrust_dn+cvd_dn_v|nk0.5|vm1.2|full_0845_1400,9,0.15,7,0,2,77.8,100.0,inf,2.24,0.0,48.3
SHORT:vwap_loss+below_pivot+below_vwap_v+cvd_dn|nk0.8|vm0.8|full_0845_1400,9,0.15,7,1,1,77.8,87.5,7.09,1.83,0.3,41.1
SHORT:vwap_loss+below_pivot+below_vwap_v+cvd_dn|nk0.8|vm1.2|full_0845_1400,9,0.15,7,1,1,77.8,87.5,7.09,1.83,0.3,41.1
SHORT:vwap_loss+below_pivot+below_vwap_v+cvd_dn_v|nk0.8|vm0.8|full_0845_1400,9,0.15,7,1,1,77.8,87.5,7.09,1.83,0.3,41.1
SHORT:vwap_loss+below_pivot+below_vwap_v+cvd_dn_v|nk0.8|vm1.2|full_0845_1400,9,0.15,7,1,1,77.8,87.5,7.09,1.83,0.3,41.1
SHORT:below_vwap+hist_turn_dn+rvol_thrust_dn+rsi_thrust_dn|nk0.8|vm0.8|full_0845_1400,9,0.15,7,1,1,77.8,87.5,7.13,1.84,0.3,45.0
SHORT:below_vwap+hist_turn_dn+rvol_thrust_dn+rsi_thrust_dn|nk0.8|vm1.2|full_0845_1400,9,0.15,7,1,1,77.8,87.5,7.13,1.84,0.3,45.0
SHORT:adi_dn+below_pivot+vwap_loss_v+rvol_thrust_dn|nk0.8|vm0.8|full_0845_1400,9,0.15,7,0,2,77.8,100.0,13.24,1.97,0.16,55.0
SHORT:adi_dn+below_pivot+vwap_loss_v+rvol_thrust_dn|nk0.8|vm1.2|full_0845_1400,9,0.15,7,0,2,77.8,100.0,13.24,1.97,0.16,55.0
SHORT:delta_dump+below_pivot+weak_close+vwap_loss_v|nk0.8|vm0.8|full_0845_1400,9,0.15,7,0,2,77.8,100.0,13.24,1.97,0.16,55.0
SHORT:delta_dump+below_pivot+weak_close+vwap_loss_v|nk0.8|vm1.2|full_0845_1400,9,0.15,7,0,2,77.8,100.0,13.24,1.97,0.16,55.0
SHORT:delta_dump+below_pivot+vwap_loss_v+rvol_thrust_dn|nk0.8|vm0.8|full_0845_1400,9,0.15,7,0,2,77.8,100.0,13.24,1.97,0.16,55.0
SHORT:delta_dump+below_pivot+vwap_loss_v+rvol_thrust_dn|nk0.8|vm1.2|full_0845_1400,9,0.15,7,0,2,77.8,100.0,13.24,1.97,0.16,55.0
SHORT:delta_dump+below_pivot+vwap_loss_v+cvd_dn|nk0.8|vm0.8|full_0845_1400,9,0.15,7,1,1,77.8,87.5,7.09,1.83,0.3,41.1
SHORT:delta_dump+below_pivot+vwap_loss_v+cvd_dn|nk0.8|vm1.2|full_0845_1400,9,0.15,7,1,1,77.8,87.5,7.09,1.83,0.3,41.1
SHORT:delta_dump+below_pivot+vwap_loss_v+cvd_dn_v|nk0.8|vm0.8|full_0845_1400,9,0.15,7,1,1,77.8,87.5,7.09,1.83,0.3,41.1
SHORT:delta_dump+below_pivot+vwap_loss_v+cvd_dn_v|nk0.8|vm1.2|full_0845_1400,9,0.15,7,1,1,77.8,87.5,7.09,1.83,0.3,41.1
SHORT:below_pivot+vwap_loss_v+rvol_thrust_dn+cvd_dn|nk0.0|vm0.8|full_0845_1400,9,0.15,7,0,2,77.8,100.0,inf,2.24,0.0,48.3
SHORT:below_pivot+vwap_loss_v+rvol_thrust_dn+cvd_dn|nk0.0|vm1.2|full_0845_1400,9,0.15,7,0,2,77.8,100.0,inf,2.24,0.0,48.3
SHORT:below_pivot+vwap_loss_v+rvol_thrust_dn+cvd_dn|nk0.5|vm0.8|full_0845_1400,9,0.15,7,0,2,77.8,100.0,inf,2.24,0.0,48.3
SHORT:below_pivot+vwap_loss_v+rvol_thrust_dn+cvd_dn|nk0.5|vm1.2|full_0845_1400,9,0.15,7,0,2,77.8,100.0,inf,2.24,0.0,48.3
SHORT:below_pivot+vwap_loss_v+rvol_thrust_dn+cvd_dn_v|nk0.0|vm0.8|full_0845_1400,9,0.15,7,0,2,77.8,100.0,inf,2.24,0.0,48.3
SHORT:below_pivot+vwap_loss_v+rvol_thrust_dn+cvd_dn_v|nk0.0|vm1.2|full_0845_1400,9,0.15,7,0,2,77.8,100.0,inf,2.24,0.0,48.3
SHORT:below_pivot+vwap_loss_v+rvol_thrust_dn+cvd_dn_v|nk0.5|vm0.8|full_0845_1400,9,0.15,7,0,2,77.8,100.0,inf,2.24,0.0,48.3
SHORT:below_pivot+vwap_loss_v+rvol_thrust_dn+cvd_dn_v|nk0.5|vm1.2|full_0845_1400,9,0.15,7,0,2,77.8,100.0,inf,2.24,0.0,48.3
SHORT:below_pivot+vwap_loss_v+below_vwap_v+cvd_dn|nk0.8|vm0.8|full_0845_1400,9,0.15,7,1,1,77.8,87.5,7.09,1.83,0.3,41.1
SHORT:below_pivot+vwap_loss_v+below_vwap_v+cvd_dn|nk0.8|vm1.2|full_0845_1400,9,0.15,7,1,1,77.8,87.5,7.09,1.83,0.3,41.1
SHORT:below_pivot+vwap_loss_v+below_vwap_v+cvd_dn_v|nk0.8|vm0.8|full_0845_1400,9,0.15,7,1,1,77.8,87.5,7.09,1.83,0.3,41.1
SHORT:below_pivot+vwap_loss_v+below_vwap_v+cvd_dn_v|nk0.8|vm1.2|full_0845_1400,9,0.15,7,1,1,77.8,87.5,7.09,1.83,0.3,41.1
SHORT:hist_turn_dn+weak_close+rvol_thrust_dn+rsi_thrust_dn|nk0.8|vm0.8|full_0845_1400,9,0.15,7,1,1,77.8,87.5,7.13,1.84,0.3,45.0
SHORT:hist_turn_dn+weak_close+rvol_thrust_dn+rsi_thrust_dn|nk0.8|vm1.2|full_0845_1400,9,0.15,7,1,1,77.8,87.5,7.13,1.84,0.3,45.0
SHORT:hist_turn_dn+weak_close+below_vwap_v+rsi_thrust_dn|nk0.8|vm0.8|full_0845_1400,9,0.15,7,1,1,77.8,87.5,7.13,1.84,0.3,45.0
SHORT:hist_turn_dn+weak_close+below_vwap_v+rsi_thrust_dn|nk0.8|vm1.2|full_0845_1400,9,0.15,7,1,1,77.8,87.5,7.13,1.84,0.3,45.0
SHORT:hist_turn_dn+rvol_thrust_dn+below_vwap_v+rsi_thrust_dn|nk0.8|vm0.8|full_0845_1400,9,0.15,7,1,1,77.8,87.5,7.13,1.84,0.3,45.0
SHORT:hist_turn_dn+rvol_thrust_dn+below_vwap_v+rsi_thrust_dn|nk0.8|vm1.2|full_0845_1400,9,0.15,7,1,1,77.8,87.5,7.13,1.84,0.3,45.0
SHORT:hist_turn_dn+rvol_thrust_dn+cvd_dn+rsi_thrust_dn|nk0.0|vm0.8|full_0845_1400,9,0.15,7,0,2,77.8,100.0,195.54,2.13,0.01,57.2
SHORT:hist_turn_dn+rvol_thrust_dn+cvd_dn+rsi_thrust_dn|nk0.0|vm1.2|full_0845_1400,9,0.15,7,0,2,77.8,100.0,195.54,2.13,0.01,57.2
SHORT:hist_turn_dn+rvol_thrust_dn+cvd_dn+rsi_thrust_dn|nk0.5|vm0.8|full_0845_1400,9,0.15,7,0,2,77.8,100.0,195.54,2.13,0.01,57.2
SHORT:hist_turn_dn+rvol_thrust_dn+cvd_dn+rsi_thrust_dn|nk0.5|vm1.2|full_0845_1400,9,0.15,7,0,2,77.8,100.0,195.54,2.13,0.01,57.2
SHORT:hist_turn_dn+rvol_thrust_dn+cvd_dn_v+rsi_thrust_dn|nk0.0|vm0.8|full_0845_1400,9,0.15,7,0,2,77.8,100.0,195.54,2.13,0.01,57.2
SHORT:hist_turn_dn+rvol_thrust_dn+cvd_dn_v+rsi_thrust_dn|nk0.0|vm1.2|full_0845_1400,9,0.15,7,0,2,77.8,100.0,195.54,2.13,0.01,57.2
SHORT:hist_turn_dn+rvol_thrust_dn+cvd_dn_v+rsi_thrust_dn|nk0.5|vm0.8|full_0845_1400,9,0.15,7,0,2,77.8,100.0,195.54,2.13,0.01,57.2
SHORT:hist_turn_dn+rvol_thrust_dn+cvd_dn_v+rsi_thrust_dn|nk0.5|vm1.2|full_0845_1400,9,0.15,7,0,2,77.8,100.0,195.54,2.13,0.01,57.2
SHORT:vwap_loss+below_pivot+rvol_thrust_dn|nk0.0|vm0.8|full_0845_1400,13,0.22,10,0,3,76.9,100.0,19.56,2.98,0.16,48.8
SHORT:vwap_loss+below_pivot+rvol_thrust_dn|nk0.0|vm1.2|full_0845_1400,13,0.22,10,0,3,76.9,100.0,19.56,2.98,0.16,48.8
SHORT:vwap_loss+below_pivot+rvol_thrust_dn|nk0.5|vm0.8|full_0845_1400,13,0.22,10,0,3,76.9,100.0,19.56,2.98,0.16,48.8
SHORT:vwap_loss+below_pivot+rvol_thrust_dn|nk0.5|vm1.2|full_0845_1400,13,0.22,10,0,3,76.9,100.0,19.56,2.98,0.16,48.8
SHORT:below_vwap+ylow_break+weak_close|nk0.0|vm0.8|full_0845_1400,13,0.22,10,1,2,76.9,90.9,10.79,2.94,0.0,33.5
SHORT:below_vwap+ylow_break+weak_close|nk0.5|vm0.8|full_0845_1400,13,0.22,10,1,2,76.9,90.9,10.79,2.94,0.0,33.5
SHORT:below_vwap+ylow_break+weak_close|nk0.8|vm0.8|full_0845_1400,13,0.22,10,1,2,76.9,90.9,10.79,2.94,0.0,33.5
SHORT:below_pivot+vwap_loss_v+rvol_thrust_dn|nk0.0|vm0.8|full_0845_1400,13,0.22,10,0,3,76.9,100.0,19.56,2.98,0.16,48.8
SHORT:below_pivot+vwap_loss_v+rvol_thrust_dn|nk0.0|vm1.2|full_0845_1400,13,0.22,10,0,3,76.9,100.0,19.56,2.98,0.16,48.8
SHORT:below_pivot+vwap_loss_v+rvol_thrust_dn|nk0.5|vm0.8|full_0845_1400,13,0.22,10,0,3,76.9,100.0,19.56,2.98,0.16,48.8
SHORT:below_pivot+vwap_loss_v+rvol_thrust_dn|nk0.5|vm1.2|full_0845_1400,13,0.22,10,0,3,76.9,100.0,19.56,2.98,0.16,48.8
SHORT:vwap_loss+below_vwap+below_pivot+rvol_thrust_dn|nk0.0|vm0.8|full_0845_1400,13,0.22,10,0,3,76.9,100.0,19.56,2.98,0.16,48.8
SHORT:vwap_loss+below_vwap+below_pivot+rvol_thrust_dn|nk0.0|vm1.2|full_0845_1400,13,0.22,10,0,3,76.9,100.0,19.56,2.98,0.16,48.8
SHORT:vwap_loss+below_vwap+below_pivot+rvol_thrust_dn|nk0.5|vm0.8|full_0845_1400,13,0.22,10,0,3,76.9,100.0,19.56,2.98,0.16,48.8
SHORT:vwap_loss+below_vwap+below_pivot+rvol_thrust_dn|nk0.5|vm1.2|full_0845_1400,13,0.22,10,0,3,76.9,100.0,19.56,2.98,0.16,48.8
SHORT:vwap_loss+below_pivot+weak_close+rvol_thrust_dn|nk0.0|vm0.8|full_0845_1400,13,0.22,10,0,3,76.9,100.0,19.56,2.98,0.16,48.8
SHORT:vwap_loss+below_pivot+weak_close+rvol_thrust_dn|nk0.0|vm1.2|full_0845_1400,13,0.22,10,0,3,76.9,100.0,19.56,2.98,0.16,48.8
SHORT:vwap_loss+below_pivot+weak_close+rvol_thrust_dn|nk0.5|vm0.8|full_0845_1400,13,0.22,10,0,3,76.9,100.0,19.56,2.98,0.16,48.8
SHORT:vwap_loss+below_pivot+weak_close+rvol_thrust_dn|nk0.5|vm1.2|full_0845_1400,13,0.22,10,0,3,76.9,100.0,19.56,2.98,0.16,48.8
SHORT:vwap_loss+below_pivot+weak_close+below_vwap_v|nk0.0|vm0.8|full_0845_1400,13,0.22,10,0,3,76.9,100.0,19.56,2.98,0.16,48.8
SHORT:vwap_loss+below_pivot+weak_close+below_vwap_v|nk0.0|vm1.2|full_0845_1400,13,0.22,10,0,3,76.9,100.0,19.56,2.98,0.16,48.8
SHORT:vwap_loss+below_pivot+weak_close+below_vwap_v|nk0.5|vm0.8|full_0845_1400,13,0.22,10,0,3,76.9,100.0,19.56,2.98,0.16,48.8
SHORT:vwap_loss+below_pivot+weak_close+below_vwap_v|nk0.5|vm1.2|full_0845_1400,13,0.22,10,0,3,76.9,100.0,19.56,2.98,0.16,48.8
SHORT:vwap_loss+below_pivot+vwap_loss_v+rvol_thrust_dn|nk0.0|vm0.8|full_0845_1400,13,0.22,10,0,3,76.9,100.0,19.56,2.98,0.16,48.8
SHORT:vwap_loss+below_pivot+vwap_loss_v+rvol_thrust_dn|nk0.0|vm1.2|full_0845_1400,13,0.22,10,0,3,76.9,100.0,19.56,2.98,0.16,48.8
SHORT:vwap_loss+below_pivot+vwap_loss_v+rvol_thrust_dn|nk0.5|vm0.8|full_0845_1400,13,0.22,10,0,3,76.9,100.0,19.56,2.98,0.16,48.8
SHORT:vwap_loss+below_pivot+vwap_loss_v+rvol_thrust_dn|nk0.5|vm1.2|full_0845_1400,13,0.22,10,0,3,76.9,100.0,19.56,2.98,0.16,48.8
SHORT:vwap_loss+below_pivot+rvol_thrust_dn+below_vwap_v|nk0.0|vm0.8|full_0845_1400,13,0.22,10,0,3,76.9,100.0,19.56,2.98,0.16,48.8
SHORT:vwap_loss+below_pivot+rvol_thrust_dn+below_vwap_v|nk0.0|vm1.2|full_0845_1400,13,0.22,10,0,3,76.9,100.0,19.56,2.98,0.16,48.8
SHORT:vwap_loss+below_pivot+rvol_thrust_dn+below_vwap_v|nk0.5|vm0.8|full_0845_1400,13,0.22,10,0,3,76.9,100.0,19.56,2.98,0.16,48.8
SHORT:vwap_loss+below_pivot+rvol_thrust_dn+below_vwap_v|nk0.5|vm1.2|full_0845_1400,13,0.22,10,0,3,76.9,100.0,19.56,2.98,0.16,48.8
SHORT:below_vwap+ylow_break+below_pivot+weak_close|nk0.0|vm0.8|full_0845_1400,13,0.22,10,1,2,76.9,90.9,10.79,2.94,0.0,33.5
SHORT:below_vwap+ylow_break+below_pivot+weak_close|nk0.5|vm0.8|full_0845_1400,13,0.22,10,1,2,76.9,90.9,10.79,2.94,0.0,33.5
SHORT:below_vwap+ylow_break+below_pivot+weak_close|nk0.8|vm0.8|full_0845_1400,13,0.22,10,1,2,76.9,90.9,10.79,2.94,0.0,33.5
SHORT:below_vwap+below_pivot+vwap_loss_v+rvol_thrust_dn|nk0.0|vm0.8|full_0845_1400,13,0.22,10,0,3,76.9,100.0,19.56,2.98,0.16,48.8
SHORT:below_vwap+below_pivot+vwap_loss_v+rvol_thrust_dn|nk0.0|vm1.2|full_0845_1400,13,0.22,10,0,3,76.9,100.0,19.56,2.98,0.16,48.8
SHORT:below_vwap+below_pivot+vwap_loss_v+rvol_thrust_dn|nk0.5|vm0.8|full_0845_1400,13,0.22,10,0,3,76.9,100.0,19.56,2.98,0.16,48.8
SHORT:below_vwap+below_pivot+vwap_loss_v+rvol_thrust_dn|nk0.5|vm1.2|full_0845_1400,13,0.22,10,0,3,76.9,100.0,19.56,2.98,0.16,48.8
SHORT:below_pivot+weak_close+vwap_loss_v+rvol_thrust_dn|nk0.0|vm0.8|full_0845_1400,13,0.22,10,0,3,76.9,100.0,19.56,2.98,0.16,48.8
SHORT:below_pivot+weak_close+vwap_loss_v+rvol_thrust_dn|nk0.0|vm1.2|full_0845_1400,13,0.22,10,0,3,76.9,100.0,19.56,2.98,0.16,48.8
SHORT:below_pivot+weak_close+vwap_loss_v+rvol_thrust_dn|nk0.5|vm0.8|full_0845_1400,13,0.22,10,0,3,76.9,100.0,19.56,2.98,0.16,48.8
SHORT:below_pivot+weak_close+vwap_loss_v+rvol_thrust_dn|nk0.5|vm1.2|full_0845_1400,13,0.22,10,0,3,76.9,100.0,19.56,2.98,0.16,48.8
SHORT:below_pivot+weak_close+vwap_loss_v+below_vwap_v|nk0.0|vm0.8|full_0845_1400,13,0.22,10,0,3,76.9,100.0,19.56,2.98,0.16,48.8
SHORT:below_pivot+weak_close+vwap_loss_v+below_vwap_v|nk0.0|vm1.2|full_0845_1400,13,0.22,10,0,3,76.9,100.0,19.56,2.98,0.16,48.8
SHORT:below_pivot+weak_close+vwap_loss_v+below_vwap_v|nk0.5|vm0.8|full_0845_1400,13,0.22,10,0,3,76.9,100.0,19.56,2.98,0.16,48.8
SHORT:below_pivot+weak_close+vwap_loss_v+below_vwap_v|nk0.5|vm1.2|full_0845_1400,13,0.22,10,0,3,76.9,100.0,19.56,2.98,0.16,48.8
SHORT:below_pivot+vwap_loss_v+rvol_thrust_dn+below_vwap_v|nk0.0|vm0.8|full_0845_1400,13,0.22,10,0,3,76.9,100.0,19.56,2.98,0.16,48.8
SHORT:below_pivot+vwap_loss_v+rvol_thrust_dn+below_vwap_v|nk0.0|vm1.2|full_0845_1400,13,0.22,10,0,3,76.9,100.0,19.56,2.98,0.16,48.8
SHORT:below_pivot+vwap_loss_v+rvol_thrust_dn+below_vwap_v|nk0.5|vm0.8|full_0845_1400,13,0.22,10,0,3,76.9,100.0,19.56,2.98,0.16,48.8
SHORT:below_pivot+vwap_loss_v+rvol_thrust_dn+below_vwap_v|nk0.5|vm1.2|full_0845_1400,13,0.22,10,0,3,76.9,100.0,19.56,2.98,0.16,48.8
SHORT:ylow_break+cvd_dn|nk0.0|vm0.8|full_0845_1400,12,0.2,9,1,2,75.0,90.0,9.79,2.64,0.0,34.2
SHORT:ylow_break+cvd_dn|nk0.5|vm0.8|full_0845_1400,12,0.2,9,1,2,75.0,90.0,9.79,2.64,0.0,34.2
SHORT:ylow_break+cvd_dn|nk0.8|vm0.8|full_0845_1400,12,0.2,9,1,2,75.0,90.0,9.79,2.64,0.0,34.2
SHORT:vwap_loss+weak_close+cvd_dn_v|nk0.8|vm0.8|full_0845_1400,12,0.2,9,1,2,75.0,90.0,8.71,2.41,0.3,46.2
SHORT:vwap_loss+weak_close+cvd_dn_v|nk0.8|vm1.2|full_0845_1400,12,0.2,9,1,2,75.0,90.0,8.71,2.41,0.3,46.2
SHORT:below_vwap+adi_dn+ylow_break|nk0.0|vm0.8|full_0845_1400,12,0.2,9,1,2,75.0,90.0,9.79,2.64,0.0,34.2
SHORT:below_vwap+adi_dn+ylow_break|nk0.5|vm0.8|full_0845_1400,12,0.2,9,1,2,75.0,90.0,9.79,2.64,0.0,34.2
SHORT:below_vwap+adi_dn+ylow_break|nk0.8|vm0.8|full_0845_1400,12,0.2,9,1,2,75.0,90.0,9.79,2.64,0.0,34.2
SHORT:below_vwap+r1_reject+weak_close|nk0.0|vm1.2|full_0845_1400,12,0.2,9,1,2,75.0,90.0,7.16,2.45,0.3,62.9
SHORT:below_vwap+r1_reject+weak_close|nk0.5|vm1.2|full_0845_1400,12,0.2,9,1,2,75.0,90.0,7.16,2.45,0.3,62.9
SHORT:below_vwap+r1_reject+weak_close|nk0.8|vm1.2|full_0845_1400,12,0.2,9,1,2,75.0,90.0,7.16,2.45,0.3,62.9
SHORT:below_vwap+ylow_break+cvd_dn|nk0.0|vm0.8|full_0845_1400,12,0.2,9,1,2,75.0,90.0,9.79,2.64,0.0,34.2
SHORT:below_vwap+ylow_break+cvd_dn|nk0.5|vm0.8|full_0845_1400,12,0.2,9,1,2,75.0,90.0,9.79,2.64,0.0,34.2
SHORT:below_vwap+ylow_break+cvd_dn|nk0.8|vm0.8|full_0845_1400,12,0.2,9,1,2,75.0,90.0,9.79,2.64,0.0,34.2
SHORT:adi_dn+ylow_break+cvd_dn|nk0.0|vm0.8|full_0845_1400,12,0.2,9,1,2,75.0,90.0,9.79,2.64,0.0,34.2
SHORT:adi_dn+ylow_break+cvd_dn|nk0.5|vm0.8|full_0845_1400,12,0.2,9,1,2,75.0,90.0,9.79,2.64,0.0,34.2
SHORT:adi_dn+ylow_break+cvd_dn|nk0.8|vm0.8|full_0845_1400,12,0.2,9,1,2,75.0,90.0,9.79,2.64,0.0,34.2
SHORT:ylow_break+below_pivot+cvd_dn|nk0.0|vm0.8|full_0845_1400,12,0.2,9,1,2,75.0,90.0,9.79,2.64,0.0,34.2
SHORT:ylow_break+below_pivot+cvd_dn|nk0.5|vm0.8|full_0845_1400,12,0.2,9,1,2,75.0,90.0,9.79,2.64,0.0,34.2
SHORT:ylow_break+below_pivot+cvd_dn|nk0.8|vm0.8|full_0845_1400,12,0.2,9,1,2,75.0,90.0,9.79,2.64,0.0,34.2
SHORT:below_pivot+weak_close+vwap_loss_v|nk0.8|vm0.8|full_0845_1400,12,0.2,9,0,3,75.0,100.0,13.01,2.52,0.16,57.1
SHORT:below_pivot+weak_close+vwap_loss_v|nk0.8|vm1.2|full_0845_1400,12,0.2,9,0,3,75.0,100.0,13.01,2.52,0.16,57.1
SHORT:hist_turn_dn+rvol_thrust_dn+rsi_thrust_dn|nk0.0|vm0.8|full_0845_1400,12,0.2,9,1,2,75.0,90.0,8.81,2.43,0.3,52.5
SHORT:hist_turn_dn+rvol_thrust_dn+rsi_thrust_dn|nk0.0|vm1.2|full_0845_1400,12,0.2,9,1,2,75.0,90.0,8.81,2.43,0.3,52.5
SHORT:hist_turn_dn+rvol_thrust_dn+rsi_thrust_dn|nk0.5|vm0.8|full_0845_1400,12,0.2,9,1,2,75.0,90.0,8.81,2.43,0.3,52.5
SHORT:hist_turn_dn+rvol_thrust_dn+rsi_thrust_dn|nk0.5|vm1.2|full_0845_1400,12,0.2,9,1,2,75.0,90.0,8.81,2.43,0.3,52.5
SHORT:weak_close+vwap_loss_v+cvd_dn|nk0.8|vm0.8|full_0845_1400,12,0.2,9,1,2,75.0,90.0,8.71,2.41,0.3,46.2
SHORT:weak_close+vwap_loss_v+cvd_dn|nk0.8|vm1.2|full_0845_1400,12,0.2,9,1,2,75.0,90.0,8.71,2.41,0.3,46.2
SHORT:weak_close+vwap_loss_v+cvd_dn_v|nk0.8|vm0.8|full_0845_1400,12,0.2,9,1,2,75.0,90.0,8.71,2.41,0.3,46.2
SHORT:weak_close+vwap_loss_v+cvd_dn_v|nk0.8|vm1.2|full_0845_1400,12,0.2,9,1,2,75.0,90.0,8.71,2.41,0.3,46.2
SHORT:vwap_loss+below_vwap+weak_close+cvd_dn_v|nk0.8|vm0.8|full_0845_1400,12,0.2,9,1,2,75.0,90.0,8.71,2.41,0.3,46.2
SHORT:vwap_loss+below_vwap+weak_close+cvd_dn_v|nk0.8|vm1.2|full_0845_1400,12,0.2,9,1,2,75.0,90.0,8.71,2.41,0.3,46.2
SHORT:vwap_loss+adi_dn+weak_close+cvd_dn_v|nk0.8|vm0.8|full_0845_1400,12,0.2,9,1,2,75.0,90.0,8.71,2.41,0.3,46.2
SHORT:vwap_loss+adi_dn+weak_close+cvd_dn_v|nk0.8|vm1.2|full_0845_1400,12,0.2,9,1,2,75.0,90.0,8.71,2.41,0.3,46.2
SHORT:vwap_loss+below_pivot+weak_close+vwap_loss_v|nk0.8|vm0.8|full_0845_1400,12,0.2,9,0,3,75.0,100.0,13.01,2.52,0.16,57.1
SHORT:vwap_loss+below_pivot+weak_close+vwap_loss_v|nk0.8|vm1.2|full_0845_1400,12,0.2,9,0,3,75.0,100.0,13.01,2.52,0.16,57.1
SHORT:vwap_loss+weak_close+vwap_loss_v+cvd_dn|nk0.8|vm0.8|full_0845_1400,12,0.2,9,1,2,75.0,90.0,8.71,2.41,0.3,46.2
SHORT:vwap_loss+weak_close+vwap_loss_v+cvd_dn|nk0.8|vm1.2|full_0845_1400,12,0.2,9,1,2,75.0,90.0,8.71,2.41,0.3,46.2
SHORT:vwap_loss+weak_close+vwap_loss_v+cvd_dn_v|nk0.8|vm0.8|full_0845_1400,12,0.2,9,1,2,75.0,90.0,8.71,2.41,0.3,46.2
SHORT:vwap_loss+weak_close+vwap_loss_v+cvd_dn_v|nk0.8|vm1.2|full_0845_1400,12,0.2,9,1,2,75.0,90.0,8.71,2.41,0.3,46.2
SHORT:vwap_loss+weak_close+cvd_dn+cvd_dn_v|nk0.8|vm0.8|full_0845_1400,12,0.2,9,1,2,75.0,90.0,8.71,2.41,0.3,46.2
SHORT:vwap_loss+weak_close+cvd_dn+cvd_dn_v|nk0.8|vm1.2|full_0845_1400,12,0.2,9,1,2,75.0,90.0,8.71,2.41,0.3,46.2
SHORT:below_vwap+adi_dn+ylow_break+below_pivot|nk0.0|vm0.8|full_0845_1400,12,0.2,9,1,2,75.0,90.0,9.79,2.64,0.0,34.2
SHORT:below_vwap+adi_dn+ylow_break+below_pivot|nk0.5|vm0.8|full_0845_1400,12,0.2,9,1,2,75.0,90.0,9.79,2.64,0.0,34.2
SHORT:below_vwap+adi_dn+ylow_break+below_pivot|nk0.8|vm0.8|full_0845_1400,12,0.2,9,1,2,75.0,90.0,9.79,2.64,0.0,34.2
SHORT:below_vwap+adi_dn+ylow_break+cvd_dn|nk0.0|vm0.8|full_0845_1400,12,0.2,9,1,2,75.0,90.0,9.79,2.64,0.0,34.2
SHORT:below_vwap+adi_dn+ylow_break+cvd_dn|nk0.5|vm0.8|full_0845_1400,12,0.2,9,1,2,75.0,90.0,9.79,2.64,0.0,34.2
SHORT:below_vwap+adi_dn+ylow_break+cvd_dn|nk0.8|vm0.8|full_0845_1400,12,0.2,9,1,2,75.0,90.0,9.79,2.64,0.0,34.2
SHORT:below_vwap+ylow_break+below_pivot+cvd_dn|nk0.0|vm0.8|full_0845_1400,12,0.2,9,1,2,75.0,90.0,9.79,2.64,0.0,34.2
SHORT:below_vwap+ylow_break+below_pivot+cvd_dn|nk0.5|vm0.8|full_0845_1400,12,0.2,9,1,2,75.0,90.0,9.79,2.64,0.0,34.2
SHORT:below_vwap+ylow_break+below_pivot+cvd_dn|nk0.8|vm0.8|full_0845_1400,12,0.2,9,1,2,75.0,90.0,9.79,2.64,0.0,34.2
SHORT:below_vwap+below_pivot+weak_close+vwap_loss_v|nk0.8|vm0.8|full_0845_1400,12,0.2,9,0,3,75.0,100.0,13.01,2.52,0.16,57.1
SHORT:below_vwap+below_pivot+weak_close+vwap_loss_v|nk0.8|vm1.2|full_0845_1400,12,0.2,9,0,3,75.0,100.0,13.01,2.52,0.16,57.1
SHORT:below_vwap+hist_turn_dn+rvol_thrust_dn+rsi_thrust_dn|nk0.0|vm0.8|full_0845_1400,12,0.2,9,1,2,75.0,90.0,8.81,2.43,0.3,52.5
SHORT:below_vwap+hist_turn_dn+rvol_thrust_dn+rsi_thrust_dn|nk0.0|vm1.2|full_0845_1400,12,0.2,9,1,2,75.0,90.0,8.81,2.43,0.3,52.5
SHORT:below_vwap+hist_turn_dn+rvol_thrust_dn+rsi_thrust_dn|nk0.5|vm0.8|full_0845_1400,12,0.2,9,1,2,75.0,90.0,8.81,2.43,0.3,52.5
SHORT:below_vwap+hist_turn_dn+rvol_thrust_dn+rsi_thrust_dn|nk0.5|vm1.2|full_0845_1400,12,0.2,9,1,2,75.0,90.0,8.81,2.43,0.3,52.5
SHORT:below_vwap+weak_close+vwap_loss_v+cvd_dn|nk0.8|vm0.8|full_0845_1400,12,0.2,9,1,2,75.0,90.0,8.71,2.41,0.3,46.2
SHORT:below_vwap+weak_close+vwap_loss_v+cvd_dn|nk0.8|vm1.2|full_0845_1400,12,0.2,9,1,2,75.0,90.0,8.71,2.41,0.3,46.2
SHORT:below_vwap+weak_close+vwap_loss_v+cvd_dn_v|nk0.8|vm0.8|full_0845_1400,12,0.2,9,1,2,75.0,90.0,8.71,2.41,0.3,46.2
SHORT:below_vwap+weak_close+vwap_loss_v+cvd_dn_v|nk0.8|vm1.2|full_0845_1400,12,0.2,9,1,2,75.0,90.0,8.71,2.41,0.3,46.2
SHORT:adi_dn+ylow_break+below_pivot+cvd_dn|nk0.0|vm0.8|full_0845_1400,12,0.2,9,1,2,75.0,90.0,9.79,2.64,0.0,34.2
SHORT:adi_dn+ylow_break+below_pivot+cvd_dn|nk0.5|vm0.8|full_0845_1400,12,0.2,9,1,2,75.0,90.0,9.79,2.64,0.0,34.2
SHORT:adi_dn+ylow_break+below_pivot+cvd_dn|nk0.8|vm0.8|full_0845_1400,12,0.2,9,1,2,75.0,90.0,9.79,2.64,0.0,34.2
SHORT:adi_dn+weak_close+vwap_loss_v+cvd_dn|nk0.8|vm0.8|full_0845_1400,12,0.2,9,1,2,75.0,90.0,8.71,2.41,0.3,46.2
SHORT:adi_dn+weak_close+vwap_loss_v+cvd_dn|nk0.8|vm1.2|full_0845_1400,12,0.2,9,1,2,75.0,90.0,8.71,2.41,0.3,46.2
SHORT:adi_dn+weak_close+vwap_loss_v+cvd_dn_v|nk0.8|vm0.8|full_0845_1400,12,0.2,9,1,2,75.0,90.0,8.71,2.41,0.3,46.2
SHORT:adi_dn+weak_close+vwap_loss_v+cvd_dn_v|nk0.8|vm1.2|full_0845_1400,12,0.2,9,1,2,75.0,90.0,8.71,2.41,0.3,46.2
SHORT:hist_turn_dn+weak_close+rvol_thrust_dn+rsi_thrust_dn|nk0.0|vm0.8|full_0845_1400,12,0.2,9,1,2,75.0,90.0,8.81,2.43,0.3,52.5
SHORT:hist_turn_dn+weak_close+rvol_thrust_dn+rsi_thrust_dn|nk0.0|vm1.2|full_0845_1400,12,0.2,9,1,2,75.0,90.0,8.81,2.43,0.3,52.5
SHORT:hist_turn_dn+weak_close+rvol_thrust_dn+rsi_thrust_dn|nk0.5|vm0.8|full_0845_1400,12,0.2,9,1,2,75.0,90.0,8.81,2.43,0.3,52.5
SHORT:hist_turn_dn+weak_close+rvol_thrust_dn+rsi_thrust_dn|nk0.5|vm1.2|full_0845_1400,12,0.2,9,1,2,75.0,90.0,8.81,2.43,0.3,52.5
SHORT:hist_turn_dn+weak_close+below_vwap_v+rsi_thrust_dn|nk0.0|vm0.8|full_0845_1400,12,0.2,9,1,2,75.0,90.0,8.81,2.43,0.3,52.5
SHORT:hist_turn_dn+weak_close+below_vwap_v+rsi_thrust_dn|nk0.0|vm1.2|full_0845_1400,12,0.2,9,1,2,75.0,90.0,8.81,2.43,0.3,52.5
SHORT:hist_turn_dn+weak_close+below_vwap_v+rsi_thrust_dn|nk0.5|vm0.8|full_0845_1400,12,0.2,9,1,2,75.0,90.0,8.81,2.43,0.3,52.5
SHORT:hist_turn_dn+weak_close+below_vwap_v+rsi_thrust_dn|nk0.5|vm1.2|full_0845_1400,12,0.2,9,1,2,75.0,90.0,8.81,2.43,0.3,52.5
SHORT:hist_turn_dn+rvol_thrust_dn+below_vwap_v+rsi_thrust_dn|nk0.0|vm0.8|full_0845_1400,12,0.2,9,1,2,75.0,90.0,8.81,2.43,0.3,52.5
SHORT:hist_turn_dn+rvol_thrust_dn+below_vwap_v+rsi_thrust_dn|nk0.0|vm1.2|full_0845_1400,12,0.2,9,1,2,75.0,90.0,8.81,2.43,0.3,52.5
SHORT:hist_turn_dn+rvol_thrust_dn+below_vwap_v+rsi_thrust_dn|nk0.5|vm0.8|full_0845_1400,12,0.2,9,1,2,75.0,90.0,8.81,2.43,0.3,52.5
SHORT:hist_turn_dn+rvol_thrust_dn+below_vwap_v+rsi_thrust_dn|nk0.5|vm1.2|full_0845_1400,12,0.2,9,1,2,75.0,90.0,8.81,2.43,0.3,52.5
SHORT:weak_close+vwap_loss_v+cvd_dn+cvd_dn_v|nk0.8|vm0.8|full_0845_1400,12,0.2,9,1,2,75.0,90.0,8.71,2.41,0.3,46.2
SHORT:weak_close+vwap_loss_v+cvd_dn+cvd_dn_v|nk0.8|vm1.2|full_0845_1400,12,0.2,9,1,2,75.0,90.0,8.71,2.41,0.3,46.2
SHORT:below_vwap+r1_reject+weak_close|nk0.8|vm0.8|am_0845_1130,8,0.13,6,1,1,75.0,85.7,6.51,1.65,0.3,76.2
SHORT:below_vwap+ylow_break+hist_turn_dn|nk0.0|vm0.8|full_0845_1400,8,0.13,6,1,1,75.0,85.7,6.4,1.62,0.0,40.6
SHORT:below_vwap+ylow_break+hist_turn_dn|nk0.5|vm0.8|full_0845_1400,8,0.13,6,1,1,75.0,85.7,6.4,1.62,0.0,40.6
SHORT:below_vwap+ylow_break+hist_turn_dn|nk0.8|vm0.8|full_0845_1400,8,0.13,6,1,1,75.0,85.7,6.4,1.62,0.0,40.6
SHORT:adi_dn+r1_reject+weak_close|nk0.5|vm1.2|am_0845_1130,8,0.13,6,1,1,75.0,85.7,6.51,1.65,0.3,76.9
SHORT:r1_reject+yhigh_reject+weak_close|nk0.8|vm0.8|full_0845_1400,8,0.13,6,1,1,75.0,85.7,6.01,1.5,0.3,39.4
SHORT:r1_reject+yhigh_reject+weak_close|nk0.8|vm1.2|full_0845_1400,8,0.13,6,1,1,75.0,85.7,6.01,1.5,0.3,39.4
SHORT:below_pivot+hist_turn_dn+rsi_thrust_dn|nk0.0|vm0.8|pm_1130_1400,8,0.13,6,0,2,75.0,100.0,30.04,1.74,0.06,33.8
SHORT:below_pivot+hist_turn_dn+rsi_thrust_dn|nk0.0|vm1.2|pm_1130_1400,8,0.13,6,0,2,75.0,100.0,30.04,1.74,0.06,33.8
SHORT:below_pivot+hist_turn_dn+rsi_thrust_dn|nk0.5|vm0.8|pm_1130_1400,8,0.13,6,0,2,75.0,100.0,30.04,1.74,0.06,33.8
SHORT:below_pivot+hist_turn_dn+rsi_thrust_dn|nk0.5|vm1.2|pm_1130_1400,8,0.13,6,0,2,75.0,100.0,30.04,1.74,0.06,33.8
SHORT:below_vwap+ylow_break+below_pivot+hist_turn_dn|nk0.0|vm0.8|full_0845_1400,8,0.13,6,1,1,75.0,85.7,6.4,1.62,0.0,40.6
SHORT:below_vwap+ylow_break+below_pivot+hist_turn_dn|nk0.5|vm0.8|full_0845_1400,8,0.13,6,1,1,75.0,85.7,6.4,1.62,0.0,40.6
SHORT:below_vwap+ylow_break+below_pivot+hist_turn_dn|nk0.8|vm0.8|full_0845_1400,8,0.13,6,1,1,75.0,85.7,6.4,1.62,0.0,40.6
SHORT:adi_dn+hist_turn_dn+rvol_thrust_dn+rsi_thrust_dn|nk0.8|vm0.8|full_0845_1400,8,0.13,6,1,1,75.0,85.7,6.13,1.54,0.3,42.5
SHORT:adi_dn+hist_turn_dn+rvol_thrust_dn+rsi_thrust_dn|nk0.8|vm1.2|full_0845_1400,8,0.13,6,1,1,75.0,85.7,6.13,1.54,0.3,42.5
SHORT:delta_dump+hist_turn_dn+rvol_thrust_dn+rsi_thrust_dn|nk0.8|vm0.8|full_0845_1400,8,0.13,6,1,1,75.0,85.7,6.13,1.54,0.3,42.5
SHORT:delta_dump+hist_turn_dn+rvol_thrust_dn+rsi_thrust_dn|nk0.8|vm1.2|full_0845_1400,8,0.13,6,1,1,75.0,85.7,6.13,1.54,0.3,42.5
SHORT:below_pivot+hist_turn_dn+weak_close+rsi_thrust_dn|nk0.0|vm0.8|pm_1130_1400,8,0.13,6,0,2,75.0,100.0,30.04,1.74,0.06,33.8
SHORT:below_pivot+hist_turn_dn+weak_close+rsi_thrust_dn|nk0.0|vm1.2|pm_1130_1400,8,0.13,6,0,2,75.0,100.0,30.04,1.74,0.06,33.8
SHORT:below_pivot+hist_turn_dn+weak_close+rsi_thrust_dn|nk0.5|vm0.8|pm_1130_1400,8,0.13,6,0,2,75.0,100.0,30.04,1.74,0.06,33.8
SHORT:below_pivot+hist_turn_dn+weak_close+rsi_thrust_dn|nk0.5|vm1.2|pm_1130_1400,8,0.13,6,0,2,75.0,100.0,30.04,1.74,0.06,33.8
SHORT:below_pivot+hist_turn_dn+rvol_thrust_dn+rsi_thrust_dn|nk0.0|vm0.8|full_0845_1400,8,0.13,6,1,1,75.0,85.7,5.79,1.49,0.01,36.2
SHORT:below_pivot+hist_turn_dn+rvol_thrust_dn+rsi_thrust_dn|nk0.0|vm1.2|full_0845_1400,8,0.13,6,1,1,75.0,85.7,5.79,1.49,0.01,36.2
SHORT:below_pivot+hist_turn_dn+rvol_thrust_dn+rsi_thrust_dn|nk0.5|vm0.8|full_0845_1400,8,0.13,6,1,1,75.0,85.7,5.79,1.49,0.01,36.2
SHORT:below_pivot+hist_turn_dn+rvol_thrust_dn+rsi_thrust_dn|nk0.5|vm1.2|full_0845_1400,8,0.13,6,1,1,75.0,85.7,5.79,1.49,0.01,36.2
SHORT:vwap_loss+weak_close+cvd_dn_v|nk0.0|vm0.8|full_0845_1400,15,0.25,11,1,3,73.3,91.7,10.99,3.13,0.3,46.7
SHORT:vwap_loss+weak_close+cvd_dn_v|nk0.0|vm1.2|full_0845_1400,15,0.25,11,1,3,73.3,91.7,10.99,3.13,0.3,46.7
SHORT:vwap_loss+weak_close+cvd_dn_v|nk0.5|vm0.8|full_0845_1400,15,0.25,11,1,3,73.3,91.7,10.99,3.13,0.3,46.7
SHORT:vwap_loss+weak_close+cvd_dn_v|nk0.5|vm1.2|full_0845_1400,15,0.25,11,1,3,73.3,91.7,10.99,3.13,0.3,46.7
SHORT:below_pivot+weak_close+vwap_loss_v|nk0.0|vm0.8|full_0845_1400,15,0.25,11,0,4,73.3,100.0,16.42,3.23,0.16,54.0
SHORT:below_pivot+weak_close+vwap_loss_v|nk0.0|vm1.2|full_0845_1400,15,0.25,11,0,4,73.3,100.0,16.42,3.23,0.16,54.0
SHORT:below_pivot+weak_close+vwap_loss_v|nk0.5|vm0.8|full_0845_1400,15,0.25,11,0,4,73.3,100.0,16.42,3.23,0.16,54.0
SHORT:below_pivot+weak_close+vwap_loss_v|nk0.5|vm1.2|full_0845_1400,15,0.25,11,0,4,73.3,100.0,16.42,3.23,0.16,54.0
SHORT:weak_close+vwap_loss_v+cvd_dn|nk0.0|vm0.8|full_0845_1400,15,0.25,11,1,3,73.3,91.7,10.99,3.13,0.3,46.7
SHORT:weak_close+vwap_loss_v+cvd_dn|nk0.0|vm1.2|full_0845_1400,15,0.25,11,1,3,73.3,91.7,10.99,3.13,0.3,46.7
SHORT:weak_close+vwap_loss_v+cvd_dn|nk0.5|vm0.8|full_0845_1400,15,0.25,11,1,3,73.3,91.7,10.99,3.13,0.3,46.7
SHORT:weak_close+vwap_loss_v+cvd_dn|nk0.5|vm1.2|full_0845_1400,15,0.25,11,1,3,73.3,91.7,10.99,3.13,0.3,46.7
SHORT:weak_close+vwap_loss_v+cvd_dn_v|nk0.0|vm0.8|full_0845_1400,15,0.25,11,1,3,73.3,91.7,10.99,3.13,0.3,46.7
SHORT:weak_close+vwap_loss_v+cvd_dn_v|nk0.0|vm1.2|full_0845_1400,15,0.25,11,1,3,73.3,91.7,10.99,3.13,0.3,46.7
SHORT:weak_close+vwap_loss_v+cvd_dn_v|nk0.5|vm0.8|full_0845_1400,15,0.25,11,1,3,73.3,91.7,10.99,3.13,0.3,46.7
SHORT:weak_close+vwap_loss_v+cvd_dn_v|nk0.5|vm1.2|full_0845_1400,15,0.25,11,1,3,73.3,91.7,10.99,3.13,0.3,46.7
SHORT:vwap_loss+below_vwap+weak_close+cvd_dn_v|nk0.0|vm0.8|full_0845_1400,15,0.25,11,1,3,73.3,91.7,10.99,3.13,0.3,46.7
SHORT:vwap_loss+below_vwap+weak_close+cvd_dn_v|nk0.0|vm1.2|full_0845_1400,15,0.25,11,1,3,73.3,91.7,10.99,3.13,0.3,46.7
SHORT:vwap_loss+below_vwap+weak_close+cvd_dn_v|nk0.5|vm0.8|full_0845_1400,15,0.25,11,1,3,73.3,91.7,10.99,3.13,0.3,46.7
SHORT:vwap_loss+below_vwap+weak_close+cvd_dn_v|nk0.5|vm1.2|full_0845_1400,15,0.25,11,1,3,73.3,91.7,10.99,3.13,0.3,46.7
SHORT:vwap_loss+below_pivot+weak_close+vwap_loss_v|nk0.0|vm0.8|full_0845_1400,15,0.25,11,0,4,73.3,100.0,16.42,3.23,0.16,54.0
SHORT:vwap_loss+below_pivot+weak_close+vwap_loss_v|nk0.0|vm1.2|full_0845_1400,15,0.25,11,0,4,73.3,100.0,16.42,3.23,0.16,54.0
SHORT:vwap_loss+below_pivot+weak_close+vwap_loss_v|nk0.5|vm0.8|full_0845_1400,15,0.25,11,0,4,73.3,100.0,16.42,3.23,0.16,54.0
SHORT:vwap_loss+below_pivot+weak_close+vwap_loss_v|nk0.5|vm1.2|full_0845_1400,15,0.25,11,0,4,73.3,100.0,16.42,3.23,0.16,54.0
SHORT:vwap_loss+weak_close+vwap_loss_v+cvd_dn|nk0.0|vm0.8|full_0845_1400,15,0.25,11,1,3,73.3,91.7,10.99,3.13,0.3,46.7
SHORT:vwap_loss+weak_close+vwap_loss_v+cvd_dn|nk0.0|vm1.2|full_0845_1400,15,0.25,11,1,3,73.3,91.7,10.99,3.13,0.3,46.7
SHORT:vwap_loss+weak_close+vwap_loss_v+cvd_dn|nk0.5|vm0.8|full_0845_1400,15,0.25,11,1,3,73.3,91.7,10.99,3.13,0.3,46.7
SHORT:vwap_loss+weak_close+vwap_loss_v+cvd_dn|nk0.5|vm1.2|full_0845_1400,15,0.25,11,1,3,73.3,91.7,10.99,3.13,0.3,46.7
SHORT:vwap_loss+weak_close+vwap_loss_v+cvd_dn_v|nk0.0|vm0.8|full_0845_1400,15,0.25,11,1,3,73.3,91.7,10.99,3.13,0.3,46.7
SHORT:vwap_loss+weak_close+vwap_loss_v+cvd_dn_v|nk0.0|vm1.2|full_0845_1400,15,0.25,11,1,3,73.3,91.7,10.99,3.13,0.3,46.7
SHORT:vwap_loss+weak_close+vwap_loss_v+cvd_dn_v|nk0.5|vm0.8|full_0845_1400,15,0.25,11,1,3,73.3,91.7,10.99,3.13,0.3,46.7
SHORT:vwap_loss+weak_close+vwap_loss_v+cvd_dn_v|nk0.5|vm1.2|full_0845_1400,15,0.25,11,1,3,73.3,91.7,10.99,3.13,0.3,46.7
SHORT:vwap_loss+weak_close+cvd_dn+cvd_dn_v|nk0.0|vm0.8|full_0845_1400,15,0.25,11,1,3,73.3,91.7,10.99,3.13,0.3,46.7
SHORT:vwap_loss+weak_close+cvd_dn+cvd_dn_v|nk0.0|vm1.2|full_0845_1400,15,0.25,11,1,3,73.3,91.7,10.99,3.13,0.3,46.7
SHORT:vwap_loss+weak_close+cvd_dn+cvd_dn_v|nk0.5|vm0.8|full_0845_1400,15,0.25,11,1,3,73.3,91.7,10.99,3.13,0.3,46.7
SHORT:vwap_loss+weak_close+cvd_dn+cvd_dn_v|nk0.5|vm1.2|full_0845_1400,15,0.25,11,1,3,73.3,91.7,10.99,3.13,0.3,46.7
SHORT:below_vwap+below_pivot+weak_close+vwap_loss_v|nk0.0|vm0.8|full_0845_1400,15,0.25,11,0,4,73.3,100.0,16.42,3.23,0.16,54.0
SHORT:below_vwap+below_pivot+weak_close+vwap_loss_v|nk0.0|vm1.2|full_0845_1400,15,0.25,11,0,4,73.3,100.0,16.42,3.23,0.16,54.0
SHORT:below_vwap+below_pivot+weak_close+vwap_loss_v|nk0.5|vm0.8|full_0845_1400,15,0.25,11,0,4,73.3,100.0,16.42,3.23,0.16,54.0
SHORT:below_vwap+below_pivot+weak_close+vwap_loss_v|nk0.5|vm1.2|full_0845_1400,15,0.25,11,0,4,73.3,100.0,16.42,3.23,0.16,54.0
SHORT:below_vwap+weak_close+vwap_loss_v+cvd_dn|nk0.0|vm0.8|full_0845_1400,15,0.25,11,1,3,73.3,91.7,10.99,3.13,0.3,46.7
SHORT:below_vwap+weak_close+vwap_loss_v+cvd_dn|nk0.0|vm1.2|full_0845_1400,15,0.25,11,1,3,73.3,91.7,10.99,3.13,0.3,46.7
SHORT:below_vwap+weak_close+vwap_loss_v+cvd_dn|nk0.5|vm0.8|full_0845_1400,15,0.25,11,1,3,73.3,91.7,10.99,3.13,0.3,46.7
SHORT:below_vwap+weak_close+vwap_loss_v+cvd_dn|nk0.5|vm1.2|full_0845_1400,15,0.25,11,1,3,73.3,91.7,10.99,3.13,0.3,46.7
SHORT:below_vwap+weak_close+vwap_loss_v+cvd_dn_v|nk0.0|vm0.8|full_0845_1400,15,0.25,11,1,3,73.3,91.7,10.99,3.13,0.3,46.7
SHORT:below_vwap+weak_close+vwap_loss_v+cvd_dn_v|nk0.0|vm1.2|full_0845_1400,15,0.25,11,1,3,73.3,91.7,10.99,3.13,0.3,46.7
SHORT:below_vwap+weak_close+vwap_loss_v+cvd_dn_v|nk0.5|vm0.8|full_0845_1400,15,0.25,11,1,3,73.3,91.7,10.99,3.13,0.3,46.7
SHORT:below_vwap+weak_close+vwap_loss_v+cvd_dn_v|nk0.5|vm1.2|full_0845_1400,15,0.25,11,1,3,73.3,91.7,10.99,3.13,0.3,46.7
SHORT:weak_close+vwap_loss_v+cvd_dn+cvd_dn_v|nk0.0|vm0.8|full_0845_1400,15,0.25,11,1,3,73.3,91.7,10.99,3.13,0.3,46.7
SHORT:weak_close+vwap_loss_v+cvd_dn+cvd_dn_v|nk0.0|vm1.2|full_0845_1400,15,0.25,11,1,3,73.3,91.7,10.99,3.13,0.3,46.7
SHORT:weak_close+vwap_loss_v+cvd_dn+cvd_dn_v|nk0.5|vm0.8|full_0845_1400,15,0.25,11,1,3,73.3,91.7,10.99,3.13,0.3,46.7
SHORT:weak_close+vwap_loss_v+cvd_dn+cvd_dn_v|nk0.5|vm1.2|full_0845_1400,15,0.25,11,1,3,73.3,91.7,10.99,3.13,0.3,46.7
SHORT:below_pivot+rsi_thrust_dn|nk0.8|vm0.8|pm_1130_1400,11,0.18,8,1,2,72.7,88.9,7.21,2.17,0.35,35.0
SHORT:below_pivot+rsi_thrust_dn|nk0.8|vm1.2|pm_1130_1400,11,0.18,8,1,2,72.7,88.9,7.21,2.17,0.35,35.0
SHORT:vwap_loss+below_pivot+below_vwap_v|nk0.8|vm0.8|full_0845_1400,11,0.18,8,1,2,72.7,88.9,5.27,1.97,0.3,47.7
SHORT:vwap_loss+below_pivot+below_vwap_v|nk0.8|vm1.2|full_0845_1400,11,0.18,8,1,2,72.7,88.9,5.27,1.97,0.3,47.7
SHORT:vwap_loss+below_pivot+cvd_dn_v|nk0.0|vm0.8|full_0845_1400,11,0.18,8,1,2,72.7,88.9,8.48,2.24,0.3,51.8
SHORT:vwap_loss+below_pivot+cvd_dn_v|nk0.0|vm1.2|full_0845_1400,11,0.18,8,1,2,72.7,88.9,8.48,2.24,0.3,51.8
SHORT:vwap_loss+below_pivot+cvd_dn_v|nk0.5|vm0.8|full_0845_1400,11,0.18,8,1,2,72.7,88.9,8.48,2.24,0.3,51.8
SHORT:vwap_loss+below_pivot+cvd_dn_v|nk0.5|vm1.2|full_0845_1400,11,0.18,8,1,2,72.7,88.9,8.48,2.24,0.3,51.8
SHORT:ylow_break+weak_close+cvd_dn|nk0.0|vm0.8|full_0845_1400,11,0.18,8,1,2,72.7,88.9,8.79,2.34,0.0,34.1
SHORT:ylow_break+weak_close+cvd_dn|nk0.5|vm0.8|full_0845_1400,11,0.18,8,1,2,72.7,88.9,8.79,2.34,0.0,34.1
SHORT:ylow_break+weak_close+cvd_dn|nk0.8|vm0.8|full_0845_1400,11,0.18,8,1,2,72.7,88.9,8.79,2.34,0.0,34.1
SHORT:below_pivot+weak_close+rsi_thrust_dn|nk0.8|vm0.8|pm_1130_1400,11,0.18,8,1,2,72.7,88.9,7.21,2.17,0.35,35.0
SHORT:below_pivot+weak_close+rsi_thrust_dn|nk0.8|vm1.2|pm_1130_1400,11,0.18,8,1,2,72.7,88.9,7.21,2.17,0.35,35.0
SHORT:below_pivot+vwap_loss_v+below_vwap_v|nk0.8|vm0.8|full_0845_1400,11,0.18,8,1,2,72.7,88.9,5.27,1.97,0.3,47.7
SHORT:below_pivot+vwap_loss_v+below_vwap_v|nk0.8|vm1.2|full_0845_1400,11,0.18,8,1,2,72.7,88.9,5.27,1.97,0.3,47.7
SHORT:below_pivot+vwap_loss_v+cvd_dn|nk0.0|vm0.8|full_0845_1400,11,0.18,8,1,2,72.7,88.9,8.48,2.24,0.3,51.8
SHORT:below_pivot+vwap_loss_v+cvd_dn|nk0.0|vm1.2|full_0845_1400,11,0.18,8,1,2,72.7,88.9,8.48,2.24,0.3,51.8
SHORT:below_pivot+vwap_loss_v+cvd_dn|nk0.5|vm0.8|full_0845_1400,11,0.18,8,1,2,72.7,88.9,8.48,2.24,0.3,51.8
SHORT:below_pivot+vwap_loss_v+cvd_dn|nk0.5|vm1.2|full_0845_1400,11,0.18,8,1,2,72.7,88.9,8.48,2.24,0.3,51.8
SHORT:below_pivot+vwap_loss_v+cvd_dn_v|nk0.0|vm0.8|full_0845_1400,11,0.18,8,1,2,72.7,88.9,8.48,2.24,0.3,51.8
SHORT:below_pivot+vwap_loss_v+cvd_dn_v|nk0.0|vm1.2|full_0845_1400,11,0.18,8,1,2,72.7,88.9,8.48,2.24,0.3,51.8
SHORT:below_pivot+vwap_loss_v+cvd_dn_v|nk0.5|vm0.8|full_0845_1400,11,0.18,8,1,2,72.7,88.9,8.48,2.24,0.3,51.8
SHORT:below_pivot+vwap_loss_v+cvd_dn_v|nk0.5|vm1.2|full_0845_1400,11,0.18,8,1,2,72.7,88.9,8.48,2.24,0.3,51.8
SHORT:vwap_loss+below_vwap+below_pivot+below_vwap_v|nk0.8|vm0.8|full_0845_1400,11,0.18,8,1,2,72.7,88.9,5.27,1.97,0.3,47.7
SHORT:vwap_loss+below_vwap+below_pivot+below_vwap_v|nk0.8|vm1.2|full_0845_1400,11,0.18,8,1,2,72.7,88.9,5.27,1.97,0.3,47.7
SHORT:vwap_loss+below_vwap+below_pivot+cvd_dn_v|nk0.0|vm0.8|full_0845_1400,11,0.18,8,1,2,72.7,88.9,8.48,2.24,0.3,51.8
SHORT:vwap_loss+below_vwap+below_pivot+cvd_dn_v|nk0.0|vm1.2|full_0845_1400,11,0.18,8,1,2,72.7,88.9,8.48,2.24,0.3,51.8
SHORT:vwap_loss+below_vwap+below_pivot+cvd_dn_v|nk0.5|vm0.8|full_0845_1400,11,0.18,8,1,2,72.7,88.9,8.48,2.24,0.3,51.8
SHORT:vwap_loss+below_vwap+below_pivot+cvd_dn_v|nk0.5|vm1.2|full_0845_1400,11,0.18,8,1,2,72.7,88.9,8.48,2.24,0.3,51.8
SHORT:vwap_loss+adi_dn+below_pivot+rvol_thrust_dn|nk0.0|vm0.8|full_0845_1400,11,0.18,8,0,3,72.7,100.0,15.83,2.38,0.16,53.2
SHORT:vwap_loss+adi_dn+below_pivot+rvol_thrust_dn|nk0.0|vm1.2|full_0845_1400,11,0.18,8,0,3,72.7,100.0,15.83,2.38,0.16,53.2
SHORT:vwap_loss+adi_dn+below_pivot+rvol_thrust_dn|nk0.5|vm0.8|full_0845_1400,11,0.18,8,0,3,72.7,100.0,15.83,2.38,0.16,53.2
SHORT:vwap_loss+adi_dn+below_pivot+rvol_thrust_dn|nk0.5|vm1.2|full_0845_1400,11,0.18,8,0,3,72.7,100.0,15.83,2.38,0.16,53.2
SHORT:vwap_loss+adi_dn+below_pivot+cvd_dn_v|nk0.0|vm0.8|full_0845_1400,11,0.18,8,1,2,72.7,88.9,8.48,2.24,0.3,51.8
SHORT:vwap_loss+adi_dn+below_pivot+cvd_dn_v|nk0.0|vm1.2|full_0845_1400,11,0.18,8,1,2,72.7,88.9,8.48,2.24,0.3,51.8
SHORT:vwap_loss+adi_dn+below_pivot+cvd_dn_v|nk0.5|vm0.8|full_0845_1400,11,0.18,8,1,2,72.7,88.9,8.48,2.24,0.3,51.8
SHORT:vwap_loss+adi_dn+below_pivot+cvd_dn_v|nk0.5|vm1.2|full_0845_1400,11,0.18,8,1,2,72.7,88.9,8.48,2.24,0.3,51.8
SHORT:vwap_loss+delta_dump+below_pivot+rvol_thrust_dn|nk0.0|vm0.8|full_0845_1400,11,0.18,8,0,3,72.7,100.0,15.83,2.38,0.16,53.2
SHORT:vwap_loss+delta_dump+below_pivot+rvol_thrust_dn|nk0.0|vm1.2|full_0845_1400,11,0.18,8,0,3,72.7,100.0,15.83,2.38,0.16,53.2
SHORT:vwap_loss+delta_dump+below_pivot+rvol_thrust_dn|nk0.5|vm0.8|full_0845_1400,11,0.18,8,0,3,72.7,100.0,15.83,2.38,0.16,53.2
SHORT:vwap_loss+delta_dump+below_pivot+rvol_thrust_dn|nk0.5|vm1.2|full_0845_1400,11,0.18,8,0,3,72.7,100.0,15.83,2.38,0.16,53.2
SHORT:vwap_loss+below_pivot+vwap_loss_v+below_vwap_v|nk0.8|vm0.8|full_0845_1400,11,0.18,8,1,2,72.7,88.9,5.27,1.97,0.3,47.7
SHORT:vwap_loss+below_pivot+vwap_loss_v+below_vwap_v|nk0.8|vm1.2|full_0845_1400,11,0.18,8,1,2,72.7,88.9,5.27,1.97,0.3,47.7
SHORT:vwap_loss+below_pivot+vwap_loss_v+cvd_dn|nk0.0|vm0.8|full_0845_1400,11,0.18,8,1,2,72.7,88.9,8.48,2.24,0.3,51.8
SHORT:vwap_loss+below_pivot+vwap_loss_v+cvd_dn|nk0.0|vm1.2|full_0845_1400,11,0.18,8,1,2,72.7,88.9,8.48,2.24,0.3,51.8
SHORT:vwap_loss+below_pivot+vwap_loss_v+cvd_dn|nk0.5|vm0.8|full_0845_1400,11,0.18,8,1,2,72.7,88.9,8.48,2.24,0.3,51.8
SHORT:vwap_loss+below_pivot+vwap_loss_v+cvd_dn|nk0.5|vm1.2|full_0845_1400,11,0.18,8,1,2,72.7,88.9,8.48,2.24,0.3,51.8
SHORT:vwap_loss+below_pivot+vwap_loss_v+cvd_dn_v|nk0.0|vm0.8|full_0845_1400,11,0.18,8,1,2,72.7,88.9,8.48,2.24,0.3,51.8
SHORT:vwap_loss+below_pivot+vwap_loss_v+cvd_dn_v|nk0.0|vm1.2|full_0845_1400,11,0.18,8,1,2,72.7,88.9,8.48,2.24,0.3,51.8
SHORT:vwap_loss+below_pivot+vwap_loss_v+cvd_dn_v|nk0.5|vm0.8|full_0845_1400,11,0.18,8,1,2,72.7,88.9,8.48,2.24,0.3,51.8
SHORT:vwap_loss+below_pivot+vwap_loss_v+cvd_dn_v|nk0.5|vm1.2|full_0845_1400,11,0.18,8,1,2,72.7,88.9,8.48,2.24,0.3,51.8
SHORT:vwap_loss+below_pivot+cvd_dn+cvd_dn_v|nk0.0|vm0.8|full_0845_1400,11,0.18,8,1,2,72.7,88.9,8.48,2.24,0.3,51.8
SHORT:vwap_loss+below_pivot+cvd_dn+cvd_dn_v|nk0.0|vm1.2|full_0845_1400,11,0.18,8,1,2,72.7,88.9,8.48,2.24,0.3,51.8
SHORT:vwap_loss+below_pivot+cvd_dn+cvd_dn_v|nk0.5|vm0.8|full_0845_1400,11,0.18,8,1,2,72.7,88.9,8.48,2.24,0.3,51.8
SHORT:vwap_loss+below_pivot+cvd_dn+cvd_dn_v|nk0.5|vm1.2|full_0845_1400,11,0.18,8,1,2,72.7,88.9,8.48,2.24,0.3,51.8
SHORT:below_vwap+adi_dn+ylow_break+weak_close|nk0.0|vm0.8|full_0845_1400,11,0.18,8,1,2,72.7,88.9,8.79,2.34,0.0,34.1
SHORT:below_vwap+adi_dn+ylow_break+weak_close|nk0.5|vm0.8|full_0845_1400,11,0.18,8,1,2,72.7,88.9,8.79,2.34,0.0,34.1
SHORT:below_vwap+adi_dn+ylow_break+weak_close|nk0.8|vm0.8|full_0845_1400,11,0.18,8,1,2,72.7,88.9,8.79,2.34,0.0,34.1
SHORT:below_vwap+ylow_break+weak_close+cvd_dn|nk0.0|vm0.8|full_0845_1400,11,0.18,8,1,2,72.7,88.9,8.79,2.34,0.0,34.1
SHORT:below_vwap+ylow_break+weak_close+cvd_dn|nk0.5|vm0.8|full_0845_1400,11,0.18,8,1,2,72.7,88.9,8.79,2.34,0.0,34.1
SHORT:below_vwap+ylow_break+weak_close+cvd_dn|nk0.8|vm0.8|full_0845_1400,11,0.18,8,1,2,72.7,88.9,8.79,2.34,0.0,34.1
SHORT:below_vwap+below_pivot+vwap_loss_v+below_vwap_v|nk0.8|vm0.8|full_0845_1400,11,0.18,8,1,2,72.7,88.9,5.27,1.97,0.3,47.7
SHORT:below_vwap+below_pivot+vwap_loss_v+below_vwap_v|nk0.8|vm1.2|full_0845_1400,11,0.18,8,1,2,72.7,88.9,5.27,1.97,0.3,47.7
SHORT:below_vwap+below_pivot+vwap_loss_v+cvd_dn|nk0.0|vm0.8|full_0845_1400,11,0.18,8,1,2,72.7,88.9,8.48,2.24,0.3,51.8
SHORT:below_vwap+below_pivot+vwap_loss_v+cvd_dn|nk0.0|vm1.2|full_0845_1400,11,0.18,8,1,2,72.7,88.9,8.48,2.24,0.3,51.8
SHORT:below_vwap+below_pivot+vwap_loss_v+cvd_dn|nk0.5|vm0.8|full_0845_1400,11,0.18,8,1,2,72.7,88.9,8.48,2.24,0.3,51.8
SHORT:below_vwap+below_pivot+vwap_loss_v+cvd_dn|nk0.5|vm1.2|full_0845_1400,11,0.18,8,1,2,72.7,88.9,8.48,2.24,0.3,51.8
SHORT:below_vwap+below_pivot+vwap_loss_v+cvd_dn_v|nk0.0|vm0.8|full_0845_1400,11,0.18,8,1,2,72.7,88.9,8.48,2.24,0.3,51.8
SHORT:below_vwap+below_pivot+vwap_loss_v+cvd_dn_v|nk0.0|vm1.2|full_0845_1400,11,0.18,8,1,2,72.7,88.9,8.48,2.24,0.3,51.8
SHORT:below_vwap+below_pivot+vwap_loss_v+cvd_dn_v|nk0.5|vm0.8|full_0845_1400,11,0.18,8,1,2,72.7,88.9,8.48,2.24,0.3,51.8
SHORT:below_vwap+below_pivot+vwap_loss_v+cvd_dn_v|nk0.5|vm1.2|full_0845_1400,11,0.18,8,1,2,72.7,88.9,8.48,2.24,0.3,51.8
SHORT:adi_dn+ylow_break+weak_close+cvd_dn|nk0.0|vm0.8|full_0845_1400,11,0.18,8,1,2,72.7,88.9,8.79,2.34,0.0,34.1
SHORT:adi_dn+ylow_break+weak_close+cvd_dn|nk0.5|vm0.8|full_0845_1400,11,0.18,8,1,2,72.7,88.9,8.79,2.34,0.0,34.1
SHORT:adi_dn+ylow_break+weak_close+cvd_dn|nk0.8|vm0.8|full_0845_1400,11,0.18,8,1,2,72.7,88.9,8.79,2.34,0.0,34.1
SHORT:adi_dn+below_pivot+weak_close+vwap_loss_v|nk0.8|vm0.8|full_0845_1400,11,0.18,8,0,3,72.7,100.0,11.58,2.22,0.16,60.9
SHORT:adi_dn+below_pivot+weak_close+vwap_loss_v|nk0.8|vm1.2|full_0845_1400,11,0.18,8,0,3,72.7,100.0,11.58,2.22,0.16,60.9
SHORT:adi_dn+below_pivot+vwap_loss_v+rvol_thrust_dn|nk0.0|vm0.8|full_0845_1400,11,0.18,8,0,3,72.7,100.0,15.83,2.38,0.16,53.2
SHORT:adi_dn+below_pivot+vwap_loss_v+rvol_thrust_dn|nk0.0|vm1.2|full_0845_1400,11,0.18,8,0,3,72.7,100.0,15.83,2.38,0.16,53.2
SHORT:adi_dn+below_pivot+vwap_loss_v+rvol_thrust_dn|nk0.5|vm0.8|full_0845_1400,11,0.18,8,0,3,72.7,100.0,15.83,2.38,0.16,53.2
SHORT:adi_dn+below_pivot+vwap_loss_v+rvol_thrust_dn|nk0.5|vm1.2|full_0845_1400,11,0.18,8,0,3,72.7,100.0,15.83,2.38,0.16,53.2
SHORT:adi_dn+below_pivot+vwap_loss_v+cvd_dn|nk0.0|vm0.8|full_0845_1400,11,0.18,8,1,2,72.7,88.9,8.48,2.24,0.3,51.8
SHORT:adi_dn+below_pivot+vwap_loss_v+cvd_dn|nk0.0|vm1.2|full_0845_1400,11,0.18,8,1,2,72.7,88.9,8.48,2.24,0.3,51.8
SHORT:adi_dn+below_pivot+vwap_loss_v+cvd_dn|nk0.5|vm0.8|full_0845_1400,11,0.18,8,1,2,72.7,88.9,8.48,2.24,0.3,51.8
SHORT:adi_dn+below_pivot+vwap_loss_v+cvd_dn|nk0.5|vm1.2|full_0845_1400,11,0.18,8,1,2,72.7,88.9,8.48,2.24,0.3,51.8
SHORT:adi_dn+below_pivot+vwap_loss_v+cvd_dn_v|nk0.0|vm0.8|full_0845_1400,11,0.18,8,1,2,72.7,88.9,8.48,2.24,0.3,51.8
SHORT:adi_dn+below_pivot+vwap_loss_v+cvd_dn_v|nk0.0|vm1.2|full_0845_1400,11,0.18,8,1,2,72.7,88.9,8.48,2.24,0.3,51.8
SHORT:adi_dn+below_pivot+vwap_loss_v+cvd_dn_v|nk0.5|vm0.8|full_0845_1400,11,0.18,8,1,2,72.7,88.9,8.48,2.24,0.3,51.8
SHORT:adi_dn+below_pivot+vwap_loss_v+cvd_dn_v|nk0.5|vm1.2|full_0845_1400,11,0.18,8,1,2,72.7,88.9,8.48,2.24,0.3,51.8
SHORT:adi_dn+hist_turn_dn+rvol_thrust_dn+rsi_thrust_dn|nk0.0|vm0.8|full_0845_1400,11,0.18,8,1,2,72.7,88.9,7.85,2.13,0.3,51.4
SHORT:adi_dn+hist_turn_dn+rvol_thrust_dn+rsi_thrust_dn|nk0.0|vm1.2|full_0845_1400,11,0.18,8,1,2,72.7,88.9,7.85,2.13,0.3,51.4
SHORT:adi_dn+hist_turn_dn+rvol_thrust_dn+rsi_thrust_dn|nk0.5|vm0.8|full_0845_1400,11,0.18,8,1,2,72.7,88.9,7.85,2.13,0.3,51.4
SHORT:adi_dn+hist_turn_dn+rvol_thrust_dn+rsi_thrust_dn|nk0.5|vm1.2|full_0845_1400,11,0.18,8,1,2,72.7,88.9,7.85,2.13,0.3,51.4
SHORT:delta_dump+below_pivot+weak_close+vwap_loss_v|nk0.0|vm0.8|full_0845_1400,11,0.18,8,0,3,72.7,100.0,15.83,2.38,0.16,53.2
SHORT:delta_dump+below_pivot+weak_close+vwap_loss_v|nk0.0|vm1.2|full_0845_1400,11,0.18,8,0,3,72.7,100.0,15.83,2.38,0.16,53.2
SHORT:delta_dump+below_pivot+weak_close+vwap_loss_v|nk0.5|vm0.8|full_0845_1400,11,0.18,8,0,3,72.7,100.0,15.83,2.38,0.16,53.2
SHORT:delta_dump+below_pivot+weak_close+vwap_loss_v|nk0.5|vm1.2|full_0845_1400,11,0.18,8,0,3,72.7,100.0,15.83,2.38,0.16,53.2
SHORT:delta_dump+below_pivot+vwap_loss_v+rvol_thrust_dn|nk0.0|vm0.8|full_0845_1400,11,0.18,8,0,3,72.7,100.0,15.83,2.38,0.16,53.2
SHORT:delta_dump+below_pivot+vwap_loss_v+rvol_thrust_dn|nk0.0|vm1.2|full_0845_1400,11,0.18,8,0,3,72.7,100.0,15.83,2.38,0.16,53.2
SHORT:delta_dump+below_pivot+vwap_loss_v+rvol_thrust_dn|nk0.5|vm0.8|full_0845_1400,11,0.18,8,0,3,72.7,100.0,15.83,2.38,0.16,53.2
SHORT:delta_dump+below_pivot+vwap_loss_v+rvol_thrust_dn|nk0.5|vm1.2|full_0845_1400,11,0.18,8,0,3,72.7,100.0,15.83,2.38,0.16,53.2
SHORT:delta_dump+hist_turn_dn+rvol_thrust_dn+rsi_thrust_dn|nk0.0|vm0.8|full_0845_1400,11,0.18,8,1,2,72.7,88.9,7.85,2.13,0.3,51.4
SHORT:delta_dump+hist_turn_dn+rvol_thrust_dn+rsi_thrust_dn|nk0.0|vm1.2|full_0845_1400,11,0.18,8,1,2,72.7,88.9,7.85,2.13,0.3,51.4
SHORT:delta_dump+hist_turn_dn+rvol_thrust_dn+rsi_thrust_dn|nk0.5|vm0.8|full_0845_1400,11,0.18,8,1,2,72.7,88.9,7.85,2.13,0.3,51.4
SHORT:delta_dump+hist_turn_dn+rvol_thrust_dn+rsi_thrust_dn|nk0.5|vm1.2|full_0845_1400,11,0.18,8,1,2,72.7,88.9,7.85,2.13,0.3,51.4
SHORT:ylow_break+below_pivot+weak_close+cvd_dn|nk0.0|vm0.8|full_0845_1400,11,0.18,8,1,2,72.7,88.9,8.79,2.34,0.0,34.1
SHORT:ylow_break+below_pivot+weak_close+cvd_dn|nk0.5|vm0.8|full_0845_1400,11,0.18,8,1,2,72.7,88.9,8.79,2.34,0.0,34.1
SHORT:ylow_break+below_pivot+weak_close+cvd_dn|nk0.8|vm0.8|full_0845_1400,11,0.18,8,1,2,72.7,88.9,8.79,2.34,0.0,34.1
SHORT:below_pivot+vwap_loss_v+cvd_dn+cvd_dn_v|nk0.0|vm0.8|full_0845_1400,11,0.18,8,1,2,72.7,88.9,8.48,2.24,0.3,51.8
SHORT:below_pivot+vwap_loss_v+cvd_dn+cvd_dn_v|nk0.0|vm1.2|full_0845_1400,11,0.18,8,1,2,72.7,88.9,8.48,2.24,0.3,51.8
SHORT:below_pivot+vwap_loss_v+cvd_dn+cvd_dn_v|nk0.5|vm0.8|full_0845_1400,11,0.18,8,1,2,72.7,88.9,8.48,2.24,0.3,51.8
SHORT:below_pivot+vwap_loss_v+cvd_dn+cvd_dn_v|nk0.5|vm1.2|full_0845_1400,11,0.18,8,1,2,72.7,88.9,8.48,2.24,0.3,51.8
SHORT:vwap_loss+cvd_dn_v|nk0.0|vm0.8|full_0845_1400,18,0.3,13,2,3,72.2,86.7,6.59,3.43,0.3,48.3
SHORT:vwap_loss+cvd_dn_v|nk0.0|vm1.2|full_0845_1400,18,0.3,13,2,3,72.2,86.7,6.59,3.43,0.3,48.3
SHORT:vwap_loss+cvd_dn_v|nk0.5|vm0.8|full_0845_1400,18,0.3,13,2,3,72.2,86.7,6.59,3.43,0.3,48.3
SHORT:vwap_loss+cvd_dn_v|nk0.5|vm1.2|full_0845_1400,18,0.3,13,2,3,72.2,86.7,6.59,3.43,0.3,48.3
SHORT:vwap_loss_v+cvd_dn|nk0.0|vm0.8|full_0845_1400,18,0.3,13,2,3,72.2,86.7,6.59,3.43,0.3,48.3
SHORT:vwap_loss_v+cvd_dn|nk0.0|vm1.2|full_0845_1400,18,0.3,13,2,3,72.2,86.7,6.59,3.43,0.3,48.3
SHORT:vwap_loss_v+cvd_dn|nk0.5|vm0.8|full_0845_1400,18,0.3,13,2,3,72.2,86.7,6.59,3.43,0.3,48.3
SHORT:vwap_loss_v+cvd_dn|nk0.5|vm1.2|full_0845_1400,18,0.3,13,2,3,72.2,86.7,6.59,3.43,0.3,48.3
SHORT:vwap_loss_v+cvd_dn_v|nk0.0|vm0.8|full_0845_1400,18,0.3,13,2,3,72.2,86.7,6.59,3.43,0.3,48.3
SHORT:vwap_loss_v+cvd_dn_v|nk0.0|vm1.2|full_0845_1400,18,0.3,13,2,3,72.2,86.7,6.59,3.43,0.3,48.3
SHORT:vwap_loss_v+cvd_dn_v|nk0.5|vm0.8|full_0845_1400,18,0.3,13,2,3,72.2,86.7,6.59,3.43,0.3,48.3
SHORT:vwap_loss_v+cvd_dn_v|nk0.5|vm1.2|full_0845_1400,18,0.3,13,2,3,72.2,86.7,6.59,3.43,0.3,48.3
SHORT:vwap_loss+below_vwap+cvd_dn_v|nk0.0|vm0.8|full_0845_1400,18,0.3,13,2,3,72.2,86.7,6.59,3.43,0.3,48.3
SHORT:vwap_loss+below_vwap+cvd_dn_v|nk0.0|vm1.2|full_0845_1400,18,0.3,13,2,3,72.2,86.7,6.59,3.43,0.3,48.3
SHORT:vwap_loss+below_vwap+cvd_dn_v|nk0.5|vm0.8|full_0845_1400,18,0.3,13,2,3,72.2,86.7,6.59,3.43,0.3,48.3
SHORT:vwap_loss+below_vwap+cvd_dn_v|nk0.5|vm1.2|full_0845_1400,18,0.3,13,2,3,72.2,86.7,6.59,3.43,0.3,48.3
SHORT:vwap_loss+vwap_loss_v+cvd_dn|nk0.0|vm0.8|full_0845_1400,18,0.3,13,2,3,72.2,86.7,6.59,3.43,0.3,48.3
SHORT:vwap_loss+vwap_loss_v+cvd_dn|nk0.0|vm1.2|full_0845_1400,18,0.3,13,2,3,72.2,86.7,6.59,3.43,0.3,48.3
SHORT:vwap_loss+vwap_loss_v+cvd_dn|nk0.5|vm0.8|full_0845_1400,18,0.3,13,2,3,72.2,86.7,6.59,3.43,0.3,48.3
SHORT:vwap_loss+vwap_loss_v+cvd_dn|nk0.5|vm1.2|full_0845_1400,18,0.3,13,2,3,72.2,86.7,6.59,3.43,0.3,48.3
SHORT:vwap_loss+vwap_loss_v+cvd_dn_v|nk0.0|vm0.8|full_0845_1400,18,0.3,13,2,3,72.2,86.7,6.59,3.43,0.3,48.3
SHORT:vwap_loss+vwap_loss_v+cvd_dn_v|nk0.0|vm1.2|full_0845_1400,18,0.3,13,2,3,72.2,86.7,6.59,3.43,0.3,48.3
SHORT:vwap_loss+vwap_loss_v+cvd_dn_v|nk0.5|vm0.8|full_0845_1400,18,0.3,13,2,3,72.2,86.7,6.59,3.43,0.3,48.3
SHORT:vwap_loss+vwap_loss_v+cvd_dn_v|nk0.5|vm1.2|full_0845_1400,18,0.3,13,2,3,72.2,86.7,6.59,3.43,0.3,48.3
SHORT:vwap_loss+cvd_dn+cvd_dn_v|nk0.0|vm0.8|full_0845_1400,18,0.3,13,2,3,72.2,86.7,6.59,3.43,0.3,48.3
SHORT:vwap_loss+cvd_dn+cvd_dn_v|nk0.0|vm1.2|full_0845_1400,18,0.3,13,2,3,72.2,86.7,6.59,3.43,0.3,48.3
SHORT:vwap_loss+cvd_dn+cvd_dn_v|nk0.5|vm0.8|full_0845_1400,18,0.3,13,2,3,72.2,86.7,6.59,3.43,0.3,48.3
SHORT:vwap_loss+cvd_dn+cvd_dn_v|nk0.5|vm1.2|full_0845_1400,18,0.3,13,2,3,72.2,86.7,6.59,3.43,0.3,48.3
SHORT:below_vwap+vwap_loss_v+cvd_dn|nk0.0|vm0.8|full_0845_1400,18,0.3,13,2,3,72.2,86.7,6.59,3.43,0.3,48.3
SHORT:below_vwap+vwap_loss_v+cvd_dn|nk0.0|vm1.2|full_0845_1400,18,0.3,13,2,3,72.2,86.7,6.59,3.43,0.3,48.3
SHORT:below_vwap+vwap_loss_v+cvd_dn|nk0.5|vm0.8|full_0845_1400,18,0.3,13,2,3,72.2,86.7,6.59,3.43,0.3,48.3
SHORT:below_vwap+vwap_loss_v+cvd_dn|nk0.5|vm1.2|full_0845_1400,18,0.3,13,2,3,72.2,86.7,6.59,3.43,0.3,48.3
SHORT:below_vwap+vwap_loss_v+cvd_dn_v|nk0.0|vm0.8|full_0845_1400,18,0.3,13,2,3,72.2,86.7,6.59,3.43,0.3,48.3
SHORT:below_vwap+vwap_loss_v+cvd_dn_v|nk0.0|vm1.2|full_0845_1400,18,0.3,13,2,3,72.2,86.7,6.59,3.43,0.3,48.3
SHORT:below_vwap+vwap_loss_v+cvd_dn_v|nk0.5|vm0.8|full_0845_1400,18,0.3,13,2,3,72.2,86.7,6.59,3.43,0.3,48.3
SHORT:below_vwap+vwap_loss_v+cvd_dn_v|nk0.5|vm1.2|full_0845_1400,18,0.3,13,2,3,72.2,86.7,6.59,3.43,0.3,48.3
SHORT:vwap_loss_v+cvd_dn+cvd_dn_v|nk0.0|vm0.8|full_0845_1400,18,0.3,13,2,3,72.2,86.7,6.59,3.43,0.3,48.3
SHORT:vwap_loss_v+cvd_dn+cvd_dn_v|nk0.0|vm1.2|full_0845_1400,18,0.3,13,2,3,72.2,86.7,6.59,3.43,0.3,48.3
SHORT:vwap_loss_v+cvd_dn+cvd_dn_v|nk0.5|vm0.8|full_0845_1400,18,0.3,13,2,3,72.2,86.7,6.59,3.43,0.3,48.3
SHORT:vwap_loss_v+cvd_dn+cvd_dn_v|nk0.5|vm1.2|full_0845_1400,18,0.3,13,2,3,72.2,86.7,6.59,3.43,0.3,48.3
SHORT:vwap_loss+below_vwap+vwap_loss_v+cvd_dn|nk0.0|vm0.8|full_0845_1400,18,0.3,13,2,3,72.2,86.7,6.59,3.43,0.3,48.3
SHORT:vwap_loss+below_vwap+vwap_loss_v+cvd_dn|nk0.0|vm1.2|full_0845_1400,18,0.3,13,2,3,72.2,86.7,6.59,3.43,0.3,48.3
SHORT:vwap_loss+below_vwap+vwap_loss_v+cvd_dn|nk0.5|vm0.8|full_0845_1400,18,0.3,13,2,3,72.2,86.7,6.59,3.43,0.3,48.3
SHORT:vwap_loss+below_vwap+vwap_loss_v+cvd_dn|nk0.5|vm1.2|full_0845_1400,18,0.3,13,2,3,72.2,86.7,6.59,3.43,0.3,48.3
SHORT:vwap_loss+below_vwap+vwap_loss_v+cvd_dn_v|nk0.0|vm0.8|full_0845_1400,18,0.3,13,2,3,72.2,86.7,6.59,3.43,0.3,48.3
SHORT:vwap_loss+below_vwap+vwap_loss_v+cvd_dn_v|nk0.0|vm1.2|full_0845_1400,18,0.3,13,2,3,72.2,86.7,6.59,3.43,0.3,48.3
SHORT:vwap_loss+below_vwap+vwap_loss_v+cvd_dn_v|nk0.5|vm0.8|full_0845_1400,18,0.3,13,2,3,72.2,86.7,6.59,3.43,0.3,48.3
SHORT:vwap_loss+below_vwap+vwap_loss_v+cvd_dn_v|nk0.5|vm1.2|full_0845_1400,18,0.3,13,2,3,72.2,86.7,6.59,3.43,0.3,48.3
SHORT:vwap_loss+below_vwap+cvd_dn+cvd_dn_v|nk0.0|vm0.8|full_0845_1400,18,0.3,13,2,3,72.2,86.7,6.59,3.43,0.3,48.3
SHORT:vwap_loss+below_vwap+cvd_dn+cvd_dn_v|nk0.0|vm1.2|full_0845_1400,18,0.3,13,2,3,72.2,86.7,6.59,3.43,0.3,48.3
SHORT:vwap_loss+below_vwap+cvd_dn+cvd_dn_v|nk0.5|vm0.8|full_0845_1400,18,0.3,13,2,3,72.2,86.7,6.59,3.43,0.3,48.3
SHORT:vwap_loss+below_vwap+cvd_dn+cvd_dn_v|nk0.5|vm1.2|full_0845_1400,18,0.3,13,2,3,72.2,86.7,6.59,3.43,0.3,48.3
SHORT:vwap_loss+vwap_loss_v+cvd_dn+cvd_dn_v|nk0.0|vm0.8|full_0845_1400,18,0.3,13,2,3,72.2,86.7,6.59,3.43,0.3,48.3
SHORT:vwap_loss+vwap_loss_v+cvd_dn+cvd_dn_v|nk0.0|vm1.2|full_0845_1400,18,0.3,13,2,3,72.2,86.7,6.59,3.43,0.3,48.3
SHORT:vwap_loss+vwap_loss_v+cvd_dn+cvd_dn_v|nk0.5|vm0.8|full_0845_1400,18,0.3,13,2,3,72.2,86.7,6.59,3.43,0.3,48.3
SHORT:vwap_loss+vwap_loss_v+cvd_dn+cvd_dn_v|nk0.5|vm1.2|full_0845_1400,18,0.3,13,2,3,72.2,86.7,6.59,3.43,0.3,48.3
SHORT:below_vwap+vwap_loss_v+cvd_dn+cvd_dn_v|nk0.0|vm0.8|full_0845_1400,18,0.3,13,2,3,72.2,86.7,6.59,3.43,0.3,48.3
SHORT:below_vwap+vwap_loss_v+cvd_dn+cvd_dn_v|nk0.0|vm1.2|full_0845_1400,18,0.3,13,2,3,72.2,86.7,6.59,3.43,0.3,48.3
SHORT:below_vwap+vwap_loss_v+cvd_dn+cvd_dn_v|nk0.5|vm0.8|full_0845_1400,18,0.3,13,2,3,72.2,86.7,6.59,3.43,0.3,48.3
SHORT:below_vwap+vwap_loss_v+cvd_dn+cvd_dn_v|nk0.5|vm1.2|full_0845_1400,18,0.3,13,2,3,72.2,86.7,6.59,3.43,0.3,48.3
SHORT:vwap_loss+below_pivot+below_vwap_v|nk0.0|vm0.8|full_0845_1400,14,0.23,10,1,3,71.4,90.9,6.82,2.68,0.3,46.4
SHORT:vwap_loss+below_pivot+below_vwap_v|nk0.0|vm1.2|full_0845_1400,14,0.23,10,1,3,71.4,90.9,6.82,2.68,0.3,46.4
SHORT:vwap_loss+below_pivot+below_vwap_v|nk0.5|vm0.8|full_0845_1400,14,0.23,10,1,3,71.4,90.9,6.82,2.68,0.3,46.4
SHORT:vwap_loss+below_pivot+below_vwap_v|nk0.5|vm1.2|full_0845_1400,14,0.23,10,1,3,71.4,90.9,6.82,2.68,0.3,46.4
SHORT:below_pivot+vwap_loss_v+below_vwap_v|nk0.0|vm0.8|full_0845_1400,14,0.23,10,1,3,71.4,90.9,6.82,2.68,0.3,46.4
SHORT:below_pivot+vwap_loss_v+below_vwap_v|nk0.0|vm1.2|full_0845_1400,14,0.23,10,1,3,71.4,90.9,6.82,2.68,0.3,46.4
SHORT:below_pivot+vwap_loss_v+below_vwap_v|nk0.5|vm0.8|full_0845_1400,14,0.23,10,1,3,71.4,90.9,6.82,2.68,0.3,46.4
SHORT:below_pivot+vwap_loss_v+below_vwap_v|nk0.5|vm1.2|full_0845_1400,14,0.23,10,1,3,71.4,90.9,6.82,2.68,0.3,46.4
SHORT:vwap_loss+below_vwap+below_pivot+below_vwap_v|nk0.0|vm0.8|full_0845_1400,14,0.23,10,1,3,71.4,90.9,6.82,2.68,0.3,46.4
SHORT:vwap_loss+below_vwap+below_pivot+below_vwap_v|nk0.0|vm1.2|full_0845_1400,14,0.23,10,1,3,71.4,90.9,6.82,2.68,0.3,46.4
SHORT:vwap_loss+below_vwap+below_pivot+below_vwap_v|nk0.5|vm0.8|full_0845_1400,14,0.23,10,1,3,71.4,90.9,6.82,2.68,0.3,46.4
SHORT:vwap_loss+below_vwap+below_pivot+below_vwap_v|nk0.5|vm1.2|full_0845_1400,14,0.23,10,1,3,71.4,90.9,6.82,2.68,0.3,46.4
SHORT:vwap_loss+adi_dn+weak_close+cvd_dn_v|nk0.0|vm0.8|full_0845_1400,14,0.23,10,1,3,71.4,90.9,10.03,2.83,0.3,47.9
SHORT:vwap_loss+adi_dn+weak_close+cvd_dn_v|nk0.0|vm1.2|full_0845_1400,14,0.23,10,1,3,71.4,90.9,10.03,2.83,0.3,47.9
SHORT:vwap_loss+adi_dn+weak_close+cvd_dn_v|nk0.5|vm0.8|full_0845_1400,14,0.23,10,1,3,71.4,90.9,10.03,2.83,0.3,47.9
SHORT:vwap_loss+adi_dn+weak_close+cvd_dn_v|nk0.5|vm1.2|full_0845_1400,14,0.23,10,1,3,71.4,90.9,10.03,2.83,0.3,47.9
SHORT:vwap_loss+below_pivot+vwap_loss_v+below_vwap_v|nk0.0|vm0.8|full_0845_1400,14,0.23,10,1,3,71.4,90.9,6.82,2.68,0.3,46.4
SHORT:vwap_loss+below_pivot+vwap_loss_v+below_vwap_v|nk0.0|vm1.2|full_0845_1400,14,0.23,10,1,3,71.4,90.9,6.82,2.68,0.3,46.4
SHORT:vwap_loss+below_pivot+vwap_loss_v+below_vwap_v|nk0.5|vm0.8|full_0845_1400,14,0.23,10,1,3,71.4,90.9,6.82,2.68,0.3,46.4
SHORT:vwap_loss+below_pivot+vwap_loss_v+below_vwap_v|nk0.5|vm1.2|full_0845_1400,14,0.23,10,1,3,71.4,90.9,6.82,2.68,0.3,46.4
SHORT:below_vwap+below_pivot+vwap_loss_v+below_vwap_v|nk0.0|vm0.8|full_0845_1400,14,0.23,10,1,3,71.4,90.9,6.82,2.68,0.3,46.4
SHORT:below_vwap+below_pivot+vwap_loss_v+below_vwap_v|nk0.0|vm1.2|full_0845_1400,14,0.23,10,1,3,71.4,90.9,6.82,2.68,0.3,46.4
SHORT:below_vwap+below_pivot+vwap_loss_v+below_vwap_v|nk0.5|vm0.8|full_0845_1400,14,0.23,10,1,3,71.4,90.9,6.82,2.68,0.3,46.4
SHORT:below_vwap+below_pivot+vwap_loss_v+below_vwap_v|nk0.5|vm1.2|full_0845_1400,14,0.23,10,1,3,71.4,90.9,6.82,2.68,0.3,46.4
SHORT:adi_dn+weak_close+vwap_loss_v+cvd_dn|nk0.0|vm0.8|full_0845_1400,14,0.23,10,1,3,71.4,90.9,10.03,2.83,0.3,47.9
SHORT:adi_dn+weak_close+vwap_loss_v+cvd_dn|nk0.0|vm1.2|full_0845_1400,14,0.23,10,1,3,71.4,90.9,10.03,2.83,0.3,47.9
SHORT:adi_dn+weak_close+vwap_loss_v+cvd_dn|nk0.5|vm0.8|full_0845_1400,14,0.23,10,1,3,71.4,90.9,10.03,2.83,0.3,47.9
SHORT:adi_dn+weak_close+vwap_loss_v+cvd_dn|nk0.5|vm1.2|full_0845_1400,14,0.23,10,1,3,71.4,90.9,10.03,2.83,0.3,47.9
SHORT:adi_dn+weak_close+vwap_loss_v+cvd_dn_v|nk0.0|vm0.8|full_0845_1400,14,0.23,10,1,3,71.4,90.9,10.03,2.83,0.3,47.9
SHORT:adi_dn+weak_close+vwap_loss_v+cvd_dn_v|nk0.0|vm1.2|full_0845_1400,14,0.23,10,1,3,71.4,90.9,10.03,2.83,0.3,47.9
SHORT:adi_dn+weak_close+vwap_loss_v+cvd_dn_v|nk0.5|vm0.8|full_0845_1400,14,0.23,10,1,3,71.4,90.9,10.03,2.83,0.3,47.9
SHORT:adi_dn+weak_close+vwap_loss_v+cvd_dn_v|nk0.5|vm1.2|full_0845_1400,14,0.23,10,1,3,71.4,90.9,10.03,2.83,0.3,47.9
SHORT:vwap_loss+below_vwap|nk0.0|vm1.2|mid_1030_1300,7,0.12,5,0,2,71.4,100.0,9.51,1.37,0.16,65.0
SHORT:vwap_loss+below_vwap|nk0.5|vm1.2|mid_1030_1300,7,0.12,5,0,2,71.4,100.0,9.51,1.37,0.16,65.0
SHORT:vwap_loss+vwap_loss_v|nk0.0|vm0.8|mid_1030_1300,7,0.12,5,0,2,71.4,100.0,9.51,1.37,0.16,65.0
SHORT:vwap_loss+vwap_loss_v|nk0.0|vm1.2|mid_1030_1300,7,0.12,5,0,2,71.4,100.0,9.51,1.37,0.16,65.0
SHORT:vwap_loss+vwap_loss_v|nk0.5|vm0.8|mid_1030_1300,7,0.12,5,0,2,71.4,100.0,9.51,1.37,0.16,65.0
SHORT:vwap_loss+vwap_loss_v|nk0.5|vm1.2|mid_1030_1300,7,0.12,5,0,2,71.4,100.0,9.51,1.37,0.16,65.0
SHORT:below_vwap+vwap_loss_v|nk0.0|vm0.8|mid_1030_1300,7,0.12,5,0,2,71.4,100.0,9.51,1.37,0.16,65.0
SHORT:below_vwap+vwap_loss_v|nk0.0|vm1.2|mid_1030_1300,7,0.12,5,0,2,71.4,100.0,9.51,1.37,0.16,65.0
SHORT:below_vwap+vwap_loss_v|nk0.5|vm0.8|mid_1030_1300,7,0.12,5,0,2,71.4,100.0,9.51,1.37,0.16,65.0
SHORT:below_vwap+vwap_loss_v|nk0.5|vm1.2|mid_1030_1300,7,0.12,5,0,2,71.4,100.0,9.51,1.37,0.16,65.0
SHORT:ylow_break+below_pivot|nk0.0|vm0.8|pm_1130_1400,7,0.12,5,0,2,71.4,100.0,inf,1.74,0.0,38.6
SHORT:ylow_break+below_pivot|nk0.5|vm0.8|pm_1130_1400,7,0.12,5,0,2,71.4,100.0,inf,1.74,0.0,38.6
SHORT:ylow_break+below_pivot|nk0.8|vm0.8|pm_1130_1400,7,0.12,5,0,2,71.4,100.0,inf,1.74,0.0,38.6
SHORT:ylow_break+weak_close|nk0.0|vm0.8|pm_1130_1400,7,0.12,5,0,2,71.4,100.0,inf,1.74,0.0,38.6
SHORT:ylow_break+weak_close|nk0.5|vm0.8|pm_1130_1400,7,0.12,5,0,2,71.4,100.0,inf,1.74,0.0,38.6
SHORT:ylow_break+weak_close|nk0.8|vm0.8|pm_1130_1400,7,0.12,5,0,2,71.4,100.0,inf,1.74,0.0,38.6
SHORT:vwap_loss+below_vwap+vwap_loss_v|nk0.0|vm0.8|mid_1030_1300,7,0.12,5,0,2,71.4,100.0,9.51,1.37,0.16,65.0
SHORT:vwap_loss+below_vwap+vwap_loss_v|nk0.0|vm1.2|mid_1030_1300,7,0.12,5,0,2,71.4,100.0,9.51,1.37,0.16,65.0
SHORT:vwap_loss+below_vwap+vwap_loss_v|nk0.5|vm0.8|mid_1030_1300,7,0.12,5,0,2,71.4,100.0,9.51,1.37,0.16,65.0
SHORT:vwap_loss+below_vwap+vwap_loss_v|nk0.5|vm1.2|mid_1030_1300,7,0.12,5,0,2,71.4,100.0,9.51,1.37,0.16,65.0
SHORT:vwap_loss+rvol_thrust_dn+rsi_thrust_dn|nk0.0|vm0.8|full_0845_1400,7,0.12,5,0,2,71.4,100.0,122.63,1.6,0.01,31.4
SHORT:vwap_loss+rvol_thrust_dn+rsi_thrust_dn|nk0.0|vm1.2|full_0845_1400,7,0.12,5,0,2,71.4,100.0,122.63,1.6,0.01,31.4
SHORT:vwap_loss+rvol_thrust_dn+rsi_thrust_dn|nk0.5|vm0.8|full_0845_1400,7,0.12,5,0,2,71.4,100.0,122.63,1.6,0.01,31.4
SHORT:vwap_loss+rvol_thrust_dn+rsi_thrust_dn|nk0.5|vm1.2|full_0845_1400,7,0.12,5,0,2,71.4,100.0,122.63,1.6,0.01,31.4
SHORT:ylow_break+below_pivot+weak_close|nk0.0|vm0.8|pm_1130_1400,7,0.12,5,0,2,71.4,100.0,inf,1.74,0.0,38.6
SHORT:ylow_break+below_pivot+weak_close|nk0.5|vm0.8|pm_1130_1400,7,0.12,5,0,2,71.4,100.0,inf,1.74,0.0,38.6
SHORT:ylow_break+below_pivot+weak_close|nk0.8|vm0.8|pm_1130_1400,7,0.12,5,0,2,71.4,100.0,inf,1.74,0.0,38.6
SHORT:hist_turn_dn+rvol_thrust_dn+rsi_thrust_dn|nk0.0|vm0.8|pm_1130_1400,7,0.12,5,0,2,71.4,100.0,140.7,1.53,0.01,55.0
SHORT:hist_turn_dn+rvol_thrust_dn+rsi_thrust_dn|nk0.0|vm1.2|pm_1130_1400,7,0.12,5,0,2,71.4,100.0,140.7,1.53,0.01,55.0
SHORT:hist_turn_dn+rvol_thrust_dn+rsi_thrust_dn|nk0.5|vm0.8|pm_1130_1400,7,0.12,5,0,2,71.4,100.0,140.7,1.53,0.01,55.0
SHORT:hist_turn_dn+rvol_thrust_dn+rsi_thrust_dn|nk0.5|vm1.2|pm_1130_1400,7,0.12,5,0,2,71.4,100.0,140.7,1.53,0.01,55.0
SHORT:vwap_loss_v+rvol_thrust_dn+rsi_thrust_dn|nk0.0|vm0.8|full_0845_1400,7,0.12,5,0,2,71.4,100.0,122.63,1.6,0.01,31.4
SHORT:vwap_loss_v+rvol_thrust_dn+rsi_thrust_dn|nk0.0|vm1.2|full_0845_1400,7,0.12,5,0,2,71.4,100.0,122.63,1.6,0.01,31.4
SHORT:vwap_loss_v+rvol_thrust_dn+rsi_thrust_dn|nk0.5|vm0.8|full_0845_1400,7,0.12,5,0,2,71.4,100.0,122.63,1.6,0.01,31.4
SHORT:vwap_loss_v+rvol_thrust_dn+rsi_thrust_dn|nk0.5|vm1.2|full_0845_1400,7,0.12,5,0,2,71.4,100.0,122.63,1.6,0.01,31.4
SHORT:vwap_loss+below_vwap+rvol_thrust_dn+rsi_thrust_dn|nk0.0|vm0.8|full_0845_1400,7,0.12,5,0,2,71.4,100.0,122.63,1.6,0.01,31.4
SHORT:vwap_loss+below_vwap+rvol_thrust_dn+rsi_thrust_dn|nk0.0|vm1.2|full_0845_1400,7,0.12,5,0,2,71.4,100.0,122.63,1.6,0.01,31.4
SHORT:vwap_loss+below_vwap+rvol_thrust_dn+rsi_thrust_dn|nk0.5|vm0.8|full_0845_1400,7,0.12,5,0,2,71.4,100.0,122.63,1.6,0.01,31.4
SHORT:vwap_loss+below_vwap+rvol_thrust_dn+rsi_thrust_dn|nk0.5|vm1.2|full_0845_1400,7,0.12,5,0,2,71.4,100.0,122.63,1.6,0.01,31.4
SHORT:vwap_loss+below_pivot+weak_close+rsi_thrust_dn|nk0.0|vm0.8|full_0845_1400,7,0.12,5,0,2,71.4,100.0,32.97,1.57,0.05,32.9
SHORT:vwap_loss+below_pivot+weak_close+rsi_thrust_dn|nk0.0|vm1.2|full_0845_1400,7,0.12,5,0,2,71.4,100.0,32.97,1.57,0.05,32.9
SHORT:vwap_loss+below_pivot+weak_close+rsi_thrust_dn|nk0.5|vm0.8|full_0845_1400,7,0.12,5,0,2,71.4,100.0,32.97,1.57,0.05,32.9
SHORT:vwap_loss+below_pivot+weak_close+rsi_thrust_dn|nk0.5|vm1.2|full_0845_1400,7,0.12,5,0,2,71.4,100.0,32.97,1.57,0.05,32.9
SHORT:vwap_loss+weak_close+rvol_thrust_dn+rsi_thrust_dn|nk0.0|vm0.8|full_0845_1400,7,0.12,5,0,2,71.4,100.0,122.63,1.6,0.01,31.4
SHORT:vwap_loss+weak_close+rvol_thrust_dn+rsi_thrust_dn|nk0.0|vm1.2|full_0845_1400,7,0.12,5,0,2,71.4,100.0,122.63,1.6,0.01,31.4
SHORT:vwap_loss+weak_close+rvol_thrust_dn+rsi_thrust_dn|nk0.5|vm0.8|full_0845_1400,7,0.12,5,0,2,71.4,100.0,122.63,1.6,0.01,31.4
SHORT:vwap_loss+weak_close+rvol_thrust_dn+rsi_thrust_dn|nk0.5|vm1.2|full_0845_1400,7,0.12,5,0,2,71.4,100.0,122.63,1.6,0.01,31.4
SHORT:vwap_loss+weak_close+below_vwap_v+rsi_thrust_dn|nk0.0|vm0.8|full_0845_1400,7,0.12,5,0,2,71.4,100.0,122.63,1.6,0.01,31.4
SHORT:vwap_loss+weak_close+below_vwap_v+rsi_thrust_dn|nk0.0|vm1.2|full_0845_1400,7,0.12,5,0,2,71.4,100.0,122.63,1.6,0.01,31.4
SHORT:vwap_loss+weak_close+below_vwap_v+rsi_thrust_dn|nk0.5|vm0.8|full_0845_1400,7,0.12,5,0,2,71.4,100.0,122.63,1.6,0.01,31.4
SHORT:vwap_loss+weak_close+below_vwap_v+rsi_thrust_dn|nk0.5|vm1.2|full_0845_1400,7,0.12,5,0,2,71.4,100.0,122.63,1.6,0.01,31.4
SHORT:vwap_loss+vwap_loss_v+rvol_thrust_dn+rsi_thrust_dn|nk0.0|vm0.8|full_0845_1400,7,0.12,5,0,2,71.4,100.0,122.63,1.6,0.01,31.4
SHORT:vwap_loss+vwap_loss_v+rvol_thrust_dn+rsi_thrust_dn|nk0.0|vm1.2|full_0845_1400,7,0.12,5,0,2,71.4,100.0,122.63,1.6,0.01,31.4
SHORT:vwap_loss+vwap_loss_v+rvol_thrust_dn+rsi_thrust_dn|nk0.5|vm0.8|full_0845_1400,7,0.12,5,0,2,71.4,100.0,122.63,1.6,0.01,31.4
SHORT:vwap_loss+vwap_loss_v+rvol_thrust_dn+rsi_thrust_dn|nk0.5|vm1.2|full_0845_1400,7,0.12,5,0,2,71.4,100.0,122.63,1.6,0.01,31.4
SHORT:vwap_loss+rvol_thrust_dn+below_vwap_v+rsi_thrust_dn|nk0.0|vm0.8|full_0845_1400,7,0.12,5,0,2,71.4,100.0,122.63,1.6,0.01,31.4
SHORT:vwap_loss+rvol_thrust_dn+below_vwap_v+rsi_thrust_dn|nk0.0|vm1.2|full_0845_1400,7,0.12,5,0,2,71.4,100.0,122.63,1.6,0.01,31.4
SHORT:vwap_loss+rvol_thrust_dn+below_vwap_v+rsi_thrust_dn|nk0.5|vm0.8|full_0845_1400,7,0.12,5,0,2,71.4,100.0,122.63,1.6,0.01,31.4
SHORT:vwap_loss+rvol_thrust_dn+below_vwap_v+rsi_thrust_dn|nk0.5|vm1.2|full_0845_1400,7,0.12,5,0,2,71.4,100.0,122.63,1.6,0.01,31.4
SHORT:below_vwap+delta_dump+hist_turn_dn+rsi_thrust_dn|nk0.0|vm0.8|pm_1130_1400,7,0.12,5,0,2,71.4,100.0,140.7,1.53,0.01,55.0
SHORT:below_vwap+delta_dump+hist_turn_dn+rsi_thrust_dn|nk0.0|vm1.2|pm_1130_1400,7,0.12,5,0,2,71.4,100.0,140.7,1.53,0.01,55.0
SHORT:below_vwap+delta_dump+hist_turn_dn+rsi_thrust_dn|nk0.5|vm0.8|pm_1130_1400,7,0.12,5,0,2,71.4,100.0,140.7,1.53,0.01,55.0
SHORT:below_vwap+delta_dump+hist_turn_dn+rsi_thrust_dn|nk0.5|vm1.2|pm_1130_1400,7,0.12,5,0,2,71.4,100.0,140.7,1.53,0.01,55.0
SHORT:below_vwap+below_pivot+hist_turn_dn+rsi_thrust_dn|nk0.0|vm0.8|pm_1130_1400,7,0.12,5,0,2,71.4,100.0,25.04,1.44,0.06,37.1
SHORT:below_vwap+below_pivot+hist_turn_dn+rsi_thrust_dn|nk0.0|vm1.2|pm_1130_1400,7,0.12,5,0,2,71.4,100.0,25.04,1.44,0.06,37.1
SHORT:below_vwap+below_pivot+hist_turn_dn+rsi_thrust_dn|nk0.5|vm0.8|pm_1130_1400,7,0.12,5,0,2,71.4,100.0,25.04,1.44,0.06,37.1
SHORT:below_vwap+below_pivot+hist_turn_dn+rsi_thrust_dn|nk0.5|vm1.2|pm_1130_1400,7,0.12,5,0,2,71.4,100.0,25.04,1.44,0.06,37.1
SHORT:below_vwap+hist_turn_dn+rvol_thrust_dn+rsi_thrust_dn|nk0.0|vm0.8|pm_1130_1400,7,0.12,5,0,2,71.4,100.0,140.7,1.53,0.01,55.0
SHORT:below_vwap+hist_turn_dn+rvol_thrust_dn+rsi_thrust_dn|nk0.0|vm1.2|pm_1130_1400,7,0.12,5,0,2,71.4,100.0,140.7,1.53,0.01,55.0
SHORT:below_vwap+hist_turn_dn+rvol_thrust_dn+rsi_thrust_dn|nk0.5|vm0.8|pm_1130_1400,7,0.12,5,0,2,71.4,100.0,140.7,1.53,0.01,55.0
SHORT:below_vwap+hist_turn_dn+rvol_thrust_dn+rsi_thrust_dn|nk0.5|vm1.2|pm_1130_1400,7,0.12,5,0,2,71.4,100.0,140.7,1.53,0.01,55.0
SHORT:below_vwap+vwap_loss_v+rvol_thrust_dn+rsi_thrust_dn|nk0.0|vm0.8|full_0845_1400,7,0.12,5,0,2,71.4,100.0,122.63,1.6,0.01,31.4
SHORT:below_vwap+vwap_loss_v+rvol_thrust_dn+rsi_thrust_dn|nk0.0|vm1.2|full_0845_1400,7,0.12,5,0,2,71.4,100.0,122.63,1.6,0.01,31.4
SHORT:below_vwap+vwap_loss_v+rvol_thrust_dn+rsi_thrust_dn|nk0.5|vm0.8|full_0845_1400,7,0.12,5,0,2,71.4,100.0,122.63,1.6,0.01,31.4
SHORT:below_vwap+vwap_loss_v+rvol_thrust_dn+rsi_thrust_dn|nk0.5|vm1.2|full_0845_1400,7,0.12,5,0,2,71.4,100.0,122.63,1.6,0.01,31.4
SHORT:adi_dn+below_pivot+hist_turn_dn+rsi_thrust_dn|nk0.0|vm0.8|pm_1130_1400,7,0.12,5,0,2,71.4,100.0,25.04,1.44,0.06,35.0
SHORT:adi_dn+below_pivot+hist_turn_dn+rsi_thrust_dn|nk0.0|vm1.2|pm_1130_1400,7,0.12,5,0,2,71.4,100.0,25.04,1.44,0.06,35.0
SHORT:adi_dn+below_pivot+hist_turn_dn+rsi_thrust_dn|nk0.5|vm0.8|pm_1130_1400,7,0.12,5,0,2,71.4,100.0,25.04,1.44,0.06,35.0
SHORT:adi_dn+below_pivot+hist_turn_dn+rsi_thrust_dn|nk0.5|vm1.2|pm_1130_1400,7,0.12,5,0,2,71.4,100.0,25.04,1.44,0.06,35.0
SHORT:adi_dn+hist_turn_dn+rvol_thrust_dn+rsi_thrust_dn|nk0.0|vm0.8|pm_1130_1400,7,0.12,5,0,2,71.4,100.0,140.7,1.53,0.01,55.0
SHORT:adi_dn+hist_turn_dn+rvol_thrust_dn+rsi_thrust_dn|nk0.0|vm1.2|pm_1130_1400,7,0.12,5,0,2,71.4,100.0,140.7,1.53,0.01,55.0
SHORT:adi_dn+hist_turn_dn+rvol_thrust_dn+rsi_thrust_dn|nk0.5|vm0.8|pm_1130_1400,7,0.12,5,0,2,71.4,100.0,140.7,1.53,0.01,55.0
SHORT:adi_dn+hist_turn_dn+rvol_thrust_dn+rsi_thrust_dn|nk0.5|vm1.2|pm_1130_1400,7,0.12,5,0,2,71.4,100.0,140.7,1.53,0.01,55.0
SHORT:adi_dn+hist_turn_dn+below_vwap_v+rsi_thrust_dn|nk0.0|vm0.8|pm_1130_1400,7,0.12,5,0,2,71.4,100.0,140.7,1.53,0.01,55.0
SHORT:adi_dn+hist_turn_dn+below_vwap_v+rsi_thrust_dn|nk0.0|vm1.2|pm_1130_1400,7,0.12,5,0,2,71.4,100.0,140.7,1.53,0.01,55.0
SHORT:adi_dn+hist_turn_dn+below_vwap_v+rsi_thrust_dn|nk0.5|vm0.8|pm_1130_1400,7,0.12,5,0,2,71.4,100.0,140.7,1.53,0.01,55.0
SHORT:adi_dn+hist_turn_dn+below_vwap_v+rsi_thrust_dn|nk0.5|vm1.2|pm_1130_1400,7,0.12,5,0,2,71.4,100.0,140.7,1.53,0.01,55.0
SHORT:delta_dump+hist_turn_dn+rvol_thrust_dn+rsi_thrust_dn|nk0.0|vm0.8|pm_1130_1400,7,0.12,5,0,2,71.4,100.0,140.7,1.53,0.01,55.0
SHORT:delta_dump+hist_turn_dn+rvol_thrust_dn+rsi_thrust_dn|nk0.0|vm1.2|pm_1130_1400,7,0.12,5,0,2,71.4,100.0,140.7,1.53,0.01,55.0
SHORT:delta_dump+hist_turn_dn+rvol_thrust_dn+rsi_thrust_dn|nk0.5|vm0.8|pm_1130_1400,7,0.12,5,0,2,71.4,100.0,140.7,1.53,0.01,55.0
SHORT:delta_dump+hist_turn_dn+rvol_thrust_dn+rsi_thrust_dn|nk0.5|vm1.2|pm_1130_1400,7,0.12,5,0,2,71.4,100.0,140.7,1.53,0.01,55.0
SHORT:delta_dump+hist_turn_dn+below_vwap_v+rsi_thrust_dn|nk0.0|vm0.8|pm_1130_1400,7,0.12,5,0,2,71.4,100.0,140.7,1.53,0.01,55.0
SHORT:delta_dump+hist_turn_dn+below_vwap_v+rsi_thrust_dn|nk0.0|vm1.2|pm_1130_1400,7,0.12,5,0,2,71.4,100.0,140.7,1.53,0.01,55.0
SHORT:delta_dump+hist_turn_dn+below_vwap_v+rsi_thrust_dn|nk0.5|vm0.8|pm_1130_1400,7,0.12,5,0,2,71.4,100.0,140.7,1.53,0.01,55.0
SHORT:delta_dump+hist_turn_dn+below_vwap_v+rsi_thrust_dn|nk0.5|vm1.2|pm_1130_1400,7,0.12,5,0,2,71.4,100.0,140.7,1.53,0.01,55.0
SHORT:below_pivot+weak_close+vwap_loss_v+rsi_thrust_dn|nk0.0|vm0.8|full_0845_1400,7,0.12,5,0,2,71.4,100.0,32.97,1.57,0.05,32.9
SHORT:below_pivot+weak_close+vwap_loss_v+rsi_thrust_dn|nk0.0|vm1.2|full_0845_1400,7,0.12,5,0,2,71.4,100.0,32.97,1.57,0.05,32.9
SHORT:below_pivot+weak_close+vwap_loss_v+rsi_thrust_dn|nk0.5|vm0.8|full_0845_1400,7,0.12,5,0,2,71.4,100.0,32.97,1.57,0.05,32.9
SHORT:below_pivot+weak_close+vwap_loss_v+rsi_thrust_dn|nk0.5|vm1.2|full_0845_1400,7,0.12,5,0,2,71.4,100.0,32.97,1.57,0.05,32.9
SHORT:hist_turn_dn+weak_close+rvol_thrust_dn+rsi_thrust_dn|nk0.0|vm0.8|pm_1130_1400,7,0.12,5,0,2,71.4,100.0,140.7,1.53,0.01,55.0
SHORT:hist_turn_dn+weak_close+rvol_thrust_dn+rsi_thrust_dn|nk0.0|vm1.2|pm_1130_1400,7,0.12,5,0,2,71.4,100.0,140.7,1.53,0.01,55.0
SHORT:hist_turn_dn+weak_close+rvol_thrust_dn+rsi_thrust_dn|nk0.5|vm0.8|pm_1130_1400,7,0.12,5,0,2,71.4,100.0,140.7,1.53,0.01,55.0
SHORT:hist_turn_dn+weak_close+rvol_thrust_dn+rsi_thrust_dn|nk0.5|vm1.2|pm_1130_1400,7,0.12,5,0,2,71.4,100.0,140.7,1.53,0.01,55.0
SHORT:hist_turn_dn+weak_close+below_vwap_v+rsi_thrust_dn|nk0.0|vm0.8|pm_1130_1400,7,0.12,5,0,2,71.4,100.0,140.7,1.53,0.01,55.0
SHORT:hist_turn_dn+weak_close+below_vwap_v+rsi_thrust_dn|nk0.0|vm1.2|pm_1130_1400,7,0.12,5,0,2,71.4,100.0,140.7,1.53,0.01,55.0
SHORT:hist_turn_dn+weak_close+below_vwap_v+rsi_thrust_dn|nk0.5|vm0.8|pm_1130_1400,7,0.12,5,0,2,71.4,100.0,140.7,1.53,0.01,55.0
SHORT:hist_turn_dn+weak_close+below_vwap_v+rsi_thrust_dn|nk0.5|vm1.2|pm_1130_1400,7,0.12,5,0,2,71.4,100.0,140.7,1.53,0.01,55.0
SHORT:hist_turn_dn+rvol_thrust_dn+below_vwap_v+rsi_thrust_dn|nk0.0|vm0.8|pm_1130_1400,7,0.12,5,0,2,71.4,100.0,140.7,1.53,0.01,55.0
SHORT:hist_turn_dn+rvol_thrust_dn+below_vwap_v+rsi_thrust_dn|nk0.0|vm1.2|pm_1130_1400,7,0.12,5,0,2,71.4,100.0,140.7,1.53,0.01,55.0
SHORT:hist_turn_dn+rvol_thrust_dn+below_vwap_v+rsi_thrust_dn|nk0.5|vm0.8|pm_1130_1400,7,0.12,5,0,2,71.4,100.0,140.7,1.53,0.01,55.0
SHORT:hist_turn_dn+rvol_thrust_dn+below_vwap_v+rsi_thrust_dn|nk0.5|vm1.2|pm_1130_1400,7,0.12,5,0,2,71.4,100.0,140.7,1.53,0.01,55.0
SHORT:weak_close+vwap_loss_v+rvol_thrust_dn+rsi_thrust_dn|nk0.0|vm0.8|full_0845_1400,7,0.12,5,0,2,71.4,100.0,122.63,1.6,0.01,31.4
SHORT:weak_close+vwap_loss_v+rvol_thrust_dn+rsi_thrust_dn|nk0.0|vm1.2|full_0845_1400,7,0.12,5,0,2,71.4,100.0,122.63,1.6,0.01,31.4
SHORT:weak_close+vwap_loss_v+rvol_thrust_dn+rsi_thrust_dn|nk0.5|vm0.8|full_0845_1400,7,0.12,5,0,2,71.4,100.0,122.63,1.6,0.01,31.4
SHORT:weak_close+vwap_loss_v+rvol_thrust_dn+rsi_thrust_dn|nk0.5|vm1.2|full_0845_1400,7,0.12,5,0,2,71.4,100.0,122.63,1.6,0.01,31.4
SHORT:weak_close+vwap_loss_v+below_vwap_v+rsi_thrust_dn|nk0.0|vm0.8|full_0845_1400,7,0.12,5,0,2,71.4,100.0,122.63,1.6,0.01,31.4
SHORT:weak_close+vwap_loss_v+below_vwap_v+rsi_thrust_dn|nk0.0|vm1.2|full_0845_1400,7,0.12,5,0,2,71.4,100.0,122.63,1.6,0.01,31.4
SHORT:weak_close+vwap_loss_v+below_vwap_v+rsi_thrust_dn|nk0.5|vm0.8|full_0845_1400,7,0.12,5,0,2,71.4,100.0,122.63,1.6,0.01,31.4
SHORT:weak_close+vwap_loss_v+below_vwap_v+rsi_thrust_dn|nk0.5|vm1.2|full_0845_1400,7,0.12,5,0,2,71.4,100.0,122.63,1.6,0.01,31.4
SHORT:vwap_loss_v+rvol_thrust_dn+below_vwap_v+rsi_thrust_dn|nk0.0|vm0.8|full_0845_1400,7,0.12,5,0,2,71.4,100.0,122.63,1.6,0.01,31.4
SHORT:vwap_loss_v+rvol_thrust_dn+below_vwap_v+rsi_thrust_dn|nk0.0|vm1.2|full_0845_1400,7,0.12,5,0,2,71.4,100.0,122.63,1.6,0.01,31.4
SHORT:vwap_loss_v+rvol_thrust_dn+below_vwap_v+rsi_thrust_dn|nk0.5|vm0.8|full_0845_1400,7,0.12,5,0,2,71.4,100.0,122.63,1.6,0.01,31.4
SHORT:vwap_loss_v+rvol_thrust_dn+below_vwap_v+rsi_thrust_dn|nk0.5|vm1.2|full_0845_1400,7,0.12,5,0,2,71.4,100.0,122.63,1.6,0.01,31.4
SHORT:vwap_loss+rvol_thrust_dn+cvd_dn|nk0.8|vm0.8|full_0845_1400,10,0.17,7,1,2,70.0,87.5,6.79,1.81,0.3,40.5
SHORT:vwap_loss+rvol_thrust_dn+cvd_dn|nk0.8|vm1.2|full_0845_1400,10,0.17,7,1,2,70.0,87.5,6.79,1.81,0.3,40.5
SHORT:vwap_loss+rvol_thrust_dn+cvd_dn_v|nk0.8|vm0.8|full_0845_1400,10,0.17,7,1,2,70.0,87.5,6.79,1.81,0.3,40.5
SHORT:vwap_loss+rvol_thrust_dn+cvd_dn_v|nk0.8|vm1.2|full_0845_1400,10,0.17,7,1,2,70.0,87.5,6.79,1.81,0.3,40.5
SHORT:below_vwap+below_pivot+rsi_thrust_dn|nk0.8|vm0.8|pm_1130_1400,10,0.17,7,1,2,70.0,87.5,6.35,1.87,0.35,37.5
SHORT:below_vwap+below_pivot+rsi_thrust_dn|nk0.8|vm1.2|pm_1130_1400,10,0.17,7,1,2,70.0,87.5,6.35,1.87,0.35,37.5
SHORT:delta_dump+below_pivot+vwap_loss_v|nk0.8|vm0.8|full_0845_1400,10,0.17,7,1,2,70.0,87.5,4.62,1.67,0.3,51.0
SHORT:delta_dump+below_pivot+vwap_loss_v|nk0.8|vm1.2|full_0845_1400,10,0.17,7,1,2,70.0,87.5,4.62,1.67,0.3,51.0
SHORT:r1_reject+weak_close+cvd_dn|nk0.0|vm1.2|full_0845_1400,10,0.17,7,1,2,70.0,87.5,5.65,1.85,0.3,72.5
SHORT:r1_reject+weak_close+cvd_dn|nk0.5|vm1.2|full_0845_1400,10,0.17,7,1,2,70.0,87.5,5.65,1.85,0.3,72.5
SHORT:r1_reject+weak_close+cvd_dn|nk0.8|vm1.2|full_0845_1400,10,0.17,7,1,2,70.0,87.5,5.65,1.85,0.3,72.5
SHORT:vwap_loss_v+rvol_thrust_dn+cvd_dn|nk0.8|vm0.8|full_0845_1400,10,0.17,7,1,2,70.0,87.5,6.79,1.81,0.3,40.5
SHORT:vwap_loss_v+rvol_thrust_dn+cvd_dn|nk0.8|vm1.2|full_0845_1400,10,0.17,7,1,2,70.0,87.5,6.79,1.81,0.3,40.5
SHORT:vwap_loss_v+rvol_thrust_dn+cvd_dn_v|nk0.8|vm0.8|full_0845_1400,10,0.17,7,1,2,70.0,87.5,6.79,1.81,0.3,40.5
SHORT:vwap_loss_v+rvol_thrust_dn+cvd_dn_v|nk0.8|vm1.2|full_0845_1400,10,0.17,7,1,2,70.0,87.5,6.79,1.81,0.3,40.5
SHORT:vwap_loss+below_vwap+rvol_thrust_dn+cvd_dn|nk0.8|vm0.8|full_0845_1400,10,0.17,7,1,2,70.0,87.5,6.79,1.81,0.3,40.5
SHORT:vwap_loss+below_vwap+rvol_thrust_dn+cvd_dn|nk0.8|vm1.2|full_0845_1400,10,0.17,7,1,2,70.0,87.5,6.79,1.81,0.3,40.5
SHORT:vwap_loss+below_vwap+rvol_thrust_dn+cvd_dn_v|nk0.8|vm0.8|full_0845_1400,10,0.17,7,1,2,70.0,87.5,6.79,1.81,0.3,40.5
SHORT:vwap_loss+below_vwap+rvol_thrust_dn+cvd_dn_v|nk0.8|vm1.2|full_0845_1400,10,0.17,7,1,2,70.0,87.5,6.79,1.81,0.3,40.5
SHORT:vwap_loss+adi_dn+below_pivot+below_vwap_v|nk0.8|vm0.8|full_0845_1400,10,0.17,7,1,2,70.0,87.5,4.62,1.67,0.3,51.0
SHORT:vwap_loss+adi_dn+below_pivot+below_vwap_v|nk0.8|vm1.2|full_0845_1400,10,0.17,7,1,2,70.0,87.5,4.62,1.67,0.3,51.0
SHORT:vwap_loss+adi_dn+rvol_thrust_dn+cvd_dn|nk0.8|vm0.8|full_0845_1400,10,0.17,7,1,2,70.0,87.5,6.79,1.81,0.3,40.5
SHORT:vwap_loss+adi_dn+rvol_thrust_dn+cvd_dn|nk0.8|vm1.2|full_0845_1400,10,0.17,7,1,2,70.0,87.5,6.79,1.81,0.3,40.5
SHORT:vwap_loss+adi_dn+rvol_thrust_dn+cvd_dn_v|nk0.8|vm0.8|full_0845_1400,10,0.17,7,1,2,70.0,87.5,6.79,1.81,0.3,40.5
SHORT:vwap_loss+adi_dn+rvol_thrust_dn+cvd_dn_v|nk0.8|vm1.2|full_0845_1400,10,0.17,7,1,2,70.0,87.5,6.79,1.81,0.3,40.5
SHORT:vwap_loss+delta_dump+below_pivot+vwap_loss_v|nk0.8|vm0.8|full_0845_1400,10,0.17,7,1,2,70.0,87.5,4.62,1.67,0.3,51.0
SHORT:vwap_loss+delta_dump+below_pivot+vwap_loss_v|nk0.8|vm1.2|full_0845_1400,10,0.17,7,1,2,70.0,87.5,4.62,1.67,0.3,51.0
SHORT:vwap_loss+delta_dump+below_pivot+below_vwap_v|nk0.8|vm0.8|full_0845_1400,10,0.17,7,1,2,70.0,87.5,4.62,1.67,0.3,51.0
SHORT:vwap_loss+delta_dump+below_pivot+below_vwap_v|nk0.8|vm1.2|full_0845_1400,10,0.17,7,1,2,70.0,87.5,4.62,1.67,0.3,51.0
SHORT:vwap_loss+delta_dump+below_pivot+cvd_dn_v|nk0.0|vm0.8|full_0845_1400,10,0.17,7,1,2,70.0,87.5,7.48,1.94,0.3,45.0
SHORT:vwap_loss+delta_dump+below_pivot+cvd_dn_v|nk0.0|vm1.2|full_0845_1400,10,0.17,7,1,2,70.0,87.5,7.48,1.94,0.3,45.0
SHORT:vwap_loss+delta_dump+below_pivot+cvd_dn_v|nk0.5|vm0.8|full_0845_1400,10,0.17,7,1,2,70.0,87.5,7.48,1.94,0.3,45.0
SHORT:vwap_loss+delta_dump+below_pivot+cvd_dn_v|nk0.5|vm1.2|full_0845_1400,10,0.17,7,1,2,70.0,87.5,7.48,1.94,0.3,45.0
SHORT:vwap_loss+delta_dump+weak_close+cvd_dn_v|nk0.8|vm0.8|full_0845_1400,10,0.17,7,1,2,70.0,87.5,6.79,1.81,0.3,40.5
SHORT:vwap_loss+delta_dump+weak_close+cvd_dn_v|nk0.8|vm1.2|full_0845_1400,10,0.17,7,1,2,70.0,87.5,6.79,1.81,0.3,40.5
SHORT:vwap_loss+delta_dump+rvol_thrust_dn+cvd_dn|nk0.8|vm0.8|full_0845_1400,10,0.17,7,1,2,70.0,87.5,6.79,1.81,0.3,40.5
SHORT:vwap_loss+delta_dump+rvol_thrust_dn+cvd_dn|nk0.8|vm1.2|full_0845_1400,10,0.17,7,1,2,70.0,87.5,6.79,1.81,0.3,40.5
SHORT:vwap_loss+delta_dump+rvol_thrust_dn+cvd_dn_v|nk0.8|vm0.8|full_0845_1400,10,0.17,7,1,2,70.0,87.5,6.79,1.81,0.3,40.5
SHORT:vwap_loss+delta_dump+rvol_thrust_dn+cvd_dn_v|nk0.8|vm1.2|full_0845_1400,10,0.17,7,1,2,70.0,87.5,6.79,1.81,0.3,40.5
SHORT:vwap_loss+below_pivot+below_vwap_v+cvd_dn|nk0.0|vm0.8|full_0845_1400,10,0.17,7,1,2,70.0,87.5,7.48,1.94,0.3,45.0
SHORT:vwap_loss+below_pivot+below_vwap_v+cvd_dn|nk0.0|vm1.2|full_0845_1400,10,0.17,7,1,2,70.0,87.5,7.48,1.94,0.3,45.0
SHORT:vwap_loss+below_pivot+below_vwap_v+cvd_dn|nk0.5|vm0.8|full_0845_1400,10,0.17,7,1,2,70.0,87.5,7.48,1.94,0.3,45.0
SHORT:vwap_loss+below_pivot+below_vwap_v+cvd_dn|nk0.5|vm1.2|full_0845_1400,10,0.17,7,1,2,70.0,87.5,7.48,1.94,0.3,45.0
SHORT:vwap_loss+below_pivot+below_vwap_v+cvd_dn_v|nk0.0|vm0.8|full_0845_1400,10,0.17,7,1,2,70.0,87.5,7.48,1.94,0.3,45.0
SHORT:vwap_loss+below_pivot+below_vwap_v+cvd_dn_v|nk0.0|vm1.2|full_0845_1400,10,0.17,7,1,2,70.0,87.5,7.48,1.94,0.3,45.0
SHORT:vwap_loss+below_pivot+below_vwap_v+cvd_dn_v|nk0.5|vm0.8|full_0845_1400,10,0.17,7,1,2,70.0,87.5,7.48,1.94,0.3,45.0
SHORT:vwap_loss+below_pivot+below_vwap_v+cvd_dn_v|nk0.5|vm1.2|full_0845_1400,10,0.17,7,1,2,70.0,87.5,7.48,1.94,0.3,45.0
SHORT:vwap_loss+weak_close+rvol_thrust_dn+cvd_dn|nk0.8|vm0.8|full_0845_1400,10,0.17,7,1,2,70.0,87.5,6.79,1.81,0.3,40.5
SHORT:vwap_loss+weak_close+rvol_thrust_dn+cvd_dn|nk0.8|vm1.2|full_0845_1400,10,0.17,7,1,2,70.0,87.5,6.79,1.81,0.3,40.5
SHORT:vwap_loss+weak_close+rvol_thrust_dn+cvd_dn_v|nk0.8|vm0.8|full_0845_1400,10,0.17,7,1,2,70.0,87.5,6.79,1.81,0.3,40.5
SHORT:vwap_loss+weak_close+rvol_thrust_dn+cvd_dn_v|nk0.8|vm1.2|full_0845_1400,10,0.17,7,1,2,70.0,87.5,6.79,1.81,0.3,40.5
SHORT:vwap_loss+weak_close+below_vwap_v+cvd_dn|nk0.8|vm0.8|full_0845_1400,10,0.17,7,1,2,70.0,87.5,6.79,1.81,0.3,40.5
SHORT:vwap_loss+weak_close+below_vwap_v+cvd_dn|nk0.8|vm1.2|full_0845_1400,10,0.17,7,1,2,70.0,87.5,6.79,1.81,0.3,40.5
SHORT:vwap_loss+weak_close+below_vwap_v+cvd_dn_v|nk0.8|vm0.8|full_0845_1400,10,0.17,7,1,2,70.0,87.5,6.79,1.81,0.3,40.5
SHORT:vwap_loss+weak_close+below_vwap_v+cvd_dn_v|nk0.8|vm1.2|full_0845_1400,10,0.17,7,1,2,70.0,87.5,6.79,1.81,0.3,40.5
SHORT:vwap_loss+vwap_loss_v+rvol_thrust_dn+cvd_dn|nk0.8|vm0.8|full_0845_1400,10,0.17,7,1,2,70.0,87.5,6.79,1.81,0.3,40.5
SHORT:vwap_loss+vwap_loss_v+rvol_thrust_dn+cvd_dn|nk0.8|vm1.2|full_0845_1400,10,0.17,7,1,2,70.0,87.5,6.79,1.81,0.3,40.5
SHORT:vwap_loss+vwap_loss_v+rvol_thrust_dn+cvd_dn_v|nk0.8|vm0.8|full_0845_1400,10,0.17,7,1,2,70.0,87.5,6.79,1.81,0.3,40.5
SHORT:vwap_loss+vwap_loss_v+rvol_thrust_dn+cvd_dn_v|nk0.8|vm1.2|full_0845_1400,10,0.17,7,1,2,70.0,87.5,6.79,1.81,0.3,40.5
SHORT:vwap_loss+rvol_thrust_dn+below_vwap_v+cvd_dn|nk0.8|vm0.8|full_0845_1400,10,0.17,7,1,2,70.0,87.5,6.79,1.81,0.3,40.5
SHORT:vwap_loss+rvol_thrust_dn+below_vwap_v+cvd_dn|nk0.8|vm1.2|full_0845_1400,10,0.17,7,1,2,70.0,87.5,6.79,1.81,0.3,40.5
SHORT:vwap_loss+rvol_thrust_dn+below_vwap_v+cvd_dn_v|nk0.8|vm0.8|full_0845_1400,10,0.17,7,1,2,70.0,87.5,6.79,1.81,0.3,40.5
SHORT:vwap_loss+rvol_thrust_dn+below_vwap_v+cvd_dn_v|nk0.8|vm1.2|full_0845_1400,10,0.17,7,1,2,70.0,87.5,6.79,1.81,0.3,40.5
SHORT:vwap_loss+rvol_thrust_dn+cvd_dn+cvd_dn_v|nk0.8|vm0.8|full_0845_1400,10,0.17,7,1,2,70.0,87.5,6.79,1.81,0.3,40.5
SHORT:vwap_loss+rvol_thrust_dn+cvd_dn+cvd_dn_v|nk0.8|vm1.2|full_0845_1400,10,0.17,7,1,2,70.0,87.5,6.79,1.81,0.3,40.5
SHORT:below_vwap+delta_dump+below_pivot+vwap_loss_v|nk0.8|vm0.8|full_0845_1400,10,0.17,7,1,2,70.0,87.5,4.62,1.67,0.3,51.0
SHORT:below_vwap+delta_dump+below_pivot+vwap_loss_v|nk0.8|vm1.2|full_0845_1400,10,0.17,7,1,2,70.0,87.5,4.62,1.67,0.3,51.0
SHORT:below_vwap+r1_reject+weak_close+cvd_dn|nk0.0|vm1.2|full_0845_1400,10,0.17,7,1,2,70.0,87.5,5.65,1.85,0.3,72.5
SHORT:below_vwap+r1_reject+weak_close+cvd_dn|nk0.5|vm1.2|full_0845_1400,10,0.17,7,1,2,70.0,87.5,5.65,1.85,0.3,72.5
SHORT:below_vwap+r1_reject+weak_close+cvd_dn|nk0.8|vm1.2|full_0845_1400,10,0.17,7,1,2,70.0,87.5,5.65,1.85,0.3,72.5
SHORT:below_vwap+below_pivot+weak_close+rsi_thrust_dn|nk0.8|vm0.8|pm_1130_1400,10,0.17,7,1,2,70.0,87.5,6.35,1.87,0.35,37.5
SHORT:below_vwap+below_pivot+weak_close+rsi_thrust_dn|nk0.8|vm1.2|pm_1130_1400,10,0.17,7,1,2,70.0,87.5,6.35,1.87,0.35,37.5
SHORT:below_vwap+vwap_loss_v+rvol_thrust_dn+cvd_dn|nk0.8|vm0.8|full_0845_1400,10,0.17,7,1,2,70.0,87.5,6.79,1.81,0.3,40.5
SHORT:below_vwap+vwap_loss_v+rvol_thrust_dn+cvd_dn|nk0.8|vm1.2|full_0845_1400,10,0.17,7,1,2,70.0,87.5,6.79,1.81,0.3,40.5
SHORT:below_vwap+vwap_loss_v+rvol_thrust_dn+cvd_dn_v|nk0.8|vm0.8|full_0845_1400,10,0.17,7,1,2,70.0,87.5,6.79,1.81,0.3,40.5
SHORT:below_vwap+vwap_loss_v+rvol_thrust_dn+cvd_dn_v|nk0.8|vm1.2|full_0845_1400,10,0.17,7,1,2,70.0,87.5,6.79,1.81,0.3,40.5
SHORT:adi_dn+delta_dump+below_pivot+vwap_loss_v|nk0.8|vm0.8|full_0845_1400,10,0.17,7,1,2,70.0,87.5,4.62,1.67,0.3,51.0
SHORT:adi_dn+delta_dump+below_pivot+vwap_loss_v|nk0.8|vm1.2|full_0845_1400,10,0.17,7,1,2,70.0,87.5,4.62,1.67,0.3,51.0
SHORT:adi_dn+below_pivot+vwap_loss_v+below_vwap_v|nk0.8|vm0.8|full_0845_1400,10,0.17,7,1,2,70.0,87.5,4.62,1.67,0.3,51.0
SHORT:adi_dn+below_pivot+vwap_loss_v+below_vwap_v|nk0.8|vm1.2|full_0845_1400,10,0.17,7,1,2,70.0,87.5,4.62,1.67,0.3,51.0
SHORT:adi_dn+hist_turn_dn+cvd_dn+rsi_thrust_dn|nk0.0|vm0.8|full_0845_1400,10,0.17,7,1,2,70.0,87.5,6.88,1.83,0.3,53.0
SHORT:adi_dn+hist_turn_dn+cvd_dn+rsi_thrust_dn|nk0.0|vm1.2|full_0845_1400,10,0.17,7,1,2,70.0,87.5,6.88,1.83,0.3,53.0
SHORT:adi_dn+hist_turn_dn+cvd_dn+rsi_thrust_dn|nk0.5|vm0.8|full_0845_1400,10,0.17,7,1,2,70.0,87.5,6.88,1.83,0.3,53.0
SHORT:adi_dn+hist_turn_dn+cvd_dn+rsi_thrust_dn|nk0.5|vm1.2|full_0845_1400,10,0.17,7,1,2,70.0,87.5,6.88,1.83,0.3,53.0
SHORT:adi_dn+hist_turn_dn+cvd_dn_v+rsi_thrust_dn|nk0.0|vm0.8|full_0845_1400,10,0.17,7,1,2,70.0,87.5,6.88,1.83,0.3,53.0
SHORT:adi_dn+hist_turn_dn+cvd_dn_v+rsi_thrust_dn|nk0.0|vm1.2|full_0845_1400,10,0.17,7,1,2,70.0,87.5,6.88,1.83,0.3,53.0
SHORT:adi_dn+hist_turn_dn+cvd_dn_v+rsi_thrust_dn|nk0.5|vm0.8|full_0845_1400,10,0.17,7,1,2,70.0,87.5,6.88,1.83,0.3,53.0
SHORT:adi_dn+hist_turn_dn+cvd_dn_v+rsi_thrust_dn|nk0.5|vm1.2|full_0845_1400,10,0.17,7,1,2,70.0,87.5,6.88,1.83,0.3,53.0
SHORT:adi_dn+vwap_loss_v+rvol_thrust_dn+cvd_dn|nk0.8|vm0.8|full_0845_1400,10,0.17,7,1,2,70.0,87.5,6.79,1.81,0.3,40.5
SHORT:adi_dn+vwap_loss_v+rvol_thrust_dn+cvd_dn|nk0.8|vm1.2|full_0845_1400,10,0.17,7,1,2,70.0,87.5,6.79,1.81,0.3,40.5
SHORT:adi_dn+vwap_loss_v+rvol_thrust_dn+cvd_dn_v|nk0.8|vm0.8|full_0845_1400,10,0.17,7,1,2,70.0,87.5,6.79,1.81,0.3,40.5
SHORT:adi_dn+vwap_loss_v+rvol_thrust_dn+cvd_dn_v|nk0.8|vm1.2|full_0845_1400,10,0.17,7,1,2,70.0,87.5,6.79,1.81,0.3,40.5
SHORT:delta_dump+below_pivot+vwap_loss_v+below_vwap_v|nk0.8|vm0.8|full_0845_1400,10,0.17,7,1,2,70.0,87.5,4.62,1.67,0.3,51.0
SHORT:delta_dump+below_pivot+vwap_loss_v+below_vwap_v|nk0.8|vm1.2|full_0845_1400,10,0.17,7,1,2,70.0,87.5,4.62,1.67,0.3,51.0
SHORT:delta_dump+below_pivot+vwap_loss_v+cvd_dn|nk0.0|vm0.8|full_0845_1400,10,0.17,7,1,2,70.0,87.5,7.48,1.94,0.3,45.0
SHORT:delta_dump+below_pivot+vwap_loss_v+cvd_dn|nk0.0|vm1.2|full_0845_1400,10,0.17,7,1,2,70.0,87.5,7.48,1.94,0.3,45.0
SHORT:delta_dump+below_pivot+vwap_loss_v+cvd_dn|nk0.5|vm0.8|full_0845_1400,10,0.17,7,1,2,70.0,87.5,7.48,1.94,0.3,45.0
SHORT:delta_dump+below_pivot+vwap_loss_v+cvd_dn|nk0.5|vm1.2|full_0845_1400,10,0.17,7,1,2,70.0,87.5,7.48,1.94,0.3,45.0
SHORT:delta_dump+below_pivot+vwap_loss_v+cvd_dn_v|nk0.0|vm0.8|full_0845_1400,10,0.17,7,1,2,70.0,87.5,7.48,1.94,0.3,45.0
SHORT:delta_dump+below_pivot+vwap_loss_v+cvd_dn_v|nk0.0|vm1.2|full_0845_1400,10,0.17,7,1,2,70.0,87.5,7.48,1.94,0.3,45.0
SHORT:delta_dump+below_pivot+vwap_loss_v+cvd_dn_v|nk0.5|vm0.8|full_0845_1400,10,0.17,7,1,2,70.0,87.5,7.48,1.94,0.3,45.0
SHORT:delta_dump+below_pivot+vwap_loss_v+cvd_dn_v|nk0.5|vm1.2|full_0845_1400,10,0.17,7,1,2,70.0,87.5,7.48,1.94,0.3,45.0
SHORT:delta_dump+hist_turn_dn+cvd_dn+rsi_thrust_dn|nk0.0|vm0.8|full_0845_1400,10,0.17,7,1,2,70.0,87.5,6.88,1.83,0.3,53.0
SHORT:delta_dump+hist_turn_dn+cvd_dn+rsi_thrust_dn|nk0.0|vm1.2|full_0845_1400,10,0.17,7,1,2,70.0,87.5,6.88,1.83,0.3,53.0
SHORT:delta_dump+hist_turn_dn+cvd_dn+rsi_thrust_dn|nk0.5|vm0.8|full_0845_1400,10,0.17,7,1,2,70.0,87.5,6.88,1.83,0.3,53.0
SHORT:delta_dump+hist_turn_dn+cvd_dn+rsi_thrust_dn|nk0.5|vm1.2|full_0845_1400,10,0.17,7,1,2,70.0,87.5,6.88,1.83,0.3,53.0
SHORT:delta_dump+hist_turn_dn+cvd_dn_v+rsi_thrust_dn|nk0.0|vm0.8|full_0845_1400,10,0.17,7,1,2,70.0,87.5,6.88,1.83,0.3,53.0
SHORT:delta_dump+hist_turn_dn+cvd_dn_v+rsi_thrust_dn|nk0.0|vm1.2|full_0845_1400,10,0.17,7,1,2,70.0,87.5,6.88,1.83,0.3,53.0
SHORT:delta_dump+hist_turn_dn+cvd_dn_v+rsi_thrust_dn|nk0.5|vm0.8|full_0845_1400,10,0.17,7,1,2,70.0,87.5,6.88,1.83,0.3,53.0
SHORT:delta_dump+hist_turn_dn+cvd_dn_v+rsi_thrust_dn|nk0.5|vm1.2|full_0845_1400,10,0.17,7,1,2,70.0,87.5,6.88,1.83,0.3,53.0
SHORT:delta_dump+weak_close+vwap_loss_v+cvd_dn|nk0.8|vm0.8|full_0845_1400,10,0.17,7,1,2,70.0,87.5,6.79,1.81,0.3,40.5
SHORT:delta_dump+weak_close+vwap_loss_v+cvd_dn|nk0.8|vm1.2|full_0845_1400,10,0.17,7,1,2,70.0,87.5,6.79,1.81,0.3,40.5
SHORT:delta_dump+weak_close+vwap_loss_v+cvd_dn_v|nk0.8|vm0.8|full_0845_1400,10,0.17,7,1,2,70.0,87.5,6.79,1.81,0.3,40.5
SHORT:delta_dump+weak_close+vwap_loss_v+cvd_dn_v|nk0.8|vm1.2|full_0845_1400,10,0.17,7,1,2,70.0,87.5,6.79,1.81,0.3,40.5
SHORT:delta_dump+vwap_loss_v+rvol_thrust_dn+cvd_dn|nk0.8|vm0.8|full_0845_1400,10,0.17,7,1,2,70.0,87.5,6.79,1.81,0.3,40.5
SHORT:delta_dump+vwap_loss_v+rvol_thrust_dn+cvd_dn|nk0.8|vm1.2|full_0845_1400,10,0.17,7,1,2,70.0,87.5,6.79,1.81,0.3,40.5
SHORT:delta_dump+vwap_loss_v+rvol_thrust_dn+cvd_dn_v|nk0.8|vm0.8|full_0845_1400,10,0.17,7,1,2,70.0,87.5,6.79,1.81,0.3,40.5
SHORT:delta_dump+vwap_loss_v+rvol_thrust_dn+cvd_dn_v|nk0.8|vm1.2|full_0845_1400,10,0.17,7,1,2,70.0,87.5,6.79,1.81,0.3,40.5
SHORT:below_pivot+vwap_loss_v+below_vwap_v+cvd_dn|nk0.0|vm0.8|full_0845_1400,10,0.17,7,1,2,70.0,87.5,7.48,1.94,0.3,45.0
SHORT:below_pivot+vwap_loss_v+below_vwap_v+cvd_dn|nk0.0|vm1.2|full_0845_1400,10,0.17,7,1,2,70.0,87.5,7.48,1.94,0.3,45.0
SHORT:below_pivot+vwap_loss_v+below_vwap_v+cvd_dn|nk0.5|vm0.8|full_0845_1400,10,0.17,7,1,2,70.0,87.5,7.48,1.94,0.3,45.0
SHORT:below_pivot+vwap_loss_v+below_vwap_v+cvd_dn|nk0.5|vm1.2|full_0845_1400,10,0.17,7,1,2,70.0,87.5,7.48,1.94,0.3,45.0
SHORT:below_pivot+vwap_loss_v+below_vwap_v+cvd_dn_v|nk0.0|vm0.8|full_0845_1400,10,0.17,7,1,2,70.0,87.5,7.48,1.94,0.3,45.0
SHORT:below_pivot+vwap_loss_v+below_vwap_v+cvd_dn_v|nk0.0|vm1.2|full_0845_1400,10,0.17,7,1,2,70.0,87.5,7.48,1.94,0.3,45.0
SHORT:below_pivot+vwap_loss_v+below_vwap_v+cvd_dn_v|nk0.5|vm0.8|full_0845_1400,10,0.17,7,1,2,70.0,87.5,7.48,1.94,0.3,45.0
SHORT:below_pivot+vwap_loss_v+below_vwap_v+cvd_dn_v|nk0.5|vm1.2|full_0845_1400,10,0.17,7,1,2,70.0,87.5,7.48,1.94,0.3,45.0
SHORT:hist_turn_dn+weak_close+cvd_dn+rsi_thrust_dn|nk0.0|vm0.8|full_0845_1400,10,0.17,7,1,2,70.0,87.5,6.88,1.83,0.3,55.0
SHORT:hist_turn_dn+weak_close+cvd_dn+rsi_thrust_dn|nk0.0|vm1.2|full_0845_1400,10,0.17,7,1,2,70.0,87.5,6.88,1.83,0.3,55.0
SHORT:hist_turn_dn+weak_close+cvd_dn+rsi_thrust_dn|nk0.5|vm0.8|full_0845_1400,10,0.17,7,1,2,70.0,87.5,6.88,1.83,0.3,55.0
SHORT:hist_turn_dn+weak_close+cvd_dn+rsi_thrust_dn|nk0.5|vm1.2|full_0845_1400,10,0.17,7,1,2,70.0,87.5,6.88,1.83,0.3,55.0
SHORT:hist_turn_dn+weak_close+cvd_dn_v+rsi_thrust_dn|nk0.0|vm0.8|full_0845_1400,10,0.17,7,1,2,70.0,87.5,6.88,1.83,0.3,55.0
SHORT:hist_turn_dn+weak_close+cvd_dn_v+rsi_thrust_dn|nk0.0|vm1.2|full_0845_1400,10,0.17,7,1,2,70.0,87.5,6.88,1.83,0.3,55.0
SHORT:hist_turn_dn+weak_close+cvd_dn_v+rsi_thrust_dn|nk0.5|vm0.8|full_0845_1400,10,0.17,7,1,2,70.0,87.5,6.88,1.83,0.3,55.0
SHORT:hist_turn_dn+weak_close+cvd_dn_v+rsi_thrust_dn|nk0.5|vm1.2|full_0845_1400,10,0.17,7,1,2,70.0,87.5,6.88,1.83,0.3,55.0
SHORT:weak_close+vwap_loss_v+rvol_thrust_dn+cvd_dn|nk0.8|vm0.8|full_0845_1400,10,0.17,7,1,2,70.0,87.5,6.79,1.81,0.3,40.5
SHORT:weak_close+vwap_loss_v+rvol_thrust_dn+cvd_dn|nk0.8|vm1.2|full_0845_1400,10,0.17,7,1,2,70.0,87.5,6.79,1.81,0.3,40.5
SHORT:weak_close+vwap_loss_v+rvol_thrust_dn+cvd_dn_v|nk0.8|vm0.8|full_0845_1400,10,0.17,7,1,2,70.0,87.5,6.79,1.81,0.3,40.5
SHORT:weak_close+vwap_loss_v+rvol_thrust_dn+cvd_dn_v|nk0.8|vm1.2|full_0845_1400,10,0.17,7,1,2,70.0,87.5,6.79,1.81,0.3,40.5
SHORT:weak_close+vwap_loss_v+below_vwap_v+cvd_dn|nk0.8|vm0.8|full_0845_1400,10,0.17,7,1,2,70.0,87.5,6.79,1.81,0.3,40.5
SHORT:weak_close+vwap_loss_v+below_vwap_v+cvd_dn|nk0.8|vm1.2|full_0845_1400,10,0.17,7,1,2,70.0,87.5,6.79,1.81,0.3,40.5
SHORT:weak_close+vwap_loss_v+below_vwap_v+cvd_dn_v|nk0.8|vm0.8|full_0845_1400,10,0.17,7,1,2,70.0,87.5,6.79,1.81,0.3,40.5
SHORT:weak_close+vwap_loss_v+below_vwap_v+cvd_dn_v|nk0.8|vm1.2|full_0845_1400,10,0.17,7,1,2,70.0,87.5,6.79,1.81,0.3,40.5
SHORT:vwap_loss_v+rvol_thrust_dn+below_vwap_v+cvd_dn|nk0.8|vm0.8|full_0845_1400,10,0.17,7,1,2,70.0,87.5,6.79,1.81,0.3,40.5
SHORT:vwap_loss_v+rvol_thrust_dn+below_vwap_v+cvd_dn|nk0.8|vm1.2|full_0845_1400,10,0.17,7,1,2,70.0,87.5,6.79,1.81,0.3,40.5
SHORT:vwap_loss_v+rvol_thrust_dn+below_vwap_v+cvd_dn_v|nk0.8|vm0.8|full_0845_1400,10,0.17,7,1,2,70.0,87.5,6.79,1.81,0.3,40.5
SHORT:vwap_loss_v+rvol_thrust_dn+below_vwap_v+cvd_dn_v|nk0.8|vm1.2|full_0845_1400,10,0.17,7,1,2,70.0,87.5,6.79,1.81,0.3,40.5
SHORT:vwap_loss_v+rvol_thrust_dn+cvd_dn+cvd_dn_v|nk0.8|vm0.8|full_0845_1400,10,0.17,7,1,2,70.0,87.5,6.79,1.81,0.3,40.5
SHORT:vwap_loss_v+rvol_thrust_dn+cvd_dn+cvd_dn_v|nk0.8|vm1.2|full_0845_1400,10,0.17,7,1,2,70.0,87.5,6.79,1.81,0.3,40.5
